contest_id,election_id,election_date,election_type,primary_party,question_text,question_type,office_id,office_name,office_modifier,district_id,district_type,district_name,candidate_id,candidate_name,retention_candidate_id,retention_candidate_name,division_id,division_type,division_name,vote_channel,is_winner,number_seats,candidate_party_id,candidate_party_name,votes
165040,540,2025-11-04T00:00:00Z,General,,,,546,County Board Member,,2934,Locality,Arlington County,93473,Takis P. Karantonis,,,29808,Precinct,101 - Precinct 101,,true,1,,,892
165040,540,2025-11-04T00:00:00Z,General,,,,546,County Board Member,,2934,Locality,Arlington County,12517,Audrey R. Clement,,,29808,Precinct,101 - Precinct 101,,false,1,,,160
165040,540,2025-11-04T00:00:00Z,General,,,,546,County Board Member,,2934,Locality,Arlington County,100110,Bob Cambridge,,,29808,Precinct,101 - Precinct 101,,false,1,,,132
165040,540,2025-11-04T00:00:00Z,General,,,,546,County Board Member,,2934,Locality,Arlington County,100113,"Carlos ""DC"" De Castro Pretelt",,,29808,Precinct,101 - Precinct 101,,false,1,,,64
165040,540,2025-11-04T00:00:00Z,General,,,,546,County Board Member,,2934,Locality,Arlington County,100112,Jeramy L. Olmack,,,29808,Precinct,101 - Precinct 101,,false,1,,,39
165040,540,2025-11-04T00:00:00Z,General,,,,546,County Board Member,,2934,Locality,Arlington County,6,Write-Ins,,,29808,Precinct,101 - Precinct 101,,false,1,,,12
165040,540,2025-11-04T00:00:00Z,General,,,,546,County Board Member,,2934,Locality,Arlington County,4,Total Votes Cast,,,29808,Precinct,101 - Precinct 101,,false,1,,,1299
165040,540,2025-11-04T00:00:00Z,General,,,,546,County Board Member,,2934,Locality,Arlington County,1,Total Ballots Cast,,,29808,Precinct,101 - Precinct 101,,false,1,,,1299
165040,540,2025-11-04T00:00:00Z,General,,,,546,County Board Member,,2934,Locality,Arlington County,93473,Takis P. Karantonis,,,29809,Precinct,102 - Precinct 102,,true,1,,,1234
165040,540,2025-11-04T00:00:00Z,General,,,,546,County Board Member,,2934,Locality,Arlington County,12517,Audrey R. Clement,,,29809,Precinct,102 - Precinct 102,,false,1,,,341
165040,540,2025-11-04T00:00:00Z,General,,,,546,County Board Member,,2934,Locality,Arlington County,100110,Bob Cambridge,,,29809,Precinct,102 - Precinct 102,,false,1,,,216
165040,540,2025-11-04T00:00:00Z,General,,,,546,County Board Member,,2934,Locality,Arlington County,100113,"Carlos ""DC"" De Castro Pretelt",,,29809,Precinct,102 - Precinct 102,,false,1,,,72
165040,540,2025-11-04T00:00:00Z,General,,,,546,County Board Member,,2934,Locality,Arlington County,100112,Jeramy L. Olmack,,,29809,Precinct,102 - Precinct 102,,false,1,,,52
165040,540,2025-11-04T00:00:00Z,General,,,,546,County Board Member,,2934,Locality,Arlington County,6,Write-Ins,,,29809,Precinct,102 - Precinct 102,,false,1,,,40
165040,540,2025-11-04T00:00:00Z,General,,,,546,County Board Member,,2934,Locality,Arlington County,4,Total Votes Cast,,,29809,Precinct,102 - Precinct 102,,false,1,,,1955
165040,540,2025-11-04T00:00:00Z,General,,,,546,County Board Member,,2934,Locality,Arlington County,1,Total Ballots Cast,,,29809,Precinct,102 - Precinct 102,,false,1,,,1955
165040,540,2025-11-04T00:00:00Z,General,,,,546,County Board Member,,2934,Locality,Arlington County,93473,Takis P. Karantonis,,,29810,Precinct,103 - Precinct 103,,true,1,,,731
165040,540,2025-11-04T00:00:00Z,General,,,,546,County Board Member,,2934,Locality,Arlington County,12517,Audrey R. Clement,,,29810,Precinct,103 - Precinct 103,,false,1,,,224
165040,540,2025-11-04T00:00:00Z,General,,,,546,County Board Member,,2934,Locality,Arlington County,100110,Bob Cambridge,,,29810,Precinct,103 - Precinct 103,,false,1,,,196
165040,540,2025-11-04T00:00:00Z,General,,,,546,County Board Member,,2934,Locality,Arlington County,100113,"Carlos ""DC"" De Castro Pretelt",,,29810,Precinct,103 - Precinct 103,,false,1,,,53
165040,540,2025-11-04T00:00:00Z,General,,,,546,County Board Member,,2934,Locality,Arlington County,100112,Jeramy L. Olmack,,,29810,Precinct,103 - Precinct 103,,false,1,,,28
165040,540,2025-11-04T00:00:00Z,General,,,,546,County Board Member,,2934,Locality,Arlington County,6,Write-Ins,,,29810,Precinct,103 - Precinct 103,,false,1,,,20
165040,540,2025-11-04T00:00:00Z,General,,,,546,County Board Member,,2934,Locality,Arlington County,4,Total Votes Cast,,,29810,Precinct,103 - Precinct 103,,false,1,,,1252
165040,540,2025-11-04T00:00:00Z,General,,,,546,County Board Member,,2934,Locality,Arlington County,1,Total Ballots Cast,,,29810,Precinct,103 - Precinct 103,,false,1,,,1252
165040,540,2025-11-04T00:00:00Z,General,,,,546,County Board Member,,2934,Locality,Arlington County,93473,Takis P. Karantonis,,,29811,Precinct,104 - Precinct 104,,true,1,,,1394
165040,540,2025-11-04T00:00:00Z,General,,,,546,County Board Member,,2934,Locality,Arlington County,12517,Audrey R. Clement,,,29811,Precinct,104 - Precinct 104,,false,1,,,281
165040,540,2025-11-04T00:00:00Z,General,,,,546,County Board Member,,2934,Locality,Arlington County,100110,Bob Cambridge,,,29811,Precinct,104 - Precinct 104,,false,1,,,240
165040,540,2025-11-04T00:00:00Z,General,,,,546,County Board Member,,2934,Locality,Arlington County,100113,"Carlos ""DC"" De Castro Pretelt",,,29811,Precinct,104 - Precinct 104,,false,1,,,117
165040,540,2025-11-04T00:00:00Z,General,,,,546,County Board Member,,2934,Locality,Arlington County,100112,Jeramy L. Olmack,,,29811,Precinct,104 - Precinct 104,,false,1,,,54
165040,540,2025-11-04T00:00:00Z,General,,,,546,County Board Member,,2934,Locality,Arlington County,6,Write-Ins,,,29811,Precinct,104 - Precinct 104,,false,1,,,26
165040,540,2025-11-04T00:00:00Z,General,,,,546,County Board Member,,2934,Locality,Arlington County,4,Total Votes Cast,,,29811,Precinct,104 - Precinct 104,,false,1,,,2112
165040,540,2025-11-04T00:00:00Z,General,,,,546,County Board Member,,2934,Locality,Arlington County,1,Total Ballots Cast,,,29811,Precinct,104 - Precinct 104,,false,1,,,2112
165040,540,2025-11-04T00:00:00Z,General,,,,546,County Board Member,,2934,Locality,Arlington County,93473,Takis P. Karantonis,,,29812,Precinct,105 - Precinct 105,,true,1,,,1213
165040,540,2025-11-04T00:00:00Z,General,,,,546,County Board Member,,2934,Locality,Arlington County,12517,Audrey R. Clement,,,29812,Precinct,105 - Precinct 105,,false,1,,,229
165040,540,2025-11-04T00:00:00Z,General,,,,546,County Board Member,,2934,Locality,Arlington County,100110,Bob Cambridge,,,29812,Precinct,105 - Precinct 105,,false,1,,,193
165040,540,2025-11-04T00:00:00Z,General,,,,546,County Board Member,,2934,Locality,Arlington County,100113,"Carlos ""DC"" De Castro Pretelt",,,29812,Precinct,105 - Precinct 105,,false,1,,,94
165040,540,2025-11-04T00:00:00Z,General,,,,546,County Board Member,,2934,Locality,Arlington County,100112,Jeramy L. Olmack,,,29812,Precinct,105 - Precinct 105,,false,1,,,41
165040,540,2025-11-04T00:00:00Z,General,,,,546,County Board Member,,2934,Locality,Arlington County,6,Write-Ins,,,29812,Precinct,105 - Precinct 105,,false,1,,,23
165040,540,2025-11-04T00:00:00Z,General,,,,546,County Board Member,,2934,Locality,Arlington County,4,Total Votes Cast,,,29812,Precinct,105 - Precinct 105,,false,1,,,1793
165040,540,2025-11-04T00:00:00Z,General,,,,546,County Board Member,,2934,Locality,Arlington County,1,Total Ballots Cast,,,29812,Precinct,105 - Precinct 105,,false,1,,,1793
165040,540,2025-11-04T00:00:00Z,General,,,,546,County Board Member,,2934,Locality,Arlington County,93473,Takis P. Karantonis,,,29813,Precinct,106 - Precinct 106,,true,1,,,1030
165040,540,2025-11-04T00:00:00Z,General,,,,546,County Board Member,,2934,Locality,Arlington County,12517,Audrey R. Clement,,,29813,Precinct,106 - Precinct 106,,false,1,,,160
165040,540,2025-11-04T00:00:00Z,General,,,,546,County Board Member,,2934,Locality,Arlington County,100110,Bob Cambridge,,,29813,Precinct,106 - Precinct 106,,false,1,,,205
165040,540,2025-11-04T00:00:00Z,General,,,,546,County Board Member,,2934,Locality,Arlington County,100113,"Carlos ""DC"" De Castro Pretelt",,,29813,Precinct,106 - Precinct 106,,false,1,,,70
165040,540,2025-11-04T00:00:00Z,General,,,,546,County Board Member,,2934,Locality,Arlington County,100112,Jeramy L. Olmack,,,29813,Precinct,106 - Precinct 106,,false,1,,,77
165040,540,2025-11-04T00:00:00Z,General,,,,546,County Board Member,,2934,Locality,Arlington County,6,Write-Ins,,,29813,Precinct,106 - Precinct 106,,false,1,,,5
165040,540,2025-11-04T00:00:00Z,General,,,,546,County Board Member,,2934,Locality,Arlington County,4,Total Votes Cast,,,29813,Precinct,106 - Precinct 106,,false,1,,,1547
165040,540,2025-11-04T00:00:00Z,General,,,,546,County Board Member,,2934,Locality,Arlington County,1,Total Ballots Cast,,,29813,Precinct,106 - Precinct 106,,false,1,,,1547
165040,540,2025-11-04T00:00:00Z,General,,,,546,County Board Member,,2934,Locality,Arlington County,93473,Takis P. Karantonis,,,29814,Precinct,107 - Precinct 107,,true,1,,,1257
165040,540,2025-11-04T00:00:00Z,General,,,,546,County Board Member,,2934,Locality,Arlington County,12517,Audrey R. Clement,,,29814,Precinct,107 - Precinct 107,,false,1,,,334
165040,540,2025-11-04T00:00:00Z,General,,,,546,County Board Member,,2934,Locality,Arlington County,100110,Bob Cambridge,,,29814,Precinct,107 - Precinct 107,,false,1,,,234
165040,540,2025-11-04T00:00:00Z,General,,,,546,County Board Member,,2934,Locality,Arlington County,100113,"Carlos ""DC"" De Castro Pretelt",,,29814,Precinct,107 - Precinct 107,,false,1,,,77
165040,540,2025-11-04T00:00:00Z,General,,,,546,County Board Member,,2934,Locality,Arlington County,100112,Jeramy L. Olmack,,,29814,Precinct,107 - Precinct 107,,false,1,,,44
165040,540,2025-11-04T00:00:00Z,General,,,,546,County Board Member,,2934,Locality,Arlington County,6,Write-Ins,,,29814,Precinct,107 - Precinct 107,,false,1,,,15
165040,540,2025-11-04T00:00:00Z,General,,,,546,County Board Member,,2934,Locality,Arlington County,4,Total Votes Cast,,,29814,Precinct,107 - Precinct 107,,false,1,,,1961
165040,540,2025-11-04T00:00:00Z,General,,,,546,County Board Member,,2934,Locality,Arlington County,1,Total Ballots Cast,,,29814,Precinct,107 - Precinct 107,,false,1,,,1961
165040,540,2025-11-04T00:00:00Z,General,,,,546,County Board Member,,2934,Locality,Arlington County,93473,Takis P. Karantonis,,,29815,Precinct,108 - Precinct 108,,true,1,,,1150
165040,540,2025-11-04T00:00:00Z,General,,,,546,County Board Member,,2934,Locality,Arlington County,12517,Audrey R. Clement,,,29815,Precinct,108 - Precinct 108,,false,1,,,308
165040,540,2025-11-04T00:00:00Z,General,,,,546,County Board Member,,2934,Locality,Arlington County,100110,Bob Cambridge,,,29815,Precinct,108 - Precinct 108,,false,1,,,268
165040,540,2025-11-04T00:00:00Z,General,,,,546,County Board Member,,2934,Locality,Arlington County,100113,"Carlos ""DC"" De Castro Pretelt",,,29815,Precinct,108 - Precinct 108,,false,1,,,136
165040,540,2025-11-04T00:00:00Z,General,,,,546,County Board Member,,2934,Locality,Arlington County,100112,Jeramy L. Olmack,,,29815,Precinct,108 - Precinct 108,,false,1,,,88
165040,540,2025-11-04T00:00:00Z,General,,,,546,County Board Member,,2934,Locality,Arlington County,6,Write-Ins,,,29815,Precinct,108 - Precinct 108,,false,1,,,35
165040,540,2025-11-04T00:00:00Z,General,,,,546,County Board Member,,2934,Locality,Arlington County,4,Total Votes Cast,,,29815,Precinct,108 - Precinct 108,,false,1,,,1985
165040,540,2025-11-04T00:00:00Z,General,,,,546,County Board Member,,2934,Locality,Arlington County,1,Total Ballots Cast,,,29815,Precinct,108 - Precinct 108,,false,1,,,1985
165040,540,2025-11-04T00:00:00Z,General,,,,546,County Board Member,,2934,Locality,Arlington County,93473,Takis P. Karantonis,,,29816,Precinct,109 - Precinct 109,,true,1,,,1464
165040,540,2025-11-04T00:00:00Z,General,,,,546,County Board Member,,2934,Locality,Arlington County,12517,Audrey R. Clement,,,29816,Precinct,109 - Precinct 109,,false,1,,,260
165040,540,2025-11-04T00:00:00Z,General,,,,546,County Board Member,,2934,Locality,Arlington County,100110,Bob Cambridge,,,29816,Precinct,109 - Precinct 109,,false,1,,,225
165040,540,2025-11-04T00:00:00Z,General,,,,546,County Board Member,,2934,Locality,Arlington County,100113,"Carlos ""DC"" De Castro Pretelt",,,29816,Precinct,109 - Precinct 109,,false,1,,,130
165040,540,2025-11-04T00:00:00Z,General,,,,546,County Board Member,,2934,Locality,Arlington County,100112,Jeramy L. Olmack,,,29816,Precinct,109 - Precinct 109,,false,1,,,61
165040,540,2025-11-04T00:00:00Z,General,,,,546,County Board Member,,2934,Locality,Arlington County,6,Write-Ins,,,29816,Precinct,109 - Precinct 109,,false,1,,,19
165040,540,2025-11-04T00:00:00Z,General,,,,546,County Board Member,,2934,Locality,Arlington County,4,Total Votes Cast,,,29816,Precinct,109 - Precinct 109,,false,1,,,2159
165040,540,2025-11-04T00:00:00Z,General,,,,546,County Board Member,,2934,Locality,Arlington County,1,Total Ballots Cast,,,29816,Precinct,109 - Precinct 109,,false,1,,,2159
165040,540,2025-11-04T00:00:00Z,General,,,,546,County Board Member,,2934,Locality,Arlington County,93473,Takis P. Karantonis,,,132328,Precinct,110 - Precinct 110,,true,1,,,1445
165040,540,2025-11-04T00:00:00Z,General,,,,546,County Board Member,,2934,Locality,Arlington County,12517,Audrey R. Clement,,,132328,Precinct,110 - Precinct 110,,false,1,,,296
165040,540,2025-11-04T00:00:00Z,General,,,,546,County Board Member,,2934,Locality,Arlington County,100110,Bob Cambridge,,,132328,Precinct,110 - Precinct 110,,false,1,,,317
165040,540,2025-11-04T00:00:00Z,General,,,,546,County Board Member,,2934,Locality,Arlington County,100113,"Carlos ""DC"" De Castro Pretelt",,,132328,Precinct,110 - Precinct 110,,false,1,,,98
165040,540,2025-11-04T00:00:00Z,General,,,,546,County Board Member,,2934,Locality,Arlington County,100112,Jeramy L. Olmack,,,132328,Precinct,110 - Precinct 110,,false,1,,,88
165040,540,2025-11-04T00:00:00Z,General,,,,546,County Board Member,,2934,Locality,Arlington County,6,Write-Ins,,,132328,Precinct,110 - Precinct 110,,false,1,,,16
165040,540,2025-11-04T00:00:00Z,General,,,,546,County Board Member,,2934,Locality,Arlington County,4,Total Votes Cast,,,132328,Precinct,110 - Precinct 110,,false,1,,,2260
165040,540,2025-11-04T00:00:00Z,General,,,,546,County Board Member,,2934,Locality,Arlington County,1,Total Ballots Cast,,,132328,Precinct,110 - Precinct 110,,false,1,,,2260
165040,540,2025-11-04T00:00:00Z,General,,,,546,County Board Member,,2934,Locality,Arlington County,93473,Takis P. Karantonis,,,29818,Precinct,111 - Precinct 111,,true,1,,,910
165040,540,2025-11-04T00:00:00Z,General,,,,546,County Board Member,,2934,Locality,Arlington County,12517,Audrey R. Clement,,,29818,Precinct,111 - Precinct 111,,false,1,,,227
165040,540,2025-11-04T00:00:00Z,General,,,,546,County Board Member,,2934,Locality,Arlington County,100110,Bob Cambridge,,,29818,Precinct,111 - Precinct 111,,false,1,,,212
165040,540,2025-11-04T00:00:00Z,General,,,,546,County Board Member,,2934,Locality,Arlington County,100113,"Carlos ""DC"" De Castro Pretelt",,,29818,Precinct,111 - Precinct 111,,false,1,,,61
165040,540,2025-11-04T00:00:00Z,General,,,,546,County Board Member,,2934,Locality,Arlington County,100112,Jeramy L. Olmack,,,29818,Precinct,111 - Precinct 111,,false,1,,,24
165040,540,2025-11-04T00:00:00Z,General,,,,546,County Board Member,,2934,Locality,Arlington County,6,Write-Ins,,,29818,Precinct,111 - Precinct 111,,false,1,,,13
165040,540,2025-11-04T00:00:00Z,General,,,,546,County Board Member,,2934,Locality,Arlington County,4,Total Votes Cast,,,29818,Precinct,111 - Precinct 111,,false,1,,,1447
165040,540,2025-11-04T00:00:00Z,General,,,,546,County Board Member,,2934,Locality,Arlington County,1,Total Ballots Cast,,,29818,Precinct,111 - Precinct 111,,false,1,,,1447
165040,540,2025-11-04T00:00:00Z,General,,,,546,County Board Member,,2934,Locality,Arlington County,93473,Takis P. Karantonis,,,29819,Precinct,112 - Precinct 112,,true,1,,,1234
165040,540,2025-11-04T00:00:00Z,General,,,,546,County Board Member,,2934,Locality,Arlington County,12517,Audrey R. Clement,,,29819,Precinct,112 - Precinct 112,,false,1,,,251
165040,540,2025-11-04T00:00:00Z,General,,,,546,County Board Member,,2934,Locality,Arlington County,100110,Bob Cambridge,,,29819,Precinct,112 - Precinct 112,,false,1,,,190
165040,540,2025-11-04T00:00:00Z,General,,,,546,County Board Member,,2934,Locality,Arlington County,100113,"Carlos ""DC"" De Castro Pretelt",,,29819,Precinct,112 - Precinct 112,,false,1,,,68
165040,540,2025-11-04T00:00:00Z,General,,,,546,County Board Member,,2934,Locality,Arlington County,100112,Jeramy L. Olmack,,,29819,Precinct,112 - Precinct 112,,false,1,,,31
165040,540,2025-11-04T00:00:00Z,General,,,,546,County Board Member,,2934,Locality,Arlington County,6,Write-Ins,,,29819,Precinct,112 - Precinct 112,,false,1,,,15
165040,540,2025-11-04T00:00:00Z,General,,,,546,County Board Member,,2934,Locality,Arlington County,4,Total Votes Cast,,,29819,Precinct,112 - Precinct 112,,false,1,,,1789
165040,540,2025-11-04T00:00:00Z,General,,,,546,County Board Member,,2934,Locality,Arlington County,1,Total Ballots Cast,,,29819,Precinct,112 - Precinct 112,,false,1,,,1789
165040,540,2025-11-04T00:00:00Z,General,,,,546,County Board Member,,2934,Locality,Arlington County,93473,Takis P. Karantonis,,,29820,Precinct,113 - Precinct 113,,true,1,,,777
165040,540,2025-11-04T00:00:00Z,General,,,,546,County Board Member,,2934,Locality,Arlington County,12517,Audrey R. Clement,,,29820,Precinct,113 - Precinct 113,,false,1,,,204
165040,540,2025-11-04T00:00:00Z,General,,,,546,County Board Member,,2934,Locality,Arlington County,100110,Bob Cambridge,,,29820,Precinct,113 - Precinct 113,,false,1,,,123
165040,540,2025-11-04T00:00:00Z,General,,,,546,County Board Member,,2934,Locality,Arlington County,100113,"Carlos ""DC"" De Castro Pretelt",,,29820,Precinct,113 - Precinct 113,,false,1,,,67
165040,540,2025-11-04T00:00:00Z,General,,,,546,County Board Member,,2934,Locality,Arlington County,100112,Jeramy L. Olmack,,,29820,Precinct,113 - Precinct 113,,false,1,,,39
165040,540,2025-11-04T00:00:00Z,General,,,,546,County Board Member,,2934,Locality,Arlington County,6,Write-Ins,,,29820,Precinct,113 - Precinct 113,,false,1,,,16
165040,540,2025-11-04T00:00:00Z,General,,,,546,County Board Member,,2934,Locality,Arlington County,4,Total Votes Cast,,,29820,Precinct,113 - Precinct 113,,false,1,,,1226
165040,540,2025-11-04T00:00:00Z,General,,,,546,County Board Member,,2934,Locality,Arlington County,1,Total Ballots Cast,,,29820,Precinct,113 - Precinct 113,,false,1,,,1226
165040,540,2025-11-04T00:00:00Z,General,,,,546,County Board Member,,2934,Locality,Arlington County,93473,Takis P. Karantonis,,,29821,Precinct,114 - Precinct 114,,true,1,,,947
165040,540,2025-11-04T00:00:00Z,General,,,,546,County Board Member,,2934,Locality,Arlington County,12517,Audrey R. Clement,,,29821,Precinct,114 - Precinct 114,,false,1,,,205
165040,540,2025-11-04T00:00:00Z,General,,,,546,County Board Member,,2934,Locality,Arlington County,100110,Bob Cambridge,,,29821,Precinct,114 - Precinct 114,,false,1,,,159
165040,540,2025-11-04T00:00:00Z,General,,,,546,County Board Member,,2934,Locality,Arlington County,100113,"Carlos ""DC"" De Castro Pretelt",,,29821,Precinct,114 - Precinct 114,,false,1,,,76
165040,540,2025-11-04T00:00:00Z,General,,,,546,County Board Member,,2934,Locality,Arlington County,100112,Jeramy L. Olmack,,,29821,Precinct,114 - Precinct 114,,false,1,,,53
165040,540,2025-11-04T00:00:00Z,General,,,,546,County Board Member,,2934,Locality,Arlington County,6,Write-Ins,,,29821,Precinct,114 - Precinct 114,,false,1,,,12
165040,540,2025-11-04T00:00:00Z,General,,,,546,County Board Member,,2934,Locality,Arlington County,4,Total Votes Cast,,,29821,Precinct,114 - Precinct 114,,false,1,,,1452
165040,540,2025-11-04T00:00:00Z,General,,,,546,County Board Member,,2934,Locality,Arlington County,1,Total Ballots Cast,,,29821,Precinct,114 - Precinct 114,,false,1,,,1452
165040,540,2025-11-04T00:00:00Z,General,,,,546,County Board Member,,2934,Locality,Arlington County,93473,Takis P. Karantonis,,,29822,Precinct,115 - Precinct 115,,true,1,,,640
165040,540,2025-11-04T00:00:00Z,General,,,,546,County Board Member,,2934,Locality,Arlington County,12517,Audrey R. Clement,,,29822,Precinct,115 - Precinct 115,,false,1,,,158
165040,540,2025-11-04T00:00:00Z,General,,,,546,County Board Member,,2934,Locality,Arlington County,100110,Bob Cambridge,,,29822,Precinct,115 - Precinct 115,,false,1,,,117
165040,540,2025-11-04T00:00:00Z,General,,,,546,County Board Member,,2934,Locality,Arlington County,100113,"Carlos ""DC"" De Castro Pretelt",,,29822,Precinct,115 - Precinct 115,,false,1,,,50
165040,540,2025-11-04T00:00:00Z,General,,,,546,County Board Member,,2934,Locality,Arlington County,100112,Jeramy L. Olmack,,,29822,Precinct,115 - Precinct 115,,false,1,,,32
165040,540,2025-11-04T00:00:00Z,General,,,,546,County Board Member,,2934,Locality,Arlington County,6,Write-Ins,,,29822,Precinct,115 - Precinct 115,,false,1,,,7
165040,540,2025-11-04T00:00:00Z,General,,,,546,County Board Member,,2934,Locality,Arlington County,4,Total Votes Cast,,,29822,Precinct,115 - Precinct 115,,false,1,,,1004
165040,540,2025-11-04T00:00:00Z,General,,,,546,County Board Member,,2934,Locality,Arlington County,1,Total Ballots Cast,,,29822,Precinct,115 - Precinct 115,,false,1,,,1004
165040,540,2025-11-04T00:00:00Z,General,,,,546,County Board Member,,2934,Locality,Arlington County,93473,Takis P. Karantonis,,,29823,Precinct,116 - Precinct 116,,true,1,,,1350
165040,540,2025-11-04T00:00:00Z,General,,,,546,County Board Member,,2934,Locality,Arlington County,12517,Audrey R. Clement,,,29823,Precinct,116 - Precinct 116,,false,1,,,363
165040,540,2025-11-04T00:00:00Z,General,,,,546,County Board Member,,2934,Locality,Arlington County,100110,Bob Cambridge,,,29823,Precinct,116 - Precinct 116,,false,1,,,242
165040,540,2025-11-04T00:00:00Z,General,,,,546,County Board Member,,2934,Locality,Arlington County,100113,"Carlos ""DC"" De Castro Pretelt",,,29823,Precinct,116 - Precinct 116,,false,1,,,91
165040,540,2025-11-04T00:00:00Z,General,,,,546,County Board Member,,2934,Locality,Arlington County,100112,Jeramy L. Olmack,,,29823,Precinct,116 - Precinct 116,,false,1,,,63
165040,540,2025-11-04T00:00:00Z,General,,,,546,County Board Member,,2934,Locality,Arlington County,6,Write-Ins,,,29823,Precinct,116 - Precinct 116,,false,1,,,37
165040,540,2025-11-04T00:00:00Z,General,,,,546,County Board Member,,2934,Locality,Arlington County,4,Total Votes Cast,,,29823,Precinct,116 - Precinct 116,,false,1,,,2146
165040,540,2025-11-04T00:00:00Z,General,,,,546,County Board Member,,2934,Locality,Arlington County,1,Total Ballots Cast,,,29823,Precinct,116 - Precinct 116,,false,1,,,2146
165040,540,2025-11-04T00:00:00Z,General,,,,546,County Board Member,,2934,Locality,Arlington County,93473,Takis P. Karantonis,,,29824,Precinct,117 - Precinct 117,,true,1,,,1406
165040,540,2025-11-04T00:00:00Z,General,,,,546,County Board Member,,2934,Locality,Arlington County,12517,Audrey R. Clement,,,29824,Precinct,117 - Precinct 117,,false,1,,,389
165040,540,2025-11-04T00:00:00Z,General,,,,546,County Board Member,,2934,Locality,Arlington County,100110,Bob Cambridge,,,29824,Precinct,117 - Precinct 117,,false,1,,,230
165040,540,2025-11-04T00:00:00Z,General,,,,546,County Board Member,,2934,Locality,Arlington County,100113,"Carlos ""DC"" De Castro Pretelt",,,29824,Precinct,117 - Precinct 117,,false,1,,,82
165040,540,2025-11-04T00:00:00Z,General,,,,546,County Board Member,,2934,Locality,Arlington County,100112,Jeramy L. Olmack,,,29824,Precinct,117 - Precinct 117,,false,1,,,53
165040,540,2025-11-04T00:00:00Z,General,,,,546,County Board Member,,2934,Locality,Arlington County,6,Write-Ins,,,29824,Precinct,117 - Precinct 117,,false,1,,,19
165040,540,2025-11-04T00:00:00Z,General,,,,546,County Board Member,,2934,Locality,Arlington County,4,Total Votes Cast,,,29824,Precinct,117 - Precinct 117,,false,1,,,2179
165040,540,2025-11-04T00:00:00Z,General,,,,546,County Board Member,,2934,Locality,Arlington County,1,Total Ballots Cast,,,29824,Precinct,117 - Precinct 117,,false,1,,,2179
165040,540,2025-11-04T00:00:00Z,General,,,,546,County Board Member,,2934,Locality,Arlington County,93473,Takis P. Karantonis,,,29825,Precinct,118 - Precinct 118,,true,1,,,2130
165040,540,2025-11-04T00:00:00Z,General,,,,546,County Board Member,,2934,Locality,Arlington County,12517,Audrey R. Clement,,,29825,Precinct,118 - Precinct 118,,false,1,,,373
165040,540,2025-11-04T00:00:00Z,General,,,,546,County Board Member,,2934,Locality,Arlington County,100110,Bob Cambridge,,,29825,Precinct,118 - Precinct 118,,false,1,,,338
165040,540,2025-11-04T00:00:00Z,General,,,,546,County Board Member,,2934,Locality,Arlington County,100113,"Carlos ""DC"" De Castro Pretelt",,,29825,Precinct,118 - Precinct 118,,false,1,,,139
165040,540,2025-11-04T00:00:00Z,General,,,,546,County Board Member,,2934,Locality,Arlington County,100112,Jeramy L. Olmack,,,29825,Precinct,118 - Precinct 118,,false,1,,,117
165040,540,2025-11-04T00:00:00Z,General,,,,546,County Board Member,,2934,Locality,Arlington County,6,Write-Ins,,,29825,Precinct,118 - Precinct 118,,false,1,,,20
165040,540,2025-11-04T00:00:00Z,General,,,,546,County Board Member,,2934,Locality,Arlington County,4,Total Votes Cast,,,29825,Precinct,118 - Precinct 118,,false,1,,,3117
165040,540,2025-11-04T00:00:00Z,General,,,,546,County Board Member,,2934,Locality,Arlington County,1,Total Ballots Cast,,,29825,Precinct,118 - Precinct 118,,false,1,,,3117
165040,540,2025-11-04T00:00:00Z,General,,,,546,County Board Member,,2934,Locality,Arlington County,93473,Takis P. Karantonis,,,132329,Precinct,119 - Precinct 119,,true,1,,,1483
165040,540,2025-11-04T00:00:00Z,General,,,,546,County Board Member,,2934,Locality,Arlington County,12517,Audrey R. Clement,,,132329,Precinct,119 - Precinct 119,,false,1,,,299
165040,540,2025-11-04T00:00:00Z,General,,,,546,County Board Member,,2934,Locality,Arlington County,100110,Bob Cambridge,,,132329,Precinct,119 - Precinct 119,,false,1,,,349
165040,540,2025-11-04T00:00:00Z,General,,,,546,County Board Member,,2934,Locality,Arlington County,100113,"Carlos ""DC"" De Castro Pretelt",,,132329,Precinct,119 - Precinct 119,,false,1,,,120
165040,540,2025-11-04T00:00:00Z,General,,,,546,County Board Member,,2934,Locality,Arlington County,100112,Jeramy L. Olmack,,,132329,Precinct,119 - Precinct 119,,false,1,,,86
165040,540,2025-11-04T00:00:00Z,General,,,,546,County Board Member,,2934,Locality,Arlington County,6,Write-Ins,,,132329,Precinct,119 - Precinct 119,,false,1,,,25
165040,540,2025-11-04T00:00:00Z,General,,,,546,County Board Member,,2934,Locality,Arlington County,4,Total Votes Cast,,,132329,Precinct,119 - Precinct 119,,false,1,,,2362
165040,540,2025-11-04T00:00:00Z,General,,,,546,County Board Member,,2934,Locality,Arlington County,1,Total Ballots Cast,,,132329,Precinct,119 - Precinct 119,,false,1,,,2362
165040,540,2025-11-04T00:00:00Z,General,,,,546,County Board Member,,2934,Locality,Arlington County,93473,Takis P. Karantonis,,,29827,Precinct,120 - Precinct 120,,true,1,,,1126
165040,540,2025-11-04T00:00:00Z,General,,,,546,County Board Member,,2934,Locality,Arlington County,12517,Audrey R. Clement,,,29827,Precinct,120 - Precinct 120,,false,1,,,429
165040,540,2025-11-04T00:00:00Z,General,,,,546,County Board Member,,2934,Locality,Arlington County,100110,Bob Cambridge,,,29827,Precinct,120 - Precinct 120,,false,1,,,296
165040,540,2025-11-04T00:00:00Z,General,,,,546,County Board Member,,2934,Locality,Arlington County,100113,"Carlos ""DC"" De Castro Pretelt",,,29827,Precinct,120 - Precinct 120,,false,1,,,80
165040,540,2025-11-04T00:00:00Z,General,,,,546,County Board Member,,2934,Locality,Arlington County,100112,Jeramy L. Olmack,,,29827,Precinct,120 - Precinct 120,,false,1,,,28
165040,540,2025-11-04T00:00:00Z,General,,,,546,County Board Member,,2934,Locality,Arlington County,6,Write-Ins,,,29827,Precinct,120 - Precinct 120,,false,1,,,26
165040,540,2025-11-04T00:00:00Z,General,,,,546,County Board Member,,2934,Locality,Arlington County,4,Total Votes Cast,,,29827,Precinct,120 - Precinct 120,,false,1,,,1985
165040,540,2025-11-04T00:00:00Z,General,,,,546,County Board Member,,2934,Locality,Arlington County,1,Total Ballots Cast,,,29827,Precinct,120 - Precinct 120,,false,1,,,1985
165040,540,2025-11-04T00:00:00Z,General,,,,546,County Board Member,,2934,Locality,Arlington County,93473,Takis P. Karantonis,,,29828,Precinct,121 - Precinct 121,,true,1,,,600
165040,540,2025-11-04T00:00:00Z,General,,,,546,County Board Member,,2934,Locality,Arlington County,12517,Audrey R. Clement,,,29828,Precinct,121 - Precinct 121,,false,1,,,137
165040,540,2025-11-04T00:00:00Z,General,,,,546,County Board Member,,2934,Locality,Arlington County,100110,Bob Cambridge,,,29828,Precinct,121 - Precinct 121,,false,1,,,142
165040,540,2025-11-04T00:00:00Z,General,,,,546,County Board Member,,2934,Locality,Arlington County,100113,"Carlos ""DC"" De Castro Pretelt",,,29828,Precinct,121 - Precinct 121,,false,1,,,31
165040,540,2025-11-04T00:00:00Z,General,,,,546,County Board Member,,2934,Locality,Arlington County,100112,Jeramy L. Olmack,,,29828,Precinct,121 - Precinct 121,,false,1,,,41
165040,540,2025-11-04T00:00:00Z,General,,,,546,County Board Member,,2934,Locality,Arlington County,6,Write-Ins,,,29828,Precinct,121 - Precinct 121,,false,1,,,15
165040,540,2025-11-04T00:00:00Z,General,,,,546,County Board Member,,2934,Locality,Arlington County,4,Total Votes Cast,,,29828,Precinct,121 - Precinct 121,,false,1,,,966
165040,540,2025-11-04T00:00:00Z,General,,,,546,County Board Member,,2934,Locality,Arlington County,1,Total Ballots Cast,,,29828,Precinct,121 - Precinct 121,,false,1,,,966
165040,540,2025-11-04T00:00:00Z,General,,,,546,County Board Member,,2934,Locality,Arlington County,93473,Takis P. Karantonis,,,29829,Precinct,122 - Precinct 122,,true,1,,,1286
165040,540,2025-11-04T00:00:00Z,General,,,,546,County Board Member,,2934,Locality,Arlington County,12517,Audrey R. Clement,,,29829,Precinct,122 - Precinct 122,,false,1,,,253
165040,540,2025-11-04T00:00:00Z,General,,,,546,County Board Member,,2934,Locality,Arlington County,100110,Bob Cambridge,,,29829,Precinct,122 - Precinct 122,,false,1,,,192
165040,540,2025-11-04T00:00:00Z,General,,,,546,County Board Member,,2934,Locality,Arlington County,100113,"Carlos ""DC"" De Castro Pretelt",,,29829,Precinct,122 - Precinct 122,,false,1,,,106
165040,540,2025-11-04T00:00:00Z,General,,,,546,County Board Member,,2934,Locality,Arlington County,100112,Jeramy L. Olmack,,,29829,Precinct,122 - Precinct 122,,false,1,,,41
165040,540,2025-11-04T00:00:00Z,General,,,,546,County Board Member,,2934,Locality,Arlington County,6,Write-Ins,,,29829,Precinct,122 - Precinct 122,,false,1,,,15
165040,540,2025-11-04T00:00:00Z,General,,,,546,County Board Member,,2934,Locality,Arlington County,4,Total Votes Cast,,,29829,Precinct,122 - Precinct 122,,false,1,,,1893
165040,540,2025-11-04T00:00:00Z,General,,,,546,County Board Member,,2934,Locality,Arlington County,1,Total Ballots Cast,,,29829,Precinct,122 - Precinct 122,,false,1,,,1893
165040,540,2025-11-04T00:00:00Z,General,,,,546,County Board Member,,2934,Locality,Arlington County,93473,Takis P. Karantonis,,,29830,Precinct,123 - Precinct 123,,true,1,,,1251
165040,540,2025-11-04T00:00:00Z,General,,,,546,County Board Member,,2934,Locality,Arlington County,12517,Audrey R. Clement,,,29830,Precinct,123 - Precinct 123,,false,1,,,277
165040,540,2025-11-04T00:00:00Z,General,,,,546,County Board Member,,2934,Locality,Arlington County,100110,Bob Cambridge,,,29830,Precinct,123 - Precinct 123,,false,1,,,188
165040,540,2025-11-04T00:00:00Z,General,,,,546,County Board Member,,2934,Locality,Arlington County,100113,"Carlos ""DC"" De Castro Pretelt",,,29830,Precinct,123 - Precinct 123,,false,1,,,81
165040,540,2025-11-04T00:00:00Z,General,,,,546,County Board Member,,2934,Locality,Arlington County,100112,Jeramy L. Olmack,,,29830,Precinct,123 - Precinct 123,,false,1,,,48
165040,540,2025-11-04T00:00:00Z,General,,,,546,County Board Member,,2934,Locality,Arlington County,6,Write-Ins,,,29830,Precinct,123 - Precinct 123,,false,1,,,19
165040,540,2025-11-04T00:00:00Z,General,,,,546,County Board Member,,2934,Locality,Arlington County,4,Total Votes Cast,,,29830,Precinct,123 - Precinct 123,,false,1,,,1864
165040,540,2025-11-04T00:00:00Z,General,,,,546,County Board Member,,2934,Locality,Arlington County,1,Total Ballots Cast,,,29830,Precinct,123 - Precinct 123,,false,1,,,1864
165040,540,2025-11-04T00:00:00Z,General,,,,546,County Board Member,,2934,Locality,Arlington County,93473,Takis P. Karantonis,,,29831,Precinct,124 - Precinct 124,,true,1,,,1612
165040,540,2025-11-04T00:00:00Z,General,,,,546,County Board Member,,2934,Locality,Arlington County,12517,Audrey R. Clement,,,29831,Precinct,124 - Precinct 124,,false,1,,,425
165040,540,2025-11-04T00:00:00Z,General,,,,546,County Board Member,,2934,Locality,Arlington County,100110,Bob Cambridge,,,29831,Precinct,124 - Precinct 124,,false,1,,,263
165040,540,2025-11-04T00:00:00Z,General,,,,546,County Board Member,,2934,Locality,Arlington County,100113,"Carlos ""DC"" De Castro Pretelt",,,29831,Precinct,124 - Precinct 124,,false,1,,,94
165040,540,2025-11-04T00:00:00Z,General,,,,546,County Board Member,,2934,Locality,Arlington County,100112,Jeramy L. Olmack,,,29831,Precinct,124 - Precinct 124,,false,1,,,56
165040,540,2025-11-04T00:00:00Z,General,,,,546,County Board Member,,2934,Locality,Arlington County,6,Write-Ins,,,29831,Precinct,124 - Precinct 124,,false,1,,,18
165040,540,2025-11-04T00:00:00Z,General,,,,546,County Board Member,,2934,Locality,Arlington County,4,Total Votes Cast,,,29831,Precinct,124 - Precinct 124,,false,1,,,2468
165040,540,2025-11-04T00:00:00Z,General,,,,546,County Board Member,,2934,Locality,Arlington County,1,Total Ballots Cast,,,29831,Precinct,124 - Precinct 124,,false,1,,,2468
165040,540,2025-11-04T00:00:00Z,General,,,,546,County Board Member,,2934,Locality,Arlington County,93473,Takis P. Karantonis,,,132330,Precinct,125 - Precinct 125,,true,1,,,1060
165040,540,2025-11-04T00:00:00Z,General,,,,546,County Board Member,,2934,Locality,Arlington County,12517,Audrey R. Clement,,,132330,Precinct,125 - Precinct 125,,false,1,,,330
165040,540,2025-11-04T00:00:00Z,General,,,,546,County Board Member,,2934,Locality,Arlington County,100110,Bob Cambridge,,,132330,Precinct,125 - Precinct 125,,false,1,,,193
165040,540,2025-11-04T00:00:00Z,General,,,,546,County Board Member,,2934,Locality,Arlington County,100113,"Carlos ""DC"" De Castro Pretelt",,,132330,Precinct,125 - Precinct 125,,false,1,,,87
165040,540,2025-11-04T00:00:00Z,General,,,,546,County Board Member,,2934,Locality,Arlington County,100112,Jeramy L. Olmack,,,132330,Precinct,125 - Precinct 125,,false,1,,,61
165040,540,2025-11-04T00:00:00Z,General,,,,546,County Board Member,,2934,Locality,Arlington County,6,Write-Ins,,,132330,Precinct,125 - Precinct 125,,false,1,,,27
165040,540,2025-11-04T00:00:00Z,General,,,,546,County Board Member,,2934,Locality,Arlington County,4,Total Votes Cast,,,132330,Precinct,125 - Precinct 125,,false,1,,,1758
165040,540,2025-11-04T00:00:00Z,General,,,,546,County Board Member,,2934,Locality,Arlington County,1,Total Ballots Cast,,,132330,Precinct,125 - Precinct 125,,false,1,,,1758
165040,540,2025-11-04T00:00:00Z,General,,,,546,County Board Member,,2934,Locality,Arlington County,93473,Takis P. Karantonis,,,29833,Precinct,126 - Precinct 126,,true,1,,,1189
165040,540,2025-11-04T00:00:00Z,General,,,,546,County Board Member,,2934,Locality,Arlington County,12517,Audrey R. Clement,,,29833,Precinct,126 - Precinct 126,,false,1,,,265
165040,540,2025-11-04T00:00:00Z,General,,,,546,County Board Member,,2934,Locality,Arlington County,100110,Bob Cambridge,,,29833,Precinct,126 - Precinct 126,,false,1,,,160
165040,540,2025-11-04T00:00:00Z,General,,,,546,County Board Member,,2934,Locality,Arlington County,100113,"Carlos ""DC"" De Castro Pretelt",,,29833,Precinct,126 - Precinct 126,,false,1,,,78
165040,540,2025-11-04T00:00:00Z,General,,,,546,County Board Member,,2934,Locality,Arlington County,100112,Jeramy L. Olmack,,,29833,Precinct,126 - Precinct 126,,false,1,,,75
165040,540,2025-11-04T00:00:00Z,General,,,,546,County Board Member,,2934,Locality,Arlington County,6,Write-Ins,,,29833,Precinct,126 - Precinct 126,,false,1,,,18
165040,540,2025-11-04T00:00:00Z,General,,,,546,County Board Member,,2934,Locality,Arlington County,4,Total Votes Cast,,,29833,Precinct,126 - Precinct 126,,false,1,,,1785
165040,540,2025-11-04T00:00:00Z,General,,,,546,County Board Member,,2934,Locality,Arlington County,1,Total Ballots Cast,,,29833,Precinct,126 - Precinct 126,,false,1,,,1785
165040,540,2025-11-04T00:00:00Z,General,,,,546,County Board Member,,2934,Locality,Arlington County,93473,Takis P. Karantonis,,,29834,Precinct,127 - Precinct 127,,true,1,,,1295
165040,540,2025-11-04T00:00:00Z,General,,,,546,County Board Member,,2934,Locality,Arlington County,12517,Audrey R. Clement,,,29834,Precinct,127 - Precinct 127,,false,1,,,322
165040,540,2025-11-04T00:00:00Z,General,,,,546,County Board Member,,2934,Locality,Arlington County,100110,Bob Cambridge,,,29834,Precinct,127 - Precinct 127,,false,1,,,208
165040,540,2025-11-04T00:00:00Z,General,,,,546,County Board Member,,2934,Locality,Arlington County,100113,"Carlos ""DC"" De Castro Pretelt",,,29834,Precinct,127 - Precinct 127,,false,1,,,117
165040,540,2025-11-04T00:00:00Z,General,,,,546,County Board Member,,2934,Locality,Arlington County,100112,Jeramy L. Olmack,,,29834,Precinct,127 - Precinct 127,,false,1,,,47
165040,540,2025-11-04T00:00:00Z,General,,,,546,County Board Member,,2934,Locality,Arlington County,6,Write-Ins,,,29834,Precinct,127 - Precinct 127,,false,1,,,18
165040,540,2025-11-04T00:00:00Z,General,,,,546,County Board Member,,2934,Locality,Arlington County,4,Total Votes Cast,,,29834,Precinct,127 - Precinct 127,,false,1,,,2007
165040,540,2025-11-04T00:00:00Z,General,,,,546,County Board Member,,2934,Locality,Arlington County,1,Total Ballots Cast,,,29834,Precinct,127 - Precinct 127,,false,1,,,2007
165040,540,2025-11-04T00:00:00Z,General,,,,546,County Board Member,,2934,Locality,Arlington County,93473,Takis P. Karantonis,,,29835,Precinct,128 - Precinct 128,,true,1,,,1433
165040,540,2025-11-04T00:00:00Z,General,,,,546,County Board Member,,2934,Locality,Arlington County,12517,Audrey R. Clement,,,29835,Precinct,128 - Precinct 128,,false,1,,,273
165040,540,2025-11-04T00:00:00Z,General,,,,546,County Board Member,,2934,Locality,Arlington County,100110,Bob Cambridge,,,29835,Precinct,128 - Precinct 128,,false,1,,,189
165040,540,2025-11-04T00:00:00Z,General,,,,546,County Board Member,,2934,Locality,Arlington County,100113,"Carlos ""DC"" De Castro Pretelt",,,29835,Precinct,128 - Precinct 128,,false,1,,,118
165040,540,2025-11-04T00:00:00Z,General,,,,546,County Board Member,,2934,Locality,Arlington County,100112,Jeramy L. Olmack,,,29835,Precinct,128 - Precinct 128,,false,1,,,37
165040,540,2025-11-04T00:00:00Z,General,,,,546,County Board Member,,2934,Locality,Arlington County,6,Write-Ins,,,29835,Precinct,128 - Precinct 128,,false,1,,,16
165040,540,2025-11-04T00:00:00Z,General,,,,546,County Board Member,,2934,Locality,Arlington County,4,Total Votes Cast,,,29835,Precinct,128 - Precinct 128,,false,1,,,2066
165040,540,2025-11-04T00:00:00Z,General,,,,546,County Board Member,,2934,Locality,Arlington County,1,Total Ballots Cast,,,29835,Precinct,128 - Precinct 128,,false,1,,,2066
165040,540,2025-11-04T00:00:00Z,General,,,,546,County Board Member,,2934,Locality,Arlington County,93473,Takis P. Karantonis,,,29836,Precinct,129 - Precinct 129,,true,1,,,1413
165040,540,2025-11-04T00:00:00Z,General,,,,546,County Board Member,,2934,Locality,Arlington County,12517,Audrey R. Clement,,,29836,Precinct,129 - Precinct 129,,false,1,,,297
165040,540,2025-11-04T00:00:00Z,General,,,,546,County Board Member,,2934,Locality,Arlington County,100110,Bob Cambridge,,,29836,Precinct,129 - Precinct 129,,false,1,,,196
165040,540,2025-11-04T00:00:00Z,General,,,,546,County Board Member,,2934,Locality,Arlington County,100113,"Carlos ""DC"" De Castro Pretelt",,,29836,Precinct,129 - Precinct 129,,false,1,,,81
165040,540,2025-11-04T00:00:00Z,General,,,,546,County Board Member,,2934,Locality,Arlington County,100112,Jeramy L. Olmack,,,29836,Precinct,129 - Precinct 129,,false,1,,,47
165040,540,2025-11-04T00:00:00Z,General,,,,546,County Board Member,,2934,Locality,Arlington County,6,Write-Ins,,,29836,Precinct,129 - Precinct 129,,false,1,,,22
165040,540,2025-11-04T00:00:00Z,General,,,,546,County Board Member,,2934,Locality,Arlington County,4,Total Votes Cast,,,29836,Precinct,129 - Precinct 129,,false,1,,,2056
165040,540,2025-11-04T00:00:00Z,General,,,,546,County Board Member,,2934,Locality,Arlington County,1,Total Ballots Cast,,,29836,Precinct,129 - Precinct 129,,false,1,,,2056
165040,540,2025-11-04T00:00:00Z,General,,,,546,County Board Member,,2934,Locality,Arlington County,93473,Takis P. Karantonis,,,29837,Precinct,130 - Precinct 130,,true,1,,,1118
165040,540,2025-11-04T00:00:00Z,General,,,,546,County Board Member,,2934,Locality,Arlington County,12517,Audrey R. Clement,,,29837,Precinct,130 - Precinct 130,,false,1,,,207
165040,540,2025-11-04T00:00:00Z,General,,,,546,County Board Member,,2934,Locality,Arlington County,100110,Bob Cambridge,,,29837,Precinct,130 - Precinct 130,,false,1,,,138
165040,540,2025-11-04T00:00:00Z,General,,,,546,County Board Member,,2934,Locality,Arlington County,100113,"Carlos ""DC"" De Castro Pretelt",,,29837,Precinct,130 - Precinct 130,,false,1,,,94
165040,540,2025-11-04T00:00:00Z,General,,,,546,County Board Member,,2934,Locality,Arlington County,100112,Jeramy L. Olmack,,,29837,Precinct,130 - Precinct 130,,false,1,,,61
165040,540,2025-11-04T00:00:00Z,General,,,,546,County Board Member,,2934,Locality,Arlington County,6,Write-Ins,,,29837,Precinct,130 - Precinct 130,,false,1,,,10
165040,540,2025-11-04T00:00:00Z,General,,,,546,County Board Member,,2934,Locality,Arlington County,4,Total Votes Cast,,,29837,Precinct,130 - Precinct 130,,false,1,,,1628
165040,540,2025-11-04T00:00:00Z,General,,,,546,County Board Member,,2934,Locality,Arlington County,1,Total Ballots Cast,,,29837,Precinct,130 - Precinct 130,,false,1,,,1628
165040,540,2025-11-04T00:00:00Z,General,,,,546,County Board Member,,2934,Locality,Arlington County,93473,Takis P. Karantonis,,,29838,Precinct,131 - Precinct 131,,true,1,,,1280
165040,540,2025-11-04T00:00:00Z,General,,,,546,County Board Member,,2934,Locality,Arlington County,12517,Audrey R. Clement,,,29838,Precinct,131 - Precinct 131,,false,1,,,371
165040,540,2025-11-04T00:00:00Z,General,,,,546,County Board Member,,2934,Locality,Arlington County,100110,Bob Cambridge,,,29838,Precinct,131 - Precinct 131,,false,1,,,219
165040,540,2025-11-04T00:00:00Z,General,,,,546,County Board Member,,2934,Locality,Arlington County,100113,"Carlos ""DC"" De Castro Pretelt",,,29838,Precinct,131 - Precinct 131,,false,1,,,65
165040,540,2025-11-04T00:00:00Z,General,,,,546,County Board Member,,2934,Locality,Arlington County,100112,Jeramy L. Olmack,,,29838,Precinct,131 - Precinct 131,,false,1,,,42
165040,540,2025-11-04T00:00:00Z,General,,,,546,County Board Member,,2934,Locality,Arlington County,6,Write-Ins,,,29838,Precinct,131 - Precinct 131,,false,1,,,21
165040,540,2025-11-04T00:00:00Z,General,,,,546,County Board Member,,2934,Locality,Arlington County,4,Total Votes Cast,,,29838,Precinct,131 - Precinct 131,,false,1,,,1998
165040,540,2025-11-04T00:00:00Z,General,,,,546,County Board Member,,2934,Locality,Arlington County,1,Total Ballots Cast,,,29838,Precinct,131 - Precinct 131,,false,1,,,1998
165040,540,2025-11-04T00:00:00Z,General,,,,546,County Board Member,,2934,Locality,Arlington County,93473,Takis P. Karantonis,,,29839,Precinct,132 - Precinct 132,,true,1,,,425
165040,540,2025-11-04T00:00:00Z,General,,,,546,County Board Member,,2934,Locality,Arlington County,12517,Audrey R. Clement,,,29839,Precinct,132 - Precinct 132,,false,1,,,109
165040,540,2025-11-04T00:00:00Z,General,,,,546,County Board Member,,2934,Locality,Arlington County,100110,Bob Cambridge,,,29839,Precinct,132 - Precinct 132,,false,1,,,124
165040,540,2025-11-04T00:00:00Z,General,,,,546,County Board Member,,2934,Locality,Arlington County,100113,"Carlos ""DC"" De Castro Pretelt",,,29839,Precinct,132 - Precinct 132,,false,1,,,42
165040,540,2025-11-04T00:00:00Z,General,,,,546,County Board Member,,2934,Locality,Arlington County,100112,Jeramy L. Olmack,,,29839,Precinct,132 - Precinct 132,,false,1,,,22
165040,540,2025-11-04T00:00:00Z,General,,,,546,County Board Member,,2934,Locality,Arlington County,6,Write-Ins,,,29839,Precinct,132 - Precinct 132,,false,1,,,3
165040,540,2025-11-04T00:00:00Z,General,,,,546,County Board Member,,2934,Locality,Arlington County,4,Total Votes Cast,,,29839,Precinct,132 - Precinct 132,,false,1,,,725
165040,540,2025-11-04T00:00:00Z,General,,,,546,County Board Member,,2934,Locality,Arlington County,1,Total Ballots Cast,,,29839,Precinct,132 - Precinct 132,,false,1,,,725
165040,540,2025-11-04T00:00:00Z,General,,,,546,County Board Member,,2934,Locality,Arlington County,93473,Takis P. Karantonis,,,29840,Precinct,133 - Precinct 133,,true,1,,,1162
165040,540,2025-11-04T00:00:00Z,General,,,,546,County Board Member,,2934,Locality,Arlington County,12517,Audrey R. Clement,,,29840,Precinct,133 - Precinct 133,,false,1,,,413
165040,540,2025-11-04T00:00:00Z,General,,,,546,County Board Member,,2934,Locality,Arlington County,100110,Bob Cambridge,,,29840,Precinct,133 - Precinct 133,,false,1,,,313
165040,540,2025-11-04T00:00:00Z,General,,,,546,County Board Member,,2934,Locality,Arlington County,100113,"Carlos ""DC"" De Castro Pretelt",,,29840,Precinct,133 - Precinct 133,,false,1,,,77
165040,540,2025-11-04T00:00:00Z,General,,,,546,County Board Member,,2934,Locality,Arlington County,100112,Jeramy L. Olmack,,,29840,Precinct,133 - Precinct 133,,false,1,,,38
165040,540,2025-11-04T00:00:00Z,General,,,,546,County Board Member,,2934,Locality,Arlington County,6,Write-Ins,,,29840,Precinct,133 - Precinct 133,,false,1,,,32
165040,540,2025-11-04T00:00:00Z,General,,,,546,County Board Member,,2934,Locality,Arlington County,4,Total Votes Cast,,,29840,Precinct,133 - Precinct 133,,false,1,,,2035
165040,540,2025-11-04T00:00:00Z,General,,,,546,County Board Member,,2934,Locality,Arlington County,1,Total Ballots Cast,,,29840,Precinct,133 - Precinct 133,,false,1,,,2035
165040,540,2025-11-04T00:00:00Z,General,,,,546,County Board Member,,2934,Locality,Arlington County,93473,Takis P. Karantonis,,,29841,Precinct,134 - Precinct 134,,true,1,,,1029
165040,540,2025-11-04T00:00:00Z,General,,,,546,County Board Member,,2934,Locality,Arlington County,12517,Audrey R. Clement,,,29841,Precinct,134 - Precinct 134,,false,1,,,373
165040,540,2025-11-04T00:00:00Z,General,,,,546,County Board Member,,2934,Locality,Arlington County,100110,Bob Cambridge,,,29841,Precinct,134 - Precinct 134,,false,1,,,231
165040,540,2025-11-04T00:00:00Z,General,,,,546,County Board Member,,2934,Locality,Arlington County,100113,"Carlos ""DC"" De Castro Pretelt",,,29841,Precinct,134 - Precinct 134,,false,1,,,61
165040,540,2025-11-04T00:00:00Z,General,,,,546,County Board Member,,2934,Locality,Arlington County,100112,Jeramy L. Olmack,,,29841,Precinct,134 - Precinct 134,,false,1,,,37
165040,540,2025-11-04T00:00:00Z,General,,,,546,County Board Member,,2934,Locality,Arlington County,6,Write-Ins,,,29841,Precinct,134 - Precinct 134,,false,1,,,17
165040,540,2025-11-04T00:00:00Z,General,,,,546,County Board Member,,2934,Locality,Arlington County,4,Total Votes Cast,,,29841,Precinct,134 - Precinct 134,,false,1,,,1748
165040,540,2025-11-04T00:00:00Z,General,,,,546,County Board Member,,2934,Locality,Arlington County,1,Total Ballots Cast,,,29841,Precinct,134 - Precinct 134,,false,1,,,1748
165040,540,2025-11-04T00:00:00Z,General,,,,546,County Board Member,,2934,Locality,Arlington County,93473,Takis P. Karantonis,,,132331,Precinct,135 - Precinct 135,,true,1,,,1123
165040,540,2025-11-04T00:00:00Z,General,,,,546,County Board Member,,2934,Locality,Arlington County,12517,Audrey R. Clement,,,132331,Precinct,135 - Precinct 135,,false,1,,,487
165040,540,2025-11-04T00:00:00Z,General,,,,546,County Board Member,,2934,Locality,Arlington County,100110,Bob Cambridge,,,132331,Precinct,135 - Precinct 135,,false,1,,,361
165040,540,2025-11-04T00:00:00Z,General,,,,546,County Board Member,,2934,Locality,Arlington County,100113,"Carlos ""DC"" De Castro Pretelt",,,132331,Precinct,135 - Precinct 135,,false,1,,,66
165040,540,2025-11-04T00:00:00Z,General,,,,546,County Board Member,,2934,Locality,Arlington County,100112,Jeramy L. Olmack,,,132331,Precinct,135 - Precinct 135,,false,1,,,46
165040,540,2025-11-04T00:00:00Z,General,,,,546,County Board Member,,2934,Locality,Arlington County,6,Write-Ins,,,132331,Precinct,135 - Precinct 135,,false,1,,,35
165040,540,2025-11-04T00:00:00Z,General,,,,546,County Board Member,,2934,Locality,Arlington County,4,Total Votes Cast,,,132331,Precinct,135 - Precinct 135,,false,1,,,2118
165040,540,2025-11-04T00:00:00Z,General,,,,546,County Board Member,,2934,Locality,Arlington County,1,Total Ballots Cast,,,132331,Precinct,135 - Precinct 135,,false,1,,,2118
165040,540,2025-11-04T00:00:00Z,General,,,,546,County Board Member,,2934,Locality,Arlington County,93473,Takis P. Karantonis,,,29843,Precinct,136 - Precinct 136,,true,1,,,1193
165040,540,2025-11-04T00:00:00Z,General,,,,546,County Board Member,,2934,Locality,Arlington County,12517,Audrey R. Clement,,,29843,Precinct,136 - Precinct 136,,false,1,,,418
165040,540,2025-11-04T00:00:00Z,General,,,,546,County Board Member,,2934,Locality,Arlington County,100110,Bob Cambridge,,,29843,Precinct,136 - Precinct 136,,false,1,,,277
165040,540,2025-11-04T00:00:00Z,General,,,,546,County Board Member,,2934,Locality,Arlington County,100113,"Carlos ""DC"" De Castro Pretelt",,,29843,Precinct,136 - Precinct 136,,false,1,,,75
165040,540,2025-11-04T00:00:00Z,General,,,,546,County Board Member,,2934,Locality,Arlington County,100112,Jeramy L. Olmack,,,29843,Precinct,136 - Precinct 136,,false,1,,,38
165040,540,2025-11-04T00:00:00Z,General,,,,546,County Board Member,,2934,Locality,Arlington County,6,Write-Ins,,,29843,Precinct,136 - Precinct 136,,false,1,,,14
165040,540,2025-11-04T00:00:00Z,General,,,,546,County Board Member,,2934,Locality,Arlington County,4,Total Votes Cast,,,29843,Precinct,136 - Precinct 136,,false,1,,,2015
165040,540,2025-11-04T00:00:00Z,General,,,,546,County Board Member,,2934,Locality,Arlington County,1,Total Ballots Cast,,,29843,Precinct,136 - Precinct 136,,false,1,,,2015
165040,540,2025-11-04T00:00:00Z,General,,,,546,County Board Member,,2934,Locality,Arlington County,93473,Takis P. Karantonis,,,132332,Precinct,137 - Precinct 137,,true,1,,,1136
165040,540,2025-11-04T00:00:00Z,General,,,,546,County Board Member,,2934,Locality,Arlington County,12517,Audrey R. Clement,,,132332,Precinct,137 - Precinct 137,,false,1,,,385
165040,540,2025-11-04T00:00:00Z,General,,,,546,County Board Member,,2934,Locality,Arlington County,100110,Bob Cambridge,,,132332,Precinct,137 - Precinct 137,,false,1,,,192
165040,540,2025-11-04T00:00:00Z,General,,,,546,County Board Member,,2934,Locality,Arlington County,100113,"Carlos ""DC"" De Castro Pretelt",,,132332,Precinct,137 - Precinct 137,,false,1,,,65
165040,540,2025-11-04T00:00:00Z,General,,,,546,County Board Member,,2934,Locality,Arlington County,100112,Jeramy L. Olmack,,,132332,Precinct,137 - Precinct 137,,false,1,,,31
165040,540,2025-11-04T00:00:00Z,General,,,,546,County Board Member,,2934,Locality,Arlington County,6,Write-Ins,,,132332,Precinct,137 - Precinct 137,,false,1,,,25
165040,540,2025-11-04T00:00:00Z,General,,,,546,County Board Member,,2934,Locality,Arlington County,4,Total Votes Cast,,,132332,Precinct,137 - Precinct 137,,false,1,,,1834
165040,540,2025-11-04T00:00:00Z,General,,,,546,County Board Member,,2934,Locality,Arlington County,1,Total Ballots Cast,,,132332,Precinct,137 - Precinct 137,,false,1,,,1834
165040,540,2025-11-04T00:00:00Z,General,,,,546,County Board Member,,2934,Locality,Arlington County,93473,Takis P. Karantonis,,,132333,Precinct,138 - Precinct 138,,true,1,,,892
165040,540,2025-11-04T00:00:00Z,General,,,,546,County Board Member,,2934,Locality,Arlington County,12517,Audrey R. Clement,,,132333,Precinct,138 - Precinct 138,,false,1,,,150
165040,540,2025-11-04T00:00:00Z,General,,,,546,County Board Member,,2934,Locality,Arlington County,100110,Bob Cambridge,,,132333,Precinct,138 - Precinct 138,,false,1,,,158
165040,540,2025-11-04T00:00:00Z,General,,,,546,County Board Member,,2934,Locality,Arlington County,100113,"Carlos ""DC"" De Castro Pretelt",,,132333,Precinct,138 - Precinct 138,,false,1,,,83
165040,540,2025-11-04T00:00:00Z,General,,,,546,County Board Member,,2934,Locality,Arlington County,100112,Jeramy L. Olmack,,,132333,Precinct,138 - Precinct 138,,false,1,,,45
165040,540,2025-11-04T00:00:00Z,General,,,,546,County Board Member,,2934,Locality,Arlington County,6,Write-Ins,,,132333,Precinct,138 - Precinct 138,,false,1,,,15
165040,540,2025-11-04T00:00:00Z,General,,,,546,County Board Member,,2934,Locality,Arlington County,4,Total Votes Cast,,,132333,Precinct,138 - Precinct 138,,false,1,,,1343
165040,540,2025-11-04T00:00:00Z,General,,,,546,County Board Member,,2934,Locality,Arlington County,1,Total Ballots Cast,,,132333,Precinct,138 - Precinct 138,,false,1,,,1343
165040,540,2025-11-04T00:00:00Z,General,,,,546,County Board Member,,2934,Locality,Arlington County,93473,Takis P. Karantonis,,,29846,Precinct,139 - Precinct 139,,true,1,,,714
165040,540,2025-11-04T00:00:00Z,General,,,,546,County Board Member,,2934,Locality,Arlington County,12517,Audrey R. Clement,,,29846,Precinct,139 - Precinct 139,,false,1,,,199
165040,540,2025-11-04T00:00:00Z,General,,,,546,County Board Member,,2934,Locality,Arlington County,100110,Bob Cambridge,,,29846,Precinct,139 - Precinct 139,,false,1,,,131
165040,540,2025-11-04T00:00:00Z,General,,,,546,County Board Member,,2934,Locality,Arlington County,100113,"Carlos ""DC"" De Castro Pretelt",,,29846,Precinct,139 - Precinct 139,,false,1,,,54
165040,540,2025-11-04T00:00:00Z,General,,,,546,County Board Member,,2934,Locality,Arlington County,100112,Jeramy L. Olmack,,,29846,Precinct,139 - Precinct 139,,false,1,,,31
165040,540,2025-11-04T00:00:00Z,General,,,,546,County Board Member,,2934,Locality,Arlington County,6,Write-Ins,,,29846,Precinct,139 - Precinct 139,,false,1,,,13
165040,540,2025-11-04T00:00:00Z,General,,,,546,County Board Member,,2934,Locality,Arlington County,4,Total Votes Cast,,,29846,Precinct,139 - Precinct 139,,false,1,,,1142
165040,540,2025-11-04T00:00:00Z,General,,,,546,County Board Member,,2934,Locality,Arlington County,1,Total Ballots Cast,,,29846,Precinct,139 - Precinct 139,,false,1,,,1142
165040,540,2025-11-04T00:00:00Z,General,,,,546,County Board Member,,2934,Locality,Arlington County,93473,Takis P. Karantonis,,,29847,Precinct,140 - Precinct 140,,true,1,,,1611
165040,540,2025-11-04T00:00:00Z,General,,,,546,County Board Member,,2934,Locality,Arlington County,12517,Audrey R. Clement,,,29847,Precinct,140 - Precinct 140,,false,1,,,278
165040,540,2025-11-04T00:00:00Z,General,,,,546,County Board Member,,2934,Locality,Arlington County,100110,Bob Cambridge,,,29847,Precinct,140 - Precinct 140,,false,1,,,270
165040,540,2025-11-04T00:00:00Z,General,,,,546,County Board Member,,2934,Locality,Arlington County,100113,"Carlos ""DC"" De Castro Pretelt",,,29847,Precinct,140 - Precinct 140,,false,1,,,116
165040,540,2025-11-04T00:00:00Z,General,,,,546,County Board Member,,2934,Locality,Arlington County,100112,Jeramy L. Olmack,,,29847,Precinct,140 - Precinct 140,,false,1,,,71
165040,540,2025-11-04T00:00:00Z,General,,,,546,County Board Member,,2934,Locality,Arlington County,6,Write-Ins,,,29847,Precinct,140 - Precinct 140,,false,1,,,23
165040,540,2025-11-04T00:00:00Z,General,,,,546,County Board Member,,2934,Locality,Arlington County,4,Total Votes Cast,,,29847,Precinct,140 - Precinct 140,,false,1,,,2369
165040,540,2025-11-04T00:00:00Z,General,,,,546,County Board Member,,2934,Locality,Arlington County,1,Total Ballots Cast,,,29847,Precinct,140 - Precinct 140,,false,1,,,2369
165040,540,2025-11-04T00:00:00Z,General,,,,546,County Board Member,,2934,Locality,Arlington County,93473,Takis P. Karantonis,,,29848,Precinct,141 - Precinct 141,,true,1,,,1286
165040,540,2025-11-04T00:00:00Z,General,,,,546,County Board Member,,2934,Locality,Arlington County,12517,Audrey R. Clement,,,29848,Precinct,141 - Precinct 141,,false,1,,,228
165040,540,2025-11-04T00:00:00Z,General,,,,546,County Board Member,,2934,Locality,Arlington County,100110,Bob Cambridge,,,29848,Precinct,141 - Precinct 141,,false,1,,,227
165040,540,2025-11-04T00:00:00Z,General,,,,546,County Board Member,,2934,Locality,Arlington County,100113,"Carlos ""DC"" De Castro Pretelt",,,29848,Precinct,141 - Precinct 141,,false,1,,,90
165040,540,2025-11-04T00:00:00Z,General,,,,546,County Board Member,,2934,Locality,Arlington County,100112,Jeramy L. Olmack,,,29848,Precinct,141 - Precinct 141,,false,1,,,80
165040,540,2025-11-04T00:00:00Z,General,,,,546,County Board Member,,2934,Locality,Arlington County,6,Write-Ins,,,29848,Precinct,141 - Precinct 141,,false,1,,,19
165040,540,2025-11-04T00:00:00Z,General,,,,546,County Board Member,,2934,Locality,Arlington County,4,Total Votes Cast,,,29848,Precinct,141 - Precinct 141,,false,1,,,1930
165040,540,2025-11-04T00:00:00Z,General,,,,546,County Board Member,,2934,Locality,Arlington County,1,Total Ballots Cast,,,29848,Precinct,141 - Precinct 141,,false,1,,,1930
165040,540,2025-11-04T00:00:00Z,General,,,,546,County Board Member,,2934,Locality,Arlington County,93473,Takis P. Karantonis,,,29849,Precinct,142 - Precinct 142,,true,1,,,999
165040,540,2025-11-04T00:00:00Z,General,,,,546,County Board Member,,2934,Locality,Arlington County,12517,Audrey R. Clement,,,29849,Precinct,142 - Precinct 142,,false,1,,,154
165040,540,2025-11-04T00:00:00Z,General,,,,546,County Board Member,,2934,Locality,Arlington County,100110,Bob Cambridge,,,29849,Precinct,142 - Precinct 142,,false,1,,,108
165040,540,2025-11-04T00:00:00Z,General,,,,546,County Board Member,,2934,Locality,Arlington County,100113,"Carlos ""DC"" De Castro Pretelt",,,29849,Precinct,142 - Precinct 142,,false,1,,,65
165040,540,2025-11-04T00:00:00Z,General,,,,546,County Board Member,,2934,Locality,Arlington County,100112,Jeramy L. Olmack,,,29849,Precinct,142 - Precinct 142,,false,1,,,42
165040,540,2025-11-04T00:00:00Z,General,,,,546,County Board Member,,2934,Locality,Arlington County,6,Write-Ins,,,29849,Precinct,142 - Precinct 142,,false,1,,,8
165040,540,2025-11-04T00:00:00Z,General,,,,546,County Board Member,,2934,Locality,Arlington County,4,Total Votes Cast,,,29849,Precinct,142 - Precinct 142,,false,1,,,1376
165040,540,2025-11-04T00:00:00Z,General,,,,546,County Board Member,,2934,Locality,Arlington County,1,Total Ballots Cast,,,29849,Precinct,142 - Precinct 142,,false,1,,,1376
165040,540,2025-11-04T00:00:00Z,General,,,,546,County Board Member,,2934,Locality,Arlington County,93473,Takis P. Karantonis,,,29850,Precinct,143 - Precinct 143,,true,1,,,845
165040,540,2025-11-04T00:00:00Z,General,,,,546,County Board Member,,2934,Locality,Arlington County,12517,Audrey R. Clement,,,29850,Precinct,143 - Precinct 143,,false,1,,,95
165040,540,2025-11-04T00:00:00Z,General,,,,546,County Board Member,,2934,Locality,Arlington County,100110,Bob Cambridge,,,29850,Precinct,143 - Precinct 143,,false,1,,,84
165040,540,2025-11-04T00:00:00Z,General,,,,546,County Board Member,,2934,Locality,Arlington County,100113,"Carlos ""DC"" De Castro Pretelt",,,29850,Precinct,143 - Precinct 143,,false,1,,,60
165040,540,2025-11-04T00:00:00Z,General,,,,546,County Board Member,,2934,Locality,Arlington County,100112,Jeramy L. Olmack,,,29850,Precinct,143 - Precinct 143,,false,1,,,28
165040,540,2025-11-04T00:00:00Z,General,,,,546,County Board Member,,2934,Locality,Arlington County,6,Write-Ins,,,29850,Precinct,143 - Precinct 143,,false,1,,,10
165040,540,2025-11-04T00:00:00Z,General,,,,546,County Board Member,,2934,Locality,Arlington County,4,Total Votes Cast,,,29850,Precinct,143 - Precinct 143,,false,1,,,1122
165040,540,2025-11-04T00:00:00Z,General,,,,546,County Board Member,,2934,Locality,Arlington County,1,Total Ballots Cast,,,29850,Precinct,143 - Precinct 143,,false,1,,,1122
165040,540,2025-11-04T00:00:00Z,General,,,,546,County Board Member,,2934,Locality,Arlington County,93473,Takis P. Karantonis,,,29851,Precinct,144 - Precinct 144,,true,1,,,807
165040,540,2025-11-04T00:00:00Z,General,,,,546,County Board Member,,2934,Locality,Arlington County,12517,Audrey R. Clement,,,29851,Precinct,144 - Precinct 144,,false,1,,,157
165040,540,2025-11-04T00:00:00Z,General,,,,546,County Board Member,,2934,Locality,Arlington County,100110,Bob Cambridge,,,29851,Precinct,144 - Precinct 144,,false,1,,,147
165040,540,2025-11-04T00:00:00Z,General,,,,546,County Board Member,,2934,Locality,Arlington County,100113,"Carlos ""DC"" De Castro Pretelt",,,29851,Precinct,144 - Precinct 144,,false,1,,,49
165040,540,2025-11-04T00:00:00Z,General,,,,546,County Board Member,,2934,Locality,Arlington County,100112,Jeramy L. Olmack,,,29851,Precinct,144 - Precinct 144,,false,1,,,55
165040,540,2025-11-04T00:00:00Z,General,,,,546,County Board Member,,2934,Locality,Arlington County,6,Write-Ins,,,29851,Precinct,144 - Precinct 144,,false,1,,,10
165040,540,2025-11-04T00:00:00Z,General,,,,546,County Board Member,,2934,Locality,Arlington County,4,Total Votes Cast,,,29851,Precinct,144 - Precinct 144,,false,1,,,1225
165040,540,2025-11-04T00:00:00Z,General,,,,546,County Board Member,,2934,Locality,Arlington County,1,Total Ballots Cast,,,29851,Precinct,144 - Precinct 144,,false,1,,,1225
165040,540,2025-11-04T00:00:00Z,General,,,,546,County Board Member,,2934,Locality,Arlington County,93473,Takis P. Karantonis,,,29852,Precinct,145 - Precinct 145,,true,1,,,934
165040,540,2025-11-04T00:00:00Z,General,,,,546,County Board Member,,2934,Locality,Arlington County,12517,Audrey R. Clement,,,29852,Precinct,145 - Precinct 145,,false,1,,,202
165040,540,2025-11-04T00:00:00Z,General,,,,546,County Board Member,,2934,Locality,Arlington County,100110,Bob Cambridge,,,29852,Precinct,145 - Precinct 145,,false,1,,,140
165040,540,2025-11-04T00:00:00Z,General,,,,546,County Board Member,,2934,Locality,Arlington County,100113,"Carlos ""DC"" De Castro Pretelt",,,29852,Precinct,145 - Precinct 145,,false,1,,,56
165040,540,2025-11-04T00:00:00Z,General,,,,546,County Board Member,,2934,Locality,Arlington County,100112,Jeramy L. Olmack,,,29852,Precinct,145 - Precinct 145,,false,1,,,42
165040,540,2025-11-04T00:00:00Z,General,,,,546,County Board Member,,2934,Locality,Arlington County,6,Write-Ins,,,29852,Precinct,145 - Precinct 145,,false,1,,,10
165040,540,2025-11-04T00:00:00Z,General,,,,546,County Board Member,,2934,Locality,Arlington County,4,Total Votes Cast,,,29852,Precinct,145 - Precinct 145,,false,1,,,1384
165040,540,2025-11-04T00:00:00Z,General,,,,546,County Board Member,,2934,Locality,Arlington County,1,Total Ballots Cast,,,29852,Precinct,145 - Precinct 145,,false,1,,,1384
165040,540,2025-11-04T00:00:00Z,General,,,,546,County Board Member,,2934,Locality,Arlington County,93473,Takis P. Karantonis,,,29853,Precinct,146 - Precinct 146,,true,1,,,1403
165040,540,2025-11-04T00:00:00Z,General,,,,546,County Board Member,,2934,Locality,Arlington County,12517,Audrey R. Clement,,,29853,Precinct,146 - Precinct 146,,false,1,,,232
165040,540,2025-11-04T00:00:00Z,General,,,,546,County Board Member,,2934,Locality,Arlington County,100110,Bob Cambridge,,,29853,Precinct,146 - Precinct 146,,false,1,,,243
165040,540,2025-11-04T00:00:00Z,General,,,,546,County Board Member,,2934,Locality,Arlington County,100113,"Carlos ""DC"" De Castro Pretelt",,,29853,Precinct,146 - Precinct 146,,false,1,,,131
165040,540,2025-11-04T00:00:00Z,General,,,,546,County Board Member,,2934,Locality,Arlington County,100112,Jeramy L. Olmack,,,29853,Precinct,146 - Precinct 146,,false,1,,,73
165040,540,2025-11-04T00:00:00Z,General,,,,546,County Board Member,,2934,Locality,Arlington County,6,Write-Ins,,,29853,Precinct,146 - Precinct 146,,false,1,,,17
165040,540,2025-11-04T00:00:00Z,General,,,,546,County Board Member,,2934,Locality,Arlington County,4,Total Votes Cast,,,29853,Precinct,146 - Precinct 146,,false,1,,,2099
165040,540,2025-11-04T00:00:00Z,General,,,,546,County Board Member,,2934,Locality,Arlington County,1,Total Ballots Cast,,,29853,Precinct,146 - Precinct 146,,false,1,,,2099
165040,540,2025-11-04T00:00:00Z,General,,,,546,County Board Member,,2934,Locality,Arlington County,93473,Takis P. Karantonis,,,29854,Precinct,147 - Precinct 147,,true,1,,,952
165040,540,2025-11-04T00:00:00Z,General,,,,546,County Board Member,,2934,Locality,Arlington County,12517,Audrey R. Clement,,,29854,Precinct,147 - Precinct 147,,false,1,,,121
165040,540,2025-11-04T00:00:00Z,General,,,,546,County Board Member,,2934,Locality,Arlington County,100110,Bob Cambridge,,,29854,Precinct,147 - Precinct 147,,false,1,,,111
165040,540,2025-11-04T00:00:00Z,General,,,,546,County Board Member,,2934,Locality,Arlington County,100113,"Carlos ""DC"" De Castro Pretelt",,,29854,Precinct,147 - Precinct 147,,false,1,,,66
165040,540,2025-11-04T00:00:00Z,General,,,,546,County Board Member,,2934,Locality,Arlington County,100112,Jeramy L. Olmack,,,29854,Precinct,147 - Precinct 147,,false,1,,,22
165040,540,2025-11-04T00:00:00Z,General,,,,546,County Board Member,,2934,Locality,Arlington County,6,Write-Ins,,,29854,Precinct,147 - Precinct 147,,false,1,,,10
165040,540,2025-11-04T00:00:00Z,General,,,,546,County Board Member,,2934,Locality,Arlington County,4,Total Votes Cast,,,29854,Precinct,147 - Precinct 147,,false,1,,,1282
165040,540,2025-11-04T00:00:00Z,General,,,,546,County Board Member,,2934,Locality,Arlington County,1,Total Ballots Cast,,,29854,Precinct,147 - Precinct 147,,false,1,,,1282
165040,540,2025-11-04T00:00:00Z,General,,,,546,County Board Member,,2934,Locality,Arlington County,93473,Takis P. Karantonis,,,29855,Precinct,148 - Precinct 148,,true,1,,,894
165040,540,2025-11-04T00:00:00Z,General,,,,546,County Board Member,,2934,Locality,Arlington County,12517,Audrey R. Clement,,,29855,Precinct,148 - Precinct 148,,false,1,,,186
165040,540,2025-11-04T00:00:00Z,General,,,,546,County Board Member,,2934,Locality,Arlington County,100110,Bob Cambridge,,,29855,Precinct,148 - Precinct 148,,false,1,,,230
165040,540,2025-11-04T00:00:00Z,General,,,,546,County Board Member,,2934,Locality,Arlington County,100113,"Carlos ""DC"" De Castro Pretelt",,,29855,Precinct,148 - Precinct 148,,false,1,,,47
165040,540,2025-11-04T00:00:00Z,General,,,,546,County Board Member,,2934,Locality,Arlington County,100112,Jeramy L. Olmack,,,29855,Precinct,148 - Precinct 148,,false,1,,,43
165040,540,2025-11-04T00:00:00Z,General,,,,546,County Board Member,,2934,Locality,Arlington County,6,Write-Ins,,,29855,Precinct,148 - Precinct 148,,false,1,,,8
165040,540,2025-11-04T00:00:00Z,General,,,,546,County Board Member,,2934,Locality,Arlington County,4,Total Votes Cast,,,29855,Precinct,148 - Precinct 148,,false,1,,,1408
165040,540,2025-11-04T00:00:00Z,General,,,,546,County Board Member,,2934,Locality,Arlington County,1,Total Ballots Cast,,,29855,Precinct,148 - Precinct 148,,false,1,,,1408
165040,540,2025-11-04T00:00:00Z,General,,,,546,County Board Member,,2934,Locality,Arlington County,93473,Takis P. Karantonis,,,29856,Precinct,149 - Precinct 149,,true,1,,,883
165040,540,2025-11-04T00:00:00Z,General,,,,546,County Board Member,,2934,Locality,Arlington County,12517,Audrey R. Clement,,,29856,Precinct,149 - Precinct 149,,false,1,,,147
165040,540,2025-11-04T00:00:00Z,General,,,,546,County Board Member,,2934,Locality,Arlington County,100110,Bob Cambridge,,,29856,Precinct,149 - Precinct 149,,false,1,,,136
165040,540,2025-11-04T00:00:00Z,General,,,,546,County Board Member,,2934,Locality,Arlington County,100113,"Carlos ""DC"" De Castro Pretelt",,,29856,Precinct,149 - Precinct 149,,false,1,,,58
165040,540,2025-11-04T00:00:00Z,General,,,,546,County Board Member,,2934,Locality,Arlington County,100112,Jeramy L. Olmack,,,29856,Precinct,149 - Precinct 149,,false,1,,,42
165040,540,2025-11-04T00:00:00Z,General,,,,546,County Board Member,,2934,Locality,Arlington County,6,Write-Ins,,,29856,Precinct,149 - Precinct 149,,false,1,,,13
165040,540,2025-11-04T00:00:00Z,General,,,,546,County Board Member,,2934,Locality,Arlington County,4,Total Votes Cast,,,29856,Precinct,149 - Precinct 149,,false,1,,,1279
165040,540,2025-11-04T00:00:00Z,General,,,,546,County Board Member,,2934,Locality,Arlington County,1,Total Ballots Cast,,,29856,Precinct,149 - Precinct 149,,false,1,,,1279
165040,540,2025-11-04T00:00:00Z,General,,,,546,County Board Member,,2934,Locality,Arlington County,93473,Takis P. Karantonis,,,29857,Precinct,150 - Precinct 150,,true,1,,,1032
165040,540,2025-11-04T00:00:00Z,General,,,,546,County Board Member,,2934,Locality,Arlington County,12517,Audrey R. Clement,,,29857,Precinct,150 - Precinct 150,,false,1,,,208
165040,540,2025-11-04T00:00:00Z,General,,,,546,County Board Member,,2934,Locality,Arlington County,100110,Bob Cambridge,,,29857,Precinct,150 - Precinct 150,,false,1,,,192
165040,540,2025-11-04T00:00:00Z,General,,,,546,County Board Member,,2934,Locality,Arlington County,100113,"Carlos ""DC"" De Castro Pretelt",,,29857,Precinct,150 - Precinct 150,,false,1,,,91
165040,540,2025-11-04T00:00:00Z,General,,,,546,County Board Member,,2934,Locality,Arlington County,100112,Jeramy L. Olmack,,,29857,Precinct,150 - Precinct 150,,false,1,,,77
165040,540,2025-11-04T00:00:00Z,General,,,,546,County Board Member,,2934,Locality,Arlington County,6,Write-Ins,,,29857,Precinct,150 - Precinct 150,,false,1,,,18
165040,540,2025-11-04T00:00:00Z,General,,,,546,County Board Member,,2934,Locality,Arlington County,4,Total Votes Cast,,,29857,Precinct,150 - Precinct 150,,false,1,,,1618
165040,540,2025-11-04T00:00:00Z,General,,,,546,County Board Member,,2934,Locality,Arlington County,1,Total Ballots Cast,,,29857,Precinct,150 - Precinct 150,,false,1,,,1618
165040,540,2025-11-04T00:00:00Z,General,,,,546,County Board Member,,2934,Locality,Arlington County,93473,Takis P. Karantonis,,,132334,Precinct,151 - Precinct 151,,true,1,,,338
165040,540,2025-11-04T00:00:00Z,General,,,,546,County Board Member,,2934,Locality,Arlington County,12517,Audrey R. Clement,,,132334,Precinct,151 - Precinct 151,,false,1,,,67
165040,540,2025-11-04T00:00:00Z,General,,,,546,County Board Member,,2934,Locality,Arlington County,100110,Bob Cambridge,,,132334,Precinct,151 - Precinct 151,,false,1,,,48
165040,540,2025-11-04T00:00:00Z,General,,,,546,County Board Member,,2934,Locality,Arlington County,100113,"Carlos ""DC"" De Castro Pretelt",,,132334,Precinct,151 - Precinct 151,,false,1,,,14
165040,540,2025-11-04T00:00:00Z,General,,,,546,County Board Member,,2934,Locality,Arlington County,100112,Jeramy L. Olmack,,,132334,Precinct,151 - Precinct 151,,false,1,,,7
165040,540,2025-11-04T00:00:00Z,General,,,,546,County Board Member,,2934,Locality,Arlington County,6,Write-Ins,,,132334,Precinct,151 - Precinct 151,,false,1,,,0
165040,540,2025-11-04T00:00:00Z,General,,,,546,County Board Member,,2934,Locality,Arlington County,4,Total Votes Cast,,,132334,Precinct,151 - Precinct 151,,false,1,,,474
165040,540,2025-11-04T00:00:00Z,General,,,,546,County Board Member,,2934,Locality,Arlington County,1,Total Ballots Cast,,,132334,Precinct,151 - Precinct 151,,false,1,,,474
165040,540,2025-11-04T00:00:00Z,General,,,,546,County Board Member,,2934,Locality,Arlington County,93473,Takis P. Karantonis,,,132335,Precinct,152 - Precinct 152,,true,1,,,723
165040,540,2025-11-04T00:00:00Z,General,,,,546,County Board Member,,2934,Locality,Arlington County,12517,Audrey R. Clement,,,132335,Precinct,152 - Precinct 152,,false,1,,,175
165040,540,2025-11-04T00:00:00Z,General,,,,546,County Board Member,,2934,Locality,Arlington County,100110,Bob Cambridge,,,132335,Precinct,152 - Precinct 152,,false,1,,,131
165040,540,2025-11-04T00:00:00Z,General,,,,546,County Board Member,,2934,Locality,Arlington County,100113,"Carlos ""DC"" De Castro Pretelt",,,132335,Precinct,152 - Precinct 152,,false,1,,,80
165040,540,2025-11-04T00:00:00Z,General,,,,546,County Board Member,,2934,Locality,Arlington County,100112,Jeramy L. Olmack,,,132335,Precinct,152 - Precinct 152,,false,1,,,32
165040,540,2025-11-04T00:00:00Z,General,,,,546,County Board Member,,2934,Locality,Arlington County,6,Write-Ins,,,132335,Precinct,152 - Precinct 152,,false,1,,,8
165040,540,2025-11-04T00:00:00Z,General,,,,546,County Board Member,,2934,Locality,Arlington County,4,Total Votes Cast,,,132335,Precinct,152 - Precinct 152,,false,1,,,1149
165040,540,2025-11-04T00:00:00Z,General,,,,546,County Board Member,,2934,Locality,Arlington County,1,Total Ballots Cast,,,132335,Precinct,152 - Precinct 152,,false,1,,,1149
165040,540,2025-11-04T00:00:00Z,General,,,,546,County Board Member,,2934,Locality,Arlington County,93473,Takis P. Karantonis,,,29860,Precinct,153 - Precinct 153,,true,1,,,938
165040,540,2025-11-04T00:00:00Z,General,,,,546,County Board Member,,2934,Locality,Arlington County,12517,Audrey R. Clement,,,29860,Precinct,153 - Precinct 153,,false,1,,,222
165040,540,2025-11-04T00:00:00Z,General,,,,546,County Board Member,,2934,Locality,Arlington County,100110,Bob Cambridge,,,29860,Precinct,153 - Precinct 153,,false,1,,,226
165040,540,2025-11-04T00:00:00Z,General,,,,546,County Board Member,,2934,Locality,Arlington County,100113,"Carlos ""DC"" De Castro Pretelt",,,29860,Precinct,153 - Precinct 153,,false,1,,,87
165040,540,2025-11-04T00:00:00Z,General,,,,546,County Board Member,,2934,Locality,Arlington County,100112,Jeramy L. Olmack,,,29860,Precinct,153 - Precinct 153,,false,1,,,67
165040,540,2025-11-04T00:00:00Z,General,,,,546,County Board Member,,2934,Locality,Arlington County,6,Write-Ins,,,29860,Precinct,153 - Precinct 153,,false,1,,,15
165040,540,2025-11-04T00:00:00Z,General,,,,546,County Board Member,,2934,Locality,Arlington County,4,Total Votes Cast,,,29860,Precinct,153 - Precinct 153,,false,1,,,1555
165040,540,2025-11-04T00:00:00Z,General,,,,546,County Board Member,,2934,Locality,Arlington County,1,Total Ballots Cast,,,29860,Precinct,153 - Precinct 153,,false,1,,,1555
165040,540,2025-11-04T00:00:00Z,General,,,,546,County Board Member,,2934,Locality,Arlington County,93473,Takis P. Karantonis,,,132336,Precinct,154 - Precinct 154,,true,1,,,519
165040,540,2025-11-04T00:00:00Z,General,,,,546,County Board Member,,2934,Locality,Arlington County,12517,Audrey R. Clement,,,132336,Precinct,154 - Precinct 154,,false,1,,,114
165040,540,2025-11-04T00:00:00Z,General,,,,546,County Board Member,,2934,Locality,Arlington County,100110,Bob Cambridge,,,132336,Precinct,154 - Precinct 154,,false,1,,,82
165040,540,2025-11-04T00:00:00Z,General,,,,546,County Board Member,,2934,Locality,Arlington County,100113,"Carlos ""DC"" De Castro Pretelt",,,132336,Precinct,154 - Precinct 154,,false,1,,,33
165040,540,2025-11-04T00:00:00Z,General,,,,546,County Board Member,,2934,Locality,Arlington County,100112,Jeramy L. Olmack,,,132336,Precinct,154 - Precinct 154,,false,1,,,33
165040,540,2025-11-04T00:00:00Z,General,,,,546,County Board Member,,2934,Locality,Arlington County,6,Write-Ins,,,132336,Precinct,154 - Precinct 154,,false,1,,,18
165040,540,2025-11-04T00:00:00Z,General,,,,546,County Board Member,,2934,Locality,Arlington County,4,Total Votes Cast,,,132336,Precinct,154 - Precinct 154,,false,1,,,799
165040,540,2025-11-04T00:00:00Z,General,,,,546,County Board Member,,2934,Locality,Arlington County,1,Total Ballots Cast,,,132336,Precinct,154 - Precinct 154,,false,1,,,799
160947,525,2025-06-17T00:00:00Z,Primary Election,Democratic,,,546,County Board Member,,2934,Locality,Arlington County,93473,Takis P. Karantonis,,,29808,Precinct,101 - Precinct 101,,true,1,1,Democratic,165
160947,525,2025-06-17T00:00:00Z,Primary Election,Democratic,,,546,County Board Member,,2934,Locality,Arlington County,92681,James A. Devita,,,29808,Precinct,101 - Precinct 101,,false,1,1,Democratic,108
160947,525,2025-06-17T00:00:00Z,Primary Election,Democratic,,,546,County Board Member,,2934,Locality,Arlington County,4,Total Votes Cast,,,29808,Precinct,101 - Precinct 101,,false,1,,,273
160947,525,2025-06-17T00:00:00Z,Primary Election,Democratic,,,546,County Board Member,,2934,Locality,Arlington County,93473,Takis P. Karantonis,,,29809,Precinct,102 - Precinct 102,,true,1,1,Democratic,397
160947,525,2025-06-17T00:00:00Z,Primary Election,Democratic,,,546,County Board Member,,2934,Locality,Arlington County,92681,James A. Devita,,,29809,Precinct,102 - Precinct 102,,false,1,1,Democratic,228
160947,525,2025-06-17T00:00:00Z,Primary Election,Democratic,,,546,County Board Member,,2934,Locality,Arlington County,4,Total Votes Cast,,,29809,Precinct,102 - Precinct 102,,false,1,,,625
160947,525,2025-06-17T00:00:00Z,Primary Election,Democratic,,,546,County Board Member,,2934,Locality,Arlington County,93473,Takis P. Karantonis,,,29810,Precinct,103 - Precinct 103,,false,1,1,Democratic,158
160947,525,2025-06-17T00:00:00Z,Primary Election,Democratic,,,546,County Board Member,,2934,Locality,Arlington County,92681,James A. Devita,,,29810,Precinct,103 - Precinct 103,,true,1,1,Democratic,204
160947,525,2025-06-17T00:00:00Z,Primary Election,Democratic,,,546,County Board Member,,2934,Locality,Arlington County,4,Total Votes Cast,,,29810,Precinct,103 - Precinct 103,,false,1,,,362
160947,525,2025-06-17T00:00:00Z,Primary Election,Democratic,,,546,County Board Member,,2934,Locality,Arlington County,93473,Takis P. Karantonis,,,29811,Precinct,104 - Precinct 104,,true,1,1,Democratic,399
160947,525,2025-06-17T00:00:00Z,Primary Election,Democratic,,,546,County Board Member,,2934,Locality,Arlington County,92681,James A. Devita,,,29811,Precinct,104 - Precinct 104,,false,1,1,Democratic,209
160947,525,2025-06-17T00:00:00Z,Primary Election,Democratic,,,546,County Board Member,,2934,Locality,Arlington County,4,Total Votes Cast,,,29811,Precinct,104 - Precinct 104,,false,1,,,608
160947,525,2025-06-17T00:00:00Z,Primary Election,Democratic,,,546,County Board Member,,2934,Locality,Arlington County,93473,Takis P. Karantonis,,,29812,Precinct,105 - Precinct 105,,true,1,1,Democratic,329
160947,525,2025-06-17T00:00:00Z,Primary Election,Democratic,,,546,County Board Member,,2934,Locality,Arlington County,92681,James A. Devita,,,29812,Precinct,105 - Precinct 105,,false,1,1,Democratic,185
160947,525,2025-06-17T00:00:00Z,Primary Election,Democratic,,,546,County Board Member,,2934,Locality,Arlington County,4,Total Votes Cast,,,29812,Precinct,105 - Precinct 105,,false,1,,,514
160947,525,2025-06-17T00:00:00Z,Primary Election,Democratic,,,546,County Board Member,,2934,Locality,Arlington County,93473,Takis P. Karantonis,,,29813,Precinct,106 - Precinct 106,,true,1,1,Democratic,258
160947,525,2025-06-17T00:00:00Z,Primary Election,Democratic,,,546,County Board Member,,2934,Locality,Arlington County,92681,James A. Devita,,,29813,Precinct,106 - Precinct 106,,false,1,1,Democratic,107
160947,525,2025-06-17T00:00:00Z,Primary Election,Democratic,,,546,County Board Member,,2934,Locality,Arlington County,4,Total Votes Cast,,,29813,Precinct,106 - Precinct 106,,false,1,,,365
160947,525,2025-06-17T00:00:00Z,Primary Election,Democratic,,,546,County Board Member,,2934,Locality,Arlington County,93473,Takis P. Karantonis,,,29814,Precinct,107 - Precinct 107,,true,1,1,Democratic,421
160947,525,2025-06-17T00:00:00Z,Primary Election,Democratic,,,546,County Board Member,,2934,Locality,Arlington County,92681,James A. Devita,,,29814,Precinct,107 - Precinct 107,,false,1,1,Democratic,226
160947,525,2025-06-17T00:00:00Z,Primary Election,Democratic,,,546,County Board Member,,2934,Locality,Arlington County,4,Total Votes Cast,,,29814,Precinct,107 - Precinct 107,,false,1,,,647
160947,525,2025-06-17T00:00:00Z,Primary Election,Democratic,,,546,County Board Member,,2934,Locality,Arlington County,93473,Takis P. Karantonis,,,29815,Precinct,108 - Precinct 108,,true,1,1,Democratic,318
160947,525,2025-06-17T00:00:00Z,Primary Election,Democratic,,,546,County Board Member,,2934,Locality,Arlington County,92681,James A. Devita,,,29815,Precinct,108 - Precinct 108,,false,1,1,Democratic,221
160947,525,2025-06-17T00:00:00Z,Primary Election,Democratic,,,546,County Board Member,,2934,Locality,Arlington County,4,Total Votes Cast,,,29815,Precinct,108 - Precinct 108,,false,1,,,539
160947,525,2025-06-17T00:00:00Z,Primary Election,Democratic,,,546,County Board Member,,2934,Locality,Arlington County,93473,Takis P. Karantonis,,,29816,Precinct,109 - Precinct 109,,true,1,1,Democratic,436
160947,525,2025-06-17T00:00:00Z,Primary Election,Democratic,,,546,County Board Member,,2934,Locality,Arlington County,92681,James A. Devita,,,29816,Precinct,109 - Precinct 109,,false,1,1,Democratic,197
160947,525,2025-06-17T00:00:00Z,Primary Election,Democratic,,,546,County Board Member,,2934,Locality,Arlington County,4,Total Votes Cast,,,29816,Precinct,109 - Precinct 109,,false,1,,,633
160947,525,2025-06-17T00:00:00Z,Primary Election,Democratic,,,546,County Board Member,,2934,Locality,Arlington County,93473,Takis P. Karantonis,,,132328,Precinct,110 - Precinct 110,,true,1,1,Democratic,368
160947,525,2025-06-17T00:00:00Z,Primary Election,Democratic,,,546,County Board Member,,2934,Locality,Arlington County,92681,James A. Devita,,,132328,Precinct,110 - Precinct 110,,false,1,1,Democratic,168
160947,525,2025-06-17T00:00:00Z,Primary Election,Democratic,,,546,County Board Member,,2934,Locality,Arlington County,4,Total Votes Cast,,,132328,Precinct,110 - Precinct 110,,false,1,,,536
160947,525,2025-06-17T00:00:00Z,Primary Election,Democratic,,,546,County Board Member,,2934,Locality,Arlington County,93473,Takis P. Karantonis,,,29818,Precinct,111 - Precinct 111,,true,1,1,Democratic,294
160947,525,2025-06-17T00:00:00Z,Primary Election,Democratic,,,546,County Board Member,,2934,Locality,Arlington County,92681,James A. Devita,,,29818,Precinct,111 - Precinct 111,,false,1,1,Democratic,170
160947,525,2025-06-17T00:00:00Z,Primary Election,Democratic,,,546,County Board Member,,2934,Locality,Arlington County,4,Total Votes Cast,,,29818,Precinct,111 - Precinct 111,,false,1,,,464
160947,525,2025-06-17T00:00:00Z,Primary Election,Democratic,,,546,County Board Member,,2934,Locality,Arlington County,93473,Takis P. Karantonis,,,29819,Precinct,112 - Precinct 112,,true,1,1,Democratic,363
160947,525,2025-06-17T00:00:00Z,Primary Election,Democratic,,,546,County Board Member,,2934,Locality,Arlington County,92681,James A. Devita,,,29819,Precinct,112 - Precinct 112,,false,1,1,Democratic,129
160947,525,2025-06-17T00:00:00Z,Primary Election,Democratic,,,546,County Board Member,,2934,Locality,Arlington County,4,Total Votes Cast,,,29819,Precinct,112 - Precinct 112,,false,1,,,492
160947,525,2025-06-17T00:00:00Z,Primary Election,Democratic,,,546,County Board Member,,2934,Locality,Arlington County,93473,Takis P. Karantonis,,,29820,Precinct,113 - Precinct 113,,true,1,1,Democratic,216
160947,525,2025-06-17T00:00:00Z,Primary Election,Democratic,,,546,County Board Member,,2934,Locality,Arlington County,92681,James A. Devita,,,29820,Precinct,113 - Precinct 113,,false,1,1,Democratic,141
160947,525,2025-06-17T00:00:00Z,Primary Election,Democratic,,,546,County Board Member,,2934,Locality,Arlington County,4,Total Votes Cast,,,29820,Precinct,113 - Precinct 113,,false,1,,,357
160947,525,2025-06-17T00:00:00Z,Primary Election,Democratic,,,546,County Board Member,,2934,Locality,Arlington County,93473,Takis P. Karantonis,,,29821,Precinct,114 - Precinct 114,,true,1,1,Democratic,276
160947,525,2025-06-17T00:00:00Z,Primary Election,Democratic,,,546,County Board Member,,2934,Locality,Arlington County,92681,James A. Devita,,,29821,Precinct,114 - Precinct 114,,false,1,1,Democratic,108
160947,525,2025-06-17T00:00:00Z,Primary Election,Democratic,,,546,County Board Member,,2934,Locality,Arlington County,4,Total Votes Cast,,,29821,Precinct,114 - Precinct 114,,false,1,,,384
160947,525,2025-06-17T00:00:00Z,Primary Election,Democratic,,,546,County Board Member,,2934,Locality,Arlington County,93473,Takis P. Karantonis,,,29822,Precinct,115 - Precinct 115,,true,1,1,Democratic,188
160947,525,2025-06-17T00:00:00Z,Primary Election,Democratic,,,546,County Board Member,,2934,Locality,Arlington County,92681,James A. Devita,,,29822,Precinct,115 - Precinct 115,,false,1,1,Democratic,105
160947,525,2025-06-17T00:00:00Z,Primary Election,Democratic,,,546,County Board Member,,2934,Locality,Arlington County,4,Total Votes Cast,,,29822,Precinct,115 - Precinct 115,,false,1,,,293
160947,525,2025-06-17T00:00:00Z,Primary Election,Democratic,,,546,County Board Member,,2934,Locality,Arlington County,93473,Takis P. Karantonis,,,29823,Precinct,116 - Precinct 116,,true,1,1,Democratic,398
160947,525,2025-06-17T00:00:00Z,Primary Election,Democratic,,,546,County Board Member,,2934,Locality,Arlington County,92681,James A. Devita,,,29823,Precinct,116 - Precinct 116,,false,1,1,Democratic,226
160947,525,2025-06-17T00:00:00Z,Primary Election,Democratic,,,546,County Board Member,,2934,Locality,Arlington County,4,Total Votes Cast,,,29823,Precinct,116 - Precinct 116,,false,1,,,624
160947,525,2025-06-17T00:00:00Z,Primary Election,Democratic,,,546,County Board Member,,2934,Locality,Arlington County,93473,Takis P. Karantonis,,,29824,Precinct,117 - Precinct 117,,true,1,1,Democratic,473
160947,525,2025-06-17T00:00:00Z,Primary Election,Democratic,,,546,County Board Member,,2934,Locality,Arlington County,92681,James A. Devita,,,29824,Precinct,117 - Precinct 117,,false,1,1,Democratic,245
160947,525,2025-06-17T00:00:00Z,Primary Election,Democratic,,,546,County Board Member,,2934,Locality,Arlington County,4,Total Votes Cast,,,29824,Precinct,117 - Precinct 117,,false,1,,,718
160947,525,2025-06-17T00:00:00Z,Primary Election,Democratic,,,546,County Board Member,,2934,Locality,Arlington County,93473,Takis P. Karantonis,,,29825,Precinct,118 - Precinct 118,,true,1,1,Democratic,525
160947,525,2025-06-17T00:00:00Z,Primary Election,Democratic,,,546,County Board Member,,2934,Locality,Arlington County,92681,James A. Devita,,,29825,Precinct,118 - Precinct 118,,false,1,1,Democratic,200
160947,525,2025-06-17T00:00:00Z,Primary Election,Democratic,,,546,County Board Member,,2934,Locality,Arlington County,4,Total Votes Cast,,,29825,Precinct,118 - Precinct 118,,false,1,,,725
160947,525,2025-06-17T00:00:00Z,Primary Election,Democratic,,,546,County Board Member,,2934,Locality,Arlington County,93473,Takis P. Karantonis,,,132329,Precinct,119 - Precinct 119,,true,1,1,Democratic,337
160947,525,2025-06-17T00:00:00Z,Primary Election,Democratic,,,546,County Board Member,,2934,Locality,Arlington County,92681,James A. Devita,,,132329,Precinct,119 - Precinct 119,,false,1,1,Democratic,161
160947,525,2025-06-17T00:00:00Z,Primary Election,Democratic,,,546,County Board Member,,2934,Locality,Arlington County,4,Total Votes Cast,,,132329,Precinct,119 - Precinct 119,,false,1,,,498
160947,525,2025-06-17T00:00:00Z,Primary Election,Democratic,,,546,County Board Member,,2934,Locality,Arlington County,93473,Takis P. Karantonis,,,29827,Precinct,120 - Precinct 120,,false,1,1,Democratic,368
160947,525,2025-06-17T00:00:00Z,Primary Election,Democratic,,,546,County Board Member,,2934,Locality,Arlington County,92681,James A. Devita,,,29827,Precinct,120 - Precinct 120,,true,1,1,Democratic,388
160947,525,2025-06-17T00:00:00Z,Primary Election,Democratic,,,546,County Board Member,,2934,Locality,Arlington County,4,Total Votes Cast,,,29827,Precinct,120 - Precinct 120,,false,1,,,756
160947,525,2025-06-17T00:00:00Z,Primary Election,Democratic,,,546,County Board Member,,2934,Locality,Arlington County,93473,Takis P. Karantonis,,,29828,Precinct,121 - Precinct 121,,true,1,1,Democratic,157
160947,525,2025-06-17T00:00:00Z,Primary Election,Democratic,,,546,County Board Member,,2934,Locality,Arlington County,92681,James A. Devita,,,29828,Precinct,121 - Precinct 121,,false,1,1,Democratic,71
160947,525,2025-06-17T00:00:00Z,Primary Election,Democratic,,,546,County Board Member,,2934,Locality,Arlington County,4,Total Votes Cast,,,29828,Precinct,121 - Precinct 121,,false,1,,,228
160947,525,2025-06-17T00:00:00Z,Primary Election,Democratic,,,546,County Board Member,,2934,Locality,Arlington County,93473,Takis P. Karantonis,,,29829,Precinct,122 - Precinct 122,,true,1,1,Democratic,419
160947,525,2025-06-17T00:00:00Z,Primary Election,Democratic,,,546,County Board Member,,2934,Locality,Arlington County,92681,James A. Devita,,,29829,Precinct,122 - Precinct 122,,false,1,1,Democratic,168
160947,525,2025-06-17T00:00:00Z,Primary Election,Democratic,,,546,County Board Member,,2934,Locality,Arlington County,4,Total Votes Cast,,,29829,Precinct,122 - Precinct 122,,false,1,,,587
160947,525,2025-06-17T00:00:00Z,Primary Election,Democratic,,,546,County Board Member,,2934,Locality,Arlington County,93473,Takis P. Karantonis,,,29830,Precinct,123 - Precinct 123,,true,1,1,Democratic,342
160947,525,2025-06-17T00:00:00Z,Primary Election,Democratic,,,546,County Board Member,,2934,Locality,Arlington County,92681,James A. Devita,,,29830,Precinct,123 - Precinct 123,,false,1,1,Democratic,221
160947,525,2025-06-17T00:00:00Z,Primary Election,Democratic,,,546,County Board Member,,2934,Locality,Arlington County,4,Total Votes Cast,,,29830,Precinct,123 - Precinct 123,,false,1,,,563
160947,525,2025-06-17T00:00:00Z,Primary Election,Democratic,,,546,County Board Member,,2934,Locality,Arlington County,93473,Takis P. Karantonis,,,29831,Precinct,124 - Precinct 124,,true,1,1,Democratic,560
160947,525,2025-06-17T00:00:00Z,Primary Election,Democratic,,,546,County Board Member,,2934,Locality,Arlington County,92681,James A. Devita,,,29831,Precinct,124 - Precinct 124,,false,1,1,Democratic,307
160947,525,2025-06-17T00:00:00Z,Primary Election,Democratic,,,546,County Board Member,,2934,Locality,Arlington County,4,Total Votes Cast,,,29831,Precinct,124 - Precinct 124,,false,1,,,867
160947,525,2025-06-17T00:00:00Z,Primary Election,Democratic,,,546,County Board Member,,2934,Locality,Arlington County,93473,Takis P. Karantonis,,,132330,Precinct,125 - Precinct 125,,true,1,1,Democratic,361
160947,525,2025-06-17T00:00:00Z,Primary Election,Democratic,,,546,County Board Member,,2934,Locality,Arlington County,92681,James A. Devita,,,132330,Precinct,125 - Precinct 125,,false,1,1,Democratic,269
160947,525,2025-06-17T00:00:00Z,Primary Election,Democratic,,,546,County Board Member,,2934,Locality,Arlington County,4,Total Votes Cast,,,132330,Precinct,125 - Precinct 125,,false,1,,,630
160947,525,2025-06-17T00:00:00Z,Primary Election,Democratic,,,546,County Board Member,,2934,Locality,Arlington County,93473,Takis P. Karantonis,,,29833,Precinct,126 - Precinct 126,,true,1,1,Democratic,288
160947,525,2025-06-17T00:00:00Z,Primary Election,Democratic,,,546,County Board Member,,2934,Locality,Arlington County,92681,James A. Devita,,,29833,Precinct,126 - Precinct 126,,false,1,1,Democratic,215
160947,525,2025-06-17T00:00:00Z,Primary Election,Democratic,,,546,County Board Member,,2934,Locality,Arlington County,4,Total Votes Cast,,,29833,Precinct,126 - Precinct 126,,false,1,,,503
160947,525,2025-06-17T00:00:00Z,Primary Election,Democratic,,,546,County Board Member,,2934,Locality,Arlington County,93473,Takis P. Karantonis,,,29834,Precinct,127 - Precinct 127,,true,1,1,Democratic,350
160947,525,2025-06-17T00:00:00Z,Primary Election,Democratic,,,546,County Board Member,,2934,Locality,Arlington County,92681,James A. Devita,,,29834,Precinct,127 - Precinct 127,,false,1,1,Democratic,217
160947,525,2025-06-17T00:00:00Z,Primary Election,Democratic,,,546,County Board Member,,2934,Locality,Arlington County,4,Total Votes Cast,,,29834,Precinct,127 - Precinct 127,,false,1,,,567
160947,525,2025-06-17T00:00:00Z,Primary Election,Democratic,,,546,County Board Member,,2934,Locality,Arlington County,93473,Takis P. Karantonis,,,29835,Precinct,128 - Precinct 128,,true,1,1,Democratic,357
160947,525,2025-06-17T00:00:00Z,Primary Election,Democratic,,,546,County Board Member,,2934,Locality,Arlington County,92681,James A. Devita,,,29835,Precinct,128 - Precinct 128,,false,1,1,Democratic,200
160947,525,2025-06-17T00:00:00Z,Primary Election,Democratic,,,546,County Board Member,,2934,Locality,Arlington County,4,Total Votes Cast,,,29835,Precinct,128 - Precinct 128,,false,1,,,557
160947,525,2025-06-17T00:00:00Z,Primary Election,Democratic,,,546,County Board Member,,2934,Locality,Arlington County,93473,Takis P. Karantonis,,,29836,Precinct,129 - Precinct 129,,true,1,1,Democratic,549
160947,525,2025-06-17T00:00:00Z,Primary Election,Democratic,,,546,County Board Member,,2934,Locality,Arlington County,92681,James A. Devita,,,29836,Precinct,129 - Precinct 129,,false,1,1,Democratic,193
160947,525,2025-06-17T00:00:00Z,Primary Election,Democratic,,,546,County Board Member,,2934,Locality,Arlington County,4,Total Votes Cast,,,29836,Precinct,129 - Precinct 129,,false,1,,,742
160947,525,2025-06-17T00:00:00Z,Primary Election,Democratic,,,546,County Board Member,,2934,Locality,Arlington County,93473,Takis P. Karantonis,,,29837,Precinct,130 - Precinct 130,,true,1,1,Democratic,249
160947,525,2025-06-17T00:00:00Z,Primary Election,Democratic,,,546,County Board Member,,2934,Locality,Arlington County,92681,James A. Devita,,,29837,Precinct,130 - Precinct 130,,false,1,1,Democratic,160
160947,525,2025-06-17T00:00:00Z,Primary Election,Democratic,,,546,County Board Member,,2934,Locality,Arlington County,4,Total Votes Cast,,,29837,Precinct,130 - Precinct 130,,false,1,,,409
160947,525,2025-06-17T00:00:00Z,Primary Election,Democratic,,,546,County Board Member,,2934,Locality,Arlington County,93473,Takis P. Karantonis,,,29838,Precinct,131 - Precinct 131,,true,1,1,Democratic,401
160947,525,2025-06-17T00:00:00Z,Primary Election,Democratic,,,546,County Board Member,,2934,Locality,Arlington County,92681,James A. Devita,,,29838,Precinct,131 - Precinct 131,,false,1,1,Democratic,278
160947,525,2025-06-17T00:00:00Z,Primary Election,Democratic,,,546,County Board Member,,2934,Locality,Arlington County,4,Total Votes Cast,,,29838,Precinct,131 - Precinct 131,,false,1,,,679
160947,525,2025-06-17T00:00:00Z,Primary Election,Democratic,,,546,County Board Member,,2934,Locality,Arlington County,93473,Takis P. Karantonis,,,29839,Precinct,132 - Precinct 132,,true,1,1,Democratic,91
160947,525,2025-06-17T00:00:00Z,Primary Election,Democratic,,,546,County Board Member,,2934,Locality,Arlington County,92681,James A. Devita,,,29839,Precinct,132 - Precinct 132,,false,1,1,Democratic,69
160947,525,2025-06-17T00:00:00Z,Primary Election,Democratic,,,546,County Board Member,,2934,Locality,Arlington County,4,Total Votes Cast,,,29839,Precinct,132 - Precinct 132,,false,1,,,160
160947,525,2025-06-17T00:00:00Z,Primary Election,Democratic,,,546,County Board Member,,2934,Locality,Arlington County,93473,Takis P. Karantonis,,,29840,Precinct,133 - Precinct 133,,true,1,1,Democratic,382
160947,525,2025-06-17T00:00:00Z,Primary Election,Democratic,,,546,County Board Member,,2934,Locality,Arlington County,92681,James A. Devita,,,29840,Precinct,133 - Precinct 133,,false,1,1,Democratic,282
160947,525,2025-06-17T00:00:00Z,Primary Election,Democratic,,,546,County Board Member,,2934,Locality,Arlington County,4,Total Votes Cast,,,29840,Precinct,133 - Precinct 133,,false,1,,,664
160947,525,2025-06-17T00:00:00Z,Primary Election,Democratic,,,546,County Board Member,,2934,Locality,Arlington County,93473,Takis P. Karantonis,,,29841,Precinct,134 - Precinct 134,,true,1,1,Democratic,327
160947,525,2025-06-17T00:00:00Z,Primary Election,Democratic,,,546,County Board Member,,2934,Locality,Arlington County,92681,James A. Devita,,,29841,Precinct,134 - Precinct 134,,false,1,1,Democratic,226
160947,525,2025-06-17T00:00:00Z,Primary Election,Democratic,,,546,County Board Member,,2934,Locality,Arlington County,4,Total Votes Cast,,,29841,Precinct,134 - Precinct 134,,false,1,,,553
160947,525,2025-06-17T00:00:00Z,Primary Election,Democratic,,,546,County Board Member,,2934,Locality,Arlington County,93473,Takis P. Karantonis,,,132331,Precinct,135 - Precinct 135,,false,1,1,Democratic,337
160947,525,2025-06-17T00:00:00Z,Primary Election,Democratic,,,546,County Board Member,,2934,Locality,Arlington County,92681,James A. Devita,,,132331,Precinct,135 - Precinct 135,,true,1,1,Democratic,354
160947,525,2025-06-17T00:00:00Z,Primary Election,Democratic,,,546,County Board Member,,2934,Locality,Arlington County,4,Total Votes Cast,,,132331,Precinct,135 - Precinct 135,,false,1,,,691
160947,525,2025-06-17T00:00:00Z,Primary Election,Democratic,,,546,County Board Member,,2934,Locality,Arlington County,93473,Takis P. Karantonis,,,29843,Precinct,136 - Precinct 136,,true,1,1,Democratic,399
160947,525,2025-06-17T00:00:00Z,Primary Election,Democratic,,,546,County Board Member,,2934,Locality,Arlington County,92681,James A. Devita,,,29843,Precinct,136 - Precinct 136,,false,1,1,Democratic,327
160947,525,2025-06-17T00:00:00Z,Primary Election,Democratic,,,546,County Board Member,,2934,Locality,Arlington County,4,Total Votes Cast,,,29843,Precinct,136 - Precinct 136,,false,1,,,726
160947,525,2025-06-17T00:00:00Z,Primary Election,Democratic,,,546,County Board Member,,2934,Locality,Arlington County,93473,Takis P. Karantonis,,,132332,Precinct,137 - Precinct 137,,true,1,1,Democratic,385
160947,525,2025-06-17T00:00:00Z,Primary Election,Democratic,,,546,County Board Member,,2934,Locality,Arlington County,92681,James A. Devita,,,132332,Precinct,137 - Precinct 137,,false,1,1,Democratic,271
160947,525,2025-06-17T00:00:00Z,Primary Election,Democratic,,,546,County Board Member,,2934,Locality,Arlington County,4,Total Votes Cast,,,132332,Precinct,137 - Precinct 137,,false,1,,,656
160947,525,2025-06-17T00:00:00Z,Primary Election,Democratic,,,546,County Board Member,,2934,Locality,Arlington County,93473,Takis P. Karantonis,,,132333,Precinct,138 - Precinct 138,,true,1,1,Democratic,178
160947,525,2025-06-17T00:00:00Z,Primary Election,Democratic,,,546,County Board Member,,2934,Locality,Arlington County,92681,James A. Devita,,,132333,Precinct,138 - Precinct 138,,false,1,1,Democratic,119
160947,525,2025-06-17T00:00:00Z,Primary Election,Democratic,,,546,County Board Member,,2934,Locality,Arlington County,4,Total Votes Cast,,,132333,Precinct,138 - Precinct 138,,false,1,,,297
160947,525,2025-06-17T00:00:00Z,Primary Election,Democratic,,,546,County Board Member,,2934,Locality,Arlington County,93473,Takis P. Karantonis,,,29846,Precinct,139 - Precinct 139,,true,1,1,Democratic,239
160947,525,2025-06-17T00:00:00Z,Primary Election,Democratic,,,546,County Board Member,,2934,Locality,Arlington County,92681,James A. Devita,,,29846,Precinct,139 - Precinct 139,,false,1,1,Democratic,127
160947,525,2025-06-17T00:00:00Z,Primary Election,Democratic,,,546,County Board Member,,2934,Locality,Arlington County,4,Total Votes Cast,,,29846,Precinct,139 - Precinct 139,,false,1,,,366
160947,525,2025-06-17T00:00:00Z,Primary Election,Democratic,,,546,County Board Member,,2934,Locality,Arlington County,93473,Takis P. Karantonis,,,29847,Precinct,140 - Precinct 140,,true,1,1,Democratic,494
160947,525,2025-06-17T00:00:00Z,Primary Election,Democratic,,,546,County Board Member,,2934,Locality,Arlington County,92681,James A. Devita,,,29847,Precinct,140 - Precinct 140,,false,1,1,Democratic,175
160947,525,2025-06-17T00:00:00Z,Primary Election,Democratic,,,546,County Board Member,,2934,Locality,Arlington County,4,Total Votes Cast,,,29847,Precinct,140 - Precinct 140,,false,1,,,669
160947,525,2025-06-17T00:00:00Z,Primary Election,Democratic,,,546,County Board Member,,2934,Locality,Arlington County,93473,Takis P. Karantonis,,,29848,Precinct,141 - Precinct 141,,true,1,1,Democratic,350
160947,525,2025-06-17T00:00:00Z,Primary Election,Democratic,,,546,County Board Member,,2934,Locality,Arlington County,92681,James A. Devita,,,29848,Precinct,141 - Precinct 141,,false,1,1,Democratic,116
160947,525,2025-06-17T00:00:00Z,Primary Election,Democratic,,,546,County Board Member,,2934,Locality,Arlington County,4,Total Votes Cast,,,29848,Precinct,141 - Precinct 141,,false,1,,,466
160947,525,2025-06-17T00:00:00Z,Primary Election,Democratic,,,546,County Board Member,,2934,Locality,Arlington County,93473,Takis P. Karantonis,,,29849,Precinct,142 - Precinct 142,,true,1,1,Democratic,239
160947,525,2025-06-17T00:00:00Z,Primary Election,Democratic,,,546,County Board Member,,2934,Locality,Arlington County,92681,James A. Devita,,,29849,Precinct,142 - Precinct 142,,false,1,1,Democratic,120
160947,525,2025-06-17T00:00:00Z,Primary Election,Democratic,,,546,County Board Member,,2934,Locality,Arlington County,4,Total Votes Cast,,,29849,Precinct,142 - Precinct 142,,false,1,,,359
160947,525,2025-06-17T00:00:00Z,Primary Election,Democratic,,,546,County Board Member,,2934,Locality,Arlington County,93473,Takis P. Karantonis,,,29850,Precinct,143 - Precinct 143,,true,1,1,Democratic,118
160947,525,2025-06-17T00:00:00Z,Primary Election,Democratic,,,546,County Board Member,,2934,Locality,Arlington County,92681,James A. Devita,,,29850,Precinct,143 - Precinct 143,,false,1,1,Democratic,86
160947,525,2025-06-17T00:00:00Z,Primary Election,Democratic,,,546,County Board Member,,2934,Locality,Arlington County,4,Total Votes Cast,,,29850,Precinct,143 - Precinct 143,,false,1,,,204
160947,525,2025-06-17T00:00:00Z,Primary Election,Democratic,,,546,County Board Member,,2934,Locality,Arlington County,93473,Takis P. Karantonis,,,29851,Precinct,144 - Precinct 144,,true,1,1,Democratic,183
160947,525,2025-06-17T00:00:00Z,Primary Election,Democratic,,,546,County Board Member,,2934,Locality,Arlington County,92681,James A. Devita,,,29851,Precinct,144 - Precinct 144,,false,1,1,Democratic,76
160947,525,2025-06-17T00:00:00Z,Primary Election,Democratic,,,546,County Board Member,,2934,Locality,Arlington County,4,Total Votes Cast,,,29851,Precinct,144 - Precinct 144,,false,1,,,259
160947,525,2025-06-17T00:00:00Z,Primary Election,Democratic,,,546,County Board Member,,2934,Locality,Arlington County,93473,Takis P. Karantonis,,,29852,Precinct,145 - Precinct 145,,true,1,1,Democratic,261
160947,525,2025-06-17T00:00:00Z,Primary Election,Democratic,,,546,County Board Member,,2934,Locality,Arlington County,92681,James A. Devita,,,29852,Precinct,145 - Precinct 145,,false,1,1,Democratic,123
160947,525,2025-06-17T00:00:00Z,Primary Election,Democratic,,,546,County Board Member,,2934,Locality,Arlington County,4,Total Votes Cast,,,29852,Precinct,145 - Precinct 145,,false,1,,,384
160947,525,2025-06-17T00:00:00Z,Primary Election,Democratic,,,546,County Board Member,,2934,Locality,Arlington County,93473,Takis P. Karantonis,,,29853,Precinct,146 - Precinct 146,,true,1,1,Democratic,365
160947,525,2025-06-17T00:00:00Z,Primary Election,Democratic,,,546,County Board Member,,2934,Locality,Arlington County,92681,James A. Devita,,,29853,Precinct,146 - Precinct 146,,false,1,1,Democratic,129
160947,525,2025-06-17T00:00:00Z,Primary Election,Democratic,,,546,County Board Member,,2934,Locality,Arlington County,4,Total Votes Cast,,,29853,Precinct,146 - Precinct 146,,false,1,,,494
160947,525,2025-06-17T00:00:00Z,Primary Election,Democratic,,,546,County Board Member,,2934,Locality,Arlington County,93473,Takis P. Karantonis,,,29854,Precinct,147 - Precinct 147,,true,1,1,Democratic,219
160947,525,2025-06-17T00:00:00Z,Primary Election,Democratic,,,546,County Board Member,,2934,Locality,Arlington County,92681,James A. Devita,,,29854,Precinct,147 - Precinct 147,,false,1,1,Democratic,67
160947,525,2025-06-17T00:00:00Z,Primary Election,Democratic,,,546,County Board Member,,2934,Locality,Arlington County,4,Total Votes Cast,,,29854,Precinct,147 - Precinct 147,,false,1,,,286
160947,525,2025-06-17T00:00:00Z,Primary Election,Democratic,,,546,County Board Member,,2934,Locality,Arlington County,93473,Takis P. Karantonis,,,29855,Precinct,148 - Precinct 148,,true,1,1,Democratic,200
160947,525,2025-06-17T00:00:00Z,Primary Election,Democratic,,,546,County Board Member,,2934,Locality,Arlington County,92681,James A. Devita,,,29855,Precinct,148 - Precinct 148,,false,1,1,Democratic,79
160947,525,2025-06-17T00:00:00Z,Primary Election,Democratic,,,546,County Board Member,,2934,Locality,Arlington County,4,Total Votes Cast,,,29855,Precinct,148 - Precinct 148,,false,1,,,279
160947,525,2025-06-17T00:00:00Z,Primary Election,Democratic,,,546,County Board Member,,2934,Locality,Arlington County,93473,Takis P. Karantonis,,,29856,Precinct,149 - Precinct 149,,true,1,1,Democratic,229
160947,525,2025-06-17T00:00:00Z,Primary Election,Democratic,,,546,County Board Member,,2934,Locality,Arlington County,92681,James A. Devita,,,29856,Precinct,149 - Precinct 149,,false,1,1,Democratic,68
160947,525,2025-06-17T00:00:00Z,Primary Election,Democratic,,,546,County Board Member,,2934,Locality,Arlington County,4,Total Votes Cast,,,29856,Precinct,149 - Precinct 149,,false,1,,,297
160947,525,2025-06-17T00:00:00Z,Primary Election,Democratic,,,546,County Board Member,,2934,Locality,Arlington County,93473,Takis P. Karantonis,,,29857,Precinct,150 - Precinct 150,,true,1,1,Democratic,207
160947,525,2025-06-17T00:00:00Z,Primary Election,Democratic,,,546,County Board Member,,2934,Locality,Arlington County,92681,James A. Devita,,,29857,Precinct,150 - Precinct 150,,false,1,1,Democratic,105
160947,525,2025-06-17T00:00:00Z,Primary Election,Democratic,,,546,County Board Member,,2934,Locality,Arlington County,4,Total Votes Cast,,,29857,Precinct,150 - Precinct 150,,false,1,,,312
160947,525,2025-06-17T00:00:00Z,Primary Election,Democratic,,,546,County Board Member,,2934,Locality,Arlington County,93473,Takis P. Karantonis,,,132334,Precinct,151 - Precinct 151,,true,1,1,Democratic,155
160947,525,2025-06-17T00:00:00Z,Primary Election,Democratic,,,546,County Board Member,,2934,Locality,Arlington County,92681,James A. Devita,,,132334,Precinct,151 - Precinct 151,,false,1,1,Democratic,59
160947,525,2025-06-17T00:00:00Z,Primary Election,Democratic,,,546,County Board Member,,2934,Locality,Arlington County,4,Total Votes Cast,,,132334,Precinct,151 - Precinct 151,,false,1,,,214
160947,525,2025-06-17T00:00:00Z,Primary Election,Democratic,,,546,County Board Member,,2934,Locality,Arlington County,93473,Takis P. Karantonis,,,132335,Precinct,152 - Precinct 152,,true,1,1,Democratic,141
160947,525,2025-06-17T00:00:00Z,Primary Election,Democratic,,,546,County Board Member,,2934,Locality,Arlington County,92681,James A. Devita,,,132335,Precinct,152 - Precinct 152,,false,1,1,Democratic,63
160947,525,2025-06-17T00:00:00Z,Primary Election,Democratic,,,546,County Board Member,,2934,Locality,Arlington County,4,Total Votes Cast,,,132335,Precinct,152 - Precinct 152,,false,1,,,204
160947,525,2025-06-17T00:00:00Z,Primary Election,Democratic,,,546,County Board Member,,2934,Locality,Arlington County,93473,Takis P. Karantonis,,,29860,Precinct,153 - Precinct 153,,true,1,1,Democratic,245
160947,525,2025-06-17T00:00:00Z,Primary Election,Democratic,,,546,County Board Member,,2934,Locality,Arlington County,92681,James A. Devita,,,29860,Precinct,153 - Precinct 153,,false,1,1,Democratic,125
160947,525,2025-06-17T00:00:00Z,Primary Election,Democratic,,,546,County Board Member,,2934,Locality,Arlington County,4,Total Votes Cast,,,29860,Precinct,153 - Precinct 153,,false,1,,,370
160947,525,2025-06-17T00:00:00Z,Primary Election,Democratic,,,546,County Board Member,,2934,Locality,Arlington County,93473,Takis P. Karantonis,,,132336,Precinct,154 - Precinct 154,,true,1,1,Democratic,148
160947,525,2025-06-17T00:00:00Z,Primary Election,Democratic,,,546,County Board Member,,2934,Locality,Arlington County,92681,James A. Devita,,,132336,Precinct,154 - Precinct 154,,false,1,1,Democratic,62
160947,525,2025-06-17T00:00:00Z,Primary Election,Democratic,,,546,County Board Member,,2934,Locality,Arlington County,4,Total Votes Cast,,,132336,Precinct,154 - Precinct 154,,false,1,,,210
160947,525,2025-06-17T00:00:00Z,Primary Election,Democratic,,,546,County Board Member,,2934,Locality,Arlington County,93473,Takis P. Karantonis,,,7206,Precinct,Provisional,,true,1,1,Democratic,184
160947,525,2025-06-17T00:00:00Z,Primary Election,Democratic,,,546,County Board Member,,2934,Locality,Arlington County,92681,James A. Devita,,,7206,Precinct,Provisional,,false,1,1,Democratic,98
160947,525,2025-06-17T00:00:00Z,Primary Election,Democratic,,,546,County Board Member,,2934,Locality,Arlington County,4,Total Votes Cast,,,7206,Precinct,Provisional,,false,1,,,282
161309,531,2024-11-05T00:00:00Z,General Election,,,,546,County Board Member,,2934,Locality,Arlington County,92690,"Julius D. ""JD"" Spain, Sr.",,,29808,Precinct,101 - Precinct 101,,true,1,,,969
161309,531,2024-11-05T00:00:00Z,General Election,,,,546,County Board Member,,2934,Locality,Arlington County,94977,Juan Carlos Fierro,,,29808,Precinct,101 - Precinct 101,,false,1,,,355
161309,531,2024-11-05T00:00:00Z,General Election,,,,546,County Board Member,,2934,Locality,Arlington County,94978,Madison F. Granger,,,29808,Precinct,101 - Precinct 101,,false,1,,,152
161309,531,2024-11-05T00:00:00Z,General Election,,,,546,County Board Member,,2934,Locality,Arlington County,12517,Audrey R. Clement,,,29808,Precinct,101 - Precinct 101,,false,1,,,174
161309,531,2024-11-05T00:00:00Z,General Election,,,,546,County Board Member,,2934,Locality,Arlington County,6,Write-Ins,,,29808,Precinct,101 - Precinct 101,,false,1,,,20
161309,531,2024-11-05T00:00:00Z,General Election,,,,546,County Board Member,,2934,Locality,Arlington County,4,Total Votes Cast,,,29808,Precinct,101 - Precinct 101,,false,1,,,1670
161309,531,2024-11-05T00:00:00Z,General Election,,,,546,County Board Member,,2934,Locality,Arlington County,92690,"Julius D. ""JD"" Spain, Sr.",,,29809,Precinct,102 - Precinct 102,,true,1,,,1279
161309,531,2024-11-05T00:00:00Z,General Election,,,,546,County Board Member,,2934,Locality,Arlington County,94977,Juan Carlos Fierro,,,29809,Precinct,102 - Precinct 102,,false,1,,,335
161309,531,2024-11-05T00:00:00Z,General Election,,,,546,County Board Member,,2934,Locality,Arlington County,94978,Madison F. Granger,,,29809,Precinct,102 - Precinct 102,,false,1,,,312
161309,531,2024-11-05T00:00:00Z,General Election,,,,546,County Board Member,,2934,Locality,Arlington County,12517,Audrey R. Clement,,,29809,Precinct,102 - Precinct 102,,false,1,,,309
161309,531,2024-11-05T00:00:00Z,General Election,,,,546,County Board Member,,2934,Locality,Arlington County,6,Write-Ins,,,29809,Precinct,102 - Precinct 102,,false,1,,,64
161309,531,2024-11-05T00:00:00Z,General Election,,,,546,County Board Member,,2934,Locality,Arlington County,4,Total Votes Cast,,,29809,Precinct,102 - Precinct 102,,false,1,,,2299
161309,531,2024-11-05T00:00:00Z,General Election,,,,546,County Board Member,,2934,Locality,Arlington County,92690,"Julius D. ""JD"" Spain, Sr.",,,29810,Precinct,103 - Precinct 103,,true,1,,,717
161309,531,2024-11-05T00:00:00Z,General Election,,,,546,County Board Member,,2934,Locality,Arlington County,94977,Juan Carlos Fierro,,,29810,Precinct,103 - Precinct 103,,false,1,,,250
161309,531,2024-11-05T00:00:00Z,General Election,,,,546,County Board Member,,2934,Locality,Arlington County,94978,Madison F. Granger,,,29810,Precinct,103 - Precinct 103,,false,1,,,193
161309,531,2024-11-05T00:00:00Z,General Election,,,,546,County Board Member,,2934,Locality,Arlington County,12517,Audrey R. Clement,,,29810,Precinct,103 - Precinct 103,,false,1,,,207
161309,531,2024-11-05T00:00:00Z,General Election,,,,546,County Board Member,,2934,Locality,Arlington County,6,Write-Ins,,,29810,Precinct,103 - Precinct 103,,false,1,,,20
161309,531,2024-11-05T00:00:00Z,General Election,,,,546,County Board Member,,2934,Locality,Arlington County,4,Total Votes Cast,,,29810,Precinct,103 - Precinct 103,,false,1,,,1387
161309,531,2024-11-05T00:00:00Z,General Election,,,,546,County Board Member,,2934,Locality,Arlington County,92690,"Julius D. ""JD"" Spain, Sr.",,,29811,Precinct,104 - Precinct 104,,true,1,,,1473
161309,531,2024-11-05T00:00:00Z,General Election,,,,546,County Board Member,,2934,Locality,Arlington County,94977,Juan Carlos Fierro,,,29811,Precinct,104 - Precinct 104,,false,1,,,347
161309,531,2024-11-05T00:00:00Z,General Election,,,,546,County Board Member,,2934,Locality,Arlington County,94978,Madison F. Granger,,,29811,Precinct,104 - Precinct 104,,false,1,,,346
161309,531,2024-11-05T00:00:00Z,General Election,,,,546,County Board Member,,2934,Locality,Arlington County,12517,Audrey R. Clement,,,29811,Precinct,104 - Precinct 104,,false,1,,,305
161309,531,2024-11-05T00:00:00Z,General Election,,,,546,County Board Member,,2934,Locality,Arlington County,6,Write-Ins,,,29811,Precinct,104 - Precinct 104,,false,1,,,26
161309,531,2024-11-05T00:00:00Z,General Election,,,,546,County Board Member,,2934,Locality,Arlington County,4,Total Votes Cast,,,29811,Precinct,104 - Precinct 104,,false,1,,,2497
161309,531,2024-11-05T00:00:00Z,General Election,,,,546,County Board Member,,2934,Locality,Arlington County,92690,"Julius D. ""JD"" Spain, Sr.",,,29812,Precinct,105 - Precinct 105,,true,1,,,1256
161309,531,2024-11-05T00:00:00Z,General Election,,,,546,County Board Member,,2934,Locality,Arlington County,94977,Juan Carlos Fierro,,,29812,Precinct,105 - Precinct 105,,false,1,,,319
161309,531,2024-11-05T00:00:00Z,General Election,,,,546,County Board Member,,2934,Locality,Arlington County,94978,Madison F. Granger,,,29812,Precinct,105 - Precinct 105,,false,1,,,231
161309,531,2024-11-05T00:00:00Z,General Election,,,,546,County Board Member,,2934,Locality,Arlington County,12517,Audrey R. Clement,,,29812,Precinct,105 - Precinct 105,,false,1,,,257
161309,531,2024-11-05T00:00:00Z,General Election,,,,546,County Board Member,,2934,Locality,Arlington County,6,Write-Ins,,,29812,Precinct,105 - Precinct 105,,false,1,,,25
161309,531,2024-11-05T00:00:00Z,General Election,,,,546,County Board Member,,2934,Locality,Arlington County,4,Total Votes Cast,,,29812,Precinct,105 - Precinct 105,,false,1,,,2088
161309,531,2024-11-05T00:00:00Z,General Election,,,,546,County Board Member,,2934,Locality,Arlington County,92690,"Julius D. ""JD"" Spain, Sr.",,,29813,Precinct,106 - Precinct 106,,true,1,,,1153
161309,531,2024-11-05T00:00:00Z,General Election,,,,546,County Board Member,,2934,Locality,Arlington County,94977,Juan Carlos Fierro,,,29813,Precinct,106 - Precinct 106,,false,1,,,291
161309,531,2024-11-05T00:00:00Z,General Election,,,,546,County Board Member,,2934,Locality,Arlington County,94978,Madison F. Granger,,,29813,Precinct,106 - Precinct 106,,false,1,,,214
161309,531,2024-11-05T00:00:00Z,General Election,,,,546,County Board Member,,2934,Locality,Arlington County,12517,Audrey R. Clement,,,29813,Precinct,106 - Precinct 106,,false,1,,,214
161309,531,2024-11-05T00:00:00Z,General Election,,,,546,County Board Member,,2934,Locality,Arlington County,6,Write-Ins,,,29813,Precinct,106 - Precinct 106,,false,1,,,18
161309,531,2024-11-05T00:00:00Z,General Election,,,,546,County Board Member,,2934,Locality,Arlington County,4,Total Votes Cast,,,29813,Precinct,106 - Precinct 106,,false,1,,,1890
161309,531,2024-11-05T00:00:00Z,General Election,,,,546,County Board Member,,2934,Locality,Arlington County,92690,"Julius D. ""JD"" Spain, Sr.",,,29814,Precinct,107 - Precinct 107,,true,1,,,1316
161309,531,2024-11-05T00:00:00Z,General Election,,,,546,County Board Member,,2934,Locality,Arlington County,94977,Juan Carlos Fierro,,,29814,Precinct,107 - Precinct 107,,false,1,,,332
161309,531,2024-11-05T00:00:00Z,General Election,,,,546,County Board Member,,2934,Locality,Arlington County,94978,Madison F. Granger,,,29814,Precinct,107 - Precinct 107,,false,1,,,289
161309,531,2024-11-05T00:00:00Z,General Election,,,,546,County Board Member,,2934,Locality,Arlington County,12517,Audrey R. Clement,,,29814,Precinct,107 - Precinct 107,,false,1,,,312
161309,531,2024-11-05T00:00:00Z,General Election,,,,546,County Board Member,,2934,Locality,Arlington County,6,Write-Ins,,,29814,Precinct,107 - Precinct 107,,false,1,,,32
161309,531,2024-11-05T00:00:00Z,General Election,,,,546,County Board Member,,2934,Locality,Arlington County,4,Total Votes Cast,,,29814,Precinct,107 - Precinct 107,,false,1,,,2281
161309,531,2024-11-05T00:00:00Z,General Election,,,,546,County Board Member,,2934,Locality,Arlington County,92690,"Julius D. ""JD"" Spain, Sr.",,,29815,Precinct,108 - Precinct 108,,true,1,,,1430
161309,531,2024-11-05T00:00:00Z,General Election,,,,546,County Board Member,,2934,Locality,Arlington County,94977,Juan Carlos Fierro,,,29815,Precinct,108 - Precinct 108,,false,1,,,439
161309,531,2024-11-05T00:00:00Z,General Election,,,,546,County Board Member,,2934,Locality,Arlington County,94978,Madison F. Granger,,,29815,Precinct,108 - Precinct 108,,false,1,,,309
161309,531,2024-11-05T00:00:00Z,General Election,,,,546,County Board Member,,2934,Locality,Arlington County,12517,Audrey R. Clement,,,29815,Precinct,108 - Precinct 108,,false,1,,,299
161309,531,2024-11-05T00:00:00Z,General Election,,,,546,County Board Member,,2934,Locality,Arlington County,6,Write-Ins,,,29815,Precinct,108 - Precinct 108,,false,1,,,26
161309,531,2024-11-05T00:00:00Z,General Election,,,,546,County Board Member,,2934,Locality,Arlington County,4,Total Votes Cast,,,29815,Precinct,108 - Precinct 108,,false,1,,,2503
161309,531,2024-11-05T00:00:00Z,General Election,,,,546,County Board Member,,2934,Locality,Arlington County,92690,"Julius D. ""JD"" Spain, Sr.",,,29816,Precinct,109 - Precinct 109,,true,1,,,1723
161309,531,2024-11-05T00:00:00Z,General Election,,,,546,County Board Member,,2934,Locality,Arlington County,94977,Juan Carlos Fierro,,,29816,Precinct,109 - Precinct 109,,false,1,,,348
161309,531,2024-11-05T00:00:00Z,General Election,,,,546,County Board Member,,2934,Locality,Arlington County,94978,Madison F. Granger,,,29816,Precinct,109 - Precinct 109,,false,1,,,319
161309,531,2024-11-05T00:00:00Z,General Election,,,,546,County Board Member,,2934,Locality,Arlington County,12517,Audrey R. Clement,,,29816,Precinct,109 - Precinct 109,,false,1,,,267
161309,531,2024-11-05T00:00:00Z,General Election,,,,546,County Board Member,,2934,Locality,Arlington County,6,Write-Ins,,,29816,Precinct,109 - Precinct 109,,false,1,,,31
161309,531,2024-11-05T00:00:00Z,General Election,,,,546,County Board Member,,2934,Locality,Arlington County,4,Total Votes Cast,,,29816,Precinct,109 - Precinct 109,,false,1,,,2688
161309,531,2024-11-05T00:00:00Z,General Election,,,,546,County Board Member,,2934,Locality,Arlington County,92690,"Julius D. ""JD"" Spain, Sr.",,,132328,Precinct,110 - Precinct 110,,true,1,,,1666
161309,531,2024-11-05T00:00:00Z,General Election,,,,546,County Board Member,,2934,Locality,Arlington County,94977,Juan Carlos Fierro,,,132328,Precinct,110 - Precinct 110,,false,1,,,441
161309,531,2024-11-05T00:00:00Z,General Election,,,,546,County Board Member,,2934,Locality,Arlington County,94978,Madison F. Granger,,,132328,Precinct,110 - Precinct 110,,false,1,,,342
161309,531,2024-11-05T00:00:00Z,General Election,,,,546,County Board Member,,2934,Locality,Arlington County,12517,Audrey R. Clement,,,132328,Precinct,110 - Precinct 110,,false,1,,,292
161309,531,2024-11-05T00:00:00Z,General Election,,,,546,County Board Member,,2934,Locality,Arlington County,6,Write-Ins,,,132328,Precinct,110 - Precinct 110,,false,1,,,29
161309,531,2024-11-05T00:00:00Z,General Election,,,,546,County Board Member,,2934,Locality,Arlington County,4,Total Votes Cast,,,132328,Precinct,110 - Precinct 110,,false,1,,,2770
161309,531,2024-11-05T00:00:00Z,General Election,,,,546,County Board Member,,2934,Locality,Arlington County,92690,"Julius D. ""JD"" Spain, Sr.",,,29818,Precinct,111 - Precinct 111,,true,1,,,927
161309,531,2024-11-05T00:00:00Z,General Election,,,,546,County Board Member,,2934,Locality,Arlington County,94977,Juan Carlos Fierro,,,29818,Precinct,111 - Precinct 111,,false,1,,,300
161309,531,2024-11-05T00:00:00Z,General Election,,,,546,County Board Member,,2934,Locality,Arlington County,94978,Madison F. Granger,,,29818,Precinct,111 - Precinct 111,,false,1,,,177
161309,531,2024-11-05T00:00:00Z,General Election,,,,546,County Board Member,,2934,Locality,Arlington County,12517,Audrey R. Clement,,,29818,Precinct,111 - Precinct 111,,false,1,,,236
161309,531,2024-11-05T00:00:00Z,General Election,,,,546,County Board Member,,2934,Locality,Arlington County,6,Write-Ins,,,29818,Precinct,111 - Precinct 111,,false,1,,,17
161309,531,2024-11-05T00:00:00Z,General Election,,,,546,County Board Member,,2934,Locality,Arlington County,4,Total Votes Cast,,,29818,Precinct,111 - Precinct 111,,false,1,,,1657
161309,531,2024-11-05T00:00:00Z,General Election,,,,546,County Board Member,,2934,Locality,Arlington County,92690,"Julius D. ""JD"" Spain, Sr.",,,29819,Precinct,112 - Precinct 112,,true,1,,,1256
161309,531,2024-11-05T00:00:00Z,General Election,,,,546,County Board Member,,2934,Locality,Arlington County,94977,Juan Carlos Fierro,,,29819,Precinct,112 - Precinct 112,,false,1,,,271
161309,531,2024-11-05T00:00:00Z,General Election,,,,546,County Board Member,,2934,Locality,Arlington County,94978,Madison F. Granger,,,29819,Precinct,112 - Precinct 112,,false,1,,,254
161309,531,2024-11-05T00:00:00Z,General Election,,,,546,County Board Member,,2934,Locality,Arlington County,12517,Audrey R. Clement,,,29819,Precinct,112 - Precinct 112,,false,1,,,204
161309,531,2024-11-05T00:00:00Z,General Election,,,,546,County Board Member,,2934,Locality,Arlington County,6,Write-Ins,,,29819,Precinct,112 - Precinct 112,,false,1,,,25
161309,531,2024-11-05T00:00:00Z,General Election,,,,546,County Board Member,,2934,Locality,Arlington County,4,Total Votes Cast,,,29819,Precinct,112 - Precinct 112,,false,1,,,2010
161309,531,2024-11-05T00:00:00Z,General Election,,,,546,County Board Member,,2934,Locality,Arlington County,92690,"Julius D. ""JD"" Spain, Sr.",,,29820,Precinct,113 - Precinct 113,,true,1,,,788
161309,531,2024-11-05T00:00:00Z,General Election,,,,546,County Board Member,,2934,Locality,Arlington County,94977,Juan Carlos Fierro,,,29820,Precinct,113 - Precinct 113,,false,1,,,261
161309,531,2024-11-05T00:00:00Z,General Election,,,,546,County Board Member,,2934,Locality,Arlington County,94978,Madison F. Granger,,,29820,Precinct,113 - Precinct 113,,false,1,,,162
161309,531,2024-11-05T00:00:00Z,General Election,,,,546,County Board Member,,2934,Locality,Arlington County,12517,Audrey R. Clement,,,29820,Precinct,113 - Precinct 113,,false,1,,,219
161309,531,2024-11-05T00:00:00Z,General Election,,,,546,County Board Member,,2934,Locality,Arlington County,6,Write-Ins,,,29820,Precinct,113 - Precinct 113,,false,1,,,18
161309,531,2024-11-05T00:00:00Z,General Election,,,,546,County Board Member,,2934,Locality,Arlington County,4,Total Votes Cast,,,29820,Precinct,113 - Precinct 113,,false,1,,,1448
161309,531,2024-11-05T00:00:00Z,General Election,,,,546,County Board Member,,2934,Locality,Arlington County,92690,"Julius D. ""JD"" Spain, Sr.",,,29821,Precinct,114 - Precinct 114,,true,1,,,1017
161309,531,2024-11-05T00:00:00Z,General Election,,,,546,County Board Member,,2934,Locality,Arlington County,94977,Juan Carlos Fierro,,,29821,Precinct,114 - Precinct 114,,false,1,,,252
161309,531,2024-11-05T00:00:00Z,General Election,,,,546,County Board Member,,2934,Locality,Arlington County,94978,Madison F. Granger,,,29821,Precinct,114 - Precinct 114,,false,1,,,177
161309,531,2024-11-05T00:00:00Z,General Election,,,,546,County Board Member,,2934,Locality,Arlington County,12517,Audrey R. Clement,,,29821,Precinct,114 - Precinct 114,,false,1,,,192
161309,531,2024-11-05T00:00:00Z,General Election,,,,546,County Board Member,,2934,Locality,Arlington County,6,Write-Ins,,,29821,Precinct,114 - Precinct 114,,false,1,,,9
161309,531,2024-11-05T00:00:00Z,General Election,,,,546,County Board Member,,2934,Locality,Arlington County,4,Total Votes Cast,,,29821,Precinct,114 - Precinct 114,,false,1,,,1647
161309,531,2024-11-05T00:00:00Z,General Election,,,,546,County Board Member,,2934,Locality,Arlington County,92690,"Julius D. ""JD"" Spain, Sr.",,,29822,Precinct,115 - Precinct 115,,true,1,,,697
161309,531,2024-11-05T00:00:00Z,General Election,,,,546,County Board Member,,2934,Locality,Arlington County,94977,Juan Carlos Fierro,,,29822,Precinct,115 - Precinct 115,,false,1,,,181
161309,531,2024-11-05T00:00:00Z,General Election,,,,546,County Board Member,,2934,Locality,Arlington County,94978,Madison F. Granger,,,29822,Precinct,115 - Precinct 115,,false,1,,,140
161309,531,2024-11-05T00:00:00Z,General Election,,,,546,County Board Member,,2934,Locality,Arlington County,12517,Audrey R. Clement,,,29822,Precinct,115 - Precinct 115,,false,1,,,165
161309,531,2024-11-05T00:00:00Z,General Election,,,,546,County Board Member,,2934,Locality,Arlington County,6,Write-Ins,,,29822,Precinct,115 - Precinct 115,,false,1,,,19
161309,531,2024-11-05T00:00:00Z,General Election,,,,546,County Board Member,,2934,Locality,Arlington County,4,Total Votes Cast,,,29822,Precinct,115 - Precinct 115,,false,1,,,1202
161309,531,2024-11-05T00:00:00Z,General Election,,,,546,County Board Member,,2934,Locality,Arlington County,92690,"Julius D. ""JD"" Spain, Sr.",,,29823,Precinct,116 - Precinct 116,,true,1,,,1391
161309,531,2024-11-05T00:00:00Z,General Election,,,,546,County Board Member,,2934,Locality,Arlington County,94977,Juan Carlos Fierro,,,29823,Precinct,116 - Precinct 116,,false,1,,,361
161309,531,2024-11-05T00:00:00Z,General Election,,,,546,County Board Member,,2934,Locality,Arlington County,94978,Madison F. Granger,,,29823,Precinct,116 - Precinct 116,,false,1,,,370
161309,531,2024-11-05T00:00:00Z,General Election,,,,546,County Board Member,,2934,Locality,Arlington County,12517,Audrey R. Clement,,,29823,Precinct,116 - Precinct 116,,false,1,,,400
161309,531,2024-11-05T00:00:00Z,General Election,,,,546,County Board Member,,2934,Locality,Arlington County,6,Write-Ins,,,29823,Precinct,116 - Precinct 116,,false,1,,,44
161309,531,2024-11-05T00:00:00Z,General Election,,,,546,County Board Member,,2934,Locality,Arlington County,4,Total Votes Cast,,,29823,Precinct,116 - Precinct 116,,false,1,,,2566
161309,531,2024-11-05T00:00:00Z,General Election,,,,546,County Board Member,,2934,Locality,Arlington County,92690,"Julius D. ""JD"" Spain, Sr.",,,29824,Precinct,117 - Precinct 117,,true,1,,,1366
161309,531,2024-11-05T00:00:00Z,General Election,,,,546,County Board Member,,2934,Locality,Arlington County,94977,Juan Carlos Fierro,,,29824,Precinct,117 - Precinct 117,,false,1,,,365
161309,531,2024-11-05T00:00:00Z,General Election,,,,546,County Board Member,,2934,Locality,Arlington County,94978,Madison F. Granger,,,29824,Precinct,117 - Precinct 117,,false,1,,,312
161309,531,2024-11-05T00:00:00Z,General Election,,,,546,County Board Member,,2934,Locality,Arlington County,12517,Audrey R. Clement,,,29824,Precinct,117 - Precinct 117,,false,1,,,377
161309,531,2024-11-05T00:00:00Z,General Election,,,,546,County Board Member,,2934,Locality,Arlington County,6,Write-Ins,,,29824,Precinct,117 - Precinct 117,,false,1,,,36
161309,531,2024-11-05T00:00:00Z,General Election,,,,546,County Board Member,,2934,Locality,Arlington County,4,Total Votes Cast,,,29824,Precinct,117 - Precinct 117,,false,1,,,2456
161309,531,2024-11-05T00:00:00Z,General Election,,,,546,County Board Member,,2934,Locality,Arlington County,92690,"Julius D. ""JD"" Spain, Sr.",,,29825,Precinct,118 - Precinct 118,,true,1,,,2319
161309,531,2024-11-05T00:00:00Z,General Election,,,,546,County Board Member,,2934,Locality,Arlington County,94977,Juan Carlos Fierro,,,29825,Precinct,118 - Precinct 118,,false,1,,,526
161309,531,2024-11-05T00:00:00Z,General Election,,,,546,County Board Member,,2934,Locality,Arlington County,94978,Madison F. Granger,,,29825,Precinct,118 - Precinct 118,,false,1,,,482
161309,531,2024-11-05T00:00:00Z,General Election,,,,546,County Board Member,,2934,Locality,Arlington County,12517,Audrey R. Clement,,,29825,Precinct,118 - Precinct 118,,false,1,,,398
161309,531,2024-11-05T00:00:00Z,General Election,,,,546,County Board Member,,2934,Locality,Arlington County,6,Write-Ins,,,29825,Precinct,118 - Precinct 118,,false,1,,,31
161309,531,2024-11-05T00:00:00Z,General Election,,,,546,County Board Member,,2934,Locality,Arlington County,4,Total Votes Cast,,,29825,Precinct,118 - Precinct 118,,false,1,,,3756
161309,531,2024-11-05T00:00:00Z,General Election,,,,546,County Board Member,,2934,Locality,Arlington County,92690,"Julius D. ""JD"" Spain, Sr.",,,132329,Precinct,119 - Precinct 119,,true,1,,,1582
161309,531,2024-11-05T00:00:00Z,General Election,,,,546,County Board Member,,2934,Locality,Arlington County,94977,Juan Carlos Fierro,,,132329,Precinct,119 - Precinct 119,,false,1,,,409
161309,531,2024-11-05T00:00:00Z,General Election,,,,546,County Board Member,,2934,Locality,Arlington County,94978,Madison F. Granger,,,132329,Precinct,119 - Precinct 119,,false,1,,,541
161309,531,2024-11-05T00:00:00Z,General Election,,,,546,County Board Member,,2934,Locality,Arlington County,12517,Audrey R. Clement,,,132329,Precinct,119 - Precinct 119,,false,1,,,319
161309,531,2024-11-05T00:00:00Z,General Election,,,,546,County Board Member,,2934,Locality,Arlington County,6,Write-Ins,,,132329,Precinct,119 - Precinct 119,,false,1,,,32
161309,531,2024-11-05T00:00:00Z,General Election,,,,546,County Board Member,,2934,Locality,Arlington County,4,Total Votes Cast,,,132329,Precinct,119 - Precinct 119,,false,1,,,2883
161309,531,2024-11-05T00:00:00Z,General Election,,,,546,County Board Member,,2934,Locality,Arlington County,92690,"Julius D. ""JD"" Spain, Sr.",,,29827,Precinct,120 - Precinct 120,,true,1,,,1039
161309,531,2024-11-05T00:00:00Z,General Election,,,,546,County Board Member,,2934,Locality,Arlington County,94977,Juan Carlos Fierro,,,29827,Precinct,120 - Precinct 120,,false,1,,,447
161309,531,2024-11-05T00:00:00Z,General Election,,,,546,County Board Member,,2934,Locality,Arlington County,94978,Madison F. Granger,,,29827,Precinct,120 - Precinct 120,,false,1,,,325
161309,531,2024-11-05T00:00:00Z,General Election,,,,546,County Board Member,,2934,Locality,Arlington County,12517,Audrey R. Clement,,,29827,Precinct,120 - Precinct 120,,false,1,,,425
161309,531,2024-11-05T00:00:00Z,General Election,,,,546,County Board Member,,2934,Locality,Arlington County,6,Write-Ins,,,29827,Precinct,120 - Precinct 120,,false,1,,,40
161309,531,2024-11-05T00:00:00Z,General Election,,,,546,County Board Member,,2934,Locality,Arlington County,4,Total Votes Cast,,,29827,Precinct,120 - Precinct 120,,false,1,,,2276
161309,531,2024-11-05T00:00:00Z,General Election,,,,546,County Board Member,,2934,Locality,Arlington County,92690,"Julius D. ""JD"" Spain, Sr.",,,29828,Precinct,121 - Precinct 121,,true,1,,,645
161309,531,2024-11-05T00:00:00Z,General Election,,,,546,County Board Member,,2934,Locality,Arlington County,94977,Juan Carlos Fierro,,,29828,Precinct,121 - Precinct 121,,false,1,,,188
161309,531,2024-11-05T00:00:00Z,General Election,,,,546,County Board Member,,2934,Locality,Arlington County,94978,Madison F. Granger,,,29828,Precinct,121 - Precinct 121,,false,1,,,127
161309,531,2024-11-05T00:00:00Z,General Election,,,,546,County Board Member,,2934,Locality,Arlington County,12517,Audrey R. Clement,,,29828,Precinct,121 - Precinct 121,,false,1,,,145
161309,531,2024-11-05T00:00:00Z,General Election,,,,546,County Board Member,,2934,Locality,Arlington County,6,Write-Ins,,,29828,Precinct,121 - Precinct 121,,false,1,,,10
161309,531,2024-11-05T00:00:00Z,General Election,,,,546,County Board Member,,2934,Locality,Arlington County,4,Total Votes Cast,,,29828,Precinct,121 - Precinct 121,,false,1,,,1115
161309,531,2024-11-05T00:00:00Z,General Election,,,,546,County Board Member,,2934,Locality,Arlington County,92690,"Julius D. ""JD"" Spain, Sr.",,,29829,Precinct,122 - Precinct 122,,true,1,,,1354
161309,531,2024-11-05T00:00:00Z,General Election,,,,546,County Board Member,,2934,Locality,Arlington County,94977,Juan Carlos Fierro,,,29829,Precinct,122 - Precinct 122,,false,1,,,286
161309,531,2024-11-05T00:00:00Z,General Election,,,,546,County Board Member,,2934,Locality,Arlington County,94978,Madison F. Granger,,,29829,Precinct,122 - Precinct 122,,false,1,,,271
161309,531,2024-11-05T00:00:00Z,General Election,,,,546,County Board Member,,2934,Locality,Arlington County,12517,Audrey R. Clement,,,29829,Precinct,122 - Precinct 122,,false,1,,,222
161309,531,2024-11-05T00:00:00Z,General Election,,,,546,County Board Member,,2934,Locality,Arlington County,6,Write-Ins,,,29829,Precinct,122 - Precinct 122,,false,1,,,15
161309,531,2024-11-05T00:00:00Z,General Election,,,,546,County Board Member,,2934,Locality,Arlington County,4,Total Votes Cast,,,29829,Precinct,122 - Precinct 122,,false,1,,,2148
161309,531,2024-11-05T00:00:00Z,General Election,,,,546,County Board Member,,2934,Locality,Arlington County,92690,"Julius D. ""JD"" Spain, Sr.",,,29830,Precinct,123 - Precinct 123,,true,1,,,1171
161309,531,2024-11-05T00:00:00Z,General Election,,,,546,County Board Member,,2934,Locality,Arlington County,94977,Juan Carlos Fierro,,,29830,Precinct,123 - Precinct 123,,false,1,,,310
161309,531,2024-11-05T00:00:00Z,General Election,,,,546,County Board Member,,2934,Locality,Arlington County,94978,Madison F. Granger,,,29830,Precinct,123 - Precinct 123,,false,1,,,352
161309,531,2024-11-05T00:00:00Z,General Election,,,,546,County Board Member,,2934,Locality,Arlington County,12517,Audrey R. Clement,,,29830,Precinct,123 - Precinct 123,,false,1,,,296
161309,531,2024-11-05T00:00:00Z,General Election,,,,546,County Board Member,,2934,Locality,Arlington County,6,Write-Ins,,,29830,Precinct,123 - Precinct 123,,false,1,,,22
161309,531,2024-11-05T00:00:00Z,General Election,,,,546,County Board Member,,2934,Locality,Arlington County,4,Total Votes Cast,,,29830,Precinct,123 - Precinct 123,,false,1,,,2151
161309,531,2024-11-05T00:00:00Z,General Election,,,,546,County Board Member,,2934,Locality,Arlington County,92690,"Julius D. ""JD"" Spain, Sr.",,,29831,Precinct,124 - Precinct 124,,true,1,,,1699
161309,531,2024-11-05T00:00:00Z,General Election,,,,546,County Board Member,,2934,Locality,Arlington County,94977,Juan Carlos Fierro,,,29831,Precinct,124 - Precinct 124,,false,1,,,423
161309,531,2024-11-05T00:00:00Z,General Election,,,,546,County Board Member,,2934,Locality,Arlington County,94978,Madison F. Granger,,,29831,Precinct,124 - Precinct 124,,false,1,,,346
161309,531,2024-11-05T00:00:00Z,General Election,,,,546,County Board Member,,2934,Locality,Arlington County,12517,Audrey R. Clement,,,29831,Precinct,124 - Precinct 124,,false,1,,,398
161309,531,2024-11-05T00:00:00Z,General Election,,,,546,County Board Member,,2934,Locality,Arlington County,6,Write-Ins,,,29831,Precinct,124 - Precinct 124,,false,1,,,34
161309,531,2024-11-05T00:00:00Z,General Election,,,,546,County Board Member,,2934,Locality,Arlington County,4,Total Votes Cast,,,29831,Precinct,124 - Precinct 124,,false,1,,,2900
161309,531,2024-11-05T00:00:00Z,General Election,,,,546,County Board Member,,2934,Locality,Arlington County,92690,"Julius D. ""JD"" Spain, Sr.",,,132330,Precinct,125 - Precinct 125,,true,1,,,1162
161309,531,2024-11-05T00:00:00Z,General Election,,,,546,County Board Member,,2934,Locality,Arlington County,94977,Juan Carlos Fierro,,,132330,Precinct,125 - Precinct 125,,false,1,,,313
161309,531,2024-11-05T00:00:00Z,General Election,,,,546,County Board Member,,2934,Locality,Arlington County,94978,Madison F. Granger,,,132330,Precinct,125 - Precinct 125,,false,1,,,215
161309,531,2024-11-05T00:00:00Z,General Election,,,,546,County Board Member,,2934,Locality,Arlington County,12517,Audrey R. Clement,,,132330,Precinct,125 - Precinct 125,,false,1,,,339
161309,531,2024-11-05T00:00:00Z,General Election,,,,546,County Board Member,,2934,Locality,Arlington County,6,Write-Ins,,,132330,Precinct,125 - Precinct 125,,false,1,,,27
161309,531,2024-11-05T00:00:00Z,General Election,,,,546,County Board Member,,2934,Locality,Arlington County,4,Total Votes Cast,,,132330,Precinct,125 - Precinct 125,,false,1,,,2056
161309,531,2024-11-05T00:00:00Z,General Election,,,,546,County Board Member,,2934,Locality,Arlington County,92690,"Julius D. ""JD"" Spain, Sr.",,,29833,Precinct,126 - Precinct 126,,true,1,,,1369
161309,531,2024-11-05T00:00:00Z,General Election,,,,546,County Board Member,,2934,Locality,Arlington County,94977,Juan Carlos Fierro,,,29833,Precinct,126 - Precinct 126,,false,1,,,303
161309,531,2024-11-05T00:00:00Z,General Election,,,,546,County Board Member,,2934,Locality,Arlington County,94978,Madison F. Granger,,,29833,Precinct,126 - Precinct 126,,false,1,,,306
161309,531,2024-11-05T00:00:00Z,General Election,,,,546,County Board Member,,2934,Locality,Arlington County,12517,Audrey R. Clement,,,29833,Precinct,126 - Precinct 126,,false,1,,,281
161309,531,2024-11-05T00:00:00Z,General Election,,,,546,County Board Member,,2934,Locality,Arlington County,6,Write-Ins,,,29833,Precinct,126 - Precinct 126,,false,1,,,24
161309,531,2024-11-05T00:00:00Z,General Election,,,,546,County Board Member,,2934,Locality,Arlington County,4,Total Votes Cast,,,29833,Precinct,126 - Precinct 126,,false,1,,,2283
161309,531,2024-11-05T00:00:00Z,General Election,,,,546,County Board Member,,2934,Locality,Arlington County,92690,"Julius D. ""JD"" Spain, Sr.",,,29834,Precinct,127 - Precinct 127,,true,1,,,1424
161309,531,2024-11-05T00:00:00Z,General Election,,,,546,County Board Member,,2934,Locality,Arlington County,94977,Juan Carlos Fierro,,,29834,Precinct,127 - Precinct 127,,false,1,,,360
161309,531,2024-11-05T00:00:00Z,General Election,,,,546,County Board Member,,2934,Locality,Arlington County,94978,Madison F. Granger,,,29834,Precinct,127 - Precinct 127,,false,1,,,260
161309,531,2024-11-05T00:00:00Z,General Election,,,,546,County Board Member,,2934,Locality,Arlington County,12517,Audrey R. Clement,,,29834,Precinct,127 - Precinct 127,,false,1,,,282
161309,531,2024-11-05T00:00:00Z,General Election,,,,546,County Board Member,,2934,Locality,Arlington County,6,Write-Ins,,,29834,Precinct,127 - Precinct 127,,false,1,,,33
161309,531,2024-11-05T00:00:00Z,General Election,,,,546,County Board Member,,2934,Locality,Arlington County,4,Total Votes Cast,,,29834,Precinct,127 - Precinct 127,,false,1,,,2359
161309,531,2024-11-05T00:00:00Z,General Election,,,,546,County Board Member,,2934,Locality,Arlington County,92690,"Julius D. ""JD"" Spain, Sr.",,,29835,Precinct,128 - Precinct 128,,true,1,,,1532
161309,531,2024-11-05T00:00:00Z,General Election,,,,546,County Board Member,,2934,Locality,Arlington County,94977,Juan Carlos Fierro,,,29835,Precinct,128 - Precinct 128,,false,1,,,379
161309,531,2024-11-05T00:00:00Z,General Election,,,,546,County Board Member,,2934,Locality,Arlington County,94978,Madison F. Granger,,,29835,Precinct,128 - Precinct 128,,false,1,,,290
161309,531,2024-11-05T00:00:00Z,General Election,,,,546,County Board Member,,2934,Locality,Arlington County,12517,Audrey R. Clement,,,29835,Precinct,128 - Precinct 128,,false,1,,,296
161309,531,2024-11-05T00:00:00Z,General Election,,,,546,County Board Member,,2934,Locality,Arlington County,6,Write-Ins,,,29835,Precinct,128 - Precinct 128,,false,1,,,32
161309,531,2024-11-05T00:00:00Z,General Election,,,,546,County Board Member,,2934,Locality,Arlington County,4,Total Votes Cast,,,29835,Precinct,128 - Precinct 128,,false,1,,,2529
161309,531,2024-11-05T00:00:00Z,General Election,,,,546,County Board Member,,2934,Locality,Arlington County,92690,"Julius D. ""JD"" Spain, Sr.",,,29836,Precinct,129 - Precinct 129,,true,1,,,1457
161309,531,2024-11-05T00:00:00Z,General Election,,,,546,County Board Member,,2934,Locality,Arlington County,94977,Juan Carlos Fierro,,,29836,Precinct,129 - Precinct 129,,false,1,,,277
161309,531,2024-11-05T00:00:00Z,General Election,,,,546,County Board Member,,2934,Locality,Arlington County,94978,Madison F. Granger,,,29836,Precinct,129 - Precinct 129,,false,1,,,246
161309,531,2024-11-05T00:00:00Z,General Election,,,,546,County Board Member,,2934,Locality,Arlington County,12517,Audrey R. Clement,,,29836,Precinct,129 - Precinct 129,,false,1,,,252
161309,531,2024-11-05T00:00:00Z,General Election,,,,546,County Board Member,,2934,Locality,Arlington County,6,Write-Ins,,,29836,Precinct,129 - Precinct 129,,false,1,,,27
161309,531,2024-11-05T00:00:00Z,General Election,,,,546,County Board Member,,2934,Locality,Arlington County,4,Total Votes Cast,,,29836,Precinct,129 - Precinct 129,,false,1,,,2259
161309,531,2024-11-05T00:00:00Z,General Election,,,,546,County Board Member,,2934,Locality,Arlington County,92690,"Julius D. ""JD"" Spain, Sr.",,,29837,Precinct,130 - Precinct 130,,true,1,,,1337
161309,531,2024-11-05T00:00:00Z,General Election,,,,546,County Board Member,,2934,Locality,Arlington County,94977,Juan Carlos Fierro,,,29837,Precinct,130 - Precinct 130,,false,1,,,286
161309,531,2024-11-05T00:00:00Z,General Election,,,,546,County Board Member,,2934,Locality,Arlington County,94978,Madison F. Granger,,,29837,Precinct,130 - Precinct 130,,false,1,,,255
161309,531,2024-11-05T00:00:00Z,General Election,,,,546,County Board Member,,2934,Locality,Arlington County,12517,Audrey R. Clement,,,29837,Precinct,130 - Precinct 130,,false,1,,,192
161309,531,2024-11-05T00:00:00Z,General Election,,,,546,County Board Member,,2934,Locality,Arlington County,6,Write-Ins,,,29837,Precinct,130 - Precinct 130,,false,1,,,19
161309,531,2024-11-05T00:00:00Z,General Election,,,,546,County Board Member,,2934,Locality,Arlington County,4,Total Votes Cast,,,29837,Precinct,130 - Precinct 130,,false,1,,,2089
161309,531,2024-11-05T00:00:00Z,General Election,,,,546,County Board Member,,2934,Locality,Arlington County,92690,"Julius D. ""JD"" Spain, Sr.",,,29838,Precinct,131 - Precinct 131,,true,1,,,1246
161309,531,2024-11-05T00:00:00Z,General Election,,,,546,County Board Member,,2934,Locality,Arlington County,94977,Juan Carlos Fierro,,,29838,Precinct,131 - Precinct 131,,false,1,,,331
161309,531,2024-11-05T00:00:00Z,General Election,,,,546,County Board Member,,2934,Locality,Arlington County,94978,Madison F. Granger,,,29838,Precinct,131 - Precinct 131,,false,1,,,317
161309,531,2024-11-05T00:00:00Z,General Election,,,,546,County Board Member,,2934,Locality,Arlington County,12517,Audrey R. Clement,,,29838,Precinct,131 - Precinct 131,,false,1,,,375
161309,531,2024-11-05T00:00:00Z,General Election,,,,546,County Board Member,,2934,Locality,Arlington County,6,Write-Ins,,,29838,Precinct,131 - Precinct 131,,false,1,,,21
161309,531,2024-11-05T00:00:00Z,General Election,,,,546,County Board Member,,2934,Locality,Arlington County,4,Total Votes Cast,,,29838,Precinct,131 - Precinct 131,,false,1,,,2290
161309,531,2024-11-05T00:00:00Z,General Election,,,,546,County Board Member,,2934,Locality,Arlington County,92690,"Julius D. ""JD"" Spain, Sr.",,,29839,Precinct,132 - Precinct 132,,true,1,,,469
161309,531,2024-11-05T00:00:00Z,General Election,,,,546,County Board Member,,2934,Locality,Arlington County,94977,Juan Carlos Fierro,,,29839,Precinct,132 - Precinct 132,,false,1,,,182
161309,531,2024-11-05T00:00:00Z,General Election,,,,546,County Board Member,,2934,Locality,Arlington County,94978,Madison F. Granger,,,29839,Precinct,132 - Precinct 132,,false,1,,,99
161309,531,2024-11-05T00:00:00Z,General Election,,,,546,County Board Member,,2934,Locality,Arlington County,12517,Audrey R. Clement,,,29839,Precinct,132 - Precinct 132,,false,1,,,126
161309,531,2024-11-05T00:00:00Z,General Election,,,,546,County Board Member,,2934,Locality,Arlington County,6,Write-Ins,,,29839,Precinct,132 - Precinct 132,,false,1,,,13
161309,531,2024-11-05T00:00:00Z,General Election,,,,546,County Board Member,,2934,Locality,Arlington County,4,Total Votes Cast,,,29839,Precinct,132 - Precinct 132,,false,1,,,889
161309,531,2024-11-05T00:00:00Z,General Election,,,,546,County Board Member,,2934,Locality,Arlington County,92690,"Julius D. ""JD"" Spain, Sr.",,,29840,Precinct,133 - Precinct 133,,true,1,,,1162
161309,531,2024-11-05T00:00:00Z,General Election,,,,546,County Board Member,,2934,Locality,Arlington County,94977,Juan Carlos Fierro,,,29840,Precinct,133 - Precinct 133,,false,1,,,438
161309,531,2024-11-05T00:00:00Z,General Election,,,,546,County Board Member,,2934,Locality,Arlington County,94978,Madison F. Granger,,,29840,Precinct,133 - Precinct 133,,false,1,,,350
161309,531,2024-11-05T00:00:00Z,General Election,,,,546,County Board Member,,2934,Locality,Arlington County,12517,Audrey R. Clement,,,29840,Precinct,133 - Precinct 133,,false,1,,,378
161309,531,2024-11-05T00:00:00Z,General Election,,,,546,County Board Member,,2934,Locality,Arlington County,6,Write-Ins,,,29840,Precinct,133 - Precinct 133,,false,1,,,35
161309,531,2024-11-05T00:00:00Z,General Election,,,,546,County Board Member,,2934,Locality,Arlington County,4,Total Votes Cast,,,29840,Precinct,133 - Precinct 133,,false,1,,,2363
161309,531,2024-11-05T00:00:00Z,General Election,,,,546,County Board Member,,2934,Locality,Arlington County,92690,"Julius D. ""JD"" Spain, Sr.",,,29841,Precinct,134 - Precinct 134,,true,1,,,1072
161309,531,2024-11-05T00:00:00Z,General Election,,,,546,County Board Member,,2934,Locality,Arlington County,94977,Juan Carlos Fierro,,,29841,Precinct,134 - Precinct 134,,false,1,,,340
161309,531,2024-11-05T00:00:00Z,General Election,,,,546,County Board Member,,2934,Locality,Arlington County,94978,Madison F. Granger,,,29841,Precinct,134 - Precinct 134,,false,1,,,272
161309,531,2024-11-05T00:00:00Z,General Election,,,,546,County Board Member,,2934,Locality,Arlington County,12517,Audrey R. Clement,,,29841,Precinct,134 - Precinct 134,,false,1,,,341
161309,531,2024-11-05T00:00:00Z,General Election,,,,546,County Board Member,,2934,Locality,Arlington County,6,Write-Ins,,,29841,Precinct,134 - Precinct 134,,false,1,,,27
161309,531,2024-11-05T00:00:00Z,General Election,,,,546,County Board Member,,2934,Locality,Arlington County,4,Total Votes Cast,,,29841,Precinct,134 - Precinct 134,,false,1,,,2052
161309,531,2024-11-05T00:00:00Z,General Election,,,,546,County Board Member,,2934,Locality,Arlington County,92690,"Julius D. ""JD"" Spain, Sr.",,,132331,Precinct,135 - Precinct 135,,true,1,,,1142
161309,531,2024-11-05T00:00:00Z,General Election,,,,546,County Board Member,,2934,Locality,Arlington County,94977,Juan Carlos Fierro,,,132331,Precinct,135 - Precinct 135,,false,1,,,450
161309,531,2024-11-05T00:00:00Z,General Election,,,,546,County Board Member,,2934,Locality,Arlington County,94978,Madison F. Granger,,,132331,Precinct,135 - Precinct 135,,false,1,,,370
161309,531,2024-11-05T00:00:00Z,General Election,,,,546,County Board Member,,2934,Locality,Arlington County,12517,Audrey R. Clement,,,132331,Precinct,135 - Precinct 135,,false,1,,,496
161309,531,2024-11-05T00:00:00Z,General Election,,,,546,County Board Member,,2934,Locality,Arlington County,6,Write-Ins,,,132331,Precinct,135 - Precinct 135,,false,1,,,50
161309,531,2024-11-05T00:00:00Z,General Election,,,,546,County Board Member,,2934,Locality,Arlington County,4,Total Votes Cast,,,132331,Precinct,135 - Precinct 135,,false,1,,,2508
161309,531,2024-11-05T00:00:00Z,General Election,,,,546,County Board Member,,2934,Locality,Arlington County,92690,"Julius D. ""JD"" Spain, Sr.",,,29843,Precinct,136 - Precinct 136,,true,1,,,1221
161309,531,2024-11-05T00:00:00Z,General Election,,,,546,County Board Member,,2934,Locality,Arlington County,94977,Juan Carlos Fierro,,,29843,Precinct,136 - Precinct 136,,false,1,,,386
161309,531,2024-11-05T00:00:00Z,General Election,,,,546,County Board Member,,2934,Locality,Arlington County,94978,Madison F. Granger,,,29843,Precinct,136 - Precinct 136,,false,1,,,320
161309,531,2024-11-05T00:00:00Z,General Election,,,,546,County Board Member,,2934,Locality,Arlington County,12517,Audrey R. Clement,,,29843,Precinct,136 - Precinct 136,,false,1,,,382
161309,531,2024-11-05T00:00:00Z,General Election,,,,546,County Board Member,,2934,Locality,Arlington County,6,Write-Ins,,,29843,Precinct,136 - Precinct 136,,false,1,,,35
161309,531,2024-11-05T00:00:00Z,General Election,,,,546,County Board Member,,2934,Locality,Arlington County,4,Total Votes Cast,,,29843,Precinct,136 - Precinct 136,,false,1,,,2344
161309,531,2024-11-05T00:00:00Z,General Election,,,,546,County Board Member,,2934,Locality,Arlington County,92690,"Julius D. ""JD"" Spain, Sr.",,,132332,Precinct,137 - Precinct 137,,true,1,,,1137
161309,531,2024-11-05T00:00:00Z,General Election,,,,546,County Board Member,,2934,Locality,Arlington County,94977,Juan Carlos Fierro,,,132332,Precinct,137 - Precinct 137,,false,1,,,268
161309,531,2024-11-05T00:00:00Z,General Election,,,,546,County Board Member,,2934,Locality,Arlington County,94978,Madison F. Granger,,,132332,Precinct,137 - Precinct 137,,false,1,,,299
161309,531,2024-11-05T00:00:00Z,General Election,,,,546,County Board Member,,2934,Locality,Arlington County,12517,Audrey R. Clement,,,132332,Precinct,137 - Precinct 137,,false,1,,,357
161309,531,2024-11-05T00:00:00Z,General Election,,,,546,County Board Member,,2934,Locality,Arlington County,6,Write-Ins,,,132332,Precinct,137 - Precinct 137,,false,1,,,30
161309,531,2024-11-05T00:00:00Z,General Election,,,,546,County Board Member,,2934,Locality,Arlington County,4,Total Votes Cast,,,132332,Precinct,137 - Precinct 137,,false,1,,,2091
161309,531,2024-11-05T00:00:00Z,General Election,,,,546,County Board Member,,2934,Locality,Arlington County,92690,"Julius D. ""JD"" Spain, Sr.",,,132333,Precinct,138 - Precinct 138,,true,1,,,1153
161309,531,2024-11-05T00:00:00Z,General Election,,,,546,County Board Member,,2934,Locality,Arlington County,94977,Juan Carlos Fierro,,,132333,Precinct,138 - Precinct 138,,false,1,,,246
161309,531,2024-11-05T00:00:00Z,General Election,,,,546,County Board Member,,2934,Locality,Arlington County,94978,Madison F. Granger,,,132333,Precinct,138 - Precinct 138,,false,1,,,172
161309,531,2024-11-05T00:00:00Z,General Election,,,,546,County Board Member,,2934,Locality,Arlington County,12517,Audrey R. Clement,,,132333,Precinct,138 - Precinct 138,,false,1,,,178
161309,531,2024-11-05T00:00:00Z,General Election,,,,546,County Board Member,,2934,Locality,Arlington County,6,Write-Ins,,,132333,Precinct,138 - Precinct 138,,false,1,,,14
161309,531,2024-11-05T00:00:00Z,General Election,,,,546,County Board Member,,2934,Locality,Arlington County,4,Total Votes Cast,,,132333,Precinct,138 - Precinct 138,,false,1,,,1763
161309,531,2024-11-05T00:00:00Z,General Election,,,,546,County Board Member,,2934,Locality,Arlington County,92690,"Julius D. ""JD"" Spain, Sr.",,,29846,Precinct,139 - Precinct 139,,true,1,,,733
161309,531,2024-11-05T00:00:00Z,General Election,,,,546,County Board Member,,2934,Locality,Arlington County,94977,Juan Carlos Fierro,,,29846,Precinct,139 - Precinct 139,,false,1,,,205
161309,531,2024-11-05T00:00:00Z,General Election,,,,546,County Board Member,,2934,Locality,Arlington County,94978,Madison F. Granger,,,29846,Precinct,139 - Precinct 139,,false,1,,,138
161309,531,2024-11-05T00:00:00Z,General Election,,,,546,County Board Member,,2934,Locality,Arlington County,12517,Audrey R. Clement,,,29846,Precinct,139 - Precinct 139,,false,1,,,216
161309,531,2024-11-05T00:00:00Z,General Election,,,,546,County Board Member,,2934,Locality,Arlington County,6,Write-Ins,,,29846,Precinct,139 - Precinct 139,,false,1,,,18
161309,531,2024-11-05T00:00:00Z,General Election,,,,546,County Board Member,,2934,Locality,Arlington County,4,Total Votes Cast,,,29846,Precinct,139 - Precinct 139,,false,1,,,1310
161309,531,2024-11-05T00:00:00Z,General Election,,,,546,County Board Member,,2934,Locality,Arlington County,92690,"Julius D. ""JD"" Spain, Sr.",,,29847,Precinct,140 - Precinct 140,,true,1,,,1755
161309,531,2024-11-05T00:00:00Z,General Election,,,,546,County Board Member,,2934,Locality,Arlington County,94977,Juan Carlos Fierro,,,29847,Precinct,140 - Precinct 140,,false,1,,,392
161309,531,2024-11-05T00:00:00Z,General Election,,,,546,County Board Member,,2934,Locality,Arlington County,94978,Madison F. Granger,,,29847,Precinct,140 - Precinct 140,,false,1,,,409
161309,531,2024-11-05T00:00:00Z,General Election,,,,546,County Board Member,,2934,Locality,Arlington County,12517,Audrey R. Clement,,,29847,Precinct,140 - Precinct 140,,false,1,,,299
161309,531,2024-11-05T00:00:00Z,General Election,,,,546,County Board Member,,2934,Locality,Arlington County,6,Write-Ins,,,29847,Precinct,140 - Precinct 140,,false,1,,,24
161309,531,2024-11-05T00:00:00Z,General Election,,,,546,County Board Member,,2934,Locality,Arlington County,4,Total Votes Cast,,,29847,Precinct,140 - Precinct 140,,false,1,,,2879
161309,531,2024-11-05T00:00:00Z,General Election,,,,546,County Board Member,,2934,Locality,Arlington County,92690,"Julius D. ""JD"" Spain, Sr.",,,29848,Precinct,141 - Precinct 141,,true,1,,,1420
161309,531,2024-11-05T00:00:00Z,General Election,,,,546,County Board Member,,2934,Locality,Arlington County,94977,Juan Carlos Fierro,,,29848,Precinct,141 - Precinct 141,,false,1,,,356
161309,531,2024-11-05T00:00:00Z,General Election,,,,546,County Board Member,,2934,Locality,Arlington County,94978,Madison F. Granger,,,29848,Precinct,141 - Precinct 141,,false,1,,,317
161309,531,2024-11-05T00:00:00Z,General Election,,,,546,County Board Member,,2934,Locality,Arlington County,12517,Audrey R. Clement,,,29848,Precinct,141 - Precinct 141,,false,1,,,234
161309,531,2024-11-05T00:00:00Z,General Election,,,,546,County Board Member,,2934,Locality,Arlington County,6,Write-Ins,,,29848,Precinct,141 - Precinct 141,,false,1,,,17
161309,531,2024-11-05T00:00:00Z,General Election,,,,546,County Board Member,,2934,Locality,Arlington County,4,Total Votes Cast,,,29848,Precinct,141 - Precinct 141,,false,1,,,2344
161309,531,2024-11-05T00:00:00Z,General Election,,,,546,County Board Member,,2934,Locality,Arlington County,92690,"Julius D. ""JD"" Spain, Sr.",,,29849,Precinct,142 - Precinct 142,,true,1,,,1127
161309,531,2024-11-05T00:00:00Z,General Election,,,,546,County Board Member,,2934,Locality,Arlington County,94977,Juan Carlos Fierro,,,29849,Precinct,142 - Precinct 142,,false,1,,,210
161309,531,2024-11-05T00:00:00Z,General Election,,,,546,County Board Member,,2934,Locality,Arlington County,94978,Madison F. Granger,,,29849,Precinct,142 - Precinct 142,,false,1,,,224
161309,531,2024-11-05T00:00:00Z,General Election,,,,546,County Board Member,,2934,Locality,Arlington County,12517,Audrey R. Clement,,,29849,Precinct,142 - Precinct 142,,false,1,,,180
161309,531,2024-11-05T00:00:00Z,General Election,,,,546,County Board Member,,2934,Locality,Arlington County,6,Write-Ins,,,29849,Precinct,142 - Precinct 142,,false,1,,,6
161309,531,2024-11-05T00:00:00Z,General Election,,,,546,County Board Member,,2934,Locality,Arlington County,4,Total Votes Cast,,,29849,Precinct,142 - Precinct 142,,false,1,,,1747
161309,531,2024-11-05T00:00:00Z,General Election,,,,546,County Board Member,,2934,Locality,Arlington County,92690,"Julius D. ""JD"" Spain, Sr.",,,29850,Precinct,143 - Precinct 143,,true,1,,,903
161309,531,2024-11-05T00:00:00Z,General Election,,,,546,County Board Member,,2934,Locality,Arlington County,94977,Juan Carlos Fierro,,,29850,Precinct,143 - Precinct 143,,false,1,,,261
161309,531,2024-11-05T00:00:00Z,General Election,,,,546,County Board Member,,2934,Locality,Arlington County,94978,Madison F. Granger,,,29850,Precinct,143 - Precinct 143,,false,1,,,131
161309,531,2024-11-05T00:00:00Z,General Election,,,,546,County Board Member,,2934,Locality,Arlington County,12517,Audrey R. Clement,,,29850,Precinct,143 - Precinct 143,,false,1,,,117
161309,531,2024-11-05T00:00:00Z,General Election,,,,546,County Board Member,,2934,Locality,Arlington County,6,Write-Ins,,,29850,Precinct,143 - Precinct 143,,false,1,,,17
161309,531,2024-11-05T00:00:00Z,General Election,,,,546,County Board Member,,2934,Locality,Arlington County,4,Total Votes Cast,,,29850,Precinct,143 - Precinct 143,,false,1,,,1429
161309,531,2024-11-05T00:00:00Z,General Election,,,,546,County Board Member,,2934,Locality,Arlington County,92690,"Julius D. ""JD"" Spain, Sr.",,,29851,Precinct,144 - Precinct 144,,true,1,,,888
161309,531,2024-11-05T00:00:00Z,General Election,,,,546,County Board Member,,2934,Locality,Arlington County,94977,Juan Carlos Fierro,,,29851,Precinct,144 - Precinct 144,,false,1,,,231
161309,531,2024-11-05T00:00:00Z,General Election,,,,546,County Board Member,,2934,Locality,Arlington County,94978,Madison F. Granger,,,29851,Precinct,144 - Precinct 144,,false,1,,,171
161309,531,2024-11-05T00:00:00Z,General Election,,,,546,County Board Member,,2934,Locality,Arlington County,12517,Audrey R. Clement,,,29851,Precinct,144 - Precinct 144,,false,1,,,186
161309,531,2024-11-05T00:00:00Z,General Election,,,,546,County Board Member,,2934,Locality,Arlington County,6,Write-Ins,,,29851,Precinct,144 - Precinct 144,,false,1,,,13
161309,531,2024-11-05T00:00:00Z,General Election,,,,546,County Board Member,,2934,Locality,Arlington County,4,Total Votes Cast,,,29851,Precinct,144 - Precinct 144,,false,1,,,1489
161309,531,2024-11-05T00:00:00Z,General Election,,,,546,County Board Member,,2934,Locality,Arlington County,92690,"Julius D. ""JD"" Spain, Sr.",,,29852,Precinct,145 - Precinct 145,,true,1,,,1013
161309,531,2024-11-05T00:00:00Z,General Election,,,,546,County Board Member,,2934,Locality,Arlington County,94977,Juan Carlos Fierro,,,29852,Precinct,145 - Precinct 145,,false,1,,,263
161309,531,2024-11-05T00:00:00Z,General Election,,,,546,County Board Member,,2934,Locality,Arlington County,94978,Madison F. Granger,,,29852,Precinct,145 - Precinct 145,,false,1,,,208
161309,531,2024-11-05T00:00:00Z,General Election,,,,546,County Board Member,,2934,Locality,Arlington County,12517,Audrey R. Clement,,,29852,Precinct,145 - Precinct 145,,false,1,,,177
161309,531,2024-11-05T00:00:00Z,General Election,,,,546,County Board Member,,2934,Locality,Arlington County,6,Write-Ins,,,29852,Precinct,145 - Precinct 145,,false,1,,,9
161309,531,2024-11-05T00:00:00Z,General Election,,,,546,County Board Member,,2934,Locality,Arlington County,4,Total Votes Cast,,,29852,Precinct,145 - Precinct 145,,false,1,,,1670
161309,531,2024-11-05T00:00:00Z,General Election,,,,546,County Board Member,,2934,Locality,Arlington County,92690,"Julius D. ""JD"" Spain, Sr.",,,29853,Precinct,146 - Precinct 146,,true,1,,,1603
161309,531,2024-11-05T00:00:00Z,General Election,,,,546,County Board Member,,2934,Locality,Arlington County,94977,Juan Carlos Fierro,,,29853,Precinct,146 - Precinct 146,,false,1,,,380
161309,531,2024-11-05T00:00:00Z,General Election,,,,546,County Board Member,,2934,Locality,Arlington County,94978,Madison F. Granger,,,29853,Precinct,146 - Precinct 146,,false,1,,,378
161309,531,2024-11-05T00:00:00Z,General Election,,,,546,County Board Member,,2934,Locality,Arlington County,12517,Audrey R. Clement,,,29853,Precinct,146 - Precinct 146,,false,1,,,255
161309,531,2024-11-05T00:00:00Z,General Election,,,,546,County Board Member,,2934,Locality,Arlington County,6,Write-Ins,,,29853,Precinct,146 - Precinct 146,,false,1,,,21
161309,531,2024-11-05T00:00:00Z,General Election,,,,546,County Board Member,,2934,Locality,Arlington County,4,Total Votes Cast,,,29853,Precinct,146 - Precinct 146,,false,1,,,2637
161309,531,2024-11-05T00:00:00Z,General Election,,,,546,County Board Member,,2934,Locality,Arlington County,92690,"Julius D. ""JD"" Spain, Sr.",,,29854,Precinct,147 - Precinct 147,,true,1,,,973
161309,531,2024-11-05T00:00:00Z,General Election,,,,546,County Board Member,,2934,Locality,Arlington County,94977,Juan Carlos Fierro,,,29854,Precinct,147 - Precinct 147,,false,1,,,256
161309,531,2024-11-05T00:00:00Z,General Election,,,,546,County Board Member,,2934,Locality,Arlington County,94978,Madison F. Granger,,,29854,Precinct,147 - Precinct 147,,false,1,,,182
161309,531,2024-11-05T00:00:00Z,General Election,,,,546,County Board Member,,2934,Locality,Arlington County,12517,Audrey R. Clement,,,29854,Precinct,147 - Precinct 147,,false,1,,,169
161309,531,2024-11-05T00:00:00Z,General Election,,,,546,County Board Member,,2934,Locality,Arlington County,6,Write-Ins,,,29854,Precinct,147 - Precinct 147,,false,1,,,17
161309,531,2024-11-05T00:00:00Z,General Election,,,,546,County Board Member,,2934,Locality,Arlington County,4,Total Votes Cast,,,29854,Precinct,147 - Precinct 147,,false,1,,,1597
161309,531,2024-11-05T00:00:00Z,General Election,,,,546,County Board Member,,2934,Locality,Arlington County,92690,"Julius D. ""JD"" Spain, Sr.",,,29855,Precinct,148 - Precinct 148,,true,1,,,952
161309,531,2024-11-05T00:00:00Z,General Election,,,,546,County Board Member,,2934,Locality,Arlington County,94977,Juan Carlos Fierro,,,29855,Precinct,148 - Precinct 148,,false,1,,,282
161309,531,2024-11-05T00:00:00Z,General Election,,,,546,County Board Member,,2934,Locality,Arlington County,94978,Madison F. Granger,,,29855,Precinct,148 - Precinct 148,,false,1,,,251
161309,531,2024-11-05T00:00:00Z,General Election,,,,546,County Board Member,,2934,Locality,Arlington County,12517,Audrey R. Clement,,,29855,Precinct,148 - Precinct 148,,false,1,,,195
161309,531,2024-11-05T00:00:00Z,General Election,,,,546,County Board Member,,2934,Locality,Arlington County,6,Write-Ins,,,29855,Precinct,148 - Precinct 148,,false,1,,,23
161309,531,2024-11-05T00:00:00Z,General Election,,,,546,County Board Member,,2934,Locality,Arlington County,4,Total Votes Cast,,,29855,Precinct,148 - Precinct 148,,false,1,,,1703
161309,531,2024-11-05T00:00:00Z,General Election,,,,546,County Board Member,,2934,Locality,Arlington County,92690,"Julius D. ""JD"" Spain, Sr.",,,29856,Precinct,149 - Precinct 149,,true,1,,,990
161309,531,2024-11-05T00:00:00Z,General Election,,,,546,County Board Member,,2934,Locality,Arlington County,94977,Juan Carlos Fierro,,,29856,Precinct,149 - Precinct 149,,false,1,,,220
161309,531,2024-11-05T00:00:00Z,General Election,,,,546,County Board Member,,2934,Locality,Arlington County,94978,Madison F. Granger,,,29856,Precinct,149 - Precinct 149,,false,1,,,233
161309,531,2024-11-05T00:00:00Z,General Election,,,,546,County Board Member,,2934,Locality,Arlington County,12517,Audrey R. Clement,,,29856,Precinct,149 - Precinct 149,,false,1,,,164
161309,531,2024-11-05T00:00:00Z,General Election,,,,546,County Board Member,,2934,Locality,Arlington County,6,Write-Ins,,,29856,Precinct,149 - Precinct 149,,false,1,,,22
161309,531,2024-11-05T00:00:00Z,General Election,,,,546,County Board Member,,2934,Locality,Arlington County,4,Total Votes Cast,,,29856,Precinct,149 - Precinct 149,,false,1,,,1629
161309,531,2024-11-05T00:00:00Z,General Election,,,,546,County Board Member,,2934,Locality,Arlington County,92690,"Julius D. ""JD"" Spain, Sr.",,,29857,Precinct,150 - Precinct 150,,true,1,,,1173
161309,531,2024-11-05T00:00:00Z,General Election,,,,546,County Board Member,,2934,Locality,Arlington County,94977,Juan Carlos Fierro,,,29857,Precinct,150 - Precinct 150,,false,1,,,315
161309,531,2024-11-05T00:00:00Z,General Election,,,,546,County Board Member,,2934,Locality,Arlington County,94978,Madison F. Granger,,,29857,Precinct,150 - Precinct 150,,false,1,,,260
161309,531,2024-11-05T00:00:00Z,General Election,,,,546,County Board Member,,2934,Locality,Arlington County,12517,Audrey R. Clement,,,29857,Precinct,150 - Precinct 150,,false,1,,,233
161309,531,2024-11-05T00:00:00Z,General Election,,,,546,County Board Member,,2934,Locality,Arlington County,6,Write-Ins,,,29857,Precinct,150 - Precinct 150,,false,1,,,16
161309,531,2024-11-05T00:00:00Z,General Election,,,,546,County Board Member,,2934,Locality,Arlington County,4,Total Votes Cast,,,29857,Precinct,150 - Precinct 150,,false,1,,,1997
161309,531,2024-11-05T00:00:00Z,General Election,,,,546,County Board Member,,2934,Locality,Arlington County,92690,"Julius D. ""JD"" Spain, Sr.",,,132334,Precinct,151 - Precinct 151,,true,1,,,376
161309,531,2024-11-05T00:00:00Z,General Election,,,,546,County Board Member,,2934,Locality,Arlington County,94977,Juan Carlos Fierro,,,132334,Precinct,151 - Precinct 151,,false,1,,,74
161309,531,2024-11-05T00:00:00Z,General Election,,,,546,County Board Member,,2934,Locality,Arlington County,94978,Madison F. Granger,,,132334,Precinct,151 - Precinct 151,,false,1,,,44
161309,531,2024-11-05T00:00:00Z,General Election,,,,546,County Board Member,,2934,Locality,Arlington County,12517,Audrey R. Clement,,,132334,Precinct,151 - Precinct 151,,false,1,,,58
161309,531,2024-11-05T00:00:00Z,General Election,,,,546,County Board Member,,2934,Locality,Arlington County,6,Write-Ins,,,132334,Precinct,151 - Precinct 151,,false,1,,,1
161309,531,2024-11-05T00:00:00Z,General Election,,,,546,County Board Member,,2934,Locality,Arlington County,4,Total Votes Cast,,,132334,Precinct,151 - Precinct 151,,false,1,,,553
161309,531,2024-11-05T00:00:00Z,General Election,,,,546,County Board Member,,2934,Locality,Arlington County,92690,"Julius D. ""JD"" Spain, Sr.",,,132335,Precinct,152 - Precinct 152,,true,1,,,938
161309,531,2024-11-05T00:00:00Z,General Election,,,,546,County Board Member,,2934,Locality,Arlington County,94977,Juan Carlos Fierro,,,132335,Precinct,152 - Precinct 152,,false,1,,,242
161309,531,2024-11-05T00:00:00Z,General Election,,,,546,County Board Member,,2934,Locality,Arlington County,94978,Madison F. Granger,,,132335,Precinct,152 - Precinct 152,,false,1,,,178
161309,531,2024-11-05T00:00:00Z,General Election,,,,546,County Board Member,,2934,Locality,Arlington County,12517,Audrey R. Clement,,,132335,Precinct,152 - Precinct 152,,false,1,,,149
161309,531,2024-11-05T00:00:00Z,General Election,,,,546,County Board Member,,2934,Locality,Arlington County,6,Write-Ins,,,132335,Precinct,152 - Precinct 152,,false,1,,,8
161309,531,2024-11-05T00:00:00Z,General Election,,,,546,County Board Member,,2934,Locality,Arlington County,4,Total Votes Cast,,,132335,Precinct,152 - Precinct 152,,false,1,,,1515
161309,531,2024-11-05T00:00:00Z,General Election,,,,546,County Board Member,,2934,Locality,Arlington County,92690,"Julius D. ""JD"" Spain, Sr.",,,29860,Precinct,153 - Precinct 153,,true,1,,,1190
161309,531,2024-11-05T00:00:00Z,General Election,,,,546,County Board Member,,2934,Locality,Arlington County,94977,Juan Carlos Fierro,,,29860,Precinct,153 - Precinct 153,,false,1,,,296
161309,531,2024-11-05T00:00:00Z,General Election,,,,546,County Board Member,,2934,Locality,Arlington County,94978,Madison F. Granger,,,29860,Precinct,153 - Precinct 153,,false,1,,,324
161309,531,2024-11-05T00:00:00Z,General Election,,,,546,County Board Member,,2934,Locality,Arlington County,12517,Audrey R. Clement,,,29860,Precinct,153 - Precinct 153,,false,1,,,216
161309,531,2024-11-05T00:00:00Z,General Election,,,,546,County Board Member,,2934,Locality,Arlington County,6,Write-Ins,,,29860,Precinct,153 - Precinct 153,,false,1,,,16
161309,531,2024-11-05T00:00:00Z,General Election,,,,546,County Board Member,,2934,Locality,Arlington County,4,Total Votes Cast,,,29860,Precinct,153 - Precinct 153,,false,1,,,2042
161309,531,2024-11-05T00:00:00Z,General Election,,,,546,County Board Member,,2934,Locality,Arlington County,92690,"Julius D. ""JD"" Spain, Sr.",,,132336,Precinct,154 - Precinct 154,,true,1,,,609
161309,531,2024-11-05T00:00:00Z,General Election,,,,546,County Board Member,,2934,Locality,Arlington County,94977,Juan Carlos Fierro,,,132336,Precinct,154 - Precinct 154,,false,1,,,114
161309,531,2024-11-05T00:00:00Z,General Election,,,,546,County Board Member,,2934,Locality,Arlington County,94978,Madison F. Granger,,,132336,Precinct,154 - Precinct 154,,false,1,,,120
161309,531,2024-11-05T00:00:00Z,General Election,,,,546,County Board Member,,2934,Locality,Arlington County,12517,Audrey R. Clement,,,132336,Precinct,154 - Precinct 154,,false,1,,,88
161309,531,2024-11-05T00:00:00Z,General Election,,,,546,County Board Member,,2934,Locality,Arlington County,6,Write-Ins,,,132336,Precinct,154 - Precinct 154,,false,1,,,19
161309,531,2024-11-05T00:00:00Z,General Election,,,,546,County Board Member,,2934,Locality,Arlington County,4,Total Votes Cast,,,132336,Precinct,154 - Precinct 154,,false,1,,,950
161309,531,2024-11-05T00:00:00Z,General Election,,,,546,County Board Member,,2934,Locality,Arlington County,92690,"Julius D. ""JD"" Spain, Sr.",,,133460,Precinct,PROVISIONALS,,true,1,,,1876
161309,531,2024-11-05T00:00:00Z,General Election,,,,546,County Board Member,,2934,Locality,Arlington County,94977,Juan Carlos Fierro,,,133460,Precinct,PROVISIONALS,,false,1,,,654
161309,531,2024-11-05T00:00:00Z,General Election,,,,546,County Board Member,,2934,Locality,Arlington County,94978,Madison F. Granger,,,133460,Precinct,PROVISIONALS,,false,1,,,589
161309,531,2024-11-05T00:00:00Z,General Election,,,,546,County Board Member,,2934,Locality,Arlington County,12517,Audrey R. Clement,,,133460,Precinct,PROVISIONALS,,false,1,,,400
161309,531,2024-11-05T00:00:00Z,General Election,,,,546,County Board Member,,2934,Locality,Arlington County,6,Write-Ins,,,133460,Precinct,PROVISIONALS,,false,1,,,36
161309,531,2024-11-05T00:00:00Z,General Election,,,,546,County Board Member,,2934,Locality,Arlington County,4,Total Votes Cast,,,133460,Precinct,PROVISIONALS,,false,1,,,3555
161227,528,2024-06-18T00:00:00Z,Primary Election,Democratic,,,546,County Board Member,,2934,Locality,Arlington County,92690,"Julius D. ""JD"" Spain, Sr.",,,29808,Precinct,101 - Precinct 101,,true,1,1,Democratic,79
161227,528,2024-06-18T00:00:00Z,Primary Election,Democratic,,,546,County Board Member,,2934,Locality,Arlington County,92687,Natalie U. Roy,,,29808,Precinct,101 - Precinct 101,,false,1,1,Democratic,51
161227,528,2024-06-18T00:00:00Z,Primary Election,Democratic,,,546,County Board Member,,2934,Locality,Arlington County,93665,Tenley D. Peterson,,,29808,Precinct,101 - Precinct 101,,false,1,1,Democratic,54
161227,528,2024-06-18T00:00:00Z,Primary Election,Democratic,,,546,County Board Member,,2934,Locality,Arlington County,92681,James A. DeVita,,,29808,Precinct,101 - Precinct 101,,false,1,1,Democratic,20
161227,528,2024-06-18T00:00:00Z,Primary Election,Democratic,,,546,County Board Member,,2934,Locality,Arlington County,93667,Julie E. Farnam,,,29808,Precinct,101 - Precinct 101,,false,1,1,Democratic,12
161227,528,2024-06-18T00:00:00Z,Primary Election,Democratic,,,546,County Board Member,,2934,Locality,Arlington County,4,Total Votes Cast,,,29808,Precinct,101 - Precinct 101,,false,1,,,216
161227,528,2024-06-18T00:00:00Z,Primary Election,Democratic,,,546,County Board Member,,2934,Locality,Arlington County,92690,"Julius D. ""JD"" Spain, Sr.",,,29809,Precinct,102 - Precinct 102,,false,1,1,Democratic,112
161227,528,2024-06-18T00:00:00Z,Primary Election,Democratic,,,546,County Board Member,,2934,Locality,Arlington County,92687,Natalie U. Roy,,,29809,Precinct,102 - Precinct 102,,true,1,1,Democratic,372
161227,528,2024-06-18T00:00:00Z,Primary Election,Democratic,,,546,County Board Member,,2934,Locality,Arlington County,93665,Tenley D. Peterson,,,29809,Precinct,102 - Precinct 102,,false,1,1,Democratic,132
161227,528,2024-06-18T00:00:00Z,Primary Election,Democratic,,,546,County Board Member,,2934,Locality,Arlington County,92681,James A. DeVita,,,29809,Precinct,102 - Precinct 102,,false,1,1,Democratic,40
161227,528,2024-06-18T00:00:00Z,Primary Election,Democratic,,,546,County Board Member,,2934,Locality,Arlington County,93667,Julie E. Farnam,,,29809,Precinct,102 - Precinct 102,,false,1,1,Democratic,26
161227,528,2024-06-18T00:00:00Z,Primary Election,Democratic,,,546,County Board Member,,2934,Locality,Arlington County,4,Total Votes Cast,,,29809,Precinct,102 - Precinct 102,,false,1,,,682
161227,528,2024-06-18T00:00:00Z,Primary Election,Democratic,,,546,County Board Member,,2934,Locality,Arlington County,92690,"Julius D. ""JD"" Spain, Sr.",,,29810,Precinct,103 - Precinct 103,,false,1,1,Democratic,51
161227,528,2024-06-18T00:00:00Z,Primary Election,Democratic,,,546,County Board Member,,2934,Locality,Arlington County,92687,Natalie U. Roy,,,29810,Precinct,103 - Precinct 103,,true,1,1,Democratic,143
161227,528,2024-06-18T00:00:00Z,Primary Election,Democratic,,,546,County Board Member,,2934,Locality,Arlington County,93665,Tenley D. Peterson,,,29810,Precinct,103 - Precinct 103,,false,1,1,Democratic,74
161227,528,2024-06-18T00:00:00Z,Primary Election,Democratic,,,546,County Board Member,,2934,Locality,Arlington County,92681,James A. DeVita,,,29810,Precinct,103 - Precinct 103,,false,1,1,Democratic,46
161227,528,2024-06-18T00:00:00Z,Primary Election,Democratic,,,546,County Board Member,,2934,Locality,Arlington County,93667,Julie E. Farnam,,,29810,Precinct,103 - Precinct 103,,false,1,1,Democratic,49
161227,528,2024-06-18T00:00:00Z,Primary Election,Democratic,,,546,County Board Member,,2934,Locality,Arlington County,4,Total Votes Cast,,,29810,Precinct,103 - Precinct 103,,false,1,,,363
161227,528,2024-06-18T00:00:00Z,Primary Election,Democratic,,,546,County Board Member,,2934,Locality,Arlington County,92690,"Julius D. ""JD"" Spain, Sr.",,,29811,Precinct,104 - Precinct 104,,true,1,1,Democratic,144
161227,528,2024-06-18T00:00:00Z,Primary Election,Democratic,,,546,County Board Member,,2934,Locality,Arlington County,92687,Natalie U. Roy,,,29811,Precinct,104 - Precinct 104,,false,1,1,Democratic,90
161227,528,2024-06-18T00:00:00Z,Primary Election,Democratic,,,546,County Board Member,,2934,Locality,Arlington County,93665,Tenley D. Peterson,,,29811,Precinct,104 - Precinct 104,,false,1,1,Democratic,116
161227,528,2024-06-18T00:00:00Z,Primary Election,Democratic,,,546,County Board Member,,2934,Locality,Arlington County,92681,James A. DeVita,,,29811,Precinct,104 - Precinct 104,,false,1,1,Democratic,46
161227,528,2024-06-18T00:00:00Z,Primary Election,Democratic,,,546,County Board Member,,2934,Locality,Arlington County,93667,Julie E. Farnam,,,29811,Precinct,104 - Precinct 104,,false,1,1,Democratic,18
161227,528,2024-06-18T00:00:00Z,Primary Election,Democratic,,,546,County Board Member,,2934,Locality,Arlington County,4,Total Votes Cast,,,29811,Precinct,104 - Precinct 104,,false,1,,,414
161227,528,2024-06-18T00:00:00Z,Primary Election,Democratic,,,546,County Board Member,,2934,Locality,Arlington County,92690,"Julius D. ""JD"" Spain, Sr.",,,29812,Precinct,105 - Precinct 105,,true,1,1,Democratic,170
161227,528,2024-06-18T00:00:00Z,Primary Election,Democratic,,,546,County Board Member,,2934,Locality,Arlington County,92687,Natalie U. Roy,,,29812,Precinct,105 - Precinct 105,,false,1,1,Democratic,165
161227,528,2024-06-18T00:00:00Z,Primary Election,Democratic,,,546,County Board Member,,2934,Locality,Arlington County,93665,Tenley D. Peterson,,,29812,Precinct,105 - Precinct 105,,false,1,1,Democratic,78
161227,528,2024-06-18T00:00:00Z,Primary Election,Democratic,,,546,County Board Member,,2934,Locality,Arlington County,92681,James A. DeVita,,,29812,Precinct,105 - Precinct 105,,false,1,1,Democratic,55
161227,528,2024-06-18T00:00:00Z,Primary Election,Democratic,,,546,County Board Member,,2934,Locality,Arlington County,93667,Julie E. Farnam,,,29812,Precinct,105 - Precinct 105,,false,1,1,Democratic,16
161227,528,2024-06-18T00:00:00Z,Primary Election,Democratic,,,546,County Board Member,,2934,Locality,Arlington County,4,Total Votes Cast,,,29812,Precinct,105 - Precinct 105,,false,1,,,484
161227,528,2024-06-18T00:00:00Z,Primary Election,Democratic,,,546,County Board Member,,2934,Locality,Arlington County,92690,"Julius D. ""JD"" Spain, Sr.",,,29813,Precinct,106 - Precinct 106,,true,1,1,Democratic,107
161227,528,2024-06-18T00:00:00Z,Primary Election,Democratic,,,546,County Board Member,,2934,Locality,Arlington County,92687,Natalie U. Roy,,,29813,Precinct,106 - Precinct 106,,false,1,1,Democratic,47
161227,528,2024-06-18T00:00:00Z,Primary Election,Democratic,,,546,County Board Member,,2934,Locality,Arlington County,93665,Tenley D. Peterson,,,29813,Precinct,106 - Precinct 106,,false,1,1,Democratic,75
161227,528,2024-06-18T00:00:00Z,Primary Election,Democratic,,,546,County Board Member,,2934,Locality,Arlington County,92681,James A. DeVita,,,29813,Precinct,106 - Precinct 106,,false,1,1,Democratic,15
161227,528,2024-06-18T00:00:00Z,Primary Election,Democratic,,,546,County Board Member,,2934,Locality,Arlington County,93667,Julie E. Farnam,,,29813,Precinct,106 - Precinct 106,,false,1,1,Democratic,18
161227,528,2024-06-18T00:00:00Z,Primary Election,Democratic,,,546,County Board Member,,2934,Locality,Arlington County,4,Total Votes Cast,,,29813,Precinct,106 - Precinct 106,,false,1,,,262
161227,528,2024-06-18T00:00:00Z,Primary Election,Democratic,,,546,County Board Member,,2934,Locality,Arlington County,92690,"Julius D. ""JD"" Spain, Sr.",,,29814,Precinct,107 - Precinct 107,,false,1,1,Democratic,105
161227,528,2024-06-18T00:00:00Z,Primary Election,Democratic,,,546,County Board Member,,2934,Locality,Arlington County,92687,Natalie U. Roy,,,29814,Precinct,107 - Precinct 107,,false,1,1,Democratic,159
161227,528,2024-06-18T00:00:00Z,Primary Election,Democratic,,,546,County Board Member,,2934,Locality,Arlington County,93665,Tenley D. Peterson,,,29814,Precinct,107 - Precinct 107,,true,1,1,Democratic,160
161227,528,2024-06-18T00:00:00Z,Primary Election,Democratic,,,546,County Board Member,,2934,Locality,Arlington County,92681,James A. DeVita,,,29814,Precinct,107 - Precinct 107,,false,1,1,Democratic,49
161227,528,2024-06-18T00:00:00Z,Primary Election,Democratic,,,546,County Board Member,,2934,Locality,Arlington County,93667,Julie E. Farnam,,,29814,Precinct,107 - Precinct 107,,false,1,1,Democratic,34
161227,528,2024-06-18T00:00:00Z,Primary Election,Democratic,,,546,County Board Member,,2934,Locality,Arlington County,4,Total Votes Cast,,,29814,Precinct,107 - Precinct 107,,false,1,,,507
161227,528,2024-06-18T00:00:00Z,Primary Election,Democratic,,,546,County Board Member,,2934,Locality,Arlington County,92690,"Julius D. ""JD"" Spain, Sr.",,,29815,Precinct,108 - Precinct 108,,true,1,1,Democratic,131
161227,528,2024-06-18T00:00:00Z,Primary Election,Democratic,,,546,County Board Member,,2934,Locality,Arlington County,92687,Natalie U. Roy,,,29815,Precinct,108 - Precinct 108,,false,1,1,Democratic,82
161227,528,2024-06-18T00:00:00Z,Primary Election,Democratic,,,546,County Board Member,,2934,Locality,Arlington County,93665,Tenley D. Peterson,,,29815,Precinct,108 - Precinct 108,,false,1,1,Democratic,109
161227,528,2024-06-18T00:00:00Z,Primary Election,Democratic,,,546,County Board Member,,2934,Locality,Arlington County,92681,James A. DeVita,,,29815,Precinct,108 - Precinct 108,,false,1,1,Democratic,39
161227,528,2024-06-18T00:00:00Z,Primary Election,Democratic,,,546,County Board Member,,2934,Locality,Arlington County,93667,Julie E. Farnam,,,29815,Precinct,108 - Precinct 108,,false,1,1,Democratic,56
161227,528,2024-06-18T00:00:00Z,Primary Election,Democratic,,,546,County Board Member,,2934,Locality,Arlington County,4,Total Votes Cast,,,29815,Precinct,108 - Precinct 108,,false,1,,,417
161227,528,2024-06-18T00:00:00Z,Primary Election,Democratic,,,546,County Board Member,,2934,Locality,Arlington County,92690,"Julius D. ""JD"" Spain, Sr.",,,29816,Precinct,109 - Precinct 109,,true,1,1,Democratic,238
161227,528,2024-06-18T00:00:00Z,Primary Election,Democratic,,,546,County Board Member,,2934,Locality,Arlington County,92687,Natalie U. Roy,,,29816,Precinct,109 - Precinct 109,,false,1,1,Democratic,57
161227,528,2024-06-18T00:00:00Z,Primary Election,Democratic,,,546,County Board Member,,2934,Locality,Arlington County,93665,Tenley D. Peterson,,,29816,Precinct,109 - Precinct 109,,false,1,1,Democratic,102
161227,528,2024-06-18T00:00:00Z,Primary Election,Democratic,,,546,County Board Member,,2934,Locality,Arlington County,92681,James A. DeVita,,,29816,Precinct,109 - Precinct 109,,false,1,1,Democratic,31
161227,528,2024-06-18T00:00:00Z,Primary Election,Democratic,,,546,County Board Member,,2934,Locality,Arlington County,93667,Julie E. Farnam,,,29816,Precinct,109 - Precinct 109,,false,1,1,Democratic,26
161227,528,2024-06-18T00:00:00Z,Primary Election,Democratic,,,546,County Board Member,,2934,Locality,Arlington County,4,Total Votes Cast,,,29816,Precinct,109 - Precinct 109,,false,1,,,454
161227,528,2024-06-18T00:00:00Z,Primary Election,Democratic,,,546,County Board Member,,2934,Locality,Arlington County,92690,"Julius D. ""JD"" Spain, Sr.",,,132328,Precinct,110 - Precinct 110,,true,1,1,Democratic,144
161227,528,2024-06-18T00:00:00Z,Primary Election,Democratic,,,546,County Board Member,,2934,Locality,Arlington County,92687,Natalie U. Roy,,,132328,Precinct,110 - Precinct 110,,false,1,1,Democratic,71
161227,528,2024-06-18T00:00:00Z,Primary Election,Democratic,,,546,County Board Member,,2934,Locality,Arlington County,93665,Tenley D. Peterson,,,132328,Precinct,110 - Precinct 110,,false,1,1,Democratic,132
161227,528,2024-06-18T00:00:00Z,Primary Election,Democratic,,,546,County Board Member,,2934,Locality,Arlington County,92681,James A. DeVita,,,132328,Precinct,110 - Precinct 110,,false,1,1,Democratic,27
161227,528,2024-06-18T00:00:00Z,Primary Election,Democratic,,,546,County Board Member,,2934,Locality,Arlington County,93667,Julie E. Farnam,,,132328,Precinct,110 - Precinct 110,,false,1,1,Democratic,41
161227,528,2024-06-18T00:00:00Z,Primary Election,Democratic,,,546,County Board Member,,2934,Locality,Arlington County,4,Total Votes Cast,,,132328,Precinct,110 - Precinct 110,,false,1,,,415
161227,528,2024-06-18T00:00:00Z,Primary Election,Democratic,,,546,County Board Member,,2934,Locality,Arlington County,92690,"Julius D. ""JD"" Spain, Sr.",,,29818,Precinct,111 - Precinct 111,,true,1,1,Democratic,129
161227,528,2024-06-18T00:00:00Z,Primary Election,Democratic,,,546,County Board Member,,2934,Locality,Arlington County,92687,Natalie U. Roy,,,29818,Precinct,111 - Precinct 111,,false,1,1,Democratic,90
161227,528,2024-06-18T00:00:00Z,Primary Election,Democratic,,,546,County Board Member,,2934,Locality,Arlington County,93665,Tenley D. Peterson,,,29818,Precinct,111 - Precinct 111,,false,1,1,Democratic,59
161227,528,2024-06-18T00:00:00Z,Primary Election,Democratic,,,546,County Board Member,,2934,Locality,Arlington County,92681,James A. DeVita,,,29818,Precinct,111 - Precinct 111,,false,1,1,Democratic,52
161227,528,2024-06-18T00:00:00Z,Primary Election,Democratic,,,546,County Board Member,,2934,Locality,Arlington County,93667,Julie E. Farnam,,,29818,Precinct,111 - Precinct 111,,false,1,1,Democratic,22
161227,528,2024-06-18T00:00:00Z,Primary Election,Democratic,,,546,County Board Member,,2934,Locality,Arlington County,4,Total Votes Cast,,,29818,Precinct,111 - Precinct 111,,false,1,,,352
161227,528,2024-06-18T00:00:00Z,Primary Election,Democratic,,,546,County Board Member,,2934,Locality,Arlington County,92690,"Julius D. ""JD"" Spain, Sr.",,,29819,Precinct,112 - Precinct 112,,false,1,1,Democratic,121
161227,528,2024-06-18T00:00:00Z,Primary Election,Democratic,,,546,County Board Member,,2934,Locality,Arlington County,92687,Natalie U. Roy,,,29819,Precinct,112 - Precinct 112,,false,1,1,Democratic,67
161227,528,2024-06-18T00:00:00Z,Primary Election,Democratic,,,546,County Board Member,,2934,Locality,Arlington County,93665,Tenley D. Peterson,,,29819,Precinct,112 - Precinct 112,,true,1,1,Democratic,152
161227,528,2024-06-18T00:00:00Z,Primary Election,Democratic,,,546,County Board Member,,2934,Locality,Arlington County,92681,James A. DeVita,,,29819,Precinct,112 - Precinct 112,,false,1,1,Democratic,28
161227,528,2024-06-18T00:00:00Z,Primary Election,Democratic,,,546,County Board Member,,2934,Locality,Arlington County,93667,Julie E. Farnam,,,29819,Precinct,112 - Precinct 112,,false,1,1,Democratic,20
161227,528,2024-06-18T00:00:00Z,Primary Election,Democratic,,,546,County Board Member,,2934,Locality,Arlington County,4,Total Votes Cast,,,29819,Precinct,112 - Precinct 112,,false,1,,,388
161227,528,2024-06-18T00:00:00Z,Primary Election,Democratic,,,546,County Board Member,,2934,Locality,Arlington County,92690,"Julius D. ""JD"" Spain, Sr.",,,29820,Precinct,113 - Precinct 113,,false,1,1,Democratic,91
161227,528,2024-06-18T00:00:00Z,Primary Election,Democratic,,,546,County Board Member,,2934,Locality,Arlington County,92687,Natalie U. Roy,,,29820,Precinct,113 - Precinct 113,,true,1,1,Democratic,115
161227,528,2024-06-18T00:00:00Z,Primary Election,Democratic,,,546,County Board Member,,2934,Locality,Arlington County,93665,Tenley D. Peterson,,,29820,Precinct,113 - Precinct 113,,false,1,1,Democratic,63
161227,528,2024-06-18T00:00:00Z,Primary Election,Democratic,,,546,County Board Member,,2934,Locality,Arlington County,92681,James A. DeVita,,,29820,Precinct,113 - Precinct 113,,false,1,1,Democratic,45
161227,528,2024-06-18T00:00:00Z,Primary Election,Democratic,,,546,County Board Member,,2934,Locality,Arlington County,93667,Julie E. Farnam,,,29820,Precinct,113 - Precinct 113,,false,1,1,Democratic,18
161227,528,2024-06-18T00:00:00Z,Primary Election,Democratic,,,546,County Board Member,,2934,Locality,Arlington County,4,Total Votes Cast,,,29820,Precinct,113 - Precinct 113,,false,1,,,332
161227,528,2024-06-18T00:00:00Z,Primary Election,Democratic,,,546,County Board Member,,2934,Locality,Arlington County,92690,"Julius D. ""JD"" Spain, Sr.",,,29821,Precinct,114 - Precinct 114,,true,1,1,Democratic,85
161227,528,2024-06-18T00:00:00Z,Primary Election,Democratic,,,546,County Board Member,,2934,Locality,Arlington County,92687,Natalie U. Roy,,,29821,Precinct,114 - Precinct 114,,false,1,1,Democratic,52
161227,528,2024-06-18T00:00:00Z,Primary Election,Democratic,,,546,County Board Member,,2934,Locality,Arlington County,93665,Tenley D. Peterson,,,29821,Precinct,114 - Precinct 114,,false,1,1,Democratic,76
161227,528,2024-06-18T00:00:00Z,Primary Election,Democratic,,,546,County Board Member,,2934,Locality,Arlington County,92681,James A. DeVita,,,29821,Precinct,114 - Precinct 114,,false,1,1,Democratic,29
161227,528,2024-06-18T00:00:00Z,Primary Election,Democratic,,,546,County Board Member,,2934,Locality,Arlington County,93667,Julie E. Farnam,,,29821,Precinct,114 - Precinct 114,,false,1,1,Democratic,21
161227,528,2024-06-18T00:00:00Z,Primary Election,Democratic,,,546,County Board Member,,2934,Locality,Arlington County,4,Total Votes Cast,,,29821,Precinct,114 - Precinct 114,,false,1,,,263
161227,528,2024-06-18T00:00:00Z,Primary Election,Democratic,,,546,County Board Member,,2934,Locality,Arlington County,92690,"Julius D. ""JD"" Spain, Sr.",,,29822,Precinct,115 - Precinct 115,,false,1,1,Democratic,64
161227,528,2024-06-18T00:00:00Z,Primary Election,Democratic,,,546,County Board Member,,2934,Locality,Arlington County,92687,Natalie U. Roy,,,29822,Precinct,115 - Precinct 115,,true,1,1,Democratic,130
161227,528,2024-06-18T00:00:00Z,Primary Election,Democratic,,,546,County Board Member,,2934,Locality,Arlington County,93665,Tenley D. Peterson,,,29822,Precinct,115 - Precinct 115,,false,1,1,Democratic,47
161227,528,2024-06-18T00:00:00Z,Primary Election,Democratic,,,546,County Board Member,,2934,Locality,Arlington County,92681,James A. DeVita,,,29822,Precinct,115 - Precinct 115,,false,1,1,Democratic,25
161227,528,2024-06-18T00:00:00Z,Primary Election,Democratic,,,546,County Board Member,,2934,Locality,Arlington County,93667,Julie E. Farnam,,,29822,Precinct,115 - Precinct 115,,false,1,1,Democratic,9
161227,528,2024-06-18T00:00:00Z,Primary Election,Democratic,,,546,County Board Member,,2934,Locality,Arlington County,4,Total Votes Cast,,,29822,Precinct,115 - Precinct 115,,false,1,,,275
161227,528,2024-06-18T00:00:00Z,Primary Election,Democratic,,,546,County Board Member,,2934,Locality,Arlington County,92690,"Julius D. ""JD"" Spain, Sr.",,,29823,Precinct,116 - Precinct 116,,false,1,1,Democratic,130
161227,528,2024-06-18T00:00:00Z,Primary Election,Democratic,,,546,County Board Member,,2934,Locality,Arlington County,92687,Natalie U. Roy,,,29823,Precinct,116 - Precinct 116,,true,1,1,Democratic,228
161227,528,2024-06-18T00:00:00Z,Primary Election,Democratic,,,546,County Board Member,,2934,Locality,Arlington County,93665,Tenley D. Peterson,,,29823,Precinct,116 - Precinct 116,,false,1,1,Democratic,123
161227,528,2024-06-18T00:00:00Z,Primary Election,Democratic,,,546,County Board Member,,2934,Locality,Arlington County,92681,James A. DeVita,,,29823,Precinct,116 - Precinct 116,,false,1,1,Democratic,36
161227,528,2024-06-18T00:00:00Z,Primary Election,Democratic,,,546,County Board Member,,2934,Locality,Arlington County,93667,Julie E. Farnam,,,29823,Precinct,116 - Precinct 116,,false,1,1,Democratic,30
161227,528,2024-06-18T00:00:00Z,Primary Election,Democratic,,,546,County Board Member,,2934,Locality,Arlington County,4,Total Votes Cast,,,29823,Precinct,116 - Precinct 116,,false,1,,,547
161227,528,2024-06-18T00:00:00Z,Primary Election,Democratic,,,546,County Board Member,,2934,Locality,Arlington County,92690,"Julius D. ""JD"" Spain, Sr.",,,29824,Precinct,117 - Precinct 117,,false,1,1,Democratic,163
161227,528,2024-06-18T00:00:00Z,Primary Election,Democratic,,,546,County Board Member,,2934,Locality,Arlington County,92687,Natalie U. Roy,,,29824,Precinct,117 - Precinct 117,,true,1,1,Democratic,182
161227,528,2024-06-18T00:00:00Z,Primary Election,Democratic,,,546,County Board Member,,2934,Locality,Arlington County,93665,Tenley D. Peterson,,,29824,Precinct,117 - Precinct 117,,false,1,1,Democratic,108
161227,528,2024-06-18T00:00:00Z,Primary Election,Democratic,,,546,County Board Member,,2934,Locality,Arlington County,92681,James A. DeVita,,,29824,Precinct,117 - Precinct 117,,false,1,1,Democratic,68
161227,528,2024-06-18T00:00:00Z,Primary Election,Democratic,,,546,County Board Member,,2934,Locality,Arlington County,93667,Julie E. Farnam,,,29824,Precinct,117 - Precinct 117,,false,1,1,Democratic,38
161227,528,2024-06-18T00:00:00Z,Primary Election,Democratic,,,546,County Board Member,,2934,Locality,Arlington County,4,Total Votes Cast,,,29824,Precinct,117 - Precinct 117,,false,1,,,559
161227,528,2024-06-18T00:00:00Z,Primary Election,Democratic,,,546,County Board Member,,2934,Locality,Arlington County,92690,"Julius D. ""JD"" Spain, Sr.",,,29825,Precinct,118 - Precinct 118,,true,1,1,Democratic,184
161227,528,2024-06-18T00:00:00Z,Primary Election,Democratic,,,546,County Board Member,,2934,Locality,Arlington County,92687,Natalie U. Roy,,,29825,Precinct,118 - Precinct 118,,false,1,1,Democratic,82
161227,528,2024-06-18T00:00:00Z,Primary Election,Democratic,,,546,County Board Member,,2934,Locality,Arlington County,93665,Tenley D. Peterson,,,29825,Precinct,118 - Precinct 118,,false,1,1,Democratic,170
161227,528,2024-06-18T00:00:00Z,Primary Election,Democratic,,,546,County Board Member,,2934,Locality,Arlington County,92681,James A. DeVita,,,29825,Precinct,118 - Precinct 118,,false,1,1,Democratic,24
161227,528,2024-06-18T00:00:00Z,Primary Election,Democratic,,,546,County Board Member,,2934,Locality,Arlington County,93667,Julie E. Farnam,,,29825,Precinct,118 - Precinct 118,,false,1,1,Democratic,24
161227,528,2024-06-18T00:00:00Z,Primary Election,Democratic,,,546,County Board Member,,2934,Locality,Arlington County,4,Total Votes Cast,,,29825,Precinct,118 - Precinct 118,,false,1,,,484
161227,528,2024-06-18T00:00:00Z,Primary Election,Democratic,,,546,County Board Member,,2934,Locality,Arlington County,92690,"Julius D. ""JD"" Spain, Sr.",,,132329,Precinct,119 - Precinct 119,,true,1,1,Democratic,125
161227,528,2024-06-18T00:00:00Z,Primary Election,Democratic,,,546,County Board Member,,2934,Locality,Arlington County,92687,Natalie U. Roy,,,132329,Precinct,119 - Precinct 119,,false,1,1,Democratic,56
161227,528,2024-06-18T00:00:00Z,Primary Election,Democratic,,,546,County Board Member,,2934,Locality,Arlington County,93665,Tenley D. Peterson,,,132329,Precinct,119 - Precinct 119,,false,1,1,Democratic,116
161227,528,2024-06-18T00:00:00Z,Primary Election,Democratic,,,546,County Board Member,,2934,Locality,Arlington County,92681,James A. DeVita,,,132329,Precinct,119 - Precinct 119,,false,1,1,Democratic,25
161227,528,2024-06-18T00:00:00Z,Primary Election,Democratic,,,546,County Board Member,,2934,Locality,Arlington County,93667,Julie E. Farnam,,,132329,Precinct,119 - Precinct 119,,false,1,1,Democratic,31
161227,528,2024-06-18T00:00:00Z,Primary Election,Democratic,,,546,County Board Member,,2934,Locality,Arlington County,4,Total Votes Cast,,,132329,Precinct,119 - Precinct 119,,false,1,,,353
161227,528,2024-06-18T00:00:00Z,Primary Election,Democratic,,,546,County Board Member,,2934,Locality,Arlington County,92690,"Julius D. ""JD"" Spain, Sr.",,,29827,Precinct,120 - Precinct 120,,false,1,1,Democratic,110
161227,528,2024-06-18T00:00:00Z,Primary Election,Democratic,,,546,County Board Member,,2934,Locality,Arlington County,92687,Natalie U. Roy,,,29827,Precinct,120 - Precinct 120,,true,1,1,Democratic,316
161227,528,2024-06-18T00:00:00Z,Primary Election,Democratic,,,546,County Board Member,,2934,Locality,Arlington County,93665,Tenley D. Peterson,,,29827,Precinct,120 - Precinct 120,,false,1,1,Democratic,73
161227,528,2024-06-18T00:00:00Z,Primary Election,Democratic,,,546,County Board Member,,2934,Locality,Arlington County,92681,James A. DeVita,,,29827,Precinct,120 - Precinct 120,,false,1,1,Democratic,62
161227,528,2024-06-18T00:00:00Z,Primary Election,Democratic,,,546,County Board Member,,2934,Locality,Arlington County,93667,Julie E. Farnam,,,29827,Precinct,120 - Precinct 120,,false,1,1,Democratic,35
161227,528,2024-06-18T00:00:00Z,Primary Election,Democratic,,,546,County Board Member,,2934,Locality,Arlington County,4,Total Votes Cast,,,29827,Precinct,120 - Precinct 120,,false,1,,,596
161227,528,2024-06-18T00:00:00Z,Primary Election,Democratic,,,546,County Board Member,,2934,Locality,Arlington County,92690,"Julius D. ""JD"" Spain, Sr.",,,29828,Precinct,121 - Precinct 121,,false,1,1,Democratic,47
161227,528,2024-06-18T00:00:00Z,Primary Election,Democratic,,,546,County Board Member,,2934,Locality,Arlington County,92687,Natalie U. Roy,,,29828,Precinct,121 - Precinct 121,,false,1,1,Democratic,26
161227,528,2024-06-18T00:00:00Z,Primary Election,Democratic,,,546,County Board Member,,2934,Locality,Arlington County,93665,Tenley D. Peterson,,,29828,Precinct,121 - Precinct 121,,true,1,1,Democratic,78
161227,528,2024-06-18T00:00:00Z,Primary Election,Democratic,,,546,County Board Member,,2934,Locality,Arlington County,92681,James A. DeVita,,,29828,Precinct,121 - Precinct 121,,false,1,1,Democratic,19
161227,528,2024-06-18T00:00:00Z,Primary Election,Democratic,,,546,County Board Member,,2934,Locality,Arlington County,93667,Julie E. Farnam,,,29828,Precinct,121 - Precinct 121,,false,1,1,Democratic,14
161227,528,2024-06-18T00:00:00Z,Primary Election,Democratic,,,546,County Board Member,,2934,Locality,Arlington County,4,Total Votes Cast,,,29828,Precinct,121 - Precinct 121,,false,1,,,184
161227,528,2024-06-18T00:00:00Z,Primary Election,Democratic,,,546,County Board Member,,2934,Locality,Arlington County,92690,"Julius D. ""JD"" Spain, Sr.",,,29829,Precinct,122 - Precinct 122,,true,1,1,Democratic,158
161227,528,2024-06-18T00:00:00Z,Primary Election,Democratic,,,546,County Board Member,,2934,Locality,Arlington County,92687,Natalie U. Roy,,,29829,Precinct,122 - Precinct 122,,false,1,1,Democratic,52
161227,528,2024-06-18T00:00:00Z,Primary Election,Democratic,,,546,County Board Member,,2934,Locality,Arlington County,93665,Tenley D. Peterson,,,29829,Precinct,122 - Precinct 122,,false,1,1,Democratic,100
161227,528,2024-06-18T00:00:00Z,Primary Election,Democratic,,,546,County Board Member,,2934,Locality,Arlington County,92681,James A. DeVita,,,29829,Precinct,122 - Precinct 122,,false,1,1,Democratic,40
161227,528,2024-06-18T00:00:00Z,Primary Election,Democratic,,,546,County Board Member,,2934,Locality,Arlington County,93667,Julie E. Farnam,,,29829,Precinct,122 - Precinct 122,,false,1,1,Democratic,25
161227,528,2024-06-18T00:00:00Z,Primary Election,Democratic,,,546,County Board Member,,2934,Locality,Arlington County,4,Total Votes Cast,,,29829,Precinct,122 - Precinct 122,,false,1,,,375
161227,528,2024-06-18T00:00:00Z,Primary Election,Democratic,,,546,County Board Member,,2934,Locality,Arlington County,92690,"Julius D. ""JD"" Spain, Sr.",,,29830,Precinct,123 - Precinct 123,,false,1,1,Democratic,150
161227,528,2024-06-18T00:00:00Z,Primary Election,Democratic,,,546,County Board Member,,2934,Locality,Arlington County,92687,Natalie U. Roy,,,29830,Precinct,123 - Precinct 123,,true,1,1,Democratic,158
161227,528,2024-06-18T00:00:00Z,Primary Election,Democratic,,,546,County Board Member,,2934,Locality,Arlington County,93665,Tenley D. Peterson,,,29830,Precinct,123 - Precinct 123,,false,1,1,Democratic,78
161227,528,2024-06-18T00:00:00Z,Primary Election,Democratic,,,546,County Board Member,,2934,Locality,Arlington County,92681,James A. DeVita,,,29830,Precinct,123 - Precinct 123,,false,1,1,Democratic,58
161227,528,2024-06-18T00:00:00Z,Primary Election,Democratic,,,546,County Board Member,,2934,Locality,Arlington County,93667,Julie E. Farnam,,,29830,Precinct,123 - Precinct 123,,false,1,1,Democratic,24
161227,528,2024-06-18T00:00:00Z,Primary Election,Democratic,,,546,County Board Member,,2934,Locality,Arlington County,4,Total Votes Cast,,,29830,Precinct,123 - Precinct 123,,false,1,,,468
161227,528,2024-06-18T00:00:00Z,Primary Election,Democratic,,,546,County Board Member,,2934,Locality,Arlington County,92690,"Julius D. ""JD"" Spain, Sr.",,,29831,Precinct,124 - Precinct 124,,true,1,1,Democratic,229
161227,528,2024-06-18T00:00:00Z,Primary Election,Democratic,,,546,County Board Member,,2934,Locality,Arlington County,92687,Natalie U. Roy,,,29831,Precinct,124 - Precinct 124,,false,1,1,Democratic,163
161227,528,2024-06-18T00:00:00Z,Primary Election,Democratic,,,546,County Board Member,,2934,Locality,Arlington County,93665,Tenley D. Peterson,,,29831,Precinct,124 - Precinct 124,,false,1,1,Democratic,123
161227,528,2024-06-18T00:00:00Z,Primary Election,Democratic,,,546,County Board Member,,2934,Locality,Arlington County,92681,James A. DeVita,,,29831,Precinct,124 - Precinct 124,,false,1,1,Democratic,58
161227,528,2024-06-18T00:00:00Z,Primary Election,Democratic,,,546,County Board Member,,2934,Locality,Arlington County,93667,Julie E. Farnam,,,29831,Precinct,124 - Precinct 124,,false,1,1,Democratic,24
161227,528,2024-06-18T00:00:00Z,Primary Election,Democratic,,,546,County Board Member,,2934,Locality,Arlington County,4,Total Votes Cast,,,29831,Precinct,124 - Precinct 124,,false,1,,,597
161227,528,2024-06-18T00:00:00Z,Primary Election,Democratic,,,546,County Board Member,,2934,Locality,Arlington County,92690,"Julius D. ""JD"" Spain, Sr.",,,132330,Precinct,125 - Precinct 125,,false,1,1,Democratic,140
161227,528,2024-06-18T00:00:00Z,Primary Election,Democratic,,,546,County Board Member,,2934,Locality,Arlington County,92687,Natalie U. Roy,,,132330,Precinct,125 - Precinct 125,,true,1,1,Democratic,194
161227,528,2024-06-18T00:00:00Z,Primary Election,Democratic,,,546,County Board Member,,2934,Locality,Arlington County,93665,Tenley D. Peterson,,,132330,Precinct,125 - Precinct 125,,false,1,1,Democratic,105
161227,528,2024-06-18T00:00:00Z,Primary Election,Democratic,,,546,County Board Member,,2934,Locality,Arlington County,92681,James A. DeVita,,,132330,Precinct,125 - Precinct 125,,false,1,1,Democratic,49
161227,528,2024-06-18T00:00:00Z,Primary Election,Democratic,,,546,County Board Member,,2934,Locality,Arlington County,93667,Julie E. Farnam,,,132330,Precinct,125 - Precinct 125,,false,1,1,Democratic,43
161227,528,2024-06-18T00:00:00Z,Primary Election,Democratic,,,546,County Board Member,,2934,Locality,Arlington County,4,Total Votes Cast,,,132330,Precinct,125 - Precinct 125,,false,1,,,531
161227,528,2024-06-18T00:00:00Z,Primary Election,Democratic,,,546,County Board Member,,2934,Locality,Arlington County,92690,"Julius D. ""JD"" Spain, Sr.",,,29833,Precinct,126 - Precinct 126,,true,1,1,Democratic,162
161227,528,2024-06-18T00:00:00Z,Primary Election,Democratic,,,546,County Board Member,,2934,Locality,Arlington County,92687,Natalie U. Roy,,,29833,Precinct,126 - Precinct 126,,false,1,1,Democratic,121
161227,528,2024-06-18T00:00:00Z,Primary Election,Democratic,,,546,County Board Member,,2934,Locality,Arlington County,93665,Tenley D. Peterson,,,29833,Precinct,126 - Precinct 126,,false,1,1,Democratic,95
161227,528,2024-06-18T00:00:00Z,Primary Election,Democratic,,,546,County Board Member,,2934,Locality,Arlington County,92681,James A. DeVita,,,29833,Precinct,126 - Precinct 126,,false,1,1,Democratic,51
161227,528,2024-06-18T00:00:00Z,Primary Election,Democratic,,,546,County Board Member,,2934,Locality,Arlington County,93667,Julie E. Farnam,,,29833,Precinct,126 - Precinct 126,,false,1,1,Democratic,18
161227,528,2024-06-18T00:00:00Z,Primary Election,Democratic,,,546,County Board Member,,2934,Locality,Arlington County,4,Total Votes Cast,,,29833,Precinct,126 - Precinct 126,,false,1,,,447
161227,528,2024-06-18T00:00:00Z,Primary Election,Democratic,,,546,County Board Member,,2934,Locality,Arlington County,92690,"Julius D. ""JD"" Spain, Sr.",,,29834,Precinct,127 - Precinct 127,,true,1,1,Democratic,198
161227,528,2024-06-18T00:00:00Z,Primary Election,Democratic,,,546,County Board Member,,2934,Locality,Arlington County,92687,Natalie U. Roy,,,29834,Precinct,127 - Precinct 127,,false,1,1,Democratic,141
161227,528,2024-06-18T00:00:00Z,Primary Election,Democratic,,,546,County Board Member,,2934,Locality,Arlington County,93665,Tenley D. Peterson,,,29834,Precinct,127 - Precinct 127,,false,1,1,Democratic,74
161227,528,2024-06-18T00:00:00Z,Primary Election,Democratic,,,546,County Board Member,,2934,Locality,Arlington County,92681,James A. DeVita,,,29834,Precinct,127 - Precinct 127,,false,1,1,Democratic,54
161227,528,2024-06-18T00:00:00Z,Primary Election,Democratic,,,546,County Board Member,,2934,Locality,Arlington County,93667,Julie E. Farnam,,,29834,Precinct,127 - Precinct 127,,false,1,1,Democratic,16
161227,528,2024-06-18T00:00:00Z,Primary Election,Democratic,,,546,County Board Member,,2934,Locality,Arlington County,4,Total Votes Cast,,,29834,Precinct,127 - Precinct 127,,false,1,,,483
161227,528,2024-06-18T00:00:00Z,Primary Election,Democratic,,,546,County Board Member,,2934,Locality,Arlington County,92690,"Julius D. ""JD"" Spain, Sr.",,,29835,Precinct,128 - Precinct 128,,true,1,1,Democratic,147
161227,528,2024-06-18T00:00:00Z,Primary Election,Democratic,,,546,County Board Member,,2934,Locality,Arlington County,92687,Natalie U. Roy,,,29835,Precinct,128 - Precinct 128,,false,1,1,Democratic,88
161227,528,2024-06-18T00:00:00Z,Primary Election,Democratic,,,546,County Board Member,,2934,Locality,Arlington County,93665,Tenley D. Peterson,,,29835,Precinct,128 - Precinct 128,,false,1,1,Democratic,114
161227,528,2024-06-18T00:00:00Z,Primary Election,Democratic,,,546,County Board Member,,2934,Locality,Arlington County,92681,James A. DeVita,,,29835,Precinct,128 - Precinct 128,,false,1,1,Democratic,51
161227,528,2024-06-18T00:00:00Z,Primary Election,Democratic,,,546,County Board Member,,2934,Locality,Arlington County,93667,Julie E. Farnam,,,29835,Precinct,128 - Precinct 128,,false,1,1,Democratic,23
161227,528,2024-06-18T00:00:00Z,Primary Election,Democratic,,,546,County Board Member,,2934,Locality,Arlington County,4,Total Votes Cast,,,29835,Precinct,128 - Precinct 128,,false,1,,,423
161227,528,2024-06-18T00:00:00Z,Primary Election,Democratic,,,546,County Board Member,,2934,Locality,Arlington County,92690,"Julius D. ""JD"" Spain, Sr.",,,29836,Precinct,129 - Precinct 129,,true,1,1,Democratic,231
161227,528,2024-06-18T00:00:00Z,Primary Election,Democratic,,,546,County Board Member,,2934,Locality,Arlington County,92687,Natalie U. Roy,,,29836,Precinct,129 - Precinct 129,,false,1,1,Democratic,139
161227,528,2024-06-18T00:00:00Z,Primary Election,Democratic,,,546,County Board Member,,2934,Locality,Arlington County,93665,Tenley D. Peterson,,,29836,Precinct,129 - Precinct 129,,false,1,1,Democratic,118
161227,528,2024-06-18T00:00:00Z,Primary Election,Democratic,,,546,County Board Member,,2934,Locality,Arlington County,92681,James A. DeVita,,,29836,Precinct,129 - Precinct 129,,false,1,1,Democratic,49
161227,528,2024-06-18T00:00:00Z,Primary Election,Democratic,,,546,County Board Member,,2934,Locality,Arlington County,93667,Julie E. Farnam,,,29836,Precinct,129 - Precinct 129,,false,1,1,Democratic,33
161227,528,2024-06-18T00:00:00Z,Primary Election,Democratic,,,546,County Board Member,,2934,Locality,Arlington County,4,Total Votes Cast,,,29836,Precinct,129 - Precinct 129,,false,1,,,570
161227,528,2024-06-18T00:00:00Z,Primary Election,Democratic,,,546,County Board Member,,2934,Locality,Arlington County,92690,"Julius D. ""JD"" Spain, Sr.",,,29837,Precinct,130 - Precinct 130,,true,1,1,Democratic,184
161227,528,2024-06-18T00:00:00Z,Primary Election,Democratic,,,546,County Board Member,,2934,Locality,Arlington County,92687,Natalie U. Roy,,,29837,Precinct,130 - Precinct 130,,false,1,1,Democratic,30
161227,528,2024-06-18T00:00:00Z,Primary Election,Democratic,,,546,County Board Member,,2934,Locality,Arlington County,93665,Tenley D. Peterson,,,29837,Precinct,130 - Precinct 130,,false,1,1,Democratic,62
161227,528,2024-06-18T00:00:00Z,Primary Election,Democratic,,,546,County Board Member,,2934,Locality,Arlington County,92681,James A. DeVita,,,29837,Precinct,130 - Precinct 130,,false,1,1,Democratic,28
161227,528,2024-06-18T00:00:00Z,Primary Election,Democratic,,,546,County Board Member,,2934,Locality,Arlington County,93667,Julie E. Farnam,,,29837,Precinct,130 - Precinct 130,,false,1,1,Democratic,19
161227,528,2024-06-18T00:00:00Z,Primary Election,Democratic,,,546,County Board Member,,2934,Locality,Arlington County,4,Total Votes Cast,,,29837,Precinct,130 - Precinct 130,,false,1,,,323
161227,528,2024-06-18T00:00:00Z,Primary Election,Democratic,,,546,County Board Member,,2934,Locality,Arlington County,92690,"Julius D. ""JD"" Spain, Sr.",,,29838,Precinct,131 - Precinct 131,,false,1,1,Democratic,144
161227,528,2024-06-18T00:00:00Z,Primary Election,Democratic,,,546,County Board Member,,2934,Locality,Arlington County,92687,Natalie U. Roy,,,29838,Precinct,131 - Precinct 131,,true,1,1,Democratic,215
161227,528,2024-06-18T00:00:00Z,Primary Election,Democratic,,,546,County Board Member,,2934,Locality,Arlington County,93665,Tenley D. Peterson,,,29838,Precinct,131 - Precinct 131,,false,1,1,Democratic,92
161227,528,2024-06-18T00:00:00Z,Primary Election,Democratic,,,546,County Board Member,,2934,Locality,Arlington County,92681,James A. DeVita,,,29838,Precinct,131 - Precinct 131,,false,1,1,Democratic,62
161227,528,2024-06-18T00:00:00Z,Primary Election,Democratic,,,546,County Board Member,,2934,Locality,Arlington County,93667,Julie E. Farnam,,,29838,Precinct,131 - Precinct 131,,false,1,1,Democratic,28
161227,528,2024-06-18T00:00:00Z,Primary Election,Democratic,,,546,County Board Member,,2934,Locality,Arlington County,4,Total Votes Cast,,,29838,Precinct,131 - Precinct 131,,false,1,,,541
161227,528,2024-06-18T00:00:00Z,Primary Election,Democratic,,,546,County Board Member,,2934,Locality,Arlington County,92690,"Julius D. ""JD"" Spain, Sr.",,,29839,Precinct,132 - Precinct 132,,false,1,1,Democratic,37
161227,528,2024-06-18T00:00:00Z,Primary Election,Democratic,,,546,County Board Member,,2934,Locality,Arlington County,92687,Natalie U. Roy,,,29839,Precinct,132 - Precinct 132,,false,1,1,Democratic,23
161227,528,2024-06-18T00:00:00Z,Primary Election,Democratic,,,546,County Board Member,,2934,Locality,Arlington County,93665,Tenley D. Peterson,,,29839,Precinct,132 - Precinct 132,,true,1,1,Democratic,40
161227,528,2024-06-18T00:00:00Z,Primary Election,Democratic,,,546,County Board Member,,2934,Locality,Arlington County,92681,James A. DeVita,,,29839,Precinct,132 - Precinct 132,,false,1,1,Democratic,21
161227,528,2024-06-18T00:00:00Z,Primary Election,Democratic,,,546,County Board Member,,2934,Locality,Arlington County,93667,Julie E. Farnam,,,29839,Precinct,132 - Precinct 132,,false,1,1,Democratic,28
161227,528,2024-06-18T00:00:00Z,Primary Election,Democratic,,,546,County Board Member,,2934,Locality,Arlington County,4,Total Votes Cast,,,29839,Precinct,132 - Precinct 132,,false,1,,,149
161227,528,2024-06-18T00:00:00Z,Primary Election,Democratic,,,546,County Board Member,,2934,Locality,Arlington County,92690,"Julius D. ""JD"" Spain, Sr.",,,29840,Precinct,133 - Precinct 133,,false,1,1,Democratic,107
161227,528,2024-06-18T00:00:00Z,Primary Election,Democratic,,,546,County Board Member,,2934,Locality,Arlington County,92687,Natalie U. Roy,,,29840,Precinct,133 - Precinct 133,,true,1,1,Democratic,202
161227,528,2024-06-18T00:00:00Z,Primary Election,Democratic,,,546,County Board Member,,2934,Locality,Arlington County,93665,Tenley D. Peterson,,,29840,Precinct,133 - Precinct 133,,false,1,1,Democratic,141
161227,528,2024-06-18T00:00:00Z,Primary Election,Democratic,,,546,County Board Member,,2934,Locality,Arlington County,92681,James A. DeVita,,,29840,Precinct,133 - Precinct 133,,false,1,1,Democratic,73
161227,528,2024-06-18T00:00:00Z,Primary Election,Democratic,,,546,County Board Member,,2934,Locality,Arlington County,93667,Julie E. Farnam,,,29840,Precinct,133 - Precinct 133,,false,1,1,Democratic,28
161227,528,2024-06-18T00:00:00Z,Primary Election,Democratic,,,546,County Board Member,,2934,Locality,Arlington County,4,Total Votes Cast,,,29840,Precinct,133 - Precinct 133,,false,1,,,551
161227,528,2024-06-18T00:00:00Z,Primary Election,Democratic,,,546,County Board Member,,2934,Locality,Arlington County,92690,"Julius D. ""JD"" Spain, Sr.",,,29841,Precinct,134 - Precinct 134,,false,1,1,Democratic,132
161227,528,2024-06-18T00:00:00Z,Primary Election,Democratic,,,546,County Board Member,,2934,Locality,Arlington County,92687,Natalie U. Roy,,,29841,Precinct,134 - Precinct 134,,true,1,1,Democratic,168
161227,528,2024-06-18T00:00:00Z,Primary Election,Democratic,,,546,County Board Member,,2934,Locality,Arlington County,93665,Tenley D. Peterson,,,29841,Precinct,134 - Precinct 134,,false,1,1,Democratic,85
161227,528,2024-06-18T00:00:00Z,Primary Election,Democratic,,,546,County Board Member,,2934,Locality,Arlington County,92681,James A. DeVita,,,29841,Precinct,134 - Precinct 134,,false,1,1,Democratic,46
161227,528,2024-06-18T00:00:00Z,Primary Election,Democratic,,,546,County Board Member,,2934,Locality,Arlington County,93667,Julie E. Farnam,,,29841,Precinct,134 - Precinct 134,,false,1,1,Democratic,35
161227,528,2024-06-18T00:00:00Z,Primary Election,Democratic,,,546,County Board Member,,2934,Locality,Arlington County,4,Total Votes Cast,,,29841,Precinct,134 - Precinct 134,,false,1,,,466
161227,528,2024-06-18T00:00:00Z,Primary Election,Democratic,,,546,County Board Member,,2934,Locality,Arlington County,92690,"Julius D. ""JD"" Spain, Sr.",,,132331,Precinct,135 - Precinct 135,,false,1,1,Democratic,108
161227,528,2024-06-18T00:00:00Z,Primary Election,Democratic,,,546,County Board Member,,2934,Locality,Arlington County,92687,Natalie U. Roy,,,132331,Precinct,135 - Precinct 135,,true,1,1,Democratic,302
161227,528,2024-06-18T00:00:00Z,Primary Election,Democratic,,,546,County Board Member,,2934,Locality,Arlington County,93665,Tenley D. Peterson,,,132331,Precinct,135 - Precinct 135,,false,1,1,Democratic,73
161227,528,2024-06-18T00:00:00Z,Primary Election,Democratic,,,546,County Board Member,,2934,Locality,Arlington County,92681,James A. DeVita,,,132331,Precinct,135 - Precinct 135,,false,1,1,Democratic,99
161227,528,2024-06-18T00:00:00Z,Primary Election,Democratic,,,546,County Board Member,,2934,Locality,Arlington County,93667,Julie E. Farnam,,,132331,Precinct,135 - Precinct 135,,false,1,1,Democratic,37
161227,528,2024-06-18T00:00:00Z,Primary Election,Democratic,,,546,County Board Member,,2934,Locality,Arlington County,4,Total Votes Cast,,,132331,Precinct,135 - Precinct 135,,false,1,,,619
161227,528,2024-06-18T00:00:00Z,Primary Election,Democratic,,,546,County Board Member,,2934,Locality,Arlington County,92690,"Julius D. ""JD"" Spain, Sr.",,,29843,Precinct,136 - Precinct 136,,false,1,1,Democratic,131
161227,528,2024-06-18T00:00:00Z,Primary Election,Democratic,,,546,County Board Member,,2934,Locality,Arlington County,92687,Natalie U. Roy,,,29843,Precinct,136 - Precinct 136,,true,1,1,Democratic,213
161227,528,2024-06-18T00:00:00Z,Primary Election,Democratic,,,546,County Board Member,,2934,Locality,Arlington County,93665,Tenley D. Peterson,,,29843,Precinct,136 - Precinct 136,,false,1,1,Democratic,84
161227,528,2024-06-18T00:00:00Z,Primary Election,Democratic,,,546,County Board Member,,2934,Locality,Arlington County,92681,James A. DeVita,,,29843,Precinct,136 - Precinct 136,,false,1,1,Democratic,63
161227,528,2024-06-18T00:00:00Z,Primary Election,Democratic,,,546,County Board Member,,2934,Locality,Arlington County,93667,Julie E. Farnam,,,29843,Precinct,136 - Precinct 136,,false,1,1,Democratic,32
161227,528,2024-06-18T00:00:00Z,Primary Election,Democratic,,,546,County Board Member,,2934,Locality,Arlington County,4,Total Votes Cast,,,29843,Precinct,136 - Precinct 136,,false,1,,,523
161227,528,2024-06-18T00:00:00Z,Primary Election,Democratic,,,546,County Board Member,,2934,Locality,Arlington County,92690,"Julius D. ""JD"" Spain, Sr.",,,132332,Precinct,137 - Precinct 137,,false,1,1,Democratic,124
161227,528,2024-06-18T00:00:00Z,Primary Election,Democratic,,,546,County Board Member,,2934,Locality,Arlington County,92687,Natalie U. Roy,,,132332,Precinct,137 - Precinct 137,,true,1,1,Democratic,152
161227,528,2024-06-18T00:00:00Z,Primary Election,Democratic,,,546,County Board Member,,2934,Locality,Arlington County,93665,Tenley D. Peterson,,,132332,Precinct,137 - Precinct 137,,false,1,1,Democratic,79
161227,528,2024-06-18T00:00:00Z,Primary Election,Democratic,,,546,County Board Member,,2934,Locality,Arlington County,92681,James A. DeVita,,,132332,Precinct,137 - Precinct 137,,false,1,1,Democratic,72
161227,528,2024-06-18T00:00:00Z,Primary Election,Democratic,,,546,County Board Member,,2934,Locality,Arlington County,93667,Julie E. Farnam,,,132332,Precinct,137 - Precinct 137,,false,1,1,Democratic,30
161227,528,2024-06-18T00:00:00Z,Primary Election,Democratic,,,546,County Board Member,,2934,Locality,Arlington County,4,Total Votes Cast,,,132332,Precinct,137 - Precinct 137,,false,1,,,457
161227,528,2024-06-18T00:00:00Z,Primary Election,Democratic,,,546,County Board Member,,2934,Locality,Arlington County,92690,"Julius D. ""JD"" Spain, Sr.",,,132333,Precinct,138 - Precinct 138,,true,1,1,Democratic,144
161227,528,2024-06-18T00:00:00Z,Primary Election,Democratic,,,546,County Board Member,,2934,Locality,Arlington County,92687,Natalie U. Roy,,,132333,Precinct,138 - Precinct 138,,false,1,1,Democratic,37
161227,528,2024-06-18T00:00:00Z,Primary Election,Democratic,,,546,County Board Member,,2934,Locality,Arlington County,93665,Tenley D. Peterson,,,132333,Precinct,138 - Precinct 138,,false,1,1,Democratic,44
161227,528,2024-06-18T00:00:00Z,Primary Election,Democratic,,,546,County Board Member,,2934,Locality,Arlington County,92681,James A. DeVita,,,132333,Precinct,138 - Precinct 138,,false,1,1,Democratic,15
161227,528,2024-06-18T00:00:00Z,Primary Election,Democratic,,,546,County Board Member,,2934,Locality,Arlington County,93667,Julie E. Farnam,,,132333,Precinct,138 - Precinct 138,,false,1,1,Democratic,19
161227,528,2024-06-18T00:00:00Z,Primary Election,Democratic,,,546,County Board Member,,2934,Locality,Arlington County,4,Total Votes Cast,,,132333,Precinct,138 - Precinct 138,,false,1,,,259
161227,528,2024-06-18T00:00:00Z,Primary Election,Democratic,,,546,County Board Member,,2934,Locality,Arlington County,92690,"Julius D. ""JD"" Spain, Sr.",,,29846,Precinct,139 - Precinct 139,,false,1,1,Democratic,91
161227,528,2024-06-18T00:00:00Z,Primary Election,Democratic,,,546,County Board Member,,2934,Locality,Arlington County,92687,Natalie U. Roy,,,29846,Precinct,139 - Precinct 139,,false,1,1,Democratic,91
161227,528,2024-06-18T00:00:00Z,Primary Election,Democratic,,,546,County Board Member,,2934,Locality,Arlington County,93665,Tenley D. Peterson,,,29846,Precinct,139 - Precinct 139,,false,1,1,Democratic,44
161227,528,2024-06-18T00:00:00Z,Primary Election,Democratic,,,546,County Board Member,,2934,Locality,Arlington County,92681,James A. DeVita,,,29846,Precinct,139 - Precinct 139,,false,1,1,Democratic,30
161227,528,2024-06-18T00:00:00Z,Primary Election,Democratic,,,546,County Board Member,,2934,Locality,Arlington County,93667,Julie E. Farnam,,,29846,Precinct,139 - Precinct 139,,false,1,1,Democratic,21
161227,528,2024-06-18T00:00:00Z,Primary Election,Democratic,,,546,County Board Member,,2934,Locality,Arlington County,4,Total Votes Cast,,,29846,Precinct,139 - Precinct 139,,false,1,,,277
161227,528,2024-06-18T00:00:00Z,Primary Election,Democratic,,,546,County Board Member,,2934,Locality,Arlington County,92690,"Julius D. ""JD"" Spain, Sr.",,,29847,Precinct,140 - Precinct 140,,true,1,1,Democratic,175
161227,528,2024-06-18T00:00:00Z,Primary Election,Democratic,,,546,County Board Member,,2934,Locality,Arlington County,92687,Natalie U. Roy,,,29847,Precinct,140 - Precinct 140,,false,1,1,Democratic,129
161227,528,2024-06-18T00:00:00Z,Primary Election,Democratic,,,546,County Board Member,,2934,Locality,Arlington County,93665,Tenley D. Peterson,,,29847,Precinct,140 - Precinct 140,,false,1,1,Democratic,130
161227,528,2024-06-18T00:00:00Z,Primary Election,Democratic,,,546,County Board Member,,2934,Locality,Arlington County,92681,James A. DeVita,,,29847,Precinct,140 - Precinct 140,,false,1,1,Democratic,30
161227,528,2024-06-18T00:00:00Z,Primary Election,Democratic,,,546,County Board Member,,2934,Locality,Arlington County,93667,Julie E. Farnam,,,29847,Precinct,140 - Precinct 140,,false,1,1,Democratic,23
161227,528,2024-06-18T00:00:00Z,Primary Election,Democratic,,,546,County Board Member,,2934,Locality,Arlington County,4,Total Votes Cast,,,29847,Precinct,140 - Precinct 140,,false,1,,,487
161227,528,2024-06-18T00:00:00Z,Primary Election,Democratic,,,546,County Board Member,,2934,Locality,Arlington County,92690,"Julius D. ""JD"" Spain, Sr.",,,29848,Precinct,141 - Precinct 141,,false,1,1,Democratic,114
161227,528,2024-06-18T00:00:00Z,Primary Election,Democratic,,,546,County Board Member,,2934,Locality,Arlington County,92687,Natalie U. Roy,,,29848,Precinct,141 - Precinct 141,,false,1,1,Democratic,45
161227,528,2024-06-18T00:00:00Z,Primary Election,Democratic,,,546,County Board Member,,2934,Locality,Arlington County,93665,Tenley D. Peterson,,,29848,Precinct,141 - Precinct 141,,true,1,1,Democratic,159
161227,528,2024-06-18T00:00:00Z,Primary Election,Democratic,,,546,County Board Member,,2934,Locality,Arlington County,92681,James A. DeVita,,,29848,Precinct,141 - Precinct 141,,false,1,1,Democratic,11
161227,528,2024-06-18T00:00:00Z,Primary Election,Democratic,,,546,County Board Member,,2934,Locality,Arlington County,93667,Julie E. Farnam,,,29848,Precinct,141 - Precinct 141,,false,1,1,Democratic,16
161227,528,2024-06-18T00:00:00Z,Primary Election,Democratic,,,546,County Board Member,,2934,Locality,Arlington County,4,Total Votes Cast,,,29848,Precinct,141 - Precinct 141,,false,1,,,345
161227,528,2024-06-18T00:00:00Z,Primary Election,Democratic,,,546,County Board Member,,2934,Locality,Arlington County,92690,"Julius D. ""JD"" Spain, Sr.",,,29849,Precinct,142 - Precinct 142,,true,1,1,Democratic,128
161227,528,2024-06-18T00:00:00Z,Primary Election,Democratic,,,546,County Board Member,,2934,Locality,Arlington County,92687,Natalie U. Roy,,,29849,Precinct,142 - Precinct 142,,false,1,1,Democratic,32
161227,528,2024-06-18T00:00:00Z,Primary Election,Democratic,,,546,County Board Member,,2934,Locality,Arlington County,93665,Tenley D. Peterson,,,29849,Precinct,142 - Precinct 142,,false,1,1,Democratic,61
161227,528,2024-06-18T00:00:00Z,Primary Election,Democratic,,,546,County Board Member,,2934,Locality,Arlington County,92681,James A. DeVita,,,29849,Precinct,142 - Precinct 142,,false,1,1,Democratic,20
161227,528,2024-06-18T00:00:00Z,Primary Election,Democratic,,,546,County Board Member,,2934,Locality,Arlington County,93667,Julie E. Farnam,,,29849,Precinct,142 - Precinct 142,,false,1,1,Democratic,15
161227,528,2024-06-18T00:00:00Z,Primary Election,Democratic,,,546,County Board Member,,2934,Locality,Arlington County,4,Total Votes Cast,,,29849,Precinct,142 - Precinct 142,,false,1,,,256
161227,528,2024-06-18T00:00:00Z,Primary Election,Democratic,,,546,County Board Member,,2934,Locality,Arlington County,92690,"Julius D. ""JD"" Spain, Sr.",,,29850,Precinct,143 - Precinct 143,,true,1,1,Democratic,53
161227,528,2024-06-18T00:00:00Z,Primary Election,Democratic,,,546,County Board Member,,2934,Locality,Arlington County,92687,Natalie U. Roy,,,29850,Precinct,143 - Precinct 143,,false,1,1,Democratic,28
161227,528,2024-06-18T00:00:00Z,Primary Election,Democratic,,,546,County Board Member,,2934,Locality,Arlington County,93665,Tenley D. Peterson,,,29850,Precinct,143 - Precinct 143,,false,1,1,Democratic,31
161227,528,2024-06-18T00:00:00Z,Primary Election,Democratic,,,546,County Board Member,,2934,Locality,Arlington County,92681,James A. DeVita,,,29850,Precinct,143 - Precinct 143,,false,1,1,Democratic,11
161227,528,2024-06-18T00:00:00Z,Primary Election,Democratic,,,546,County Board Member,,2934,Locality,Arlington County,93667,Julie E. Farnam,,,29850,Precinct,143 - Precinct 143,,false,1,1,Democratic,7
161227,528,2024-06-18T00:00:00Z,Primary Election,Democratic,,,546,County Board Member,,2934,Locality,Arlington County,4,Total Votes Cast,,,29850,Precinct,143 - Precinct 143,,false,1,,,130
161227,528,2024-06-18T00:00:00Z,Primary Election,Democratic,,,546,County Board Member,,2934,Locality,Arlington County,92690,"Julius D. ""JD"" Spain, Sr.",,,29851,Precinct,144 - Precinct 144,,false,1,1,Democratic,72
161227,528,2024-06-18T00:00:00Z,Primary Election,Democratic,,,546,County Board Member,,2934,Locality,Arlington County,92687,Natalie U. Roy,,,29851,Precinct,144 - Precinct 144,,false,1,1,Democratic,37
161227,528,2024-06-18T00:00:00Z,Primary Election,Democratic,,,546,County Board Member,,2934,Locality,Arlington County,93665,Tenley D. Peterson,,,29851,Precinct,144 - Precinct 144,,false,1,1,Democratic,72
161227,528,2024-06-18T00:00:00Z,Primary Election,Democratic,,,546,County Board Member,,2934,Locality,Arlington County,92681,James A. DeVita,,,29851,Precinct,144 - Precinct 144,,false,1,1,Democratic,22
161227,528,2024-06-18T00:00:00Z,Primary Election,Democratic,,,546,County Board Member,,2934,Locality,Arlington County,93667,Julie E. Farnam,,,29851,Precinct,144 - Precinct 144,,false,1,1,Democratic,14
161227,528,2024-06-18T00:00:00Z,Primary Election,Democratic,,,546,County Board Member,,2934,Locality,Arlington County,4,Total Votes Cast,,,29851,Precinct,144 - Precinct 144,,false,1,,,217
161227,528,2024-06-18T00:00:00Z,Primary Election,Democratic,,,546,County Board Member,,2934,Locality,Arlington County,92690,"Julius D. ""JD"" Spain, Sr.",,,29852,Precinct,145 - Precinct 145,,true,1,1,Democratic,84
161227,528,2024-06-18T00:00:00Z,Primary Election,Democratic,,,546,County Board Member,,2934,Locality,Arlington County,92687,Natalie U. Roy,,,29852,Precinct,145 - Precinct 145,,false,1,1,Democratic,63
161227,528,2024-06-18T00:00:00Z,Primary Election,Democratic,,,546,County Board Member,,2934,Locality,Arlington County,93665,Tenley D. Peterson,,,29852,Precinct,145 - Precinct 145,,false,1,1,Democratic,68
161227,528,2024-06-18T00:00:00Z,Primary Election,Democratic,,,546,County Board Member,,2934,Locality,Arlington County,92681,James A. DeVita,,,29852,Precinct,145 - Precinct 145,,false,1,1,Democratic,17
161227,528,2024-06-18T00:00:00Z,Primary Election,Democratic,,,546,County Board Member,,2934,Locality,Arlington County,93667,Julie E. Farnam,,,29852,Precinct,145 - Precinct 145,,false,1,1,Democratic,13
161227,528,2024-06-18T00:00:00Z,Primary Election,Democratic,,,546,County Board Member,,2934,Locality,Arlington County,4,Total Votes Cast,,,29852,Precinct,145 - Precinct 145,,false,1,,,245
161227,528,2024-06-18T00:00:00Z,Primary Election,Democratic,,,546,County Board Member,,2934,Locality,Arlington County,92690,"Julius D. ""JD"" Spain, Sr.",,,29853,Precinct,146 - Precinct 146,,true,1,1,Democratic,131
161227,528,2024-06-18T00:00:00Z,Primary Election,Democratic,,,546,County Board Member,,2934,Locality,Arlington County,92687,Natalie U. Roy,,,29853,Precinct,146 - Precinct 146,,false,1,1,Democratic,41
161227,528,2024-06-18T00:00:00Z,Primary Election,Democratic,,,546,County Board Member,,2934,Locality,Arlington County,93665,Tenley D. Peterson,,,29853,Precinct,146 - Precinct 146,,false,1,1,Democratic,102
161227,528,2024-06-18T00:00:00Z,Primary Election,Democratic,,,546,County Board Member,,2934,Locality,Arlington County,92681,James A. DeVita,,,29853,Precinct,146 - Precinct 146,,false,1,1,Democratic,16
161227,528,2024-06-18T00:00:00Z,Primary Election,Democratic,,,546,County Board Member,,2934,Locality,Arlington County,93667,Julie E. Farnam,,,29853,Precinct,146 - Precinct 146,,false,1,1,Democratic,13
161227,528,2024-06-18T00:00:00Z,Primary Election,Democratic,,,546,County Board Member,,2934,Locality,Arlington County,4,Total Votes Cast,,,29853,Precinct,146 - Precinct 146,,false,1,,,303
161227,528,2024-06-18T00:00:00Z,Primary Election,Democratic,,,546,County Board Member,,2934,Locality,Arlington County,92690,"Julius D. ""JD"" Spain, Sr.",,,29854,Precinct,147 - Precinct 147,,true,1,1,Democratic,77
161227,528,2024-06-18T00:00:00Z,Primary Election,Democratic,,,546,County Board Member,,2934,Locality,Arlington County,92687,Natalie U. Roy,,,29854,Precinct,147 - Precinct 147,,false,1,1,Democratic,18
161227,528,2024-06-18T00:00:00Z,Primary Election,Democratic,,,546,County Board Member,,2934,Locality,Arlington County,93665,Tenley D. Peterson,,,29854,Precinct,147 - Precinct 147,,false,1,1,Democratic,60
161227,528,2024-06-18T00:00:00Z,Primary Election,Democratic,,,546,County Board Member,,2934,Locality,Arlington County,92681,James A. DeVita,,,29854,Precinct,147 - Precinct 147,,false,1,1,Democratic,17
161227,528,2024-06-18T00:00:00Z,Primary Election,Democratic,,,546,County Board Member,,2934,Locality,Arlington County,93667,Julie E. Farnam,,,29854,Precinct,147 - Precinct 147,,false,1,1,Democratic,21
161227,528,2024-06-18T00:00:00Z,Primary Election,Democratic,,,546,County Board Member,,2934,Locality,Arlington County,4,Total Votes Cast,,,29854,Precinct,147 - Precinct 147,,false,1,,,193
161227,528,2024-06-18T00:00:00Z,Primary Election,Democratic,,,546,County Board Member,,2934,Locality,Arlington County,92690,"Julius D. ""JD"" Spain, Sr.",,,29855,Precinct,148 - Precinct 148,,false,1,1,Democratic,78
161227,528,2024-06-18T00:00:00Z,Primary Election,Democratic,,,546,County Board Member,,2934,Locality,Arlington County,92687,Natalie U. Roy,,,29855,Precinct,148 - Precinct 148,,false,1,1,Democratic,49
161227,528,2024-06-18T00:00:00Z,Primary Election,Democratic,,,546,County Board Member,,2934,Locality,Arlington County,93665,Tenley D. Peterson,,,29855,Precinct,148 - Precinct 148,,false,1,1,Democratic,78
161227,528,2024-06-18T00:00:00Z,Primary Election,Democratic,,,546,County Board Member,,2934,Locality,Arlington County,92681,James A. DeVita,,,29855,Precinct,148 - Precinct 148,,false,1,1,Democratic,12
161227,528,2024-06-18T00:00:00Z,Primary Election,Democratic,,,546,County Board Member,,2934,Locality,Arlington County,93667,Julie E. Farnam,,,29855,Precinct,148 - Precinct 148,,false,1,1,Democratic,12
161227,528,2024-06-18T00:00:00Z,Primary Election,Democratic,,,546,County Board Member,,2934,Locality,Arlington County,4,Total Votes Cast,,,29855,Precinct,148 - Precinct 148,,false,1,,,229
161227,528,2024-06-18T00:00:00Z,Primary Election,Democratic,,,546,County Board Member,,2934,Locality,Arlington County,92690,"Julius D. ""JD"" Spain, Sr.",,,29856,Precinct,149 - Precinct 149,,true,1,1,Democratic,90
161227,528,2024-06-18T00:00:00Z,Primary Election,Democratic,,,546,County Board Member,,2934,Locality,Arlington County,92687,Natalie U. Roy,,,29856,Precinct,149 - Precinct 149,,false,1,1,Democratic,64
161227,528,2024-06-18T00:00:00Z,Primary Election,Democratic,,,546,County Board Member,,2934,Locality,Arlington County,93665,Tenley D. Peterson,,,29856,Precinct,149 - Precinct 149,,false,1,1,Democratic,81
161227,528,2024-06-18T00:00:00Z,Primary Election,Democratic,,,546,County Board Member,,2934,Locality,Arlington County,92681,James A. DeVita,,,29856,Precinct,149 - Precinct 149,,false,1,1,Democratic,10
161227,528,2024-06-18T00:00:00Z,Primary Election,Democratic,,,546,County Board Member,,2934,Locality,Arlington County,93667,Julie E. Farnam,,,29856,Precinct,149 - Precinct 149,,false,1,1,Democratic,12
161227,528,2024-06-18T00:00:00Z,Primary Election,Democratic,,,546,County Board Member,,2934,Locality,Arlington County,4,Total Votes Cast,,,29856,Precinct,149 - Precinct 149,,false,1,,,257
161227,528,2024-06-18T00:00:00Z,Primary Election,Democratic,,,546,County Board Member,,2934,Locality,Arlington County,92690,"Julius D. ""JD"" Spain, Sr.",,,29857,Precinct,150 - Precinct 150,,true,1,1,Democratic,64
161227,528,2024-06-18T00:00:00Z,Primary Election,Democratic,,,546,County Board Member,,2934,Locality,Arlington County,92687,Natalie U. Roy,,,29857,Precinct,150 - Precinct 150,,false,1,1,Democratic,26
161227,528,2024-06-18T00:00:00Z,Primary Election,Democratic,,,546,County Board Member,,2934,Locality,Arlington County,93665,Tenley D. Peterson,,,29857,Precinct,150 - Precinct 150,,false,1,1,Democratic,50
161227,528,2024-06-18T00:00:00Z,Primary Election,Democratic,,,546,County Board Member,,2934,Locality,Arlington County,92681,James A. DeVita,,,29857,Precinct,150 - Precinct 150,,false,1,1,Democratic,10
161227,528,2024-06-18T00:00:00Z,Primary Election,Democratic,,,546,County Board Member,,2934,Locality,Arlington County,93667,Julie E. Farnam,,,29857,Precinct,150 - Precinct 150,,false,1,1,Democratic,15
161227,528,2024-06-18T00:00:00Z,Primary Election,Democratic,,,546,County Board Member,,2934,Locality,Arlington County,4,Total Votes Cast,,,29857,Precinct,150 - Precinct 150,,false,1,,,165
161227,528,2024-06-18T00:00:00Z,Primary Election,Democratic,,,546,County Board Member,,2934,Locality,Arlington County,92690,"Julius D. ""JD"" Spain, Sr.",,,132334,Precinct,151 - Precinct 151,,true,1,1,Democratic,81
161227,528,2024-06-18T00:00:00Z,Primary Election,Democratic,,,546,County Board Member,,2934,Locality,Arlington County,92687,Natalie U. Roy,,,132334,Precinct,151 - Precinct 151,,false,1,1,Democratic,23
161227,528,2024-06-18T00:00:00Z,Primary Election,Democratic,,,546,County Board Member,,2934,Locality,Arlington County,93665,Tenley D. Peterson,,,132334,Precinct,151 - Precinct 151,,false,1,1,Democratic,49
161227,528,2024-06-18T00:00:00Z,Primary Election,Democratic,,,546,County Board Member,,2934,Locality,Arlington County,92681,James A. DeVita,,,132334,Precinct,151 - Precinct 151,,false,1,1,Democratic,18
161227,528,2024-06-18T00:00:00Z,Primary Election,Democratic,,,546,County Board Member,,2934,Locality,Arlington County,93667,Julie E. Farnam,,,132334,Precinct,151 - Precinct 151,,false,1,1,Democratic,15
161227,528,2024-06-18T00:00:00Z,Primary Election,Democratic,,,546,County Board Member,,2934,Locality,Arlington County,4,Total Votes Cast,,,132334,Precinct,151 - Precinct 151,,false,1,,,186
161227,528,2024-06-18T00:00:00Z,Primary Election,Democratic,,,546,County Board Member,,2934,Locality,Arlington County,92690,"Julius D. ""JD"" Spain, Sr.",,,132335,Precinct,152 - Precinct 152,,true,1,1,Democratic,58
161227,528,2024-06-18T00:00:00Z,Primary Election,Democratic,,,546,County Board Member,,2934,Locality,Arlington County,92687,Natalie U. Roy,,,132335,Precinct,152 - Precinct 152,,false,1,1,Democratic,9
161227,528,2024-06-18T00:00:00Z,Primary Election,Democratic,,,546,County Board Member,,2934,Locality,Arlington County,93665,Tenley D. Peterson,,,132335,Precinct,152 - Precinct 152,,false,1,1,Democratic,25
161227,528,2024-06-18T00:00:00Z,Primary Election,Democratic,,,546,County Board Member,,2934,Locality,Arlington County,92681,James A. DeVita,,,132335,Precinct,152 - Precinct 152,,false,1,1,Democratic,7
161227,528,2024-06-18T00:00:00Z,Primary Election,Democratic,,,546,County Board Member,,2934,Locality,Arlington County,93667,Julie E. Farnam,,,132335,Precinct,152 - Precinct 152,,false,1,1,Democratic,15
161227,528,2024-06-18T00:00:00Z,Primary Election,Democratic,,,546,County Board Member,,2934,Locality,Arlington County,4,Total Votes Cast,,,132335,Precinct,152 - Precinct 152,,false,1,,,114
161227,528,2024-06-18T00:00:00Z,Primary Election,Democratic,,,546,County Board Member,,2934,Locality,Arlington County,92690,"Julius D. ""JD"" Spain, Sr.",,,29860,Precinct,153 - Precinct 153,,true,1,1,Democratic,99
161227,528,2024-06-18T00:00:00Z,Primary Election,Democratic,,,546,County Board Member,,2934,Locality,Arlington County,92687,Natalie U. Roy,,,29860,Precinct,153 - Precinct 153,,false,1,1,Democratic,27
161227,528,2024-06-18T00:00:00Z,Primary Election,Democratic,,,546,County Board Member,,2934,Locality,Arlington County,93665,Tenley D. Peterson,,,29860,Precinct,153 - Precinct 153,,false,1,1,Democratic,78
161227,528,2024-06-18T00:00:00Z,Primary Election,Democratic,,,546,County Board Member,,2934,Locality,Arlington County,92681,James A. DeVita,,,29860,Precinct,153 - Precinct 153,,false,1,1,Democratic,12
161227,528,2024-06-18T00:00:00Z,Primary Election,Democratic,,,546,County Board Member,,2934,Locality,Arlington County,93667,Julie E. Farnam,,,29860,Precinct,153 - Precinct 153,,false,1,1,Democratic,18
161227,528,2024-06-18T00:00:00Z,Primary Election,Democratic,,,546,County Board Member,,2934,Locality,Arlington County,4,Total Votes Cast,,,29860,Precinct,153 - Precinct 153,,false,1,,,234
161227,528,2024-06-18T00:00:00Z,Primary Election,Democratic,,,546,County Board Member,,2934,Locality,Arlington County,92690,"Julius D. ""JD"" Spain, Sr.",,,132336,Precinct,154 - Precinct 154,,false,1,1,Democratic,37
161227,528,2024-06-18T00:00:00Z,Primary Election,Democratic,,,546,County Board Member,,2934,Locality,Arlington County,92687,Natalie U. Roy,,,132336,Precinct,154 - Precinct 154,,false,1,1,Democratic,58
161227,528,2024-06-18T00:00:00Z,Primary Election,Democratic,,,546,County Board Member,,2934,Locality,Arlington County,93665,Tenley D. Peterson,,,132336,Precinct,154 - Precinct 154,,true,1,1,Democratic,60
161227,528,2024-06-18T00:00:00Z,Primary Election,Democratic,,,546,County Board Member,,2934,Locality,Arlington County,92681,James A. DeVita,,,132336,Precinct,154 - Precinct 154,,false,1,1,Democratic,12
161227,528,2024-06-18T00:00:00Z,Primary Election,Democratic,,,546,County Board Member,,2934,Locality,Arlington County,93667,Julie E. Farnam,,,132336,Precinct,154 - Precinct 154,,false,1,1,Democratic,10
161227,528,2024-06-18T00:00:00Z,Primary Election,Democratic,,,546,County Board Member,,2934,Locality,Arlington County,4,Total Votes Cast,,,132336,Precinct,154 - Precinct 154,,false,1,,,177
161227,528,2024-06-18T00:00:00Z,Primary Election,Democratic,,,546,County Board Member,,2934,Locality,Arlington County,92690,"Julius D. ""JD"" Spain, Sr.",,,133460,Precinct,PROVISIONALS,,true,1,1,Democratic,52
161227,528,2024-06-18T00:00:00Z,Primary Election,Democratic,,,546,County Board Member,,2934,Locality,Arlington County,92687,Natalie U. Roy,,,133460,Precinct,PROVISIONALS,,false,1,1,Democratic,35
161227,528,2024-06-18T00:00:00Z,Primary Election,Democratic,,,546,County Board Member,,2934,Locality,Arlington County,93665,Tenley D. Peterson,,,133460,Precinct,PROVISIONALS,,false,1,1,Democratic,30
161227,528,2024-06-18T00:00:00Z,Primary Election,Democratic,,,546,County Board Member,,2934,Locality,Arlington County,92681,James A. DeVita,,,133460,Precinct,PROVISIONALS,,false,1,1,Democratic,13
161227,528,2024-06-18T00:00:00Z,Primary Election,Democratic,,,546,County Board Member,,2934,Locality,Arlington County,93667,Julie E. Farnam,,,133460,Precinct,PROVISIONALS,,false,1,1,Democratic,5
161227,528,2024-06-18T00:00:00Z,Primary Election,Democratic,,,546,County Board Member,,2934,Locality,Arlington County,4,Total Votes Cast,,,133460,Precinct,PROVISIONALS,,false,1,,,135
163432,532,2023-11-07T00:00:00Z,General Election,,,,546,County Board Member,,2934,Locality,Arlington County,92692,Susan R. Cunningham,,,29808,Precinct,101 - Precinct 101,,true,2,,,529
163432,532,2023-11-07T00:00:00Z,General Election,,,,546,County Board Member,,2934,Locality,Arlington County,92688,Maureen E. Coffey,,,29808,Precinct,101 - Precinct 101,,true,2,,,514
163432,532,2023-11-07T00:00:00Z,General Election,,,,546,County Board Member,,2934,Locality,Arlington County,12517,Audrey Rose Clement,,,29808,Precinct,101 - Precinct 101,,false,2,,,188
163432,532,2023-11-07T00:00:00Z,General Election,,,,546,County Board Member,,2934,Locality,Arlington County,94977,Juan Carlos Fierro,,,29808,Precinct,101 - Precinct 101,,false,2,,,171
163432,532,2023-11-07T00:00:00Z,General Election,,,,546,County Board Member,,2934,Locality,Arlington County,6,Write-Ins,,,29808,Precinct,101 - Precinct 101,,false,2,,,21
163432,532,2023-11-07T00:00:00Z,General Election,,,,546,County Board Member,,2934,Locality,Arlington County,4,Total Votes Cast,,,29808,Precinct,101 - Precinct 101,,false,2,,,1423
163432,532,2023-11-07T00:00:00Z,General Election,,,,546,County Board Member,,2934,Locality,Arlington County,92692,Susan R. Cunningham,,,29809,Precinct,102 - Precinct 102,,true,2,,,1070
163432,532,2023-11-07T00:00:00Z,General Election,,,,546,County Board Member,,2934,Locality,Arlington County,92688,Maureen E. Coffey,,,29809,Precinct,102 - Precinct 102,,true,2,,,836
163432,532,2023-11-07T00:00:00Z,General Election,,,,546,County Board Member,,2934,Locality,Arlington County,12517,Audrey Rose Clement,,,29809,Precinct,102 - Precinct 102,,false,2,,,345
163432,532,2023-11-07T00:00:00Z,General Election,,,,546,County Board Member,,2934,Locality,Arlington County,94977,Juan Carlos Fierro,,,29809,Precinct,102 - Precinct 102,,false,2,,,270
163432,532,2023-11-07T00:00:00Z,General Election,,,,546,County Board Member,,2934,Locality,Arlington County,6,Write-Ins,,,29809,Precinct,102 - Precinct 102,,false,2,,,149
163432,532,2023-11-07T00:00:00Z,General Election,,,,546,County Board Member,,2934,Locality,Arlington County,4,Total Votes Cast,,,29809,Precinct,102 - Precinct 102,,false,2,,,2670
163432,532,2023-11-07T00:00:00Z,General Election,,,,546,County Board Member,,2934,Locality,Arlington County,92692,Susan R. Cunningham,,,29810,Precinct,103 - Precinct 103,,true,2,,,668
163432,532,2023-11-07T00:00:00Z,General Election,,,,546,County Board Member,,2934,Locality,Arlington County,92688,Maureen E. Coffey,,,29810,Precinct,103 - Precinct 103,,true,2,,,544
163432,532,2023-11-07T00:00:00Z,General Election,,,,546,County Board Member,,2934,Locality,Arlington County,12517,Audrey Rose Clement,,,29810,Precinct,103 - Precinct 103,,false,2,,,225
163432,532,2023-11-07T00:00:00Z,General Election,,,,546,County Board Member,,2934,Locality,Arlington County,94977,Juan Carlos Fierro,,,29810,Precinct,103 - Precinct 103,,false,2,,,259
163432,532,2023-11-07T00:00:00Z,General Election,,,,546,County Board Member,,2934,Locality,Arlington County,6,Write-Ins,,,29810,Precinct,103 - Precinct 103,,false,2,,,30
163432,532,2023-11-07T00:00:00Z,General Election,,,,546,County Board Member,,2934,Locality,Arlington County,4,Total Votes Cast,,,29810,Precinct,103 - Precinct 103,,false,2,,,1726
163432,532,2023-11-07T00:00:00Z,General Election,,,,546,County Board Member,,2934,Locality,Arlington County,92692,Susan R. Cunningham,,,29811,Precinct,104 - Precinct 104,,true,2,,,1057
163432,532,2023-11-07T00:00:00Z,General Election,,,,546,County Board Member,,2934,Locality,Arlington County,92688,Maureen E. Coffey,,,29811,Precinct,104 - Precinct 104,,true,2,,,1000
163432,532,2023-11-07T00:00:00Z,General Election,,,,546,County Board Member,,2934,Locality,Arlington County,12517,Audrey Rose Clement,,,29811,Precinct,104 - Precinct 104,,false,2,,,316
163432,532,2023-11-07T00:00:00Z,General Election,,,,546,County Board Member,,2934,Locality,Arlington County,94977,Juan Carlos Fierro,,,29811,Precinct,104 - Precinct 104,,false,2,,,275
163432,532,2023-11-07T00:00:00Z,General Election,,,,546,County Board Member,,2934,Locality,Arlington County,6,Write-Ins,,,29811,Precinct,104 - Precinct 104,,false,2,,,43
163432,532,2023-11-07T00:00:00Z,General Election,,,,546,County Board Member,,2934,Locality,Arlington County,4,Total Votes Cast,,,29811,Precinct,104 - Precinct 104,,false,2,,,2691
163432,532,2023-11-07T00:00:00Z,General Election,,,,546,County Board Member,,2934,Locality,Arlington County,92692,Susan R. Cunningham,,,29812,Precinct,105 - Precinct 105,,true,2,,,916
163432,532,2023-11-07T00:00:00Z,General Election,,,,546,County Board Member,,2934,Locality,Arlington County,92688,Maureen E. Coffey,,,29812,Precinct,105 - Precinct 105,,true,2,,,830
163432,532,2023-11-07T00:00:00Z,General Election,,,,546,County Board Member,,2934,Locality,Arlington County,12517,Audrey Rose Clement,,,29812,Precinct,105 - Precinct 105,,false,2,,,278
163432,532,2023-11-07T00:00:00Z,General Election,,,,546,County Board Member,,2934,Locality,Arlington County,94977,Juan Carlos Fierro,,,29812,Precinct,105 - Precinct 105,,false,2,,,265
163432,532,2023-11-07T00:00:00Z,General Election,,,,546,County Board Member,,2934,Locality,Arlington County,6,Write-Ins,,,29812,Precinct,105 - Precinct 105,,false,2,,,52
163432,532,2023-11-07T00:00:00Z,General Election,,,,546,County Board Member,,2934,Locality,Arlington County,4,Total Votes Cast,,,29812,Precinct,105 - Precinct 105,,false,2,,,2341
163432,532,2023-11-07T00:00:00Z,General Election,,,,546,County Board Member,,2934,Locality,Arlington County,92692,Susan R. Cunningham,,,29813,Precinct,106 - Precinct 106,,true,2,,,587
163432,532,2023-11-07T00:00:00Z,General Election,,,,546,County Board Member,,2934,Locality,Arlington County,92688,Maureen E. Coffey,,,29813,Precinct,106 - Precinct 106,,true,2,,,606
163432,532,2023-11-07T00:00:00Z,General Election,,,,546,County Board Member,,2934,Locality,Arlington County,12517,Audrey Rose Clement,,,29813,Precinct,106 - Precinct 106,,false,2,,,170
163432,532,2023-11-07T00:00:00Z,General Election,,,,546,County Board Member,,2934,Locality,Arlington County,94977,Juan Carlos Fierro,,,29813,Precinct,106 - Precinct 106,,false,2,,,227
163432,532,2023-11-07T00:00:00Z,General Election,,,,546,County Board Member,,2934,Locality,Arlington County,6,Write-Ins,,,29813,Precinct,106 - Precinct 106,,false,2,,,15
163432,532,2023-11-07T00:00:00Z,General Election,,,,546,County Board Member,,2934,Locality,Arlington County,4,Total Votes Cast,,,29813,Precinct,106 - Precinct 106,,false,2,,,1605
163432,532,2023-11-07T00:00:00Z,General Election,,,,546,County Board Member,,2934,Locality,Arlington County,92692,Susan R. Cunningham,,,29814,Precinct,107 - Precinct 107,,true,2,,,1078
163432,532,2023-11-07T00:00:00Z,General Election,,,,546,County Board Member,,2934,Locality,Arlington County,92688,Maureen E. Coffey,,,29814,Precinct,107 - Precinct 107,,true,2,,,891
163432,532,2023-11-07T00:00:00Z,General Election,,,,546,County Board Member,,2934,Locality,Arlington County,12517,Audrey Rose Clement,,,29814,Precinct,107 - Precinct 107,,false,2,,,363
163432,532,2023-11-07T00:00:00Z,General Election,,,,546,County Board Member,,2934,Locality,Arlington County,94977,Juan Carlos Fierro,,,29814,Precinct,107 - Precinct 107,,false,2,,,309
163432,532,2023-11-07T00:00:00Z,General Election,,,,546,County Board Member,,2934,Locality,Arlington County,6,Write-Ins,,,29814,Precinct,107 - Precinct 107,,false,2,,,46
163432,532,2023-11-07T00:00:00Z,General Election,,,,546,County Board Member,,2934,Locality,Arlington County,4,Total Votes Cast,,,29814,Precinct,107 - Precinct 107,,false,2,,,2687
163432,532,2023-11-07T00:00:00Z,General Election,,,,546,County Board Member,,2934,Locality,Arlington County,92692,Susan R. Cunningham,,,29815,Precinct,108 - Precinct 108,,true,2,,,903
163432,532,2023-11-07T00:00:00Z,General Election,,,,546,County Board Member,,2934,Locality,Arlington County,92688,Maureen E. Coffey,,,29815,Precinct,108 - Precinct 108,,true,2,,,871
163432,532,2023-11-07T00:00:00Z,General Election,,,,546,County Board Member,,2934,Locality,Arlington County,12517,Audrey Rose Clement,,,29815,Precinct,108 - Precinct 108,,false,2,,,341
163432,532,2023-11-07T00:00:00Z,General Election,,,,546,County Board Member,,2934,Locality,Arlington County,94977,Juan Carlos Fierro,,,29815,Precinct,108 - Precinct 108,,false,2,,,313
163432,532,2023-11-07T00:00:00Z,General Election,,,,546,County Board Member,,2934,Locality,Arlington County,6,Write-Ins,,,29815,Precinct,108 - Precinct 108,,false,2,,,43
163432,532,2023-11-07T00:00:00Z,General Election,,,,546,County Board Member,,2934,Locality,Arlington County,4,Total Votes Cast,,,29815,Precinct,108 - Precinct 108,,false,2,,,2471
163432,532,2023-11-07T00:00:00Z,General Election,,,,546,County Board Member,,2934,Locality,Arlington County,92692,Susan R. Cunningham,,,29816,Precinct,109 - Precinct 109,,true,2,,,1043
163432,532,2023-11-07T00:00:00Z,General Election,,,,546,County Board Member,,2934,Locality,Arlington County,92688,Maureen E. Coffey,,,29816,Precinct,109 - Precinct 109,,true,2,,,1030
163432,532,2023-11-07T00:00:00Z,General Election,,,,546,County Board Member,,2934,Locality,Arlington County,12517,Audrey Rose Clement,,,29816,Precinct,109 - Precinct 109,,false,2,,,241
163432,532,2023-11-07T00:00:00Z,General Election,,,,546,County Board Member,,2934,Locality,Arlington County,94977,Juan Carlos Fierro,,,29816,Precinct,109 - Precinct 109,,false,2,,,273
163432,532,2023-11-07T00:00:00Z,General Election,,,,546,County Board Member,,2934,Locality,Arlington County,6,Write-Ins,,,29816,Precinct,109 - Precinct 109,,false,2,,,38
163432,532,2023-11-07T00:00:00Z,General Election,,,,546,County Board Member,,2934,Locality,Arlington County,4,Total Votes Cast,,,29816,Precinct,109 - Precinct 109,,false,2,,,2625
163432,532,2023-11-07T00:00:00Z,General Election,,,,546,County Board Member,,2934,Locality,Arlington County,92692,Susan R. Cunningham,,,132328,Precinct,110 - Precinct 110,,true,2,,,1053
163432,532,2023-11-07T00:00:00Z,General Election,,,,546,County Board Member,,2934,Locality,Arlington County,92688,Maureen E. Coffey,,,132328,Precinct,110 - Precinct 110,,true,2,,,1082
163432,532,2023-11-07T00:00:00Z,General Election,,,,546,County Board Member,,2934,Locality,Arlington County,12517,Audrey Rose Clement,,,132328,Precinct,110 - Precinct 110,,false,2,,,334
163432,532,2023-11-07T00:00:00Z,General Election,,,,546,County Board Member,,2934,Locality,Arlington County,94977,Juan Carlos Fierro,,,132328,Precinct,110 - Precinct 110,,false,2,,,344
163432,532,2023-11-07T00:00:00Z,General Election,,,,546,County Board Member,,2934,Locality,Arlington County,6,Write-Ins,,,132328,Precinct,110 - Precinct 110,,false,2,,,26
163432,532,2023-11-07T00:00:00Z,General Election,,,,546,County Board Member,,2934,Locality,Arlington County,4,Total Votes Cast,,,132328,Precinct,110 - Precinct 110,,false,2,,,2839
163432,532,2023-11-07T00:00:00Z,General Election,,,,546,County Board Member,,2934,Locality,Arlington County,92692,Susan R. Cunningham,,,29818,Precinct,111 - Precinct 111,,true,2,,,788
163432,532,2023-11-07T00:00:00Z,General Election,,,,546,County Board Member,,2934,Locality,Arlington County,92688,Maureen E. Coffey,,,29818,Precinct,111 - Precinct 111,,true,2,,,702
163432,532,2023-11-07T00:00:00Z,General Election,,,,546,County Board Member,,2934,Locality,Arlington County,12517,Audrey Rose Clement,,,29818,Precinct,111 - Precinct 111,,false,2,,,299
163432,532,2023-11-07T00:00:00Z,General Election,,,,546,County Board Member,,2934,Locality,Arlington County,94977,Juan Carlos Fierro,,,29818,Precinct,111 - Precinct 111,,false,2,,,260
163432,532,2023-11-07T00:00:00Z,General Election,,,,546,County Board Member,,2934,Locality,Arlington County,6,Write-Ins,,,29818,Precinct,111 - Precinct 111,,false,2,,,32
163432,532,2023-11-07T00:00:00Z,General Election,,,,546,County Board Member,,2934,Locality,Arlington County,4,Total Votes Cast,,,29818,Precinct,111 - Precinct 111,,false,2,,,2081
163432,532,2023-11-07T00:00:00Z,General Election,,,,546,County Board Member,,2934,Locality,Arlington County,92692,Susan R. Cunningham,,,29819,Precinct,112 - Precinct 112,,true,2,,,1030
163432,532,2023-11-07T00:00:00Z,General Election,,,,546,County Board Member,,2934,Locality,Arlington County,92688,Maureen E. Coffey,,,29819,Precinct,112 - Precinct 112,,true,2,,,1023
163432,532,2023-11-07T00:00:00Z,General Election,,,,546,County Board Member,,2934,Locality,Arlington County,12517,Audrey Rose Clement,,,29819,Precinct,112 - Precinct 112,,false,2,,,256
163432,532,2023-11-07T00:00:00Z,General Election,,,,546,County Board Member,,2934,Locality,Arlington County,94977,Juan Carlos Fierro,,,29819,Precinct,112 - Precinct 112,,false,2,,,287
163432,532,2023-11-07T00:00:00Z,General Election,,,,546,County Board Member,,2934,Locality,Arlington County,6,Write-Ins,,,29819,Precinct,112 - Precinct 112,,false,2,,,28
163432,532,2023-11-07T00:00:00Z,General Election,,,,546,County Board Member,,2934,Locality,Arlington County,4,Total Votes Cast,,,29819,Precinct,112 - Precinct 112,,false,2,,,2624
163432,532,2023-11-07T00:00:00Z,General Election,,,,546,County Board Member,,2934,Locality,Arlington County,92692,Susan R. Cunningham,,,29820,Precinct,113 - Precinct 113,,true,2,,,593
163432,532,2023-11-07T00:00:00Z,General Election,,,,546,County Board Member,,2934,Locality,Arlington County,92688,Maureen E. Coffey,,,29820,Precinct,113 - Precinct 113,,true,2,,,493
163432,532,2023-11-07T00:00:00Z,General Election,,,,546,County Board Member,,2934,Locality,Arlington County,12517,Audrey Rose Clement,,,29820,Precinct,113 - Precinct 113,,false,2,,,222
163432,532,2023-11-07T00:00:00Z,General Election,,,,546,County Board Member,,2934,Locality,Arlington County,94977,Juan Carlos Fierro,,,29820,Precinct,113 - Precinct 113,,false,2,,,204
163432,532,2023-11-07T00:00:00Z,General Election,,,,546,County Board Member,,2934,Locality,Arlington County,6,Write-Ins,,,29820,Precinct,113 - Precinct 113,,false,2,,,38
163432,532,2023-11-07T00:00:00Z,General Election,,,,546,County Board Member,,2934,Locality,Arlington County,4,Total Votes Cast,,,29820,Precinct,113 - Precinct 113,,false,2,,,1550
163432,532,2023-11-07T00:00:00Z,General Election,,,,546,County Board Member,,2934,Locality,Arlington County,92692,Susan R. Cunningham,,,29821,Precinct,114 - Precinct 114,,true,2,,,650
163432,532,2023-11-07T00:00:00Z,General Election,,,,546,County Board Member,,2934,Locality,Arlington County,92688,Maureen E. Coffey,,,29821,Precinct,114 - Precinct 114,,true,2,,,652
163432,532,2023-11-07T00:00:00Z,General Election,,,,546,County Board Member,,2934,Locality,Arlington County,12517,Audrey Rose Clement,,,29821,Precinct,114 - Precinct 114,,false,2,,,214
163432,532,2023-11-07T00:00:00Z,General Election,,,,546,County Board Member,,2934,Locality,Arlington County,94977,Juan Carlos Fierro,,,29821,Precinct,114 - Precinct 114,,false,2,,,212
163432,532,2023-11-07T00:00:00Z,General Election,,,,546,County Board Member,,2934,Locality,Arlington County,6,Write-Ins,,,29821,Precinct,114 - Precinct 114,,false,2,,,23
163432,532,2023-11-07T00:00:00Z,General Election,,,,546,County Board Member,,2934,Locality,Arlington County,4,Total Votes Cast,,,29821,Precinct,114 - Precinct 114,,false,2,,,1751
163432,532,2023-11-07T00:00:00Z,General Election,,,,546,County Board Member,,2934,Locality,Arlington County,92692,Susan R. Cunningham,,,29822,Precinct,115 - Precinct 115,,true,2,,,510
163432,532,2023-11-07T00:00:00Z,General Election,,,,546,County Board Member,,2934,Locality,Arlington County,92688,Maureen E. Coffey,,,29822,Precinct,115 - Precinct 115,,true,2,,,458
163432,532,2023-11-07T00:00:00Z,General Election,,,,546,County Board Member,,2934,Locality,Arlington County,12517,Audrey Rose Clement,,,29822,Precinct,115 - Precinct 115,,false,2,,,164
163432,532,2023-11-07T00:00:00Z,General Election,,,,546,County Board Member,,2934,Locality,Arlington County,94977,Juan Carlos Fierro,,,29822,Precinct,115 - Precinct 115,,false,2,,,129
163432,532,2023-11-07T00:00:00Z,General Election,,,,546,County Board Member,,2934,Locality,Arlington County,6,Write-Ins,,,29822,Precinct,115 - Precinct 115,,false,2,,,41
163432,532,2023-11-07T00:00:00Z,General Election,,,,546,County Board Member,,2934,Locality,Arlington County,4,Total Votes Cast,,,29822,Precinct,115 - Precinct 115,,false,2,,,1302
163432,532,2023-11-07T00:00:00Z,General Election,,,,546,County Board Member,,2934,Locality,Arlington County,92692,Susan R. Cunningham,,,29823,Precinct,116 - Precinct 116,,true,2,,,998
163432,532,2023-11-07T00:00:00Z,General Election,,,,546,County Board Member,,2934,Locality,Arlington County,92688,Maureen E. Coffey,,,29823,Precinct,116 - Precinct 116,,true,2,,,826
163432,532,2023-11-07T00:00:00Z,General Election,,,,546,County Board Member,,2934,Locality,Arlington County,12517,Audrey Rose Clement,,,29823,Precinct,116 - Precinct 116,,false,2,,,419
163432,532,2023-11-07T00:00:00Z,General Election,,,,546,County Board Member,,2934,Locality,Arlington County,94977,Juan Carlos Fierro,,,29823,Precinct,116 - Precinct 116,,false,2,,,355
163432,532,2023-11-07T00:00:00Z,General Election,,,,546,County Board Member,,2934,Locality,Arlington County,6,Write-Ins,,,29823,Precinct,116 - Precinct 116,,false,2,,,64
163432,532,2023-11-07T00:00:00Z,General Election,,,,546,County Board Member,,2934,Locality,Arlington County,4,Total Votes Cast,,,29823,Precinct,116 - Precinct 116,,false,2,,,2662
163432,532,2023-11-07T00:00:00Z,General Election,,,,546,County Board Member,,2934,Locality,Arlington County,92692,Susan R. Cunningham,,,29824,Precinct,117 - Precinct 117,,true,2,,,1226
163432,532,2023-11-07T00:00:00Z,General Election,,,,546,County Board Member,,2934,Locality,Arlington County,92688,Maureen E. Coffey,,,29824,Precinct,117 - Precinct 117,,true,2,,,1052
163432,532,2023-11-07T00:00:00Z,General Election,,,,546,County Board Member,,2934,Locality,Arlington County,12517,Audrey Rose Clement,,,29824,Precinct,117 - Precinct 117,,false,2,,,409
163432,532,2023-11-07T00:00:00Z,General Election,,,,546,County Board Member,,2934,Locality,Arlington County,94977,Juan Carlos Fierro,,,29824,Precinct,117 - Precinct 117,,false,2,,,336
163432,532,2023-11-07T00:00:00Z,General Election,,,,546,County Board Member,,2934,Locality,Arlington County,6,Write-Ins,,,29824,Precinct,117 - Precinct 117,,false,2,,,50
163432,532,2023-11-07T00:00:00Z,General Election,,,,546,County Board Member,,2934,Locality,Arlington County,4,Total Votes Cast,,,29824,Precinct,117 - Precinct 117,,false,2,,,3073
163432,532,2023-11-07T00:00:00Z,General Election,,,,546,County Board Member,,2934,Locality,Arlington County,92692,Susan R. Cunningham,,,29825,Precinct,118 - Precinct 118,,true,2,,,1395
163432,532,2023-11-07T00:00:00Z,General Election,,,,546,County Board Member,,2934,Locality,Arlington County,92688,Maureen E. Coffey,,,29825,Precinct,118 - Precinct 118,,true,2,,,1396
163432,532,2023-11-07T00:00:00Z,General Election,,,,546,County Board Member,,2934,Locality,Arlington County,12517,Audrey Rose Clement,,,29825,Precinct,118 - Precinct 118,,false,2,,,374
163432,532,2023-11-07T00:00:00Z,General Election,,,,546,County Board Member,,2934,Locality,Arlington County,94977,Juan Carlos Fierro,,,29825,Precinct,118 - Precinct 118,,false,2,,,363
163432,532,2023-11-07T00:00:00Z,General Election,,,,546,County Board Member,,2934,Locality,Arlington County,6,Write-Ins,,,29825,Precinct,118 - Precinct 118,,false,2,,,45
163432,532,2023-11-07T00:00:00Z,General Election,,,,546,County Board Member,,2934,Locality,Arlington County,4,Total Votes Cast,,,29825,Precinct,118 - Precinct 118,,false,2,,,3573
163432,532,2023-11-07T00:00:00Z,General Election,,,,546,County Board Member,,2934,Locality,Arlington County,92692,Susan R. Cunningham,,,132329,Precinct,119 - Precinct 119,,true,2,,,911
163432,532,2023-11-07T00:00:00Z,General Election,,,,546,County Board Member,,2934,Locality,Arlington County,92688,Maureen E. Coffey,,,132329,Precinct,119 - Precinct 119,,true,2,,,903
163432,532,2023-11-07T00:00:00Z,General Election,,,,546,County Board Member,,2934,Locality,Arlington County,12517,Audrey Rose Clement,,,132329,Precinct,119 - Precinct 119,,false,2,,,286
163432,532,2023-11-07T00:00:00Z,General Election,,,,546,County Board Member,,2934,Locality,Arlington County,94977,Juan Carlos Fierro,,,132329,Precinct,119 - Precinct 119,,false,2,,,306
163432,532,2023-11-07T00:00:00Z,General Election,,,,546,County Board Member,,2934,Locality,Arlington County,6,Write-Ins,,,132329,Precinct,119 - Precinct 119,,false,2,,,34
163432,532,2023-11-07T00:00:00Z,General Election,,,,546,County Board Member,,2934,Locality,Arlington County,4,Total Votes Cast,,,132329,Precinct,119 - Precinct 119,,false,2,,,2440
163432,532,2023-11-07T00:00:00Z,General Election,,,,546,County Board Member,,2934,Locality,Arlington County,92692,Susan R. Cunningham,,,29827,Precinct,120 - Precinct 120,,true,2,,,1184
163432,532,2023-11-07T00:00:00Z,General Election,,,,546,County Board Member,,2934,Locality,Arlington County,92688,Maureen E. Coffey,,,29827,Precinct,120 - Precinct 120,,true,2,,,814
163432,532,2023-11-07T00:00:00Z,General Election,,,,546,County Board Member,,2934,Locality,Arlington County,12517,Audrey Rose Clement,,,29827,Precinct,120 - Precinct 120,,false,2,,,460
163432,532,2023-11-07T00:00:00Z,General Election,,,,546,County Board Member,,2934,Locality,Arlington County,94977,Juan Carlos Fierro,,,29827,Precinct,120 - Precinct 120,,false,2,,,354
163432,532,2023-11-07T00:00:00Z,General Election,,,,546,County Board Member,,2934,Locality,Arlington County,6,Write-Ins,,,29827,Precinct,120 - Precinct 120,,false,2,,,64
163432,532,2023-11-07T00:00:00Z,General Election,,,,546,County Board Member,,2934,Locality,Arlington County,4,Total Votes Cast,,,29827,Precinct,120 - Precinct 120,,false,2,,,2876
163432,532,2023-11-07T00:00:00Z,General Election,,,,546,County Board Member,,2934,Locality,Arlington County,92692,Susan R. Cunningham,,,29828,Precinct,121 - Precinct 121,,true,2,,,446
163432,532,2023-11-07T00:00:00Z,General Election,,,,546,County Board Member,,2934,Locality,Arlington County,92688,Maureen E. Coffey,,,29828,Precinct,121 - Precinct 121,,true,2,,,420
163432,532,2023-11-07T00:00:00Z,General Election,,,,546,County Board Member,,2934,Locality,Arlington County,12517,Audrey Rose Clement,,,29828,Precinct,121 - Precinct 121,,false,2,,,148
163432,532,2023-11-07T00:00:00Z,General Election,,,,546,County Board Member,,2934,Locality,Arlington County,94977,Juan Carlos Fierro,,,29828,Precinct,121 - Precinct 121,,false,2,,,150
163432,532,2023-11-07T00:00:00Z,General Election,,,,546,County Board Member,,2934,Locality,Arlington County,6,Write-Ins,,,29828,Precinct,121 - Precinct 121,,false,2,,,20
163432,532,2023-11-07T00:00:00Z,General Election,,,,546,County Board Member,,2934,Locality,Arlington County,4,Total Votes Cast,,,29828,Precinct,121 - Precinct 121,,false,2,,,1184
163432,532,2023-11-07T00:00:00Z,General Election,,,,546,County Board Member,,2934,Locality,Arlington County,92692,Susan R. Cunningham,,,29829,Precinct,122 - Precinct 122,,false,2,,,1017
163432,532,2023-11-07T00:00:00Z,General Election,,,,546,County Board Member,,2934,Locality,Arlington County,92688,Maureen E. Coffey,,,29829,Precinct,122 - Precinct 122,,false,2,,,1038
163432,532,2023-11-07T00:00:00Z,General Election,,,,546,County Board Member,,2934,Locality,Arlington County,12517,Audrey Rose Clement,,,29829,Precinct,122 - Precinct 122,,false,2,,,263
163432,532,2023-11-07T00:00:00Z,General Election,,,,546,County Board Member,,2934,Locality,Arlington County,94977,Juan Carlos Fierro,,,29829,Precinct,122 - Precinct 122,,false,2,,,263
163432,532,2023-11-07T00:00:00Z,General Election,,,,546,County Board Member,,2934,Locality,Arlington County,6,Write-Ins,,,29829,Precinct,122 - Precinct 122,,false,2,,,31
163432,532,2023-11-07T00:00:00Z,General Election,,,,546,County Board Member,,2934,Locality,Arlington County,4,Total Votes Cast,,,29829,Precinct,122 - Precinct 122,,false,2,,,2612
163432,532,2023-11-07T00:00:00Z,General Election,,,,546,County Board Member,,2934,Locality,Arlington County,92692,Susan R. Cunningham,,,29830,Precinct,123 - Precinct 123,,true,2,,,1042
163432,532,2023-11-07T00:00:00Z,General Election,,,,546,County Board Member,,2934,Locality,Arlington County,92688,Maureen E. Coffey,,,29830,Precinct,123 - Precinct 123,,true,2,,,933
163432,532,2023-11-07T00:00:00Z,General Election,,,,546,County Board Member,,2934,Locality,Arlington County,12517,Audrey Rose Clement,,,29830,Precinct,123 - Precinct 123,,false,2,,,344
163432,532,2023-11-07T00:00:00Z,General Election,,,,546,County Board Member,,2934,Locality,Arlington County,94977,Juan Carlos Fierro,,,29830,Precinct,123 - Precinct 123,,false,2,,,273
163432,532,2023-11-07T00:00:00Z,General Election,,,,546,County Board Member,,2934,Locality,Arlington County,6,Write-Ins,,,29830,Precinct,123 - Precinct 123,,false,2,,,42
163432,532,2023-11-07T00:00:00Z,General Election,,,,546,County Board Member,,2934,Locality,Arlington County,4,Total Votes Cast,,,29830,Precinct,123 - Precinct 123,,false,2,,,2634
163432,532,2023-11-07T00:00:00Z,General Election,,,,546,County Board Member,,2934,Locality,Arlington County,92692,Susan R. Cunningham,,,29831,Precinct,124 - Precinct 124,,true,2,,,1295
163432,532,2023-11-07T00:00:00Z,General Election,,,,546,County Board Member,,2934,Locality,Arlington County,92688,Maureen E. Coffey,,,29831,Precinct,124 - Precinct 124,,true,2,,,1160
163432,532,2023-11-07T00:00:00Z,General Election,,,,546,County Board Member,,2934,Locality,Arlington County,12517,Audrey Rose Clement,,,29831,Precinct,124 - Precinct 124,,false,2,,,445
163432,532,2023-11-07T00:00:00Z,General Election,,,,546,County Board Member,,2934,Locality,Arlington County,94977,Juan Carlos Fierro,,,29831,Precinct,124 - Precinct 124,,false,2,,,398
163432,532,2023-11-07T00:00:00Z,General Election,,,,546,County Board Member,,2934,Locality,Arlington County,6,Write-Ins,,,29831,Precinct,124 - Precinct 124,,false,2,,,53
163432,532,2023-11-07T00:00:00Z,General Election,,,,546,County Board Member,,2934,Locality,Arlington County,4,Total Votes Cast,,,29831,Precinct,124 - Precinct 124,,false,2,,,3351
163432,532,2023-11-07T00:00:00Z,General Election,,,,546,County Board Member,,2934,Locality,Arlington County,92692,Susan R. Cunningham,,,132330,Precinct,125 - Precinct 125,,true,2,,,939
163432,532,2023-11-07T00:00:00Z,General Election,,,,546,County Board Member,,2934,Locality,Arlington County,92688,Maureen E. Coffey,,,132330,Precinct,125 - Precinct 125,,true,2,,,790
163432,532,2023-11-07T00:00:00Z,General Election,,,,546,County Board Member,,2934,Locality,Arlington County,12517,Audrey Rose Clement,,,132330,Precinct,125 - Precinct 125,,false,2,,,342
163432,532,2023-11-07T00:00:00Z,General Election,,,,546,County Board Member,,2934,Locality,Arlington County,94977,Juan Carlos Fierro,,,132330,Precinct,125 - Precinct 125,,false,2,,,282
163432,532,2023-11-07T00:00:00Z,General Election,,,,546,County Board Member,,2934,Locality,Arlington County,6,Write-Ins,,,132330,Precinct,125 - Precinct 125,,false,2,,,53
163432,532,2023-11-07T00:00:00Z,General Election,,,,546,County Board Member,,2934,Locality,Arlington County,4,Total Votes Cast,,,132330,Precinct,125 - Precinct 125,,false,2,,,2406
163432,532,2023-11-07T00:00:00Z,General Election,,,,546,County Board Member,,2934,Locality,Arlington County,92692,Susan R. Cunningham,,,29833,Precinct,126 - Precinct 126,,true,2,,,826
163432,532,2023-11-07T00:00:00Z,General Election,,,,546,County Board Member,,2934,Locality,Arlington County,92688,Maureen E. Coffey,,,29833,Precinct,126 - Precinct 126,,true,2,,,814
163432,532,2023-11-07T00:00:00Z,General Election,,,,546,County Board Member,,2934,Locality,Arlington County,12517,Audrey Rose Clement,,,29833,Precinct,126 - Precinct 126,,false,2,,,269
163432,532,2023-11-07T00:00:00Z,General Election,,,,546,County Board Member,,2934,Locality,Arlington County,94977,Juan Carlos Fierro,,,29833,Precinct,126 - Precinct 126,,false,2,,,233
163432,532,2023-11-07T00:00:00Z,General Election,,,,546,County Board Member,,2934,Locality,Arlington County,6,Write-Ins,,,29833,Precinct,126 - Precinct 126,,false,2,,,59
163432,532,2023-11-07T00:00:00Z,General Election,,,,546,County Board Member,,2934,Locality,Arlington County,4,Total Votes Cast,,,29833,Precinct,126 - Precinct 126,,false,2,,,2201
163432,532,2023-11-07T00:00:00Z,General Election,,,,546,County Board Member,,2934,Locality,Arlington County,92692,Susan R. Cunningham,,,29834,Precinct,127 - Precinct 127,,true,2,,,995
163432,532,2023-11-07T00:00:00Z,General Election,,,,546,County Board Member,,2934,Locality,Arlington County,92688,Maureen E. Coffey,,,29834,Precinct,127 - Precinct 127,,true,2,,,949
163432,532,2023-11-07T00:00:00Z,General Election,,,,546,County Board Member,,2934,Locality,Arlington County,12517,Audrey Rose Clement,,,29834,Precinct,127 - Precinct 127,,false,2,,,327
163432,532,2023-11-07T00:00:00Z,General Election,,,,546,County Board Member,,2934,Locality,Arlington County,94977,Juan Carlos Fierro,,,29834,Precinct,127 - Precinct 127,,false,2,,,272
163432,532,2023-11-07T00:00:00Z,General Election,,,,546,County Board Member,,2934,Locality,Arlington County,6,Write-Ins,,,29834,Precinct,127 - Precinct 127,,false,2,,,83
163432,532,2023-11-07T00:00:00Z,General Election,,,,546,County Board Member,,2934,Locality,Arlington County,4,Total Votes Cast,,,29834,Precinct,127 - Precinct 127,,false,2,,,2626
163432,532,2023-11-07T00:00:00Z,General Election,,,,546,County Board Member,,2934,Locality,Arlington County,92692,Susan R. Cunningham,,,29835,Precinct,128 - Precinct 128,,true,2,,,980
163432,532,2023-11-07T00:00:00Z,General Election,,,,546,County Board Member,,2934,Locality,Arlington County,92688,Maureen E. Coffey,,,29835,Precinct,128 - Precinct 128,,true,2,,,939
163432,532,2023-11-07T00:00:00Z,General Election,,,,546,County Board Member,,2934,Locality,Arlington County,12517,Audrey Rose Clement,,,29835,Precinct,128 - Precinct 128,,false,2,,,264
163432,532,2023-11-07T00:00:00Z,General Election,,,,546,County Board Member,,2934,Locality,Arlington County,94977,Juan Carlos Fierro,,,29835,Precinct,128 - Precinct 128,,false,2,,,257
163432,532,2023-11-07T00:00:00Z,General Election,,,,546,County Board Member,,2934,Locality,Arlington County,6,Write-Ins,,,29835,Precinct,128 - Precinct 128,,false,2,,,39
163432,532,2023-11-07T00:00:00Z,General Election,,,,546,County Board Member,,2934,Locality,Arlington County,4,Total Votes Cast,,,29835,Precinct,128 - Precinct 128,,false,2,,,2479
163432,532,2023-11-07T00:00:00Z,General Election,,,,546,County Board Member,,2934,Locality,Arlington County,92692,Susan R. Cunningham,,,29836,Precinct,129 - Precinct 129,,true,2,,,1156
163432,532,2023-11-07T00:00:00Z,General Election,,,,546,County Board Member,,2934,Locality,Arlington County,92688,Maureen E. Coffey,,,29836,Precinct,129 - Precinct 129,,true,2,,,1010
163432,532,2023-11-07T00:00:00Z,General Election,,,,546,County Board Member,,2934,Locality,Arlington County,12517,Audrey Rose Clement,,,29836,Precinct,129 - Precinct 129,,false,2,,,342
163432,532,2023-11-07T00:00:00Z,General Election,,,,546,County Board Member,,2934,Locality,Arlington County,94977,Juan Carlos Fierro,,,29836,Precinct,129 - Precinct 129,,false,2,,,279
163432,532,2023-11-07T00:00:00Z,General Election,,,,546,County Board Member,,2934,Locality,Arlington County,6,Write-Ins,,,29836,Precinct,129 - Precinct 129,,false,2,,,39
163432,532,2023-11-07T00:00:00Z,General Election,,,,546,County Board Member,,2934,Locality,Arlington County,4,Total Votes Cast,,,29836,Precinct,129 - Precinct 129,,false,2,,,2826
163432,532,2023-11-07T00:00:00Z,General Election,,,,546,County Board Member,,2934,Locality,Arlington County,92692,Susan R. Cunningham,,,29837,Precinct,130 - Precinct 130,,true,2,,,705
163432,532,2023-11-07T00:00:00Z,General Election,,,,546,County Board Member,,2934,Locality,Arlington County,92688,Maureen E. Coffey,,,29837,Precinct,130 - Precinct 130,,true,2,,,730
163432,532,2023-11-07T00:00:00Z,General Election,,,,546,County Board Member,,2934,Locality,Arlington County,12517,Audrey Rose Clement,,,29837,Precinct,130 - Precinct 130,,false,2,,,216
163432,532,2023-11-07T00:00:00Z,General Election,,,,546,County Board Member,,2934,Locality,Arlington County,94977,Juan Carlos Fierro,,,29837,Precinct,130 - Precinct 130,,false,2,,,195
163432,532,2023-11-07T00:00:00Z,General Election,,,,546,County Board Member,,2934,Locality,Arlington County,6,Write-Ins,,,29837,Precinct,130 - Precinct 130,,false,2,,,36
163432,532,2023-11-07T00:00:00Z,General Election,,,,546,County Board Member,,2934,Locality,Arlington County,4,Total Votes Cast,,,29837,Precinct,130 - Precinct 130,,false,2,,,1882
163432,532,2023-11-07T00:00:00Z,General Election,,,,546,County Board Member,,2934,Locality,Arlington County,92692,Susan R. Cunningham,,,29838,Precinct,131 - Precinct 131,,true,2,,,1100
163432,532,2023-11-07T00:00:00Z,General Election,,,,546,County Board Member,,2934,Locality,Arlington County,92688,Maureen E. Coffey,,,29838,Precinct,131 - Precinct 131,,true,2,,,903
163432,532,2023-11-07T00:00:00Z,General Election,,,,546,County Board Member,,2934,Locality,Arlington County,12517,Audrey Rose Clement,,,29838,Precinct,131 - Precinct 131,,false,2,,,404
163432,532,2023-11-07T00:00:00Z,General Election,,,,546,County Board Member,,2934,Locality,Arlington County,94977,Juan Carlos Fierro,,,29838,Precinct,131 - Precinct 131,,false,2,,,302
163432,532,2023-11-07T00:00:00Z,General Election,,,,546,County Board Member,,2934,Locality,Arlington County,6,Write-Ins,,,29838,Precinct,131 - Precinct 131,,false,2,,,46
163432,532,2023-11-07T00:00:00Z,General Election,,,,546,County Board Member,,2934,Locality,Arlington County,4,Total Votes Cast,,,29838,Precinct,131 - Precinct 131,,false,2,,,2755
163432,532,2023-11-07T00:00:00Z,General Election,,,,546,County Board Member,,2934,Locality,Arlington County,92692,Susan R. Cunningham,,,29839,Precinct,132 - Precinct 132,,true,2,,,332
163432,532,2023-11-07T00:00:00Z,General Election,,,,546,County Board Member,,2934,Locality,Arlington County,92688,Maureen E. Coffey,,,29839,Precinct,132 - Precinct 132,,true,2,,,307
163432,532,2023-11-07T00:00:00Z,General Election,,,,546,County Board Member,,2934,Locality,Arlington County,12517,Audrey Rose Clement,,,29839,Precinct,132 - Precinct 132,,false,2,,,162
163432,532,2023-11-07T00:00:00Z,General Election,,,,546,County Board Member,,2934,Locality,Arlington County,94977,Juan Carlos Fierro,,,29839,Precinct,132 - Precinct 132,,false,2,,,152
163432,532,2023-11-07T00:00:00Z,General Election,,,,546,County Board Member,,2934,Locality,Arlington County,6,Write-Ins,,,29839,Precinct,132 - Precinct 132,,false,2,,,15
163432,532,2023-11-07T00:00:00Z,General Election,,,,546,County Board Member,,2934,Locality,Arlington County,4,Total Votes Cast,,,29839,Precinct,132 - Precinct 132,,false,2,,,968
163432,532,2023-11-07T00:00:00Z,General Election,,,,546,County Board Member,,2934,Locality,Arlington County,92692,Susan R. Cunningham,,,29840,Precinct,133 - Precinct 133,,true,2,,,1112
163432,532,2023-11-07T00:00:00Z,General Election,,,,546,County Board Member,,2934,Locality,Arlington County,92688,Maureen E. Coffey,,,29840,Precinct,133 - Precinct 133,,true,2,,,870
163432,532,2023-11-07T00:00:00Z,General Election,,,,546,County Board Member,,2934,Locality,Arlington County,12517,Audrey Rose Clement,,,29840,Precinct,133 - Precinct 133,,false,2,,,471
163432,532,2023-11-07T00:00:00Z,General Election,,,,546,County Board Member,,2934,Locality,Arlington County,94977,Juan Carlos Fierro,,,29840,Precinct,133 - Precinct 133,,false,2,,,465
163432,532,2023-11-07T00:00:00Z,General Election,,,,546,County Board Member,,2934,Locality,Arlington County,6,Write-Ins,,,29840,Precinct,133 - Precinct 133,,false,2,,,58
163432,532,2023-11-07T00:00:00Z,General Election,,,,546,County Board Member,,2934,Locality,Arlington County,4,Total Votes Cast,,,29840,Precinct,133 - Precinct 133,,false,2,,,2976
163432,532,2023-11-07T00:00:00Z,General Election,,,,546,County Board Member,,2934,Locality,Arlington County,92692,Susan R. Cunningham,,,29841,Precinct,134 - Precinct 134,,true,2,,,1005
163432,532,2023-11-07T00:00:00Z,General Election,,,,546,County Board Member,,2934,Locality,Arlington County,92688,Maureen E. Coffey,,,29841,Precinct,134 - Precinct 134,,true,2,,,786
163432,532,2023-11-07T00:00:00Z,General Election,,,,546,County Board Member,,2934,Locality,Arlington County,12517,Audrey Rose Clement,,,29841,Precinct,134 - Precinct 134,,false,2,,,403
163432,532,2023-11-07T00:00:00Z,General Election,,,,546,County Board Member,,2934,Locality,Arlington County,94977,Juan Carlos Fierro,,,29841,Precinct,134 - Precinct 134,,false,2,,,318
163432,532,2023-11-07T00:00:00Z,General Election,,,,546,County Board Member,,2934,Locality,Arlington County,6,Write-Ins,,,29841,Precinct,134 - Precinct 134,,false,2,,,55
163432,532,2023-11-07T00:00:00Z,General Election,,,,546,County Board Member,,2934,Locality,Arlington County,4,Total Votes Cast,,,29841,Precinct,134 - Precinct 134,,false,2,,,2567
163432,532,2023-11-07T00:00:00Z,General Election,,,,546,County Board Member,,2934,Locality,Arlington County,92692,Susan R. Cunningham,,,132331,Precinct,135 - Precinct 135,,true,2,,,1184
163432,532,2023-11-07T00:00:00Z,General Election,,,,546,County Board Member,,2934,Locality,Arlington County,92688,Maureen E. Coffey,,,132331,Precinct,135 - Precinct 135,,true,2,,,808
163432,532,2023-11-07T00:00:00Z,General Election,,,,546,County Board Member,,2934,Locality,Arlington County,12517,Audrey Rose Clement,,,132331,Precinct,135 - Precinct 135,,false,2,,,609
163432,532,2023-11-07T00:00:00Z,General Election,,,,546,County Board Member,,2934,Locality,Arlington County,94977,Juan Carlos Fierro,,,132331,Precinct,135 - Precinct 135,,false,2,,,489
163432,532,2023-11-07T00:00:00Z,General Election,,,,546,County Board Member,,2934,Locality,Arlington County,6,Write-Ins,,,132331,Precinct,135 - Precinct 135,,false,2,,,73
163432,532,2023-11-07T00:00:00Z,General Election,,,,546,County Board Member,,2934,Locality,Arlington County,4,Total Votes Cast,,,132331,Precinct,135 - Precinct 135,,false,2,,,3163
163432,532,2023-11-07T00:00:00Z,General Election,,,,546,County Board Member,,2934,Locality,Arlington County,92692,Susan R. Cunningham,,,29843,Precinct,136 - Precinct 136,,true,2,,,1165
163432,532,2023-11-07T00:00:00Z,General Election,,,,546,County Board Member,,2934,Locality,Arlington County,92688,Maureen E. Coffey,,,29843,Precinct,136 - Precinct 136,,true,2,,,894
163432,532,2023-11-07T00:00:00Z,General Election,,,,546,County Board Member,,2934,Locality,Arlington County,12517,Audrey Rose Clement,,,29843,Precinct,136 - Precinct 136,,false,2,,,420
163432,532,2023-11-07T00:00:00Z,General Election,,,,546,County Board Member,,2934,Locality,Arlington County,94977,Juan Carlos Fierro,,,29843,Precinct,136 - Precinct 136,,false,2,,,325
163432,532,2023-11-07T00:00:00Z,General Election,,,,546,County Board Member,,2934,Locality,Arlington County,6,Write-Ins,,,29843,Precinct,136 - Precinct 136,,false,2,,,71
163432,532,2023-11-07T00:00:00Z,General Election,,,,546,County Board Member,,2934,Locality,Arlington County,4,Total Votes Cast,,,29843,Precinct,136 - Precinct 136,,false,2,,,2875
163432,532,2023-11-07T00:00:00Z,General Election,,,,546,County Board Member,,2934,Locality,Arlington County,92692,Susan R. Cunningham,,,132332,Precinct,137 - Precinct 137,,true,2,,,998
163432,532,2023-11-07T00:00:00Z,General Election,,,,546,County Board Member,,2934,Locality,Arlington County,92688,Maureen E. Coffey,,,132332,Precinct,137 - Precinct 137,,true,2,,,816
163432,532,2023-11-07T00:00:00Z,General Election,,,,546,County Board Member,,2934,Locality,Arlington County,12517,Audrey Rose Clement,,,132332,Precinct,137 - Precinct 137,,false,2,,,426
163432,532,2023-11-07T00:00:00Z,General Election,,,,546,County Board Member,,2934,Locality,Arlington County,94977,Juan Carlos Fierro,,,132332,Precinct,137 - Precinct 137,,false,2,,,317
163432,532,2023-11-07T00:00:00Z,General Election,,,,546,County Board Member,,2934,Locality,Arlington County,6,Write-Ins,,,132332,Precinct,137 - Precinct 137,,false,2,,,54
163432,532,2023-11-07T00:00:00Z,General Election,,,,546,County Board Member,,2934,Locality,Arlington County,4,Total Votes Cast,,,132332,Precinct,137 - Precinct 137,,false,2,,,2611
163432,532,2023-11-07T00:00:00Z,General Election,,,,546,County Board Member,,2934,Locality,Arlington County,92692,Susan R. Cunningham,,,132333,Precinct,138 - Precinct 138,,true,2,,,605
163432,532,2023-11-07T00:00:00Z,General Election,,,,546,County Board Member,,2934,Locality,Arlington County,92688,Maureen E. Coffey,,,132333,Precinct,138 - Precinct 138,,true,2,,,612
163432,532,2023-11-07T00:00:00Z,General Election,,,,546,County Board Member,,2934,Locality,Arlington County,12517,Audrey Rose Clement,,,132333,Precinct,138 - Precinct 138,,false,2,,,161
163432,532,2023-11-07T00:00:00Z,General Election,,,,546,County Board Member,,2934,Locality,Arlington County,94977,Juan Carlos Fierro,,,132333,Precinct,138 - Precinct 138,,false,2,,,173
163432,532,2023-11-07T00:00:00Z,General Election,,,,546,County Board Member,,2934,Locality,Arlington County,6,Write-Ins,,,132333,Precinct,138 - Precinct 138,,false,2,,,29
163432,532,2023-11-07T00:00:00Z,General Election,,,,546,County Board Member,,2934,Locality,Arlington County,4,Total Votes Cast,,,132333,Precinct,138 - Precinct 138,,false,2,,,1580
163432,532,2023-11-07T00:00:00Z,General Election,,,,546,County Board Member,,2934,Locality,Arlington County,92692,Susan R. Cunningham,,,29846,Precinct,139 - Precinct 139,,true,2,,,605
163432,532,2023-11-07T00:00:00Z,General Election,,,,546,County Board Member,,2934,Locality,Arlington County,92688,Maureen E. Coffey,,,29846,Precinct,139 - Precinct 139,,true,2,,,516
163432,532,2023-11-07T00:00:00Z,General Election,,,,546,County Board Member,,2934,Locality,Arlington County,12517,Audrey Rose Clement,,,29846,Precinct,139 - Precinct 139,,false,2,,,212
163432,532,2023-11-07T00:00:00Z,General Election,,,,546,County Board Member,,2934,Locality,Arlington County,94977,Juan Carlos Fierro,,,29846,Precinct,139 - Precinct 139,,false,2,,,184
163432,532,2023-11-07T00:00:00Z,General Election,,,,546,County Board Member,,2934,Locality,Arlington County,6,Write-Ins,,,29846,Precinct,139 - Precinct 139,,false,2,,,27
163432,532,2023-11-07T00:00:00Z,General Election,,,,546,County Board Member,,2934,Locality,Arlington County,4,Total Votes Cast,,,29846,Precinct,139 - Precinct 139,,false,2,,,1544
163432,532,2023-11-07T00:00:00Z,General Election,,,,546,County Board Member,,2934,Locality,Arlington County,92692,Susan R. Cunningham,,,29847,Precinct,140 - Precinct 140,,true,2,,,1067
163432,532,2023-11-07T00:00:00Z,General Election,,,,546,County Board Member,,2934,Locality,Arlington County,92688,Maureen E. Coffey,,,29847,Precinct,140 - Precinct 140,,true,2,,,1023
163432,532,2023-11-07T00:00:00Z,General Election,,,,546,County Board Member,,2934,Locality,Arlington County,12517,Audrey Rose Clement,,,29847,Precinct,140 - Precinct 140,,false,2,,,286
163432,532,2023-11-07T00:00:00Z,General Election,,,,546,County Board Member,,2934,Locality,Arlington County,94977,Juan Carlos Fierro,,,29847,Precinct,140 - Precinct 140,,false,2,,,304
163432,532,2023-11-07T00:00:00Z,General Election,,,,546,County Board Member,,2934,Locality,Arlington County,6,Write-Ins,,,29847,Precinct,140 - Precinct 140,,false,2,,,46
163432,532,2023-11-07T00:00:00Z,General Election,,,,546,County Board Member,,2934,Locality,Arlington County,4,Total Votes Cast,,,29847,Precinct,140 - Precinct 140,,false,2,,,2726
163432,532,2023-11-07T00:00:00Z,General Election,,,,546,County Board Member,,2934,Locality,Arlington County,92692,Susan R. Cunningham,,,29848,Precinct,141 - Precinct 141,,true,2,,,791
163432,532,2023-11-07T00:00:00Z,General Election,,,,546,County Board Member,,2934,Locality,Arlington County,92688,Maureen E. Coffey,,,29848,Precinct,141 - Precinct 141,,true,2,,,804
163432,532,2023-11-07T00:00:00Z,General Election,,,,546,County Board Member,,2934,Locality,Arlington County,12517,Audrey Rose Clement,,,29848,Precinct,141 - Precinct 141,,false,2,,,207
163432,532,2023-11-07T00:00:00Z,General Election,,,,546,County Board Member,,2934,Locality,Arlington County,94977,Juan Carlos Fierro,,,29848,Precinct,141 - Precinct 141,,false,2,,,236
163432,532,2023-11-07T00:00:00Z,General Election,,,,546,County Board Member,,2934,Locality,Arlington County,6,Write-Ins,,,29848,Precinct,141 - Precinct 141,,false,2,,,25
163432,532,2023-11-07T00:00:00Z,General Election,,,,546,County Board Member,,2934,Locality,Arlington County,4,Total Votes Cast,,,29848,Precinct,141 - Precinct 141,,false,2,,,2063
163432,532,2023-11-07T00:00:00Z,General Election,,,,546,County Board Member,,2934,Locality,Arlington County,92692,Susan R. Cunningham,,,29849,Precinct,142 - Precinct 142,,true,2,,,686
163432,532,2023-11-07T00:00:00Z,General Election,,,,546,County Board Member,,2934,Locality,Arlington County,92688,Maureen E. Coffey,,,29849,Precinct,142 - Precinct 142,,true,2,,,685
163432,532,2023-11-07T00:00:00Z,General Election,,,,546,County Board Member,,2934,Locality,Arlington County,12517,Audrey Rose Clement,,,29849,Precinct,142 - Precinct 142,,false,2,,,172
163432,532,2023-11-07T00:00:00Z,General Election,,,,546,County Board Member,,2934,Locality,Arlington County,94977,Juan Carlos Fierro,,,29849,Precinct,142 - Precinct 142,,false,2,,,189
163432,532,2023-11-07T00:00:00Z,General Election,,,,546,County Board Member,,2934,Locality,Arlington County,6,Write-Ins,,,29849,Precinct,142 - Precinct 142,,false,2,,,19
163432,532,2023-11-07T00:00:00Z,General Election,,,,546,County Board Member,,2934,Locality,Arlington County,4,Total Votes Cast,,,29849,Precinct,142 - Precinct 142,,false,2,,,1751
163432,532,2023-11-07T00:00:00Z,General Election,,,,546,County Board Member,,2934,Locality,Arlington County,92692,Susan R. Cunningham,,,29850,Precinct,143 - Precinct 143,,true,2,,,403
163432,532,2023-11-07T00:00:00Z,General Election,,,,546,County Board Member,,2934,Locality,Arlington County,92688,Maureen E. Coffey,,,29850,Precinct,143 - Precinct 143,,true,2,,,368
163432,532,2023-11-07T00:00:00Z,General Election,,,,546,County Board Member,,2934,Locality,Arlington County,12517,Audrey Rose Clement,,,29850,Precinct,143 - Precinct 143,,false,2,,,99
163432,532,2023-11-07T00:00:00Z,General Election,,,,546,County Board Member,,2934,Locality,Arlington County,94977,Juan Carlos Fierro,,,29850,Precinct,143 - Precinct 143,,false,2,,,118
163432,532,2023-11-07T00:00:00Z,General Election,,,,546,County Board Member,,2934,Locality,Arlington County,6,Write-Ins,,,29850,Precinct,143 - Precinct 143,,false,2,,,25
163432,532,2023-11-07T00:00:00Z,General Election,,,,546,County Board Member,,2934,Locality,Arlington County,4,Total Votes Cast,,,29850,Precinct,143 - Precinct 143,,false,2,,,1013
163432,532,2023-11-07T00:00:00Z,General Election,,,,546,County Board Member,,2934,Locality,Arlington County,92692,Susan R. Cunningham,,,29851,Precinct,144 - Precinct 144,,true,2,,,556
163432,532,2023-11-07T00:00:00Z,General Election,,,,546,County Board Member,,2934,Locality,Arlington County,92688,Maureen E. Coffey,,,29851,Precinct,144 - Precinct 144,,true,2,,,558
163432,532,2023-11-07T00:00:00Z,General Election,,,,546,County Board Member,,2934,Locality,Arlington County,12517,Audrey Rose Clement,,,29851,Precinct,144 - Precinct 144,,false,2,,,153
163432,532,2023-11-07T00:00:00Z,General Election,,,,546,County Board Member,,2934,Locality,Arlington County,94977,Juan Carlos Fierro,,,29851,Precinct,144 - Precinct 144,,false,2,,,151
163432,532,2023-11-07T00:00:00Z,General Election,,,,546,County Board Member,,2934,Locality,Arlington County,6,Write-Ins,,,29851,Precinct,144 - Precinct 144,,false,2,,,20
163432,532,2023-11-07T00:00:00Z,General Election,,,,546,County Board Member,,2934,Locality,Arlington County,4,Total Votes Cast,,,29851,Precinct,144 - Precinct 144,,false,2,,,1438
163432,532,2023-11-07T00:00:00Z,General Election,,,,546,County Board Member,,2934,Locality,Arlington County,92692,Susan R. Cunningham,,,29852,Precinct,145 - Precinct 145,,true,2,,,583
163432,532,2023-11-07T00:00:00Z,General Election,,,,546,County Board Member,,2934,Locality,Arlington County,92688,Maureen E. Coffey,,,29852,Precinct,145 - Precinct 145,,true,2,,,576
163432,532,2023-11-07T00:00:00Z,General Election,,,,546,County Board Member,,2934,Locality,Arlington County,12517,Audrey Rose Clement,,,29852,Precinct,145 - Precinct 145,,false,2,,,148
163432,532,2023-11-07T00:00:00Z,General Election,,,,546,County Board Member,,2934,Locality,Arlington County,94977,Juan Carlos Fierro,,,29852,Precinct,145 - Precinct 145,,false,2,,,183
163432,532,2023-11-07T00:00:00Z,General Election,,,,546,County Board Member,,2934,Locality,Arlington County,6,Write-Ins,,,29852,Precinct,145 - Precinct 145,,false,2,,,11
163432,532,2023-11-07T00:00:00Z,General Election,,,,546,County Board Member,,2934,Locality,Arlington County,4,Total Votes Cast,,,29852,Precinct,145 - Precinct 145,,false,2,,,1501
163432,532,2023-11-07T00:00:00Z,General Election,,,,546,County Board Member,,2934,Locality,Arlington County,92692,Susan R. Cunningham,,,29853,Precinct,146 - Precinct 146,,true,2,,,894
163432,532,2023-11-07T00:00:00Z,General Election,,,,546,County Board Member,,2934,Locality,Arlington County,92688,Maureen E. Coffey,,,29853,Precinct,146 - Precinct 146,,true,2,,,951
163432,532,2023-11-07T00:00:00Z,General Election,,,,546,County Board Member,,2934,Locality,Arlington County,12517,Audrey Rose Clement,,,29853,Precinct,146 - Precinct 146,,false,2,,,279
163432,532,2023-11-07T00:00:00Z,General Election,,,,546,County Board Member,,2934,Locality,Arlington County,94977,Juan Carlos Fierro,,,29853,Precinct,146 - Precinct 146,,false,2,,,287
163432,532,2023-11-07T00:00:00Z,General Election,,,,546,County Board Member,,2934,Locality,Arlington County,6,Write-Ins,,,29853,Precinct,146 - Precinct 146,,false,2,,,28
163432,532,2023-11-07T00:00:00Z,General Election,,,,546,County Board Member,,2934,Locality,Arlington County,4,Total Votes Cast,,,29853,Precinct,146 - Precinct 146,,false,2,,,2439
163432,532,2023-11-07T00:00:00Z,General Election,,,,546,County Board Member,,2934,Locality,Arlington County,92692,Susan R. Cunningham,,,29854,Precinct,147 - Precinct 147,,true,2,,,578
163432,532,2023-11-07T00:00:00Z,General Election,,,,546,County Board Member,,2934,Locality,Arlington County,92688,Maureen E. Coffey,,,29854,Precinct,147 - Precinct 147,,true,2,,,589
163432,532,2023-11-07T00:00:00Z,General Election,,,,546,County Board Member,,2934,Locality,Arlington County,12517,Audrey Rose Clement,,,29854,Precinct,147 - Precinct 147,,false,2,,,139
163432,532,2023-11-07T00:00:00Z,General Election,,,,546,County Board Member,,2934,Locality,Arlington County,94977,Juan Carlos Fierro,,,29854,Precinct,147 - Precinct 147,,false,2,,,177
163432,532,2023-11-07T00:00:00Z,General Election,,,,546,County Board Member,,2934,Locality,Arlington County,6,Write-Ins,,,29854,Precinct,147 - Precinct 147,,false,2,,,20
163432,532,2023-11-07T00:00:00Z,General Election,,,,546,County Board Member,,2934,Locality,Arlington County,4,Total Votes Cast,,,29854,Precinct,147 - Precinct 147,,false,2,,,1503
163432,532,2023-11-07T00:00:00Z,General Election,,,,546,County Board Member,,2934,Locality,Arlington County,92692,Susan R. Cunningham,,,29855,Precinct,148 - Precinct 148,,true,2,,,608
163432,532,2023-11-07T00:00:00Z,General Election,,,,546,County Board Member,,2934,Locality,Arlington County,92688,Maureen E. Coffey,,,29855,Precinct,148 - Precinct 148,,true,2,,,609
163432,532,2023-11-07T00:00:00Z,General Election,,,,546,County Board Member,,2934,Locality,Arlington County,12517,Audrey Rose Clement,,,29855,Precinct,148 - Precinct 148,,false,2,,,220
163432,532,2023-11-07T00:00:00Z,General Election,,,,546,County Board Member,,2934,Locality,Arlington County,94977,Juan Carlos Fierro,,,29855,Precinct,148 - Precinct 148,,false,2,,,174
163432,532,2023-11-07T00:00:00Z,General Election,,,,546,County Board Member,,2934,Locality,Arlington County,6,Write-Ins,,,29855,Precinct,148 - Precinct 148,,false,2,,,27
163432,532,2023-11-07T00:00:00Z,General Election,,,,546,County Board Member,,2934,Locality,Arlington County,4,Total Votes Cast,,,29855,Precinct,148 - Precinct 148,,false,2,,,1638
163432,532,2023-11-07T00:00:00Z,General Election,,,,546,County Board Member,,2934,Locality,Arlington County,92692,Susan R. Cunningham,,,29856,Precinct,149 - Precinct 149,,true,2,,,581
163432,532,2023-11-07T00:00:00Z,General Election,,,,546,County Board Member,,2934,Locality,Arlington County,92688,Maureen E. Coffey,,,29856,Precinct,149 - Precinct 149,,true,2,,,572
163432,532,2023-11-07T00:00:00Z,General Election,,,,546,County Board Member,,2934,Locality,Arlington County,12517,Audrey Rose Clement,,,29856,Precinct,149 - Precinct 149,,false,2,,,151
163432,532,2023-11-07T00:00:00Z,General Election,,,,546,County Board Member,,2934,Locality,Arlington County,94977,Juan Carlos Fierro,,,29856,Precinct,149 - Precinct 149,,false,2,,,148
163432,532,2023-11-07T00:00:00Z,General Election,,,,546,County Board Member,,2934,Locality,Arlington County,6,Write-Ins,,,29856,Precinct,149 - Precinct 149,,false,2,,,34
163432,532,2023-11-07T00:00:00Z,General Election,,,,546,County Board Member,,2934,Locality,Arlington County,4,Total Votes Cast,,,29856,Precinct,149 - Precinct 149,,false,2,,,1486
163432,532,2023-11-07T00:00:00Z,General Election,,,,546,County Board Member,,2934,Locality,Arlington County,92692,Susan R. Cunningham,,,29857,Precinct,150 - Precinct 150,,true,2,,,531
163432,532,2023-11-07T00:00:00Z,General Election,,,,546,County Board Member,,2934,Locality,Arlington County,92688,Maureen E. Coffey,,,29857,Precinct,150 - Precinct 150,,true,2,,,564
163432,532,2023-11-07T00:00:00Z,General Election,,,,546,County Board Member,,2934,Locality,Arlington County,12517,Audrey Rose Clement,,,29857,Precinct,150 - Precinct 150,,false,2,,,180
163432,532,2023-11-07T00:00:00Z,General Election,,,,546,County Board Member,,2934,Locality,Arlington County,94977,Juan Carlos Fierro,,,29857,Precinct,150 - Precinct 150,,false,2,,,227
163432,532,2023-11-07T00:00:00Z,General Election,,,,546,County Board Member,,2934,Locality,Arlington County,6,Write-Ins,,,29857,Precinct,150 - Precinct 150,,false,2,,,19
163432,532,2023-11-07T00:00:00Z,General Election,,,,546,County Board Member,,2934,Locality,Arlington County,4,Total Votes Cast,,,29857,Precinct,150 - Precinct 150,,false,2,,,1521
163432,532,2023-11-07T00:00:00Z,General Election,,,,546,County Board Member,,2934,Locality,Arlington County,92692,Susan R. Cunningham,,,132334,Precinct,151 - Precinct 151,,true,2,,,270
163432,532,2023-11-07T00:00:00Z,General Election,,,,546,County Board Member,,2934,Locality,Arlington County,92688,Maureen E. Coffey,,,132334,Precinct,151 - Precinct 151,,true,2,,,287
163432,532,2023-11-07T00:00:00Z,General Election,,,,546,County Board Member,,2934,Locality,Arlington County,12517,Audrey Rose Clement,,,132334,Precinct,151 - Precinct 151,,false,2,,,71
163432,532,2023-11-07T00:00:00Z,General Election,,,,546,County Board Member,,2934,Locality,Arlington County,94977,Juan Carlos Fierro,,,132334,Precinct,151 - Precinct 151,,false,2,,,73
163432,532,2023-11-07T00:00:00Z,General Election,,,,546,County Board Member,,2934,Locality,Arlington County,6,Write-Ins,,,132334,Precinct,151 - Precinct 151,,false,2,,,6
163432,532,2023-11-07T00:00:00Z,General Election,,,,546,County Board Member,,2934,Locality,Arlington County,4,Total Votes Cast,,,132334,Precinct,151 - Precinct 151,,false,2,,,707
163432,532,2023-11-07T00:00:00Z,General Election,,,,546,County Board Member,,2934,Locality,Arlington County,92692,Susan R. Cunningham,,,132335,Precinct,152 - Precinct 152,,true,2,,,394
163432,532,2023-11-07T00:00:00Z,General Election,,,,546,County Board Member,,2934,Locality,Arlington County,92688,Maureen E. Coffey,,,132335,Precinct,152 - Precinct 152,,true,2,,,408
163432,532,2023-11-07T00:00:00Z,General Election,,,,546,County Board Member,,2934,Locality,Arlington County,12517,Audrey Rose Clement,,,132335,Precinct,152 - Precinct 152,,false,2,,,119
163432,532,2023-11-07T00:00:00Z,General Election,,,,546,County Board Member,,2934,Locality,Arlington County,94977,Juan Carlos Fierro,,,132335,Precinct,152 - Precinct 152,,false,2,,,127
163432,532,2023-11-07T00:00:00Z,General Election,,,,546,County Board Member,,2934,Locality,Arlington County,6,Write-Ins,,,132335,Precinct,152 - Precinct 152,,false,2,,,8
163432,532,2023-11-07T00:00:00Z,General Election,,,,546,County Board Member,,2934,Locality,Arlington County,4,Total Votes Cast,,,132335,Precinct,152 - Precinct 152,,false,2,,,1056
163432,532,2023-11-07T00:00:00Z,General Election,,,,546,County Board Member,,2934,Locality,Arlington County,92692,Susan R. Cunningham,,,29860,Precinct,153 - Precinct 153,,true,2,,,614
163432,532,2023-11-07T00:00:00Z,General Election,,,,546,County Board Member,,2934,Locality,Arlington County,92688,Maureen E. Coffey,,,29860,Precinct,153 - Precinct 153,,true,2,,,654
163432,532,2023-11-07T00:00:00Z,General Election,,,,546,County Board Member,,2934,Locality,Arlington County,12517,Audrey Rose Clement,,,29860,Precinct,153 - Precinct 153,,false,2,,,197
163432,532,2023-11-07T00:00:00Z,General Election,,,,546,County Board Member,,2934,Locality,Arlington County,94977,Juan Carlos Fierro,,,29860,Precinct,153 - Precinct 153,,false,2,,,233
163432,532,2023-11-07T00:00:00Z,General Election,,,,546,County Board Member,,2934,Locality,Arlington County,6,Write-Ins,,,29860,Precinct,153 - Precinct 153,,false,2,,,18
163432,532,2023-11-07T00:00:00Z,General Election,,,,546,County Board Member,,2934,Locality,Arlington County,4,Total Votes Cast,,,29860,Precinct,153 - Precinct 153,,false,2,,,1716
163432,532,2023-11-07T00:00:00Z,General Election,,,,546,County Board Member,,2934,Locality,Arlington County,92692,Susan R. Cunningham,,,132336,Precinct,154 - Precinct 154,,true,2,,,339
163432,532,2023-11-07T00:00:00Z,General Election,,,,546,County Board Member,,2934,Locality,Arlington County,92688,Maureen E. Coffey,,,132336,Precinct,154 - Precinct 154,,true,2,,,351
163432,532,2023-11-07T00:00:00Z,General Election,,,,546,County Board Member,,2934,Locality,Arlington County,12517,Audrey Rose Clement,,,132336,Precinct,154 - Precinct 154,,false,2,,,104
163432,532,2023-11-07T00:00:00Z,General Election,,,,546,County Board Member,,2934,Locality,Arlington County,94977,Juan Carlos Fierro,,,132336,Precinct,154 - Precinct 154,,false,2,,,86
163432,532,2023-11-07T00:00:00Z,General Election,,,,546,County Board Member,,2934,Locality,Arlington County,6,Write-Ins,,,132336,Precinct,154 - Precinct 154,,false,2,,,24
163432,532,2023-11-07T00:00:00Z,General Election,,,,546,County Board Member,,2934,Locality,Arlington County,4,Total Votes Cast,,,132336,Precinct,154 - Precinct 154,,false,2,,,904
163432,532,2023-11-07T00:00:00Z,General Election,,,,546,County Board Member,,2934,Locality,Arlington County,92692,Susan R. Cunningham,,,133460,Precinct,PROVISIONALS,,true,2,,,757
163432,532,2023-11-07T00:00:00Z,General Election,,,,546,County Board Member,,2934,Locality,Arlington County,92688,Maureen E. Coffey,,,133460,Precinct,PROVISIONALS,,true,2,,,749
163432,532,2023-11-07T00:00:00Z,General Election,,,,546,County Board Member,,2934,Locality,Arlington County,12517,Audrey Rose Clement,,,133460,Precinct,PROVISIONALS,,false,2,,,225
163432,532,2023-11-07T00:00:00Z,General Election,,,,546,County Board Member,,2934,Locality,Arlington County,94977,Juan Carlos Fierro,,,133460,Precinct,PROVISIONALS,,false,2,,,210
163432,532,2023-11-07T00:00:00Z,General Election,,,,546,County Board Member,,2934,Locality,Arlington County,6,Write-Ins,,,133460,Precinct,PROVISIONALS,,false,2,,,22
163432,532,2023-11-07T00:00:00Z,General Election,,,,546,County Board Member,,2934,Locality,Arlington County,4,Total Votes Cast,,,133460,Precinct,PROVISIONALS,,false,2,,,1963
160326,440,2023-06-20T00:00:00Z,Primary Election,Democratic,,,546,County Board Member,,2934,Locality,Arlington County,92688,Maureen E. Coffey,,,29808,Precinct,101 - Precinct 101,,false,2,,,57
160326,440,2023-06-20T00:00:00Z,Primary Election,Democratic,,,546,County Board Member,,2934,Locality,Arlington County,92692,Susan R. Cunningham,,,29808,Precinct,101 - Precinct 101,,true,2,,,82
160326,440,2023-06-20T00:00:00Z,Primary Election,Democratic,,,546,County Board Member,,2934,Locality,Arlington County,92687,Natalie U. Roy,,,29808,Precinct,101 - Precinct 101,,false,2,,,62
160326,440,2023-06-20T00:00:00Z,Primary Election,Democratic,,,546,County Board Member,,2934,Locality,Arlington County,92690,"Julius D. Spain, Sr",,,29808,Precinct,101 - Precinct 101,,true,2,,,79
160326,440,2023-06-20T00:00:00Z,Primary Election,Democratic,,,546,County Board Member,,2934,Locality,Arlington County,92691,G. O. Weaver,,,29808,Precinct,101 - Precinct 101,,false,2,,,17
160326,440,2023-06-20T00:00:00Z,Primary Election,Democratic,,,546,County Board Member,,2934,Locality,Arlington County,92689,Jonathan Dromgoole,,,29808,Precinct,101 - Precinct 101,,false,2,,,7
160326,440,2023-06-20T00:00:00Z,Primary Election,Democratic,,,546,County Board Member,,2934,Locality,Arlington County,6,Write-Ins,,,29808,Precinct,101 - Precinct 101,,false,2,,,0
160326,440,2023-06-20T00:00:00Z,Primary Election,Democratic,,,546,County Board Member,,2934,Locality,Arlington County,4,Total Votes Cast,,,29808,Precinct,101 - Precinct 101,,false,2,,,304
160326,440,2023-06-20T00:00:00Z,Primary Election,Democratic,,,546,County Board Member,,2934,Locality,Arlington County,3,Undervotes,,,29808,Precinct,101 - Precinct 101,,false,2,,,0
160326,440,2023-06-20T00:00:00Z,Primary Election,Democratic,,,546,County Board Member,,2934,Locality,Arlington County,92688,Maureen E. Coffey,,,29809,Precinct,102 - Precinct 102,,true,2,,,135
160326,440,2023-06-20T00:00:00Z,Primary Election,Democratic,,,546,County Board Member,,2934,Locality,Arlington County,92692,Susan R. Cunningham,,,29809,Precinct,102 - Precinct 102,,false,2,,,124
160326,440,2023-06-20T00:00:00Z,Primary Election,Democratic,,,546,County Board Member,,2934,Locality,Arlington County,92687,Natalie U. Roy,,,29809,Precinct,102 - Precinct 102,,true,2,,,430
160326,440,2023-06-20T00:00:00Z,Primary Election,Democratic,,,546,County Board Member,,2934,Locality,Arlington County,92690,"Julius D. Spain, Sr",,,29809,Precinct,102 - Precinct 102,,false,2,,,127
160326,440,2023-06-20T00:00:00Z,Primary Election,Democratic,,,546,County Board Member,,2934,Locality,Arlington County,92691,G. O. Weaver,,,29809,Precinct,102 - Precinct 102,,false,2,,,10
160326,440,2023-06-20T00:00:00Z,Primary Election,Democratic,,,546,County Board Member,,2934,Locality,Arlington County,92689,Jonathan Dromgoole,,,29809,Precinct,102 - Precinct 102,,false,2,,,15
160326,440,2023-06-20T00:00:00Z,Primary Election,Democratic,,,546,County Board Member,,2934,Locality,Arlington County,6,Write-Ins,,,29809,Precinct,102 - Precinct 102,,false,2,,,0
160326,440,2023-06-20T00:00:00Z,Primary Election,Democratic,,,546,County Board Member,,2934,Locality,Arlington County,4,Total Votes Cast,,,29809,Precinct,102 - Precinct 102,,false,2,,,841
160326,440,2023-06-20T00:00:00Z,Primary Election,Democratic,,,546,County Board Member,,2934,Locality,Arlington County,3,Undervotes,,,29809,Precinct,102 - Precinct 102,,false,2,,,0
160326,440,2023-06-20T00:00:00Z,Primary Election,Democratic,,,546,County Board Member,,2934,Locality,Arlington County,92688,Maureen E. Coffey,,,29810,Precinct,103 - Precinct 103,,false,2,,,84
160326,440,2023-06-20T00:00:00Z,Primary Election,Democratic,,,546,County Board Member,,2934,Locality,Arlington County,92692,Susan R. Cunningham,,,29810,Precinct,103 - Precinct 103,,true,2,,,136
160326,440,2023-06-20T00:00:00Z,Primary Election,Democratic,,,546,County Board Member,,2934,Locality,Arlington County,92687,Natalie U. Roy,,,29810,Precinct,103 - Precinct 103,,true,2,,,140
160326,440,2023-06-20T00:00:00Z,Primary Election,Democratic,,,546,County Board Member,,2934,Locality,Arlington County,92690,"Julius D. Spain, Sr",,,29810,Precinct,103 - Precinct 103,,false,2,,,58
160326,440,2023-06-20T00:00:00Z,Primary Election,Democratic,,,546,County Board Member,,2934,Locality,Arlington County,92691,G. O. Weaver,,,29810,Precinct,103 - Precinct 103,,false,2,,,16
160326,440,2023-06-20T00:00:00Z,Primary Election,Democratic,,,546,County Board Member,,2934,Locality,Arlington County,92689,Jonathan Dromgoole,,,29810,Precinct,103 - Precinct 103,,false,2,,,13
160326,440,2023-06-20T00:00:00Z,Primary Election,Democratic,,,546,County Board Member,,2934,Locality,Arlington County,6,Write-Ins,,,29810,Precinct,103 - Precinct 103,,false,2,,,0
160326,440,2023-06-20T00:00:00Z,Primary Election,Democratic,,,546,County Board Member,,2934,Locality,Arlington County,4,Total Votes Cast,,,29810,Precinct,103 - Precinct 103,,false,2,,,447
160326,440,2023-06-20T00:00:00Z,Primary Election,Democratic,,,546,County Board Member,,2934,Locality,Arlington County,3,Undervotes,,,29810,Precinct,103 - Precinct 103,,false,2,,,0
160326,440,2023-06-20T00:00:00Z,Primary Election,Democratic,,,546,County Board Member,,2934,Locality,Arlington County,92688,Maureen E. Coffey,,,29811,Precinct,104 - Precinct 104,,true,2,,,137
160326,440,2023-06-20T00:00:00Z,Primary Election,Democratic,,,546,County Board Member,,2934,Locality,Arlington County,92692,Susan R. Cunningham,,,29811,Precinct,104 - Precinct 104,,false,2,,,110
160326,440,2023-06-20T00:00:00Z,Primary Election,Democratic,,,546,County Board Member,,2934,Locality,Arlington County,92687,Natalie U. Roy,,,29811,Precinct,104 - Precinct 104,,false,2,,,116
160326,440,2023-06-20T00:00:00Z,Primary Election,Democratic,,,546,County Board Member,,2934,Locality,Arlington County,92690,"Julius D. Spain, Sr",,,29811,Precinct,104 - Precinct 104,,true,2,,,140
160326,440,2023-06-20T00:00:00Z,Primary Election,Democratic,,,546,County Board Member,,2934,Locality,Arlington County,92691,G. O. Weaver,,,29811,Precinct,104 - Precinct 104,,false,2,,,24
160326,440,2023-06-20T00:00:00Z,Primary Election,Democratic,,,546,County Board Member,,2934,Locality,Arlington County,92689,Jonathan Dromgoole,,,29811,Precinct,104 - Precinct 104,,false,2,,,22
160326,440,2023-06-20T00:00:00Z,Primary Election,Democratic,,,546,County Board Member,,2934,Locality,Arlington County,6,Write-Ins,,,29811,Precinct,104 - Precinct 104,,false,2,,,0
160326,440,2023-06-20T00:00:00Z,Primary Election,Democratic,,,546,County Board Member,,2934,Locality,Arlington County,4,Total Votes Cast,,,29811,Precinct,104 - Precinct 104,,false,2,,,549
160326,440,2023-06-20T00:00:00Z,Primary Election,Democratic,,,546,County Board Member,,2934,Locality,Arlington County,3,Undervotes,,,29811,Precinct,104 - Precinct 104,,false,2,,,0
160326,440,2023-06-20T00:00:00Z,Primary Election,Democratic,,,546,County Board Member,,2934,Locality,Arlington County,92688,Maureen E. Coffey,,,29812,Precinct,105 - Precinct 105,,false,2,,,125
160326,440,2023-06-20T00:00:00Z,Primary Election,Democratic,,,546,County Board Member,,2934,Locality,Arlington County,92692,Susan R. Cunningham,,,29812,Precinct,105 - Precinct 105,,false,2,,,114
160326,440,2023-06-20T00:00:00Z,Primary Election,Democratic,,,546,County Board Member,,2934,Locality,Arlington County,92687,Natalie U. Roy,,,29812,Precinct,105 - Precinct 105,,true,2,,,175
160326,440,2023-06-20T00:00:00Z,Primary Election,Democratic,,,546,County Board Member,,2934,Locality,Arlington County,92690,"Julius D. Spain, Sr",,,29812,Precinct,105 - Precinct 105,,true,2,,,180
160326,440,2023-06-20T00:00:00Z,Primary Election,Democratic,,,546,County Board Member,,2934,Locality,Arlington County,92691,G. O. Weaver,,,29812,Precinct,105 - Precinct 105,,false,2,,,23
160326,440,2023-06-20T00:00:00Z,Primary Election,Democratic,,,546,County Board Member,,2934,Locality,Arlington County,92689,Jonathan Dromgoole,,,29812,Precinct,105 - Precinct 105,,false,2,,,16
160326,440,2023-06-20T00:00:00Z,Primary Election,Democratic,,,546,County Board Member,,2934,Locality,Arlington County,6,Write-Ins,,,29812,Precinct,105 - Precinct 105,,false,2,,,0
160326,440,2023-06-20T00:00:00Z,Primary Election,Democratic,,,546,County Board Member,,2934,Locality,Arlington County,4,Total Votes Cast,,,29812,Precinct,105 - Precinct 105,,false,2,,,633
160326,440,2023-06-20T00:00:00Z,Primary Election,Democratic,,,546,County Board Member,,2934,Locality,Arlington County,3,Undervotes,,,29812,Precinct,105 - Precinct 105,,false,2,,,0
160326,440,2023-06-20T00:00:00Z,Primary Election,Democratic,,,546,County Board Member,,2934,Locality,Arlington County,92688,Maureen E. Coffey,,,29813,Precinct,106 - Precinct 106,,true,2,,,78
160326,440,2023-06-20T00:00:00Z,Primary Election,Democratic,,,546,County Board Member,,2934,Locality,Arlington County,92692,Susan R. Cunningham,,,29813,Precinct,106 - Precinct 106,,false,2,,,39
160326,440,2023-06-20T00:00:00Z,Primary Election,Democratic,,,546,County Board Member,,2934,Locality,Arlington County,92687,Natalie U. Roy,,,29813,Precinct,106 - Precinct 106,,false,2,,,37
160326,440,2023-06-20T00:00:00Z,Primary Election,Democratic,,,546,County Board Member,,2934,Locality,Arlington County,92690,"Julius D. Spain, Sr",,,29813,Precinct,106 - Precinct 106,,true,2,,,88
160326,440,2023-06-20T00:00:00Z,Primary Election,Democratic,,,546,County Board Member,,2934,Locality,Arlington County,92691,G. O. Weaver,,,29813,Precinct,106 - Precinct 106,,false,2,,,30
160326,440,2023-06-20T00:00:00Z,Primary Election,Democratic,,,546,County Board Member,,2934,Locality,Arlington County,92689,Jonathan Dromgoole,,,29813,Precinct,106 - Precinct 106,,false,2,,,22
160326,440,2023-06-20T00:00:00Z,Primary Election,Democratic,,,546,County Board Member,,2934,Locality,Arlington County,6,Write-Ins,,,29813,Precinct,106 - Precinct 106,,false,2,,,0
160326,440,2023-06-20T00:00:00Z,Primary Election,Democratic,,,546,County Board Member,,2934,Locality,Arlington County,4,Total Votes Cast,,,29813,Precinct,106 - Precinct 106,,false,2,,,294
160326,440,2023-06-20T00:00:00Z,Primary Election,Democratic,,,546,County Board Member,,2934,Locality,Arlington County,3,Undervotes,,,29813,Precinct,106 - Precinct 106,,false,2,,,0
160326,440,2023-06-20T00:00:00Z,Primary Election,Democratic,,,546,County Board Member,,2934,Locality,Arlington County,92688,Maureen E. Coffey,,,29814,Precinct,107 - Precinct 107,,true,2,,,173
160326,440,2023-06-20T00:00:00Z,Primary Election,Democratic,,,546,County Board Member,,2934,Locality,Arlington County,92692,Susan R. Cunningham,,,29814,Precinct,107 - Precinct 107,,true,2,,,243
160326,440,2023-06-20T00:00:00Z,Primary Election,Democratic,,,546,County Board Member,,2934,Locality,Arlington County,92687,Natalie U. Roy,,,29814,Precinct,107 - Precinct 107,,false,2,,,159
160326,440,2023-06-20T00:00:00Z,Primary Election,Democratic,,,546,County Board Member,,2934,Locality,Arlington County,92690,"Julius D. Spain, Sr",,,29814,Precinct,107 - Precinct 107,,false,2,,,98
160326,440,2023-06-20T00:00:00Z,Primary Election,Democratic,,,546,County Board Member,,2934,Locality,Arlington County,92691,G. O. Weaver,,,29814,Precinct,107 - Precinct 107,,false,2,,,35
160326,440,2023-06-20T00:00:00Z,Primary Election,Democratic,,,546,County Board Member,,2934,Locality,Arlington County,92689,Jonathan Dromgoole,,,29814,Precinct,107 - Precinct 107,,false,2,,,15
160326,440,2023-06-20T00:00:00Z,Primary Election,Democratic,,,546,County Board Member,,2934,Locality,Arlington County,6,Write-Ins,,,29814,Precinct,107 - Precinct 107,,false,2,,,0
160326,440,2023-06-20T00:00:00Z,Primary Election,Democratic,,,546,County Board Member,,2934,Locality,Arlington County,4,Total Votes Cast,,,29814,Precinct,107 - Precinct 107,,false,2,,,723
160326,440,2023-06-20T00:00:00Z,Primary Election,Democratic,,,546,County Board Member,,2934,Locality,Arlington County,3,Undervotes,,,29814,Precinct,107 - Precinct 107,,false,2,,,0
160326,440,2023-06-20T00:00:00Z,Primary Election,Democratic,,,546,County Board Member,,2934,Locality,Arlington County,92688,Maureen E. Coffey,,,29815,Precinct,108 - Precinct 108,,true,2,,,148
160326,440,2023-06-20T00:00:00Z,Primary Election,Democratic,,,546,County Board Member,,2934,Locality,Arlington County,92692,Susan R. Cunningham,,,29815,Precinct,108 - Precinct 108,,true,2,,,98
160326,440,2023-06-20T00:00:00Z,Primary Election,Democratic,,,546,County Board Member,,2934,Locality,Arlington County,92687,Natalie U. Roy,,,29815,Precinct,108 - Precinct 108,,false,2,,,97
160326,440,2023-06-20T00:00:00Z,Primary Election,Democratic,,,546,County Board Member,,2934,Locality,Arlington County,92690,"Julius D. Spain, Sr",,,29815,Precinct,108 - Precinct 108,,false,2,,,89
160326,440,2023-06-20T00:00:00Z,Primary Election,Democratic,,,546,County Board Member,,2934,Locality,Arlington County,92691,G. O. Weaver,,,29815,Precinct,108 - Precinct 108,,false,2,,,24
160326,440,2023-06-20T00:00:00Z,Primary Election,Democratic,,,546,County Board Member,,2934,Locality,Arlington County,92689,Jonathan Dromgoole,,,29815,Precinct,108 - Precinct 108,,false,2,,,36
160326,440,2023-06-20T00:00:00Z,Primary Election,Democratic,,,546,County Board Member,,2934,Locality,Arlington County,6,Write-Ins,,,29815,Precinct,108 - Precinct 108,,false,2,,,0
160326,440,2023-06-20T00:00:00Z,Primary Election,Democratic,,,546,County Board Member,,2934,Locality,Arlington County,4,Total Votes Cast,,,29815,Precinct,108 - Precinct 108,,false,2,,,492
160326,440,2023-06-20T00:00:00Z,Primary Election,Democratic,,,546,County Board Member,,2934,Locality,Arlington County,3,Undervotes,,,29815,Precinct,108 - Precinct 108,,false,2,,,0
160326,440,2023-06-20T00:00:00Z,Primary Election,Democratic,,,546,County Board Member,,2934,Locality,Arlington County,92688,Maureen E. Coffey,,,29816,Precinct,109 - Precinct 109,,true,2,,,174
160326,440,2023-06-20T00:00:00Z,Primary Election,Democratic,,,546,County Board Member,,2934,Locality,Arlington County,92692,Susan R. Cunningham,,,29816,Precinct,109 - Precinct 109,,false,2,,,92
160326,440,2023-06-20T00:00:00Z,Primary Election,Democratic,,,546,County Board Member,,2934,Locality,Arlington County,92687,Natalie U. Roy,,,29816,Precinct,109 - Precinct 109,,false,2,,,81
160326,440,2023-06-20T00:00:00Z,Primary Election,Democratic,,,546,County Board Member,,2934,Locality,Arlington County,92690,"Julius D. Spain, Sr",,,29816,Precinct,109 - Precinct 109,,true,2,,,199
160326,440,2023-06-20T00:00:00Z,Primary Election,Democratic,,,546,County Board Member,,2934,Locality,Arlington County,92691,G. O. Weaver,,,29816,Precinct,109 - Precinct 109,,false,2,,,30
160326,440,2023-06-20T00:00:00Z,Primary Election,Democratic,,,546,County Board Member,,2934,Locality,Arlington County,92689,Jonathan Dromgoole,,,29816,Precinct,109 - Precinct 109,,false,2,,,28
160326,440,2023-06-20T00:00:00Z,Primary Election,Democratic,,,546,County Board Member,,2934,Locality,Arlington County,6,Write-Ins,,,29816,Precinct,109 - Precinct 109,,false,2,,,0
160326,440,2023-06-20T00:00:00Z,Primary Election,Democratic,,,546,County Board Member,,2934,Locality,Arlington County,4,Total Votes Cast,,,29816,Precinct,109 - Precinct 109,,false,2,,,604
160326,440,2023-06-20T00:00:00Z,Primary Election,Democratic,,,546,County Board Member,,2934,Locality,Arlington County,3,Undervotes,,,29816,Precinct,109 - Precinct 109,,false,2,,,0
160326,440,2023-06-20T00:00:00Z,Primary Election,Democratic,,,546,County Board Member,,2934,Locality,Arlington County,92688,Maureen E. Coffey,,,132328,Precinct,110 - Precinct 110,,false,2,,,0
160326,440,2023-06-20T00:00:00Z,Primary Election,Democratic,,,546,County Board Member,,2934,Locality,Arlington County,92692,Susan R. Cunningham,,,132328,Precinct,110 - Precinct 110,,false,2,,,0
160326,440,2023-06-20T00:00:00Z,Primary Election,Democratic,,,546,County Board Member,,2934,Locality,Arlington County,92687,Natalie U. Roy,,,132328,Precinct,110 - Precinct 110,,false,2,,,0
160326,440,2023-06-20T00:00:00Z,Primary Election,Democratic,,,546,County Board Member,,2934,Locality,Arlington County,92690,"Julius D. Spain, Sr",,,132328,Precinct,110 - Precinct 110,,false,2,,,0
160326,440,2023-06-20T00:00:00Z,Primary Election,Democratic,,,546,County Board Member,,2934,Locality,Arlington County,92691,G. O. Weaver,,,132328,Precinct,110 - Precinct 110,,false,2,,,0
160326,440,2023-06-20T00:00:00Z,Primary Election,Democratic,,,546,County Board Member,,2934,Locality,Arlington County,92689,Jonathan Dromgoole,,,132328,Precinct,110 - Precinct 110,,false,2,,,0
160326,440,2023-06-20T00:00:00Z,Primary Election,Democratic,,,546,County Board Member,,2934,Locality,Arlington County,6,Write-Ins,,,132328,Precinct,110 - Precinct 110,,false,2,,,0
160326,440,2023-06-20T00:00:00Z,Primary Election,Democratic,,,546,County Board Member,,2934,Locality,Arlington County,4,Total Votes Cast,,,132328,Precinct,110 - Precinct 110,,false,2,,,0
160326,440,2023-06-20T00:00:00Z,Primary Election,Democratic,,,546,County Board Member,,2934,Locality,Arlington County,3,Undervotes,,,132328,Precinct,110 - Precinct 110,,false,2,,,0
160326,440,2023-06-20T00:00:00Z,Primary Election,Democratic,,,546,County Board Member,,2934,Locality,Arlington County,92688,Maureen E. Coffey,,,29818,Precinct,111 - Precinct 111,,false,2,,,110
160326,440,2023-06-20T00:00:00Z,Primary Election,Democratic,,,546,County Board Member,,2934,Locality,Arlington County,92692,Susan R. Cunningham,,,29818,Precinct,111 - Precinct 111,,true,2,,,127
160326,440,2023-06-20T00:00:00Z,Primary Election,Democratic,,,546,County Board Member,,2934,Locality,Arlington County,92687,Natalie U. Roy,,,29818,Precinct,111 - Precinct 111,,true,2,,,141
160326,440,2023-06-20T00:00:00Z,Primary Election,Democratic,,,546,County Board Member,,2934,Locality,Arlington County,92690,"Julius D. Spain, Sr",,,29818,Precinct,111 - Precinct 111,,false,2,,,93
160326,440,2023-06-20T00:00:00Z,Primary Election,Democratic,,,546,County Board Member,,2934,Locality,Arlington County,92691,G. O. Weaver,,,29818,Precinct,111 - Precinct 111,,false,2,,,25
160326,440,2023-06-20T00:00:00Z,Primary Election,Democratic,,,546,County Board Member,,2934,Locality,Arlington County,92689,Jonathan Dromgoole,,,29818,Precinct,111 - Precinct 111,,false,2,,,15
160326,440,2023-06-20T00:00:00Z,Primary Election,Democratic,,,546,County Board Member,,2934,Locality,Arlington County,6,Write-Ins,,,29818,Precinct,111 - Precinct 111,,false,2,,,0
160326,440,2023-06-20T00:00:00Z,Primary Election,Democratic,,,546,County Board Member,,2934,Locality,Arlington County,4,Total Votes Cast,,,29818,Precinct,111 - Precinct 111,,false,2,,,511
160326,440,2023-06-20T00:00:00Z,Primary Election,Democratic,,,546,County Board Member,,2934,Locality,Arlington County,3,Undervotes,,,29818,Precinct,111 - Precinct 111,,false,2,,,0
160326,440,2023-06-20T00:00:00Z,Primary Election,Democratic,,,546,County Board Member,,2934,Locality,Arlington County,92688,Maureen E. Coffey,,,29819,Precinct,112 - Precinct 112,,false,2,,,135
160326,440,2023-06-20T00:00:00Z,Primary Election,Democratic,,,546,County Board Member,,2934,Locality,Arlington County,92692,Susan R. Cunningham,,,29819,Precinct,112 - Precinct 112,,false,2,,,159
160326,440,2023-06-20T00:00:00Z,Primary Election,Democratic,,,546,County Board Member,,2934,Locality,Arlington County,92687,Natalie U. Roy,,,29819,Precinct,112 - Precinct 112,,false,2,,,84
160326,440,2023-06-20T00:00:00Z,Primary Election,Democratic,,,546,County Board Member,,2934,Locality,Arlington County,92690,"Julius D. Spain, Sr",,,29819,Precinct,112 - Precinct 112,,false,2,,,84
160326,440,2023-06-20T00:00:00Z,Primary Election,Democratic,,,546,County Board Member,,2934,Locality,Arlington County,92691,G. O. Weaver,,,29819,Precinct,112 - Precinct 112,,false,2,,,61
160326,440,2023-06-20T00:00:00Z,Primary Election,Democratic,,,546,County Board Member,,2934,Locality,Arlington County,92689,Jonathan Dromgoole,,,29819,Precinct,112 - Precinct 112,,false,2,,,23
160326,440,2023-06-20T00:00:00Z,Primary Election,Democratic,,,546,County Board Member,,2934,Locality,Arlington County,6,Write-Ins,,,29819,Precinct,112 - Precinct 112,,false,2,,,0
160326,440,2023-06-20T00:00:00Z,Primary Election,Democratic,,,546,County Board Member,,2934,Locality,Arlington County,4,Total Votes Cast,,,29819,Precinct,112 - Precinct 112,,false,2,,,546
160326,440,2023-06-20T00:00:00Z,Primary Election,Democratic,,,546,County Board Member,,2934,Locality,Arlington County,3,Undervotes,,,29819,Precinct,112 - Precinct 112,,false,2,,,0
160326,440,2023-06-20T00:00:00Z,Primary Election,Democratic,,,546,County Board Member,,2934,Locality,Arlington County,92688,Maureen E. Coffey,,,29820,Precinct,113 - Precinct 113,,false,2,,,80
160326,440,2023-06-20T00:00:00Z,Primary Election,Democratic,,,546,County Board Member,,2934,Locality,Arlington County,92692,Susan R. Cunningham,,,29820,Precinct,113 - Precinct 113,,true,2,,,94
160326,440,2023-06-20T00:00:00Z,Primary Election,Democratic,,,546,County Board Member,,2934,Locality,Arlington County,92687,Natalie U. Roy,,,29820,Precinct,113 - Precinct 113,,true,2,,,134
160326,440,2023-06-20T00:00:00Z,Primary Election,Democratic,,,546,County Board Member,,2934,Locality,Arlington County,92690,"Julius D. Spain, Sr",,,29820,Precinct,113 - Precinct 113,,false,2,,,68
160326,440,2023-06-20T00:00:00Z,Primary Election,Democratic,,,546,County Board Member,,2934,Locality,Arlington County,92691,G. O. Weaver,,,29820,Precinct,113 - Precinct 113,,false,2,,,12
160326,440,2023-06-20T00:00:00Z,Primary Election,Democratic,,,546,County Board Member,,2934,Locality,Arlington County,92689,Jonathan Dromgoole,,,29820,Precinct,113 - Precinct 113,,false,2,,,12
160326,440,2023-06-20T00:00:00Z,Primary Election,Democratic,,,546,County Board Member,,2934,Locality,Arlington County,6,Write-Ins,,,29820,Precinct,113 - Precinct 113,,false,2,,,0
160326,440,2023-06-20T00:00:00Z,Primary Election,Democratic,,,546,County Board Member,,2934,Locality,Arlington County,4,Total Votes Cast,,,29820,Precinct,113 - Precinct 113,,false,2,,,400
160326,440,2023-06-20T00:00:00Z,Primary Election,Democratic,,,546,County Board Member,,2934,Locality,Arlington County,3,Undervotes,,,29820,Precinct,113 - Precinct 113,,false,2,,,0
160326,440,2023-06-20T00:00:00Z,Primary Election,Democratic,,,546,County Board Member,,2934,Locality,Arlington County,92688,Maureen E. Coffey,,,29821,Precinct,114 - Precinct 114,,true,2,,,106
160326,440,2023-06-20T00:00:00Z,Primary Election,Democratic,,,546,County Board Member,,2934,Locality,Arlington County,92692,Susan R. Cunningham,,,29821,Precinct,114 - Precinct 114,,false,2,,,56
160326,440,2023-06-20T00:00:00Z,Primary Election,Democratic,,,546,County Board Member,,2934,Locality,Arlington County,92687,Natalie U. Roy,,,29821,Precinct,114 - Precinct 114,,false,2,,,77
160326,440,2023-06-20T00:00:00Z,Primary Election,Democratic,,,546,County Board Member,,2934,Locality,Arlington County,92690,"Julius D. Spain, Sr",,,29821,Precinct,114 - Precinct 114,,true,2,,,78
160326,440,2023-06-20T00:00:00Z,Primary Election,Democratic,,,546,County Board Member,,2934,Locality,Arlington County,92691,G. O. Weaver,,,29821,Precinct,114 - Precinct 114,,false,2,,,36
160326,440,2023-06-20T00:00:00Z,Primary Election,Democratic,,,546,County Board Member,,2934,Locality,Arlington County,92689,Jonathan Dromgoole,,,29821,Precinct,114 - Precinct 114,,false,2,,,18
160326,440,2023-06-20T00:00:00Z,Primary Election,Democratic,,,546,County Board Member,,2934,Locality,Arlington County,6,Write-Ins,,,29821,Precinct,114 - Precinct 114,,false,2,,,0
160326,440,2023-06-20T00:00:00Z,Primary Election,Democratic,,,546,County Board Member,,2934,Locality,Arlington County,4,Total Votes Cast,,,29821,Precinct,114 - Precinct 114,,false,2,,,371
160326,440,2023-06-20T00:00:00Z,Primary Election,Democratic,,,546,County Board Member,,2934,Locality,Arlington County,3,Undervotes,,,29821,Precinct,114 - Precinct 114,,false,2,,,0
160326,440,2023-06-20T00:00:00Z,Primary Election,Democratic,,,546,County Board Member,,2934,Locality,Arlington County,92688,Maureen E. Coffey,,,29822,Precinct,115 - Precinct 115,,true,2,,,73
160326,440,2023-06-20T00:00:00Z,Primary Election,Democratic,,,546,County Board Member,,2934,Locality,Arlington County,92692,Susan R. Cunningham,,,29822,Precinct,115 - Precinct 115,,false,2,,,46
160326,440,2023-06-20T00:00:00Z,Primary Election,Democratic,,,546,County Board Member,,2934,Locality,Arlington County,92687,Natalie U. Roy,,,29822,Precinct,115 - Precinct 115,,true,2,,,199
160326,440,2023-06-20T00:00:00Z,Primary Election,Democratic,,,546,County Board Member,,2934,Locality,Arlington County,92690,"Julius D. Spain, Sr",,,29822,Precinct,115 - Precinct 115,,false,2,,,66
160326,440,2023-06-20T00:00:00Z,Primary Election,Democratic,,,546,County Board Member,,2934,Locality,Arlington County,92691,G. O. Weaver,,,29822,Precinct,115 - Precinct 115,,false,2,,,8
160326,440,2023-06-20T00:00:00Z,Primary Election,Democratic,,,546,County Board Member,,2934,Locality,Arlington County,92689,Jonathan Dromgoole,,,29822,Precinct,115 - Precinct 115,,false,2,,,9
160326,440,2023-06-20T00:00:00Z,Primary Election,Democratic,,,546,County Board Member,,2934,Locality,Arlington County,6,Write-Ins,,,29822,Precinct,115 - Precinct 115,,false,2,,,0
160326,440,2023-06-20T00:00:00Z,Primary Election,Democratic,,,546,County Board Member,,2934,Locality,Arlington County,4,Total Votes Cast,,,29822,Precinct,115 - Precinct 115,,false,2,,,401
160326,440,2023-06-20T00:00:00Z,Primary Election,Democratic,,,546,County Board Member,,2934,Locality,Arlington County,3,Undervotes,,,29822,Precinct,115 - Precinct 115,,false,2,,,0
160326,440,2023-06-20T00:00:00Z,Primary Election,Democratic,,,546,County Board Member,,2934,Locality,Arlington County,92688,Maureen E. Coffey,,,29823,Precinct,116 - Precinct 116,,false,2,,,150
160326,440,2023-06-20T00:00:00Z,Primary Election,Democratic,,,546,County Board Member,,2934,Locality,Arlington County,92692,Susan R. Cunningham,,,29823,Precinct,116 - Precinct 116,,true,2,,,196
160326,440,2023-06-20T00:00:00Z,Primary Election,Democratic,,,546,County Board Member,,2934,Locality,Arlington County,92687,Natalie U. Roy,,,29823,Precinct,116 - Precinct 116,,true,2,,,217
160326,440,2023-06-20T00:00:00Z,Primary Election,Democratic,,,546,County Board Member,,2934,Locality,Arlington County,92690,"Julius D. Spain, Sr",,,29823,Precinct,116 - Precinct 116,,false,2,,,90
160326,440,2023-06-20T00:00:00Z,Primary Election,Democratic,,,546,County Board Member,,2934,Locality,Arlington County,92691,G. O. Weaver,,,29823,Precinct,116 - Precinct 116,,false,2,,,19
160326,440,2023-06-20T00:00:00Z,Primary Election,Democratic,,,546,County Board Member,,2934,Locality,Arlington County,92689,Jonathan Dromgoole,,,29823,Precinct,116 - Precinct 116,,false,2,,,32
160326,440,2023-06-20T00:00:00Z,Primary Election,Democratic,,,546,County Board Member,,2934,Locality,Arlington County,6,Write-Ins,,,29823,Precinct,116 - Precinct 116,,false,2,,,0
160326,440,2023-06-20T00:00:00Z,Primary Election,Democratic,,,546,County Board Member,,2934,Locality,Arlington County,4,Total Votes Cast,,,29823,Precinct,116 - Precinct 116,,false,2,,,704
160326,440,2023-06-20T00:00:00Z,Primary Election,Democratic,,,546,County Board Member,,2934,Locality,Arlington County,3,Undervotes,,,29823,Precinct,116 - Precinct 116,,false,2,,,0
160326,440,2023-06-20T00:00:00Z,Primary Election,Democratic,,,546,County Board Member,,2934,Locality,Arlington County,92688,Maureen E. Coffey,,,29824,Precinct,117 - Precinct 117,,false,2,,,178
160326,440,2023-06-20T00:00:00Z,Primary Election,Democratic,,,546,County Board Member,,2934,Locality,Arlington County,92692,Susan R. Cunningham,,,29824,Precinct,117 - Precinct 117,,true,2,,,247
160326,440,2023-06-20T00:00:00Z,Primary Election,Democratic,,,546,County Board Member,,2934,Locality,Arlington County,92687,Natalie U. Roy,,,29824,Precinct,117 - Precinct 117,,true,2,,,199
160326,440,2023-06-20T00:00:00Z,Primary Election,Democratic,,,546,County Board Member,,2934,Locality,Arlington County,92690,"Julius D. Spain, Sr",,,29824,Precinct,117 - Precinct 117,,false,2,,,132
160326,440,2023-06-20T00:00:00Z,Primary Election,Democratic,,,546,County Board Member,,2934,Locality,Arlington County,92691,G. O. Weaver,,,29824,Precinct,117 - Precinct 117,,false,2,,,50
160326,440,2023-06-20T00:00:00Z,Primary Election,Democratic,,,546,County Board Member,,2934,Locality,Arlington County,92689,Jonathan Dromgoole,,,29824,Precinct,117 - Precinct 117,,false,2,,,17
160326,440,2023-06-20T00:00:00Z,Primary Election,Democratic,,,546,County Board Member,,2934,Locality,Arlington County,6,Write-Ins,,,29824,Precinct,117 - Precinct 117,,false,2,,,0
160326,440,2023-06-20T00:00:00Z,Primary Election,Democratic,,,546,County Board Member,,2934,Locality,Arlington County,4,Total Votes Cast,,,29824,Precinct,117 - Precinct 117,,false,2,,,823
160326,440,2023-06-20T00:00:00Z,Primary Election,Democratic,,,546,County Board Member,,2934,Locality,Arlington County,3,Undervotes,,,29824,Precinct,117 - Precinct 117,,false,2,,,0
160326,440,2023-06-20T00:00:00Z,Primary Election,Democratic,,,546,County Board Member,,2934,Locality,Arlington County,92688,Maureen E. Coffey,,,29825,Precinct,118 - Precinct 118,,true,2,,,213
160326,440,2023-06-20T00:00:00Z,Primary Election,Democratic,,,546,County Board Member,,2934,Locality,Arlington County,92692,Susan R. Cunningham,,,29825,Precinct,118 - Precinct 118,,false,2,,,107
160326,440,2023-06-20T00:00:00Z,Primary Election,Democratic,,,546,County Board Member,,2934,Locality,Arlington County,92687,Natalie U. Roy,,,29825,Precinct,118 - Precinct 118,,false,2,,,131
160326,440,2023-06-20T00:00:00Z,Primary Election,Democratic,,,546,County Board Member,,2934,Locality,Arlington County,92690,"Julius D. Spain, Sr",,,29825,Precinct,118 - Precinct 118,,true,2,,,157
160326,440,2023-06-20T00:00:00Z,Primary Election,Democratic,,,546,County Board Member,,2934,Locality,Arlington County,92691,G. O. Weaver,,,29825,Precinct,118 - Precinct 118,,false,2,,,48
160326,440,2023-06-20T00:00:00Z,Primary Election,Democratic,,,546,County Board Member,,2934,Locality,Arlington County,92689,Jonathan Dromgoole,,,29825,Precinct,118 - Precinct 118,,false,2,,,38
160326,440,2023-06-20T00:00:00Z,Primary Election,Democratic,,,546,County Board Member,,2934,Locality,Arlington County,6,Write-Ins,,,29825,Precinct,118 - Precinct 118,,false,2,,,0
160326,440,2023-06-20T00:00:00Z,Primary Election,Democratic,,,546,County Board Member,,2934,Locality,Arlington County,4,Total Votes Cast,,,29825,Precinct,118 - Precinct 118,,false,2,,,694
160326,440,2023-06-20T00:00:00Z,Primary Election,Democratic,,,546,County Board Member,,2934,Locality,Arlington County,3,Undervotes,,,29825,Precinct,118 - Precinct 118,,false,2,,,0
160326,440,2023-06-20T00:00:00Z,Primary Election,Democratic,,,546,County Board Member,,2934,Locality,Arlington County,92688,Maureen E. Coffey,,,132329,Precinct,119 - Precinct 119,,false,2,,,0
160326,440,2023-06-20T00:00:00Z,Primary Election,Democratic,,,546,County Board Member,,2934,Locality,Arlington County,92692,Susan R. Cunningham,,,132329,Precinct,119 - Precinct 119,,false,2,,,0
160326,440,2023-06-20T00:00:00Z,Primary Election,Democratic,,,546,County Board Member,,2934,Locality,Arlington County,92687,Natalie U. Roy,,,132329,Precinct,119 - Precinct 119,,false,2,,,0
160326,440,2023-06-20T00:00:00Z,Primary Election,Democratic,,,546,County Board Member,,2934,Locality,Arlington County,92690,"Julius D. Spain, Sr",,,132329,Precinct,119 - Precinct 119,,false,2,,,0
160326,440,2023-06-20T00:00:00Z,Primary Election,Democratic,,,546,County Board Member,,2934,Locality,Arlington County,92691,G. O. Weaver,,,132329,Precinct,119 - Precinct 119,,false,2,,,0
160326,440,2023-06-20T00:00:00Z,Primary Election,Democratic,,,546,County Board Member,,2934,Locality,Arlington County,92689,Jonathan Dromgoole,,,132329,Precinct,119 - Precinct 119,,false,2,,,0
160326,440,2023-06-20T00:00:00Z,Primary Election,Democratic,,,546,County Board Member,,2934,Locality,Arlington County,6,Write-Ins,,,132329,Precinct,119 - Precinct 119,,false,2,,,0
160326,440,2023-06-20T00:00:00Z,Primary Election,Democratic,,,546,County Board Member,,2934,Locality,Arlington County,4,Total Votes Cast,,,132329,Precinct,119 - Precinct 119,,false,2,,,0
160326,440,2023-06-20T00:00:00Z,Primary Election,Democratic,,,546,County Board Member,,2934,Locality,Arlington County,3,Undervotes,,,132329,Precinct,119 - Precinct 119,,false,2,,,0
160326,440,2023-06-20T00:00:00Z,Primary Election,Democratic,,,546,County Board Member,,2934,Locality,Arlington County,92688,Maureen E. Coffey,,,29827,Precinct,120 - Precinct 120,,false,2,,,121
160326,440,2023-06-20T00:00:00Z,Primary Election,Democratic,,,546,County Board Member,,2934,Locality,Arlington County,92692,Susan R. Cunningham,,,29827,Precinct,120 - Precinct 120,,true,2,,,472
160326,440,2023-06-20T00:00:00Z,Primary Election,Democratic,,,546,County Board Member,,2934,Locality,Arlington County,92687,Natalie U. Roy,,,29827,Precinct,120 - Precinct 120,,true,2,,,245
160326,440,2023-06-20T00:00:00Z,Primary Election,Democratic,,,546,County Board Member,,2934,Locality,Arlington County,92690,"Julius D. Spain, Sr",,,29827,Precinct,120 - Precinct 120,,false,2,,,92
160326,440,2023-06-20T00:00:00Z,Primary Election,Democratic,,,546,County Board Member,,2934,Locality,Arlington County,92691,G. O. Weaver,,,29827,Precinct,120 - Precinct 120,,false,2,,,25
160326,440,2023-06-20T00:00:00Z,Primary Election,Democratic,,,546,County Board Member,,2934,Locality,Arlington County,92689,Jonathan Dromgoole,,,29827,Precinct,120 - Precinct 120,,false,2,,,11
160326,440,2023-06-20T00:00:00Z,Primary Election,Democratic,,,546,County Board Member,,2934,Locality,Arlington County,6,Write-Ins,,,29827,Precinct,120 - Precinct 120,,false,2,,,0
160326,440,2023-06-20T00:00:00Z,Primary Election,Democratic,,,546,County Board Member,,2934,Locality,Arlington County,4,Total Votes Cast,,,29827,Precinct,120 - Precinct 120,,false,2,,,966
160326,440,2023-06-20T00:00:00Z,Primary Election,Democratic,,,546,County Board Member,,2934,Locality,Arlington County,3,Undervotes,,,29827,Precinct,120 - Precinct 120,,false,2,,,0
160326,440,2023-06-20T00:00:00Z,Primary Election,Democratic,,,546,County Board Member,,2934,Locality,Arlington County,92688,Maureen E. Coffey,,,29828,Precinct,121 - Precinct 121,,true,2,,,70
160326,440,2023-06-20T00:00:00Z,Primary Election,Democratic,,,546,County Board Member,,2934,Locality,Arlington County,92692,Susan R. Cunningham,,,29828,Precinct,121 - Precinct 121,,true,2,,,60
160326,440,2023-06-20T00:00:00Z,Primary Election,Democratic,,,546,County Board Member,,2934,Locality,Arlington County,92687,Natalie U. Roy,,,29828,Precinct,121 - Precinct 121,,false,2,,,42
160326,440,2023-06-20T00:00:00Z,Primary Election,Democratic,,,546,County Board Member,,2934,Locality,Arlington County,92690,"Julius D. Spain, Sr",,,29828,Precinct,121 - Precinct 121,,false,2,,,35
160326,440,2023-06-20T00:00:00Z,Primary Election,Democratic,,,546,County Board Member,,2934,Locality,Arlington County,92691,G. O. Weaver,,,29828,Precinct,121 - Precinct 121,,false,2,,,21
160326,440,2023-06-20T00:00:00Z,Primary Election,Democratic,,,546,County Board Member,,2934,Locality,Arlington County,92689,Jonathan Dromgoole,,,29828,Precinct,121 - Precinct 121,,false,2,,,19
160326,440,2023-06-20T00:00:00Z,Primary Election,Democratic,,,546,County Board Member,,2934,Locality,Arlington County,6,Write-Ins,,,29828,Precinct,121 - Precinct 121,,false,2,,,0
160326,440,2023-06-20T00:00:00Z,Primary Election,Democratic,,,546,County Board Member,,2934,Locality,Arlington County,4,Total Votes Cast,,,29828,Precinct,121 - Precinct 121,,false,2,,,247
160326,440,2023-06-20T00:00:00Z,Primary Election,Democratic,,,546,County Board Member,,2934,Locality,Arlington County,3,Undervotes,,,29828,Precinct,121 - Precinct 121,,false,2,,,0
160326,440,2023-06-20T00:00:00Z,Primary Election,Democratic,,,546,County Board Member,,2934,Locality,Arlington County,92688,Maureen E. Coffey,,,29829,Precinct,122 - Precinct 122,,true,2,,,138
160326,440,2023-06-20T00:00:00Z,Primary Election,Democratic,,,546,County Board Member,,2934,Locality,Arlington County,92692,Susan R. Cunningham,,,29829,Precinct,122 - Precinct 122,,false,2,,,85
160326,440,2023-06-20T00:00:00Z,Primary Election,Democratic,,,546,County Board Member,,2934,Locality,Arlington County,92687,Natalie U. Roy,,,29829,Precinct,122 - Precinct 122,,false,2,,,67
160326,440,2023-06-20T00:00:00Z,Primary Election,Democratic,,,546,County Board Member,,2934,Locality,Arlington County,92690,"Julius D. Spain, Sr",,,29829,Precinct,122 - Precinct 122,,true,2,,,105
160326,440,2023-06-20T00:00:00Z,Primary Election,Democratic,,,546,County Board Member,,2934,Locality,Arlington County,92691,G. O. Weaver,,,29829,Precinct,122 - Precinct 122,,false,2,,,47
160326,440,2023-06-20T00:00:00Z,Primary Election,Democratic,,,546,County Board Member,,2934,Locality,Arlington County,92689,Jonathan Dromgoole,,,29829,Precinct,122 - Precinct 122,,false,2,,,32
160326,440,2023-06-20T00:00:00Z,Primary Election,Democratic,,,546,County Board Member,,2934,Locality,Arlington County,6,Write-Ins,,,29829,Precinct,122 - Precinct 122,,false,2,,,0
160326,440,2023-06-20T00:00:00Z,Primary Election,Democratic,,,546,County Board Member,,2934,Locality,Arlington County,4,Total Votes Cast,,,29829,Precinct,122 - Precinct 122,,false,2,,,474
160326,440,2023-06-20T00:00:00Z,Primary Election,Democratic,,,546,County Board Member,,2934,Locality,Arlington County,3,Undervotes,,,29829,Precinct,122 - Precinct 122,,false,2,,,0
160326,440,2023-06-20T00:00:00Z,Primary Election,Democratic,,,546,County Board Member,,2934,Locality,Arlington County,92688,Maureen E. Coffey,,,29830,Precinct,123 - Precinct 123,,false,2,,,158
160326,440,2023-06-20T00:00:00Z,Primary Election,Democratic,,,546,County Board Member,,2934,Locality,Arlington County,92692,Susan R. Cunningham,,,29830,Precinct,123 - Precinct 123,,true,2,,,216
160326,440,2023-06-20T00:00:00Z,Primary Election,Democratic,,,546,County Board Member,,2934,Locality,Arlington County,92687,Natalie U. Roy,,,29830,Precinct,123 - Precinct 123,,true,2,,,163
160326,440,2023-06-20T00:00:00Z,Primary Election,Democratic,,,546,County Board Member,,2934,Locality,Arlington County,92690,"Julius D. Spain, Sr",,,29830,Precinct,123 - Precinct 123,,false,2,,,113
160326,440,2023-06-20T00:00:00Z,Primary Election,Democratic,,,546,County Board Member,,2934,Locality,Arlington County,92691,G. O. Weaver,,,29830,Precinct,123 - Precinct 123,,false,2,,,35
160326,440,2023-06-20T00:00:00Z,Primary Election,Democratic,,,546,County Board Member,,2934,Locality,Arlington County,92689,Jonathan Dromgoole,,,29830,Precinct,123 - Precinct 123,,false,2,,,34
160326,440,2023-06-20T00:00:00Z,Primary Election,Democratic,,,546,County Board Member,,2934,Locality,Arlington County,6,Write-Ins,,,29830,Precinct,123 - Precinct 123,,false,2,,,0
160326,440,2023-06-20T00:00:00Z,Primary Election,Democratic,,,546,County Board Member,,2934,Locality,Arlington County,4,Total Votes Cast,,,29830,Precinct,123 - Precinct 123,,false,2,,,719
160326,440,2023-06-20T00:00:00Z,Primary Election,Democratic,,,546,County Board Member,,2934,Locality,Arlington County,3,Undervotes,,,29830,Precinct,123 - Precinct 123,,false,2,,,0
160326,440,2023-06-20T00:00:00Z,Primary Election,Democratic,,,546,County Board Member,,2934,Locality,Arlington County,92688,Maureen E. Coffey,,,29831,Precinct,124 - Precinct 124,,false,2,,,146
160326,440,2023-06-20T00:00:00Z,Primary Election,Democratic,,,546,County Board Member,,2934,Locality,Arlington County,92692,Susan R. Cunningham,,,29831,Precinct,124 - Precinct 124,,true,2,,,225
160326,440,2023-06-20T00:00:00Z,Primary Election,Democratic,,,546,County Board Member,,2934,Locality,Arlington County,92687,Natalie U. Roy,,,29831,Precinct,124 - Precinct 124,,false,2,,,183
160326,440,2023-06-20T00:00:00Z,Primary Election,Democratic,,,546,County Board Member,,2934,Locality,Arlington County,92690,"Julius D. Spain, Sr",,,29831,Precinct,124 - Precinct 124,,true,2,,,211
160326,440,2023-06-20T00:00:00Z,Primary Election,Democratic,,,546,County Board Member,,2934,Locality,Arlington County,92691,G. O. Weaver,,,29831,Precinct,124 - Precinct 124,,false,2,,,78
160326,440,2023-06-20T00:00:00Z,Primary Election,Democratic,,,546,County Board Member,,2934,Locality,Arlington County,92689,Jonathan Dromgoole,,,29831,Precinct,124 - Precinct 124,,false,2,,,22
160326,440,2023-06-20T00:00:00Z,Primary Election,Democratic,,,546,County Board Member,,2934,Locality,Arlington County,6,Write-Ins,,,29831,Precinct,124 - Precinct 124,,false,2,,,0
160326,440,2023-06-20T00:00:00Z,Primary Election,Democratic,,,546,County Board Member,,2934,Locality,Arlington County,4,Total Votes Cast,,,29831,Precinct,124 - Precinct 124,,false,2,,,865
160326,440,2023-06-20T00:00:00Z,Primary Election,Democratic,,,546,County Board Member,,2934,Locality,Arlington County,3,Undervotes,,,29831,Precinct,124 - Precinct 124,,false,2,,,0
160326,440,2023-06-20T00:00:00Z,Primary Election,Democratic,,,546,County Board Member,,2934,Locality,Arlington County,92688,Maureen E. Coffey,,,132330,Precinct,125 - Precinct 125,,false,2,,,0
160326,440,2023-06-20T00:00:00Z,Primary Election,Democratic,,,546,County Board Member,,2934,Locality,Arlington County,92692,Susan R. Cunningham,,,132330,Precinct,125 - Precinct 125,,false,2,,,0
160326,440,2023-06-20T00:00:00Z,Primary Election,Democratic,,,546,County Board Member,,2934,Locality,Arlington County,92687,Natalie U. Roy,,,132330,Precinct,125 - Precinct 125,,false,2,,,0
160326,440,2023-06-20T00:00:00Z,Primary Election,Democratic,,,546,County Board Member,,2934,Locality,Arlington County,92690,"Julius D. Spain, Sr",,,132330,Precinct,125 - Precinct 125,,false,2,,,0
160326,440,2023-06-20T00:00:00Z,Primary Election,Democratic,,,546,County Board Member,,2934,Locality,Arlington County,92691,G. O. Weaver,,,132330,Precinct,125 - Precinct 125,,false,2,,,0
160326,440,2023-06-20T00:00:00Z,Primary Election,Democratic,,,546,County Board Member,,2934,Locality,Arlington County,92689,Jonathan Dromgoole,,,132330,Precinct,125 - Precinct 125,,false,2,,,0
160326,440,2023-06-20T00:00:00Z,Primary Election,Democratic,,,546,County Board Member,,2934,Locality,Arlington County,6,Write-Ins,,,132330,Precinct,125 - Precinct 125,,false,2,,,0
160326,440,2023-06-20T00:00:00Z,Primary Election,Democratic,,,546,County Board Member,,2934,Locality,Arlington County,4,Total Votes Cast,,,132330,Precinct,125 - Precinct 125,,false,2,,,0
160326,440,2023-06-20T00:00:00Z,Primary Election,Democratic,,,546,County Board Member,,2934,Locality,Arlington County,3,Undervotes,,,132330,Precinct,125 - Precinct 125,,false,2,,,0
160326,440,2023-06-20T00:00:00Z,Primary Election,Democratic,,,546,County Board Member,,2934,Locality,Arlington County,92688,Maureen E. Coffey,,,29833,Precinct,126 - Precinct 126,,false,2,,,117
160326,440,2023-06-20T00:00:00Z,Primary Election,Democratic,,,546,County Board Member,,2934,Locality,Arlington County,92692,Susan R. Cunningham,,,29833,Precinct,126 - Precinct 126,,false,2,,,105
160326,440,2023-06-20T00:00:00Z,Primary Election,Democratic,,,546,County Board Member,,2934,Locality,Arlington County,92687,Natalie U. Roy,,,29833,Precinct,126 - Precinct 126,,true,2,,,150
160326,440,2023-06-20T00:00:00Z,Primary Election,Democratic,,,546,County Board Member,,2934,Locality,Arlington County,92690,"Julius D. Spain, Sr",,,29833,Precinct,126 - Precinct 126,,true,2,,,189
160326,440,2023-06-20T00:00:00Z,Primary Election,Democratic,,,546,County Board Member,,2934,Locality,Arlington County,92691,G. O. Weaver,,,29833,Precinct,126 - Precinct 126,,false,2,,,30
160326,440,2023-06-20T00:00:00Z,Primary Election,Democratic,,,546,County Board Member,,2934,Locality,Arlington County,92689,Jonathan Dromgoole,,,29833,Precinct,126 - Precinct 126,,false,2,,,18
160326,440,2023-06-20T00:00:00Z,Primary Election,Democratic,,,546,County Board Member,,2934,Locality,Arlington County,6,Write-Ins,,,29833,Precinct,126 - Precinct 126,,false,2,,,0
160326,440,2023-06-20T00:00:00Z,Primary Election,Democratic,,,546,County Board Member,,2934,Locality,Arlington County,4,Total Votes Cast,,,29833,Precinct,126 - Precinct 126,,false,2,,,609
160326,440,2023-06-20T00:00:00Z,Primary Election,Democratic,,,546,County Board Member,,2934,Locality,Arlington County,3,Undervotes,,,29833,Precinct,126 - Precinct 126,,false,2,,,0
160326,440,2023-06-20T00:00:00Z,Primary Election,Democratic,,,546,County Board Member,,2934,Locality,Arlington County,92688,Maureen E. Coffey,,,29834,Precinct,127 - Precinct 127,,false,2,,,135
160326,440,2023-06-20T00:00:00Z,Primary Election,Democratic,,,546,County Board Member,,2934,Locality,Arlington County,92692,Susan R. Cunningham,,,29834,Precinct,127 - Precinct 127,,false,2,,,106
160326,440,2023-06-20T00:00:00Z,Primary Election,Democratic,,,546,County Board Member,,2934,Locality,Arlington County,92687,Natalie U. Roy,,,29834,Precinct,127 - Precinct 127,,true,2,,,192
160326,440,2023-06-20T00:00:00Z,Primary Election,Democratic,,,546,County Board Member,,2934,Locality,Arlington County,92690,"Julius D. Spain, Sr",,,29834,Precinct,127 - Precinct 127,,true,2,,,145
160326,440,2023-06-20T00:00:00Z,Primary Election,Democratic,,,546,County Board Member,,2934,Locality,Arlington County,92691,G. O. Weaver,,,29834,Precinct,127 - Precinct 127,,false,2,,,29
160326,440,2023-06-20T00:00:00Z,Primary Election,Democratic,,,546,County Board Member,,2934,Locality,Arlington County,92689,Jonathan Dromgoole,,,29834,Precinct,127 - Precinct 127,,false,2,,,27
160326,440,2023-06-20T00:00:00Z,Primary Election,Democratic,,,546,County Board Member,,2934,Locality,Arlington County,6,Write-Ins,,,29834,Precinct,127 - Precinct 127,,false,2,,,0
160326,440,2023-06-20T00:00:00Z,Primary Election,Democratic,,,546,County Board Member,,2934,Locality,Arlington County,4,Total Votes Cast,,,29834,Precinct,127 - Precinct 127,,false,2,,,634
160326,440,2023-06-20T00:00:00Z,Primary Election,Democratic,,,546,County Board Member,,2934,Locality,Arlington County,3,Undervotes,,,29834,Precinct,127 - Precinct 127,,false,2,,,0
160326,440,2023-06-20T00:00:00Z,Primary Election,Democratic,,,546,County Board Member,,2934,Locality,Arlington County,92688,Maureen E. Coffey,,,29835,Precinct,128 - Precinct 128,,false,2,,,129
160326,440,2023-06-20T00:00:00Z,Primary Election,Democratic,,,546,County Board Member,,2934,Locality,Arlington County,92692,Susan R. Cunningham,,,29835,Precinct,128 - Precinct 128,,false,2,,,135
160326,440,2023-06-20T00:00:00Z,Primary Election,Democratic,,,546,County Board Member,,2934,Locality,Arlington County,92687,Natalie U. Roy,,,29835,Precinct,128 - Precinct 128,,false,2,,,80
160326,440,2023-06-20T00:00:00Z,Primary Election,Democratic,,,546,County Board Member,,2934,Locality,Arlington County,92690,"Julius D. Spain, Sr",,,29835,Precinct,128 - Precinct 128,,false,2,,,129
160326,440,2023-06-20T00:00:00Z,Primary Election,Democratic,,,546,County Board Member,,2934,Locality,Arlington County,92691,G. O. Weaver,,,29835,Precinct,128 - Precinct 128,,false,2,,,35
160326,440,2023-06-20T00:00:00Z,Primary Election,Democratic,,,546,County Board Member,,2934,Locality,Arlington County,92689,Jonathan Dromgoole,,,29835,Precinct,128 - Precinct 128,,false,2,,,31
160326,440,2023-06-20T00:00:00Z,Primary Election,Democratic,,,546,County Board Member,,2934,Locality,Arlington County,6,Write-Ins,,,29835,Precinct,128 - Precinct 128,,false,2,,,0
160326,440,2023-06-20T00:00:00Z,Primary Election,Democratic,,,546,County Board Member,,2934,Locality,Arlington County,4,Total Votes Cast,,,29835,Precinct,128 - Precinct 128,,false,2,,,539
160326,440,2023-06-20T00:00:00Z,Primary Election,Democratic,,,546,County Board Member,,2934,Locality,Arlington County,3,Undervotes,,,29835,Precinct,128 - Precinct 128,,false,2,,,0
160326,440,2023-06-20T00:00:00Z,Primary Election,Democratic,,,546,County Board Member,,2934,Locality,Arlington County,92688,Maureen E. Coffey,,,29836,Precinct,129 - Precinct 129,,true,2,,,193
160326,440,2023-06-20T00:00:00Z,Primary Election,Democratic,,,546,County Board Member,,2934,Locality,Arlington County,92692,Susan R. Cunningham,,,29836,Precinct,129 - Precinct 129,,true,2,,,233
160326,440,2023-06-20T00:00:00Z,Primary Election,Democratic,,,546,County Board Member,,2934,Locality,Arlington County,92687,Natalie U. Roy,,,29836,Precinct,129 - Precinct 129,,false,2,,,146
160326,440,2023-06-20T00:00:00Z,Primary Election,Democratic,,,546,County Board Member,,2934,Locality,Arlington County,92690,"Julius D. Spain, Sr",,,29836,Precinct,129 - Precinct 129,,false,2,,,154
160326,440,2023-06-20T00:00:00Z,Primary Election,Democratic,,,546,County Board Member,,2934,Locality,Arlington County,92691,G. O. Weaver,,,29836,Precinct,129 - Precinct 129,,false,2,,,44
160326,440,2023-06-20T00:00:00Z,Primary Election,Democratic,,,546,County Board Member,,2934,Locality,Arlington County,92689,Jonathan Dromgoole,,,29836,Precinct,129 - Precinct 129,,false,2,,,21
160326,440,2023-06-20T00:00:00Z,Primary Election,Democratic,,,546,County Board Member,,2934,Locality,Arlington County,6,Write-Ins,,,29836,Precinct,129 - Precinct 129,,false,2,,,0
160326,440,2023-06-20T00:00:00Z,Primary Election,Democratic,,,546,County Board Member,,2934,Locality,Arlington County,4,Total Votes Cast,,,29836,Precinct,129 - Precinct 129,,false,2,,,791
160326,440,2023-06-20T00:00:00Z,Primary Election,Democratic,,,546,County Board Member,,2934,Locality,Arlington County,3,Undervotes,,,29836,Precinct,129 - Precinct 129,,false,2,,,0
160326,440,2023-06-20T00:00:00Z,Primary Election,Democratic,,,546,County Board Member,,2934,Locality,Arlington County,92688,Maureen E. Coffey,,,29837,Precinct,130 - Precinct 130,,true,2,,,100
160326,440,2023-06-20T00:00:00Z,Primary Election,Democratic,,,546,County Board Member,,2934,Locality,Arlington County,92692,Susan R. Cunningham,,,29837,Precinct,130 - Precinct 130,,false,2,,,59
160326,440,2023-06-20T00:00:00Z,Primary Election,Democratic,,,546,County Board Member,,2934,Locality,Arlington County,92687,Natalie U. Roy,,,29837,Precinct,130 - Precinct 130,,false,2,,,70
160326,440,2023-06-20T00:00:00Z,Primary Election,Democratic,,,546,County Board Member,,2934,Locality,Arlington County,92690,"Julius D. Spain, Sr",,,29837,Precinct,130 - Precinct 130,,true,2,,,213
160326,440,2023-06-20T00:00:00Z,Primary Election,Democratic,,,546,County Board Member,,2934,Locality,Arlington County,92691,G. O. Weaver,,,29837,Precinct,130 - Precinct 130,,false,2,,,16
160326,440,2023-06-20T00:00:00Z,Primary Election,Democratic,,,546,County Board Member,,2934,Locality,Arlington County,92689,Jonathan Dromgoole,,,29837,Precinct,130 - Precinct 130,,false,2,,,16
160326,440,2023-06-20T00:00:00Z,Primary Election,Democratic,,,546,County Board Member,,2934,Locality,Arlington County,6,Write-Ins,,,29837,Precinct,130 - Precinct 130,,false,2,,,0
160326,440,2023-06-20T00:00:00Z,Primary Election,Democratic,,,546,County Board Member,,2934,Locality,Arlington County,4,Total Votes Cast,,,29837,Precinct,130 - Precinct 130,,false,2,,,474
160326,440,2023-06-20T00:00:00Z,Primary Election,Democratic,,,546,County Board Member,,2934,Locality,Arlington County,3,Undervotes,,,29837,Precinct,130 - Precinct 130,,false,2,,,0
160326,440,2023-06-20T00:00:00Z,Primary Election,Democratic,,,546,County Board Member,,2934,Locality,Arlington County,92688,Maureen E. Coffey,,,29838,Precinct,131 - Precinct 131,,false,2,,,141
160326,440,2023-06-20T00:00:00Z,Primary Election,Democratic,,,546,County Board Member,,2934,Locality,Arlington County,92692,Susan R. Cunningham,,,29838,Precinct,131 - Precinct 131,,true,2,,,278
160326,440,2023-06-20T00:00:00Z,Primary Election,Democratic,,,546,County Board Member,,2934,Locality,Arlington County,92687,Natalie U. Roy,,,29838,Precinct,131 - Precinct 131,,true,2,,,246
160326,440,2023-06-20T00:00:00Z,Primary Election,Democratic,,,546,County Board Member,,2934,Locality,Arlington County,92690,"Julius D. Spain, Sr",,,29838,Precinct,131 - Precinct 131,,false,2,,,131
160326,440,2023-06-20T00:00:00Z,Primary Election,Democratic,,,546,County Board Member,,2934,Locality,Arlington County,92691,G. O. Weaver,,,29838,Precinct,131 - Precinct 131,,false,2,,,32
160326,440,2023-06-20T00:00:00Z,Primary Election,Democratic,,,546,County Board Member,,2934,Locality,Arlington County,92689,Jonathan Dromgoole,,,29838,Precinct,131 - Precinct 131,,false,2,,,14
160326,440,2023-06-20T00:00:00Z,Primary Election,Democratic,,,546,County Board Member,,2934,Locality,Arlington County,6,Write-Ins,,,29838,Precinct,131 - Precinct 131,,false,2,,,0
160326,440,2023-06-20T00:00:00Z,Primary Election,Democratic,,,546,County Board Member,,2934,Locality,Arlington County,4,Total Votes Cast,,,29838,Precinct,131 - Precinct 131,,false,2,,,842
160326,440,2023-06-20T00:00:00Z,Primary Election,Democratic,,,546,County Board Member,,2934,Locality,Arlington County,3,Undervotes,,,29838,Precinct,131 - Precinct 131,,false,2,,,0
160326,440,2023-06-20T00:00:00Z,Primary Election,Democratic,,,546,County Board Member,,2934,Locality,Arlington County,92688,Maureen E. Coffey,,,29839,Precinct,132 - Precinct 132,,false,2,,,44
160326,440,2023-06-20T00:00:00Z,Primary Election,Democratic,,,546,County Board Member,,2934,Locality,Arlington County,92692,Susan R. Cunningham,,,29839,Precinct,132 - Precinct 132,,false,2,,,55
160326,440,2023-06-20T00:00:00Z,Primary Election,Democratic,,,546,County Board Member,,2934,Locality,Arlington County,92687,Natalie U. Roy,,,29839,Precinct,132 - Precinct 132,,false,2,,,44
160326,440,2023-06-20T00:00:00Z,Primary Election,Democratic,,,546,County Board Member,,2934,Locality,Arlington County,92690,"Julius D. Spain, Sr",,,29839,Precinct,132 - Precinct 132,,false,2,,,35
160326,440,2023-06-20T00:00:00Z,Primary Election,Democratic,,,546,County Board Member,,2934,Locality,Arlington County,92691,G. O. Weaver,,,29839,Precinct,132 - Precinct 132,,false,2,,,11
160326,440,2023-06-20T00:00:00Z,Primary Election,Democratic,,,546,County Board Member,,2934,Locality,Arlington County,92689,Jonathan Dromgoole,,,29839,Precinct,132 - Precinct 132,,false,2,,,12
160326,440,2023-06-20T00:00:00Z,Primary Election,Democratic,,,546,County Board Member,,2934,Locality,Arlington County,6,Write-Ins,,,29839,Precinct,132 - Precinct 132,,false,2,,,0
160326,440,2023-06-20T00:00:00Z,Primary Election,Democratic,,,546,County Board Member,,2934,Locality,Arlington County,4,Total Votes Cast,,,29839,Precinct,132 - Precinct 132,,false,2,,,201
160326,440,2023-06-20T00:00:00Z,Primary Election,Democratic,,,546,County Board Member,,2934,Locality,Arlington County,3,Undervotes,,,29839,Precinct,132 - Precinct 132,,false,2,,,0
160326,440,2023-06-20T00:00:00Z,Primary Election,Democratic,,,546,County Board Member,,2934,Locality,Arlington County,92688,Maureen E. Coffey,,,29840,Precinct,133 - Precinct 133,,false,2,,,140
160326,440,2023-06-20T00:00:00Z,Primary Election,Democratic,,,546,County Board Member,,2934,Locality,Arlington County,92692,Susan R. Cunningham,,,29840,Precinct,133 - Precinct 133,,true,2,,,351
160326,440,2023-06-20T00:00:00Z,Primary Election,Democratic,,,546,County Board Member,,2934,Locality,Arlington County,92687,Natalie U. Roy,,,29840,Precinct,133 - Precinct 133,,true,2,,,245
160326,440,2023-06-20T00:00:00Z,Primary Election,Democratic,,,546,County Board Member,,2934,Locality,Arlington County,92690,"Julius D. Spain, Sr",,,29840,Precinct,133 - Precinct 133,,false,2,,,111
160326,440,2023-06-20T00:00:00Z,Primary Election,Democratic,,,546,County Board Member,,2934,Locality,Arlington County,92691,G. O. Weaver,,,29840,Precinct,133 - Precinct 133,,false,2,,,30
160326,440,2023-06-20T00:00:00Z,Primary Election,Democratic,,,546,County Board Member,,2934,Locality,Arlington County,92689,Jonathan Dromgoole,,,29840,Precinct,133 - Precinct 133,,false,2,,,20
160326,440,2023-06-20T00:00:00Z,Primary Election,Democratic,,,546,County Board Member,,2934,Locality,Arlington County,6,Write-Ins,,,29840,Precinct,133 - Precinct 133,,false,2,,,0
160326,440,2023-06-20T00:00:00Z,Primary Election,Democratic,,,546,County Board Member,,2934,Locality,Arlington County,4,Total Votes Cast,,,29840,Precinct,133 - Precinct 133,,false,2,,,897
160326,440,2023-06-20T00:00:00Z,Primary Election,Democratic,,,546,County Board Member,,2934,Locality,Arlington County,3,Undervotes,,,29840,Precinct,133 - Precinct 133,,false,2,,,0
160326,440,2023-06-20T00:00:00Z,Primary Election,Democratic,,,546,County Board Member,,2934,Locality,Arlington County,92688,Maureen E. Coffey,,,29841,Precinct,134 - Precinct 134,,false,2,,,122
160326,440,2023-06-20T00:00:00Z,Primary Election,Democratic,,,546,County Board Member,,2934,Locality,Arlington County,92692,Susan R. Cunningham,,,29841,Precinct,134 - Precinct 134,,true,2,,,217
160326,440,2023-06-20T00:00:00Z,Primary Election,Democratic,,,546,County Board Member,,2934,Locality,Arlington County,92687,Natalie U. Roy,,,29841,Precinct,134 - Precinct 134,,true,2,,,210
160326,440,2023-06-20T00:00:00Z,Primary Election,Democratic,,,546,County Board Member,,2934,Locality,Arlington County,92690,"Julius D. Spain, Sr",,,29841,Precinct,134 - Precinct 134,,false,2,,,143
160326,440,2023-06-20T00:00:00Z,Primary Election,Democratic,,,546,County Board Member,,2934,Locality,Arlington County,92691,G. O. Weaver,,,29841,Precinct,134 - Precinct 134,,false,2,,,24
160326,440,2023-06-20T00:00:00Z,Primary Election,Democratic,,,546,County Board Member,,2934,Locality,Arlington County,92689,Jonathan Dromgoole,,,29841,Precinct,134 - Precinct 134,,false,2,,,17
160326,440,2023-06-20T00:00:00Z,Primary Election,Democratic,,,546,County Board Member,,2934,Locality,Arlington County,6,Write-Ins,,,29841,Precinct,134 - Precinct 134,,false,2,,,0
160326,440,2023-06-20T00:00:00Z,Primary Election,Democratic,,,546,County Board Member,,2934,Locality,Arlington County,4,Total Votes Cast,,,29841,Precinct,134 - Precinct 134,,false,2,,,733
160326,440,2023-06-20T00:00:00Z,Primary Election,Democratic,,,546,County Board Member,,2934,Locality,Arlington County,3,Undervotes,,,29841,Precinct,134 - Precinct 134,,false,2,,,0
160326,440,2023-06-20T00:00:00Z,Primary Election,Democratic,,,546,County Board Member,,2934,Locality,Arlington County,92688,Maureen E. Coffey,,,132331,Precinct,135 - Precinct 135,,false,2,,,0
160326,440,2023-06-20T00:00:00Z,Primary Election,Democratic,,,546,County Board Member,,2934,Locality,Arlington County,92692,Susan R. Cunningham,,,132331,Precinct,135 - Precinct 135,,false,2,,,0
160326,440,2023-06-20T00:00:00Z,Primary Election,Democratic,,,546,County Board Member,,2934,Locality,Arlington County,92687,Natalie U. Roy,,,132331,Precinct,135 - Precinct 135,,false,2,,,0
160326,440,2023-06-20T00:00:00Z,Primary Election,Democratic,,,546,County Board Member,,2934,Locality,Arlington County,92690,"Julius D. Spain, Sr",,,132331,Precinct,135 - Precinct 135,,false,2,,,0
160326,440,2023-06-20T00:00:00Z,Primary Election,Democratic,,,546,County Board Member,,2934,Locality,Arlington County,92691,G. O. Weaver,,,132331,Precinct,135 - Precinct 135,,false,2,,,0
160326,440,2023-06-20T00:00:00Z,Primary Election,Democratic,,,546,County Board Member,,2934,Locality,Arlington County,92689,Jonathan Dromgoole,,,132331,Precinct,135 - Precinct 135,,false,2,,,0
160326,440,2023-06-20T00:00:00Z,Primary Election,Democratic,,,546,County Board Member,,2934,Locality,Arlington County,6,Write-Ins,,,132331,Precinct,135 - Precinct 135,,false,2,,,0
160326,440,2023-06-20T00:00:00Z,Primary Election,Democratic,,,546,County Board Member,,2934,Locality,Arlington County,4,Total Votes Cast,,,132331,Precinct,135 - Precinct 135,,false,2,,,0
160326,440,2023-06-20T00:00:00Z,Primary Election,Democratic,,,546,County Board Member,,2934,Locality,Arlington County,3,Undervotes,,,132331,Precinct,135 - Precinct 135,,false,2,,,0
160326,440,2023-06-20T00:00:00Z,Primary Election,Democratic,,,546,County Board Member,,2934,Locality,Arlington County,92688,Maureen E. Coffey,,,29843,Precinct,136 - Precinct 136,,false,2,,,112
160326,440,2023-06-20T00:00:00Z,Primary Election,Democratic,,,546,County Board Member,,2934,Locality,Arlington County,92692,Susan R. Cunningham,,,29843,Precinct,136 - Precinct 136,,true,2,,,416
160326,440,2023-06-20T00:00:00Z,Primary Election,Democratic,,,546,County Board Member,,2934,Locality,Arlington County,92687,Natalie U. Roy,,,29843,Precinct,136 - Precinct 136,,true,2,,,222
160326,440,2023-06-20T00:00:00Z,Primary Election,Democratic,,,546,County Board Member,,2934,Locality,Arlington County,92690,"Julius D. Spain, Sr",,,29843,Precinct,136 - Precinct 136,,false,2,,,92
160326,440,2023-06-20T00:00:00Z,Primary Election,Democratic,,,546,County Board Member,,2934,Locality,Arlington County,92691,G. O. Weaver,,,29843,Precinct,136 - Precinct 136,,false,2,,,35
160326,440,2023-06-20T00:00:00Z,Primary Election,Democratic,,,546,County Board Member,,2934,Locality,Arlington County,92689,Jonathan Dromgoole,,,29843,Precinct,136 - Precinct 136,,false,2,,,18
160326,440,2023-06-20T00:00:00Z,Primary Election,Democratic,,,546,County Board Member,,2934,Locality,Arlington County,6,Write-Ins,,,29843,Precinct,136 - Precinct 136,,false,2,,,0
160326,440,2023-06-20T00:00:00Z,Primary Election,Democratic,,,546,County Board Member,,2934,Locality,Arlington County,4,Total Votes Cast,,,29843,Precinct,136 - Precinct 136,,false,2,,,895
160326,440,2023-06-20T00:00:00Z,Primary Election,Democratic,,,546,County Board Member,,2934,Locality,Arlington County,3,Undervotes,,,29843,Precinct,136 - Precinct 136,,false,2,,,0
160326,440,2023-06-20T00:00:00Z,Primary Election,Democratic,,,546,County Board Member,,2934,Locality,Arlington County,92688,Maureen E. Coffey,,,132332,Precinct,137 - Precinct 137,,false,2,,,0
160326,440,2023-06-20T00:00:00Z,Primary Election,Democratic,,,546,County Board Member,,2934,Locality,Arlington County,92692,Susan R. Cunningham,,,132332,Precinct,137 - Precinct 137,,false,2,,,0
160326,440,2023-06-20T00:00:00Z,Primary Election,Democratic,,,546,County Board Member,,2934,Locality,Arlington County,92687,Natalie U. Roy,,,132332,Precinct,137 - Precinct 137,,false,2,,,0
160326,440,2023-06-20T00:00:00Z,Primary Election,Democratic,,,546,County Board Member,,2934,Locality,Arlington County,92690,"Julius D. Spain, Sr",,,132332,Precinct,137 - Precinct 137,,false,2,,,0
160326,440,2023-06-20T00:00:00Z,Primary Election,Democratic,,,546,County Board Member,,2934,Locality,Arlington County,92691,G. O. Weaver,,,132332,Precinct,137 - Precinct 137,,false,2,,,0
160326,440,2023-06-20T00:00:00Z,Primary Election,Democratic,,,546,County Board Member,,2934,Locality,Arlington County,92689,Jonathan Dromgoole,,,132332,Precinct,137 - Precinct 137,,false,2,,,0
160326,440,2023-06-20T00:00:00Z,Primary Election,Democratic,,,546,County Board Member,,2934,Locality,Arlington County,6,Write-Ins,,,132332,Precinct,137 - Precinct 137,,false,2,,,0
160326,440,2023-06-20T00:00:00Z,Primary Election,Democratic,,,546,County Board Member,,2934,Locality,Arlington County,4,Total Votes Cast,,,132332,Precinct,137 - Precinct 137,,false,2,,,0
160326,440,2023-06-20T00:00:00Z,Primary Election,Democratic,,,546,County Board Member,,2934,Locality,Arlington County,3,Undervotes,,,132332,Precinct,137 - Precinct 137,,false,2,,,0
160326,440,2023-06-20T00:00:00Z,Primary Election,Democratic,,,546,County Board Member,,2934,Locality,Arlington County,92688,Maureen E. Coffey,,,132333,Precinct,138 - Precinct 138,,false,2,,,0
160326,440,2023-06-20T00:00:00Z,Primary Election,Democratic,,,546,County Board Member,,2934,Locality,Arlington County,92692,Susan R. Cunningham,,,132333,Precinct,138 - Precinct 138,,false,2,,,0
160326,440,2023-06-20T00:00:00Z,Primary Election,Democratic,,,546,County Board Member,,2934,Locality,Arlington County,92687,Natalie U. Roy,,,132333,Precinct,138 - Precinct 138,,false,2,,,0
160326,440,2023-06-20T00:00:00Z,Primary Election,Democratic,,,546,County Board Member,,2934,Locality,Arlington County,92690,"Julius D. Spain, Sr",,,132333,Precinct,138 - Precinct 138,,false,2,,,0
160326,440,2023-06-20T00:00:00Z,Primary Election,Democratic,,,546,County Board Member,,2934,Locality,Arlington County,92691,G. O. Weaver,,,132333,Precinct,138 - Precinct 138,,false,2,,,0
160326,440,2023-06-20T00:00:00Z,Primary Election,Democratic,,,546,County Board Member,,2934,Locality,Arlington County,92689,Jonathan Dromgoole,,,132333,Precinct,138 - Precinct 138,,false,2,,,0
160326,440,2023-06-20T00:00:00Z,Primary Election,Democratic,,,546,County Board Member,,2934,Locality,Arlington County,6,Write-Ins,,,132333,Precinct,138 - Precinct 138,,false,2,,,0
160326,440,2023-06-20T00:00:00Z,Primary Election,Democratic,,,546,County Board Member,,2934,Locality,Arlington County,4,Total Votes Cast,,,132333,Precinct,138 - Precinct 138,,false,2,,,0
160326,440,2023-06-20T00:00:00Z,Primary Election,Democratic,,,546,County Board Member,,2934,Locality,Arlington County,3,Undervotes,,,132333,Precinct,138 - Precinct 138,,false,2,,,0
160326,440,2023-06-20T00:00:00Z,Primary Election,Democratic,,,546,County Board Member,,2934,Locality,Arlington County,92688,Maureen E. Coffey,,,29846,Precinct,139 - Precinct 139,,false,2,,,84
160326,440,2023-06-20T00:00:00Z,Primary Election,Democratic,,,546,County Board Member,,2934,Locality,Arlington County,92692,Susan R. Cunningham,,,29846,Precinct,139 - Precinct 139,,true,2,,,104
160326,440,2023-06-20T00:00:00Z,Primary Election,Democratic,,,546,County Board Member,,2934,Locality,Arlington County,92687,Natalie U. Roy,,,29846,Precinct,139 - Precinct 139,,true,2,,,107
160326,440,2023-06-20T00:00:00Z,Primary Election,Democratic,,,546,County Board Member,,2934,Locality,Arlington County,92690,"Julius D. Spain, Sr",,,29846,Precinct,139 - Precinct 139,,false,2,,,86
160326,440,2023-06-20T00:00:00Z,Primary Election,Democratic,,,546,County Board Member,,2934,Locality,Arlington County,92691,G. O. Weaver,,,29846,Precinct,139 - Precinct 139,,false,2,,,12
160326,440,2023-06-20T00:00:00Z,Primary Election,Democratic,,,546,County Board Member,,2934,Locality,Arlington County,92689,Jonathan Dromgoole,,,29846,Precinct,139 - Precinct 139,,false,2,,,11
160326,440,2023-06-20T00:00:00Z,Primary Election,Democratic,,,546,County Board Member,,2934,Locality,Arlington County,6,Write-Ins,,,29846,Precinct,139 - Precinct 139,,false,2,,,0
160326,440,2023-06-20T00:00:00Z,Primary Election,Democratic,,,546,County Board Member,,2934,Locality,Arlington County,4,Total Votes Cast,,,29846,Precinct,139 - Precinct 139,,false,2,,,404
160326,440,2023-06-20T00:00:00Z,Primary Election,Democratic,,,546,County Board Member,,2934,Locality,Arlington County,3,Undervotes,,,29846,Precinct,139 - Precinct 139,,false,2,,,0
160326,440,2023-06-20T00:00:00Z,Primary Election,Democratic,,,546,County Board Member,,2934,Locality,Arlington County,92688,Maureen E. Coffey,,,29847,Precinct,140 - Precinct 140,,true,2,,,157
160326,440,2023-06-20T00:00:00Z,Primary Election,Democratic,,,546,County Board Member,,2934,Locality,Arlington County,92692,Susan R. Cunningham,,,29847,Precinct,140 - Precinct 140,,false,2,,,119
160326,440,2023-06-20T00:00:00Z,Primary Election,Democratic,,,546,County Board Member,,2934,Locality,Arlington County,92687,Natalie U. Roy,,,29847,Precinct,140 - Precinct 140,,false,2,,,108
160326,440,2023-06-20T00:00:00Z,Primary Election,Democratic,,,546,County Board Member,,2934,Locality,Arlington County,92690,"Julius D. Spain, Sr",,,29847,Precinct,140 - Precinct 140,,true,2,,,141
160326,440,2023-06-20T00:00:00Z,Primary Election,Democratic,,,546,County Board Member,,2934,Locality,Arlington County,92691,G. O. Weaver,,,29847,Precinct,140 - Precinct 140,,false,2,,,37
160326,440,2023-06-20T00:00:00Z,Primary Election,Democratic,,,546,County Board Member,,2934,Locality,Arlington County,92689,Jonathan Dromgoole,,,29847,Precinct,140 - Precinct 140,,false,2,,,31
160326,440,2023-06-20T00:00:00Z,Primary Election,Democratic,,,546,County Board Member,,2934,Locality,Arlington County,6,Write-Ins,,,29847,Precinct,140 - Precinct 140,,false,2,,,0
160326,440,2023-06-20T00:00:00Z,Primary Election,Democratic,,,546,County Board Member,,2934,Locality,Arlington County,4,Total Votes Cast,,,29847,Precinct,140 - Precinct 140,,false,2,,,593
160326,440,2023-06-20T00:00:00Z,Primary Election,Democratic,,,546,County Board Member,,2934,Locality,Arlington County,3,Undervotes,,,29847,Precinct,140 - Precinct 140,,false,2,,,0
160326,440,2023-06-20T00:00:00Z,Primary Election,Democratic,,,546,County Board Member,,2934,Locality,Arlington County,92688,Maureen E. Coffey,,,29848,Precinct,141 - Precinct 141,,true,2,,,125
160326,440,2023-06-20T00:00:00Z,Primary Election,Democratic,,,546,County Board Member,,2934,Locality,Arlington County,92692,Susan R. Cunningham,,,29848,Precinct,141 - Precinct 141,,false,2,,,51
160326,440,2023-06-20T00:00:00Z,Primary Election,Democratic,,,546,County Board Member,,2934,Locality,Arlington County,92687,Natalie U. Roy,,,29848,Precinct,141 - Precinct 141,,false,2,,,52
160326,440,2023-06-20T00:00:00Z,Primary Election,Democratic,,,546,County Board Member,,2934,Locality,Arlington County,92690,"Julius D. Spain, Sr",,,29848,Precinct,141 - Precinct 141,,true,2,,,92
160326,440,2023-06-20T00:00:00Z,Primary Election,Democratic,,,546,County Board Member,,2934,Locality,Arlington County,92691,G. O. Weaver,,,29848,Precinct,141 - Precinct 141,,false,2,,,25
160326,440,2023-06-20T00:00:00Z,Primary Election,Democratic,,,546,County Board Member,,2934,Locality,Arlington County,92689,Jonathan Dromgoole,,,29848,Precinct,141 - Precinct 141,,false,2,,,24
160326,440,2023-06-20T00:00:00Z,Primary Election,Democratic,,,546,County Board Member,,2934,Locality,Arlington County,6,Write-Ins,,,29848,Precinct,141 - Precinct 141,,false,2,,,0
160326,440,2023-06-20T00:00:00Z,Primary Election,Democratic,,,546,County Board Member,,2934,Locality,Arlington County,4,Total Votes Cast,,,29848,Precinct,141 - Precinct 141,,false,2,,,369
160326,440,2023-06-20T00:00:00Z,Primary Election,Democratic,,,546,County Board Member,,2934,Locality,Arlington County,3,Undervotes,,,29848,Precinct,141 - Precinct 141,,false,2,,,0
160326,440,2023-06-20T00:00:00Z,Primary Election,Democratic,,,546,County Board Member,,2934,Locality,Arlington County,92688,Maureen E. Coffey,,,29849,Precinct,142 - Precinct 142,,true,2,,,113
160326,440,2023-06-20T00:00:00Z,Primary Election,Democratic,,,546,County Board Member,,2934,Locality,Arlington County,92692,Susan R. Cunningham,,,29849,Precinct,142 - Precinct 142,,false,2,,,56
160326,440,2023-06-20T00:00:00Z,Primary Election,Democratic,,,546,County Board Member,,2934,Locality,Arlington County,92687,Natalie U. Roy,,,29849,Precinct,142 - Precinct 142,,false,2,,,51
160326,440,2023-06-20T00:00:00Z,Primary Election,Democratic,,,546,County Board Member,,2934,Locality,Arlington County,92690,"Julius D. Spain, Sr",,,29849,Precinct,142 - Precinct 142,,true,2,,,77
160326,440,2023-06-20T00:00:00Z,Primary Election,Democratic,,,546,County Board Member,,2934,Locality,Arlington County,92691,G. O. Weaver,,,29849,Precinct,142 - Precinct 142,,false,2,,,29
160326,440,2023-06-20T00:00:00Z,Primary Election,Democratic,,,546,County Board Member,,2934,Locality,Arlington County,92689,Jonathan Dromgoole,,,29849,Precinct,142 - Precinct 142,,false,2,,,13
160326,440,2023-06-20T00:00:00Z,Primary Election,Democratic,,,546,County Board Member,,2934,Locality,Arlington County,6,Write-Ins,,,29849,Precinct,142 - Precinct 142,,false,2,,,0
160326,440,2023-06-20T00:00:00Z,Primary Election,Democratic,,,546,County Board Member,,2934,Locality,Arlington County,4,Total Votes Cast,,,29849,Precinct,142 - Precinct 142,,false,2,,,339
160326,440,2023-06-20T00:00:00Z,Primary Election,Democratic,,,546,County Board Member,,2934,Locality,Arlington County,3,Undervotes,,,29849,Precinct,142 - Precinct 142,,false,2,,,0
160326,440,2023-06-20T00:00:00Z,Primary Election,Democratic,,,546,County Board Member,,2934,Locality,Arlington County,92688,Maureen E. Coffey,,,29850,Precinct,143 - Precinct 143,,true,2,,,47
160326,440,2023-06-20T00:00:00Z,Primary Election,Democratic,,,546,County Board Member,,2934,Locality,Arlington County,92692,Susan R. Cunningham,,,29850,Precinct,143 - Precinct 143,,true,2,,,43
160326,440,2023-06-20T00:00:00Z,Primary Election,Democratic,,,546,County Board Member,,2934,Locality,Arlington County,92687,Natalie U. Roy,,,29850,Precinct,143 - Precinct 143,,false,2,,,42
160326,440,2023-06-20T00:00:00Z,Primary Election,Democratic,,,546,County Board Member,,2934,Locality,Arlington County,92690,"Julius D. Spain, Sr",,,29850,Precinct,143 - Precinct 143,,false,2,,,41
160326,440,2023-06-20T00:00:00Z,Primary Election,Democratic,,,546,County Board Member,,2934,Locality,Arlington County,92691,G. O. Weaver,,,29850,Precinct,143 - Precinct 143,,false,2,,,8
160326,440,2023-06-20T00:00:00Z,Primary Election,Democratic,,,546,County Board Member,,2934,Locality,Arlington County,92689,Jonathan Dromgoole,,,29850,Precinct,143 - Precinct 143,,false,2,,,17
160326,440,2023-06-20T00:00:00Z,Primary Election,Democratic,,,546,County Board Member,,2934,Locality,Arlington County,6,Write-Ins,,,29850,Precinct,143 - Precinct 143,,false,2,,,0
160326,440,2023-06-20T00:00:00Z,Primary Election,Democratic,,,546,County Board Member,,2934,Locality,Arlington County,4,Total Votes Cast,,,29850,Precinct,143 - Precinct 143,,false,2,,,198
160326,440,2023-06-20T00:00:00Z,Primary Election,Democratic,,,546,County Board Member,,2934,Locality,Arlington County,3,Undervotes,,,29850,Precinct,143 - Precinct 143,,false,2,,,0
160326,440,2023-06-20T00:00:00Z,Primary Election,Democratic,,,546,County Board Member,,2934,Locality,Arlington County,92688,Maureen E. Coffey,,,29851,Precinct,144 - Precinct 144,,true,2,,,105
160326,440,2023-06-20T00:00:00Z,Primary Election,Democratic,,,546,County Board Member,,2934,Locality,Arlington County,92692,Susan R. Cunningham,,,29851,Precinct,144 - Precinct 144,,false,2,,,54
160326,440,2023-06-20T00:00:00Z,Primary Election,Democratic,,,546,County Board Member,,2934,Locality,Arlington County,92687,Natalie U. Roy,,,29851,Precinct,144 - Precinct 144,,false,2,,,52
160326,440,2023-06-20T00:00:00Z,Primary Election,Democratic,,,546,County Board Member,,2934,Locality,Arlington County,92690,"Julius D. Spain, Sr",,,29851,Precinct,144 - Precinct 144,,true,2,,,68
160326,440,2023-06-20T00:00:00Z,Primary Election,Democratic,,,546,County Board Member,,2934,Locality,Arlington County,92691,G. O. Weaver,,,29851,Precinct,144 - Precinct 144,,false,2,,,16
160326,440,2023-06-20T00:00:00Z,Primary Election,Democratic,,,546,County Board Member,,2934,Locality,Arlington County,92689,Jonathan Dromgoole,,,29851,Precinct,144 - Precinct 144,,false,2,,,21
160326,440,2023-06-20T00:00:00Z,Primary Election,Democratic,,,546,County Board Member,,2934,Locality,Arlington County,6,Write-Ins,,,29851,Precinct,144 - Precinct 144,,false,2,,,0
160326,440,2023-06-20T00:00:00Z,Primary Election,Democratic,,,546,County Board Member,,2934,Locality,Arlington County,4,Total Votes Cast,,,29851,Precinct,144 - Precinct 144,,false,2,,,316
160326,440,2023-06-20T00:00:00Z,Primary Election,Democratic,,,546,County Board Member,,2934,Locality,Arlington County,3,Undervotes,,,29851,Precinct,144 - Precinct 144,,false,2,,,0
160326,440,2023-06-20T00:00:00Z,Primary Election,Democratic,,,546,County Board Member,,2934,Locality,Arlington County,92688,Maureen E. Coffey,,,29852,Precinct,145 - Precinct 145,,true,2,,,84
160326,440,2023-06-20T00:00:00Z,Primary Election,Democratic,,,546,County Board Member,,2934,Locality,Arlington County,92692,Susan R. Cunningham,,,29852,Precinct,145 - Precinct 145,,true,2,,,73
160326,440,2023-06-20T00:00:00Z,Primary Election,Democratic,,,546,County Board Member,,2934,Locality,Arlington County,92687,Natalie U. Roy,,,29852,Precinct,145 - Precinct 145,,false,2,,,60
160326,440,2023-06-20T00:00:00Z,Primary Election,Democratic,,,546,County Board Member,,2934,Locality,Arlington County,92690,"Julius D. Spain, Sr",,,29852,Precinct,145 - Precinct 145,,false,2,,,71
160326,440,2023-06-20T00:00:00Z,Primary Election,Democratic,,,546,County Board Member,,2934,Locality,Arlington County,92691,G. O. Weaver,,,29852,Precinct,145 - Precinct 145,,false,2,,,14
160326,440,2023-06-20T00:00:00Z,Primary Election,Democratic,,,546,County Board Member,,2934,Locality,Arlington County,92689,Jonathan Dromgoole,,,29852,Precinct,145 - Precinct 145,,false,2,,,24
160326,440,2023-06-20T00:00:00Z,Primary Election,Democratic,,,546,County Board Member,,2934,Locality,Arlington County,6,Write-Ins,,,29852,Precinct,145 - Precinct 145,,false,2,,,0
160326,440,2023-06-20T00:00:00Z,Primary Election,Democratic,,,546,County Board Member,,2934,Locality,Arlington County,4,Total Votes Cast,,,29852,Precinct,145 - Precinct 145,,false,2,,,326
160326,440,2023-06-20T00:00:00Z,Primary Election,Democratic,,,546,County Board Member,,2934,Locality,Arlington County,3,Undervotes,,,29852,Precinct,145 - Precinct 145,,false,2,,,0
160326,440,2023-06-20T00:00:00Z,Primary Election,Democratic,,,546,County Board Member,,2934,Locality,Arlington County,92688,Maureen E. Coffey,,,29853,Precinct,146 - Precinct 146,,true,2,,,149
160326,440,2023-06-20T00:00:00Z,Primary Election,Democratic,,,546,County Board Member,,2934,Locality,Arlington County,92692,Susan R. Cunningham,,,29853,Precinct,146 - Precinct 146,,false,2,,,45
160326,440,2023-06-20T00:00:00Z,Primary Election,Democratic,,,546,County Board Member,,2934,Locality,Arlington County,92687,Natalie U. Roy,,,29853,Precinct,146 - Precinct 146,,false,2,,,57
160326,440,2023-06-20T00:00:00Z,Primary Election,Democratic,,,546,County Board Member,,2934,Locality,Arlington County,92690,"Julius D. Spain, Sr",,,29853,Precinct,146 - Precinct 146,,true,2,,,77
160326,440,2023-06-20T00:00:00Z,Primary Election,Democratic,,,546,County Board Member,,2934,Locality,Arlington County,92691,G. O. Weaver,,,29853,Precinct,146 - Precinct 146,,false,2,,,32
160326,440,2023-06-20T00:00:00Z,Primary Election,Democratic,,,546,County Board Member,,2934,Locality,Arlington County,92689,Jonathan Dromgoole,,,29853,Precinct,146 - Precinct 146,,false,2,,,24
160326,440,2023-06-20T00:00:00Z,Primary Election,Democratic,,,546,County Board Member,,2934,Locality,Arlington County,6,Write-Ins,,,29853,Precinct,146 - Precinct 146,,false,2,,,0
160326,440,2023-06-20T00:00:00Z,Primary Election,Democratic,,,546,County Board Member,,2934,Locality,Arlington County,4,Total Votes Cast,,,29853,Precinct,146 - Precinct 146,,false,2,,,384
160326,440,2023-06-20T00:00:00Z,Primary Election,Democratic,,,546,County Board Member,,2934,Locality,Arlington County,3,Undervotes,,,29853,Precinct,146 - Precinct 146,,false,2,,,0
160326,440,2023-06-20T00:00:00Z,Primary Election,Democratic,,,546,County Board Member,,2934,Locality,Arlington County,92688,Maureen E. Coffey,,,29854,Precinct,147 - Precinct 147,,true,2,,,90
160326,440,2023-06-20T00:00:00Z,Primary Election,Democratic,,,546,County Board Member,,2934,Locality,Arlington County,92692,Susan R. Cunningham,,,29854,Precinct,147 - Precinct 147,,false,2,,,43
160326,440,2023-06-20T00:00:00Z,Primary Election,Democratic,,,546,County Board Member,,2934,Locality,Arlington County,92687,Natalie U. Roy,,,29854,Precinct,147 - Precinct 147,,false,2,,,48
160326,440,2023-06-20T00:00:00Z,Primary Election,Democratic,,,546,County Board Member,,2934,Locality,Arlington County,92690,"Julius D. Spain, Sr",,,29854,Precinct,147 - Precinct 147,,true,2,,,73
160326,440,2023-06-20T00:00:00Z,Primary Election,Democratic,,,546,County Board Member,,2934,Locality,Arlington County,92691,G. O. Weaver,,,29854,Precinct,147 - Precinct 147,,false,2,,,24
160326,440,2023-06-20T00:00:00Z,Primary Election,Democratic,,,546,County Board Member,,2934,Locality,Arlington County,92689,Jonathan Dromgoole,,,29854,Precinct,147 - Precinct 147,,false,2,,,16
160326,440,2023-06-20T00:00:00Z,Primary Election,Democratic,,,546,County Board Member,,2934,Locality,Arlington County,6,Write-Ins,,,29854,Precinct,147 - Precinct 147,,false,2,,,0
160326,440,2023-06-20T00:00:00Z,Primary Election,Democratic,,,546,County Board Member,,2934,Locality,Arlington County,4,Total Votes Cast,,,29854,Precinct,147 - Precinct 147,,false,2,,,294
160326,440,2023-06-20T00:00:00Z,Primary Election,Democratic,,,546,County Board Member,,2934,Locality,Arlington County,3,Undervotes,,,29854,Precinct,147 - Precinct 147,,false,2,,,0
160326,440,2023-06-20T00:00:00Z,Primary Election,Democratic,,,546,County Board Member,,2934,Locality,Arlington County,92688,Maureen E. Coffey,,,29855,Precinct,148 - Precinct 148,,true,2,,,110
160326,440,2023-06-20T00:00:00Z,Primary Election,Democratic,,,546,County Board Member,,2934,Locality,Arlington County,92692,Susan R. Cunningham,,,29855,Precinct,148 - Precinct 148,,false,2,,,45
160326,440,2023-06-20T00:00:00Z,Primary Election,Democratic,,,546,County Board Member,,2934,Locality,Arlington County,92687,Natalie U. Roy,,,29855,Precinct,148 - Precinct 148,,false,2,,,54
160326,440,2023-06-20T00:00:00Z,Primary Election,Democratic,,,546,County Board Member,,2934,Locality,Arlington County,92690,"Julius D. Spain, Sr",,,29855,Precinct,148 - Precinct 148,,true,2,,,65
160326,440,2023-06-20T00:00:00Z,Primary Election,Democratic,,,546,County Board Member,,2934,Locality,Arlington County,92691,G. O. Weaver,,,29855,Precinct,148 - Precinct 148,,false,2,,,19
160326,440,2023-06-20T00:00:00Z,Primary Election,Democratic,,,546,County Board Member,,2934,Locality,Arlington County,92689,Jonathan Dromgoole,,,29855,Precinct,148 - Precinct 148,,false,2,,,16
160326,440,2023-06-20T00:00:00Z,Primary Election,Democratic,,,546,County Board Member,,2934,Locality,Arlington County,6,Write-Ins,,,29855,Precinct,148 - Precinct 148,,false,2,,,0
160326,440,2023-06-20T00:00:00Z,Primary Election,Democratic,,,546,County Board Member,,2934,Locality,Arlington County,4,Total Votes Cast,,,29855,Precinct,148 - Precinct 148,,false,2,,,309
160326,440,2023-06-20T00:00:00Z,Primary Election,Democratic,,,546,County Board Member,,2934,Locality,Arlington County,3,Undervotes,,,29855,Precinct,148 - Precinct 148,,false,2,,,0
160326,440,2023-06-20T00:00:00Z,Primary Election,Democratic,,,546,County Board Member,,2934,Locality,Arlington County,92688,Maureen E. Coffey,,,29856,Precinct,149 - Precinct 149,,true,2,,,99
160326,440,2023-06-20T00:00:00Z,Primary Election,Democratic,,,546,County Board Member,,2934,Locality,Arlington County,92692,Susan R. Cunningham,,,29856,Precinct,149 - Precinct 149,,false,2,,,44
160326,440,2023-06-20T00:00:00Z,Primary Election,Democratic,,,546,County Board Member,,2934,Locality,Arlington County,92687,Natalie U. Roy,,,29856,Precinct,149 - Precinct 149,,true,2,,,83
160326,440,2023-06-20T00:00:00Z,Primary Election,Democratic,,,546,County Board Member,,2934,Locality,Arlington County,92690,"Julius D. Spain, Sr",,,29856,Precinct,149 - Precinct 149,,false,2,,,62
160326,440,2023-06-20T00:00:00Z,Primary Election,Democratic,,,546,County Board Member,,2934,Locality,Arlington County,92691,G. O. Weaver,,,29856,Precinct,149 - Precinct 149,,false,2,,,16
160326,440,2023-06-20T00:00:00Z,Primary Election,Democratic,,,546,County Board Member,,2934,Locality,Arlington County,92689,Jonathan Dromgoole,,,29856,Precinct,149 - Precinct 149,,false,2,,,16
160326,440,2023-06-20T00:00:00Z,Primary Election,Democratic,,,546,County Board Member,,2934,Locality,Arlington County,6,Write-Ins,,,29856,Precinct,149 - Precinct 149,,false,2,,,0
160326,440,2023-06-20T00:00:00Z,Primary Election,Democratic,,,546,County Board Member,,2934,Locality,Arlington County,4,Total Votes Cast,,,29856,Precinct,149 - Precinct 149,,false,2,,,320
160326,440,2023-06-20T00:00:00Z,Primary Election,Democratic,,,546,County Board Member,,2934,Locality,Arlington County,3,Undervotes,,,29856,Precinct,149 - Precinct 149,,false,2,,,0
160326,440,2023-06-20T00:00:00Z,Primary Election,Democratic,,,546,County Board Member,,2934,Locality,Arlington County,92688,Maureen E. Coffey,,,29857,Precinct,150 - Precinct 150,,true,2,,,68
160326,440,2023-06-20T00:00:00Z,Primary Election,Democratic,,,546,County Board Member,,2934,Locality,Arlington County,92692,Susan R. Cunningham,,,29857,Precinct,150 - Precinct 150,,false,2,,,31
160326,440,2023-06-20T00:00:00Z,Primary Election,Democratic,,,546,County Board Member,,2934,Locality,Arlington County,92687,Natalie U. Roy,,,29857,Precinct,150 - Precinct 150,,false,2,,,36
160326,440,2023-06-20T00:00:00Z,Primary Election,Democratic,,,546,County Board Member,,2934,Locality,Arlington County,92690,"Julius D. Spain, Sr",,,29857,Precinct,150 - Precinct 150,,true,2,,,64
160326,440,2023-06-20T00:00:00Z,Primary Election,Democratic,,,546,County Board Member,,2934,Locality,Arlington County,92691,G. O. Weaver,,,29857,Precinct,150 - Precinct 150,,false,2,,,17
160326,440,2023-06-20T00:00:00Z,Primary Election,Democratic,,,546,County Board Member,,2934,Locality,Arlington County,92689,Jonathan Dromgoole,,,29857,Precinct,150 - Precinct 150,,false,2,,,23
160326,440,2023-06-20T00:00:00Z,Primary Election,Democratic,,,546,County Board Member,,2934,Locality,Arlington County,6,Write-Ins,,,29857,Precinct,150 - Precinct 150,,false,2,,,0
160326,440,2023-06-20T00:00:00Z,Primary Election,Democratic,,,546,County Board Member,,2934,Locality,Arlington County,4,Total Votes Cast,,,29857,Precinct,150 - Precinct 150,,false,2,,,239
160326,440,2023-06-20T00:00:00Z,Primary Election,Democratic,,,546,County Board Member,,2934,Locality,Arlington County,3,Undervotes,,,29857,Precinct,150 - Precinct 150,,false,2,,,0
160326,440,2023-06-20T00:00:00Z,Primary Election,Democratic,,,546,County Board Member,,2934,Locality,Arlington County,92688,Maureen E. Coffey,,,132334,Precinct,151 - Precinct 151,,false,2,,,0
160326,440,2023-06-20T00:00:00Z,Primary Election,Democratic,,,546,County Board Member,,2934,Locality,Arlington County,92692,Susan R. Cunningham,,,132334,Precinct,151 - Precinct 151,,false,2,,,0
160326,440,2023-06-20T00:00:00Z,Primary Election,Democratic,,,546,County Board Member,,2934,Locality,Arlington County,92687,Natalie U. Roy,,,132334,Precinct,151 - Precinct 151,,false,2,,,0
160326,440,2023-06-20T00:00:00Z,Primary Election,Democratic,,,546,County Board Member,,2934,Locality,Arlington County,92690,"Julius D. Spain, Sr",,,132334,Precinct,151 - Precinct 151,,false,2,,,0
160326,440,2023-06-20T00:00:00Z,Primary Election,Democratic,,,546,County Board Member,,2934,Locality,Arlington County,92691,G. O. Weaver,,,132334,Precinct,151 - Precinct 151,,false,2,,,0
160326,440,2023-06-20T00:00:00Z,Primary Election,Democratic,,,546,County Board Member,,2934,Locality,Arlington County,92689,Jonathan Dromgoole,,,132334,Precinct,151 - Precinct 151,,false,2,,,0
160326,440,2023-06-20T00:00:00Z,Primary Election,Democratic,,,546,County Board Member,,2934,Locality,Arlington County,6,Write-Ins,,,132334,Precinct,151 - Precinct 151,,false,2,,,0
160326,440,2023-06-20T00:00:00Z,Primary Election,Democratic,,,546,County Board Member,,2934,Locality,Arlington County,4,Total Votes Cast,,,132334,Precinct,151 - Precinct 151,,false,2,,,0
160326,440,2023-06-20T00:00:00Z,Primary Election,Democratic,,,546,County Board Member,,2934,Locality,Arlington County,3,Undervotes,,,132334,Precinct,151 - Precinct 151,,false,2,,,0
160326,440,2023-06-20T00:00:00Z,Primary Election,Democratic,,,546,County Board Member,,2934,Locality,Arlington County,92688,Maureen E. Coffey,,,132335,Precinct,152 - Precinct 152,,false,2,,,0
160326,440,2023-06-20T00:00:00Z,Primary Election,Democratic,,,546,County Board Member,,2934,Locality,Arlington County,92692,Susan R. Cunningham,,,132335,Precinct,152 - Precinct 152,,false,2,,,0
160326,440,2023-06-20T00:00:00Z,Primary Election,Democratic,,,546,County Board Member,,2934,Locality,Arlington County,92687,Natalie U. Roy,,,132335,Precinct,152 - Precinct 152,,false,2,,,0
160326,440,2023-06-20T00:00:00Z,Primary Election,Democratic,,,546,County Board Member,,2934,Locality,Arlington County,92690,"Julius D. Spain, Sr",,,132335,Precinct,152 - Precinct 152,,false,2,,,0
160326,440,2023-06-20T00:00:00Z,Primary Election,Democratic,,,546,County Board Member,,2934,Locality,Arlington County,92691,G. O. Weaver,,,132335,Precinct,152 - Precinct 152,,false,2,,,0
160326,440,2023-06-20T00:00:00Z,Primary Election,Democratic,,,546,County Board Member,,2934,Locality,Arlington County,92689,Jonathan Dromgoole,,,132335,Precinct,152 - Precinct 152,,false,2,,,0
160326,440,2023-06-20T00:00:00Z,Primary Election,Democratic,,,546,County Board Member,,2934,Locality,Arlington County,6,Write-Ins,,,132335,Precinct,152 - Precinct 152,,false,2,,,0
160326,440,2023-06-20T00:00:00Z,Primary Election,Democratic,,,546,County Board Member,,2934,Locality,Arlington County,4,Total Votes Cast,,,132335,Precinct,152 - Precinct 152,,false,2,,,0
160326,440,2023-06-20T00:00:00Z,Primary Election,Democratic,,,546,County Board Member,,2934,Locality,Arlington County,3,Undervotes,,,132335,Precinct,152 - Precinct 152,,false,2,,,0
160326,440,2023-06-20T00:00:00Z,Primary Election,Democratic,,,546,County Board Member,,2934,Locality,Arlington County,92688,Maureen E. Coffey,,,29860,Precinct,153 - Precinct 153,,true,2,,,106
160326,440,2023-06-20T00:00:00Z,Primary Election,Democratic,,,546,County Board Member,,2934,Locality,Arlington County,92692,Susan R. Cunningham,,,29860,Precinct,153 - Precinct 153,,false,2,,,30
160326,440,2023-06-20T00:00:00Z,Primary Election,Democratic,,,546,County Board Member,,2934,Locality,Arlington County,92687,Natalie U. Roy,,,29860,Precinct,153 - Precinct 153,,false,2,,,24
160326,440,2023-06-20T00:00:00Z,Primary Election,Democratic,,,546,County Board Member,,2934,Locality,Arlington County,92690,"Julius D. Spain, Sr",,,29860,Precinct,153 - Precinct 153,,true,2,,,56
160326,440,2023-06-20T00:00:00Z,Primary Election,Democratic,,,546,County Board Member,,2934,Locality,Arlington County,92691,G. O. Weaver,,,29860,Precinct,153 - Precinct 153,,false,2,,,20
160326,440,2023-06-20T00:00:00Z,Primary Election,Democratic,,,546,County Board Member,,2934,Locality,Arlington County,92689,Jonathan Dromgoole,,,29860,Precinct,153 - Precinct 153,,false,2,,,21
160326,440,2023-06-20T00:00:00Z,Primary Election,Democratic,,,546,County Board Member,,2934,Locality,Arlington County,6,Write-Ins,,,29860,Precinct,153 - Precinct 153,,false,2,,,0
160326,440,2023-06-20T00:00:00Z,Primary Election,Democratic,,,546,County Board Member,,2934,Locality,Arlington County,4,Total Votes Cast,,,29860,Precinct,153 - Precinct 153,,false,2,,,257
160326,440,2023-06-20T00:00:00Z,Primary Election,Democratic,,,546,County Board Member,,2934,Locality,Arlington County,3,Undervotes,,,29860,Precinct,153 - Precinct 153,,false,2,,,0
160326,440,2023-06-20T00:00:00Z,Primary Election,Democratic,,,546,County Board Member,,2934,Locality,Arlington County,92688,Maureen E. Coffey,,,132336,Precinct,154 - Precinct 154,,false,2,,,0
160326,440,2023-06-20T00:00:00Z,Primary Election,Democratic,,,546,County Board Member,,2934,Locality,Arlington County,92692,Susan R. Cunningham,,,132336,Precinct,154 - Precinct 154,,false,2,,,0
160326,440,2023-06-20T00:00:00Z,Primary Election,Democratic,,,546,County Board Member,,2934,Locality,Arlington County,92687,Natalie U. Roy,,,132336,Precinct,154 - Precinct 154,,false,2,,,0
160326,440,2023-06-20T00:00:00Z,Primary Election,Democratic,,,546,County Board Member,,2934,Locality,Arlington County,92690,"Julius D. Spain, Sr",,,132336,Precinct,154 - Precinct 154,,false,2,,,0
160326,440,2023-06-20T00:00:00Z,Primary Election,Democratic,,,546,County Board Member,,2934,Locality,Arlington County,92691,G. O. Weaver,,,132336,Precinct,154 - Precinct 154,,false,2,,,0
160326,440,2023-06-20T00:00:00Z,Primary Election,Democratic,,,546,County Board Member,,2934,Locality,Arlington County,92689,Jonathan Dromgoole,,,132336,Precinct,154 - Precinct 154,,false,2,,,0
160326,440,2023-06-20T00:00:00Z,Primary Election,Democratic,,,546,County Board Member,,2934,Locality,Arlington County,6,Write-Ins,,,132336,Precinct,154 - Precinct 154,,false,2,,,0
160326,440,2023-06-20T00:00:00Z,Primary Election,Democratic,,,546,County Board Member,,2934,Locality,Arlington County,4,Total Votes Cast,,,132336,Precinct,154 - Precinct 154,,false,2,,,0
160326,440,2023-06-20T00:00:00Z,Primary Election,Democratic,,,546,County Board Member,,2934,Locality,Arlington County,3,Undervotes,,,132336,Precinct,154 - Precinct 154,,false,2,,,0
160326,440,2023-06-20T00:00:00Z,Primary Election,Democratic,,,546,County Board Member,,2934,Locality,Arlington County,92688,Maureen E. Coffey,,,7206,Precinct,Provisional,,true,2,,,62
160326,440,2023-06-20T00:00:00Z,Primary Election,Democratic,,,546,County Board Member,,2934,Locality,Arlington County,92692,Susan R. Cunningham,,,7206,Precinct,Provisional,,true,2,,,60
160326,440,2023-06-20T00:00:00Z,Primary Election,Democratic,,,546,County Board Member,,2934,Locality,Arlington County,92687,Natalie U. Roy,,,7206,Precinct,Provisional,,false,2,,,49
160326,440,2023-06-20T00:00:00Z,Primary Election,Democratic,,,546,County Board Member,,2934,Locality,Arlington County,92690,"Julius D. Spain, Sr",,,7206,Precinct,Provisional,,false,2,,,52
160326,440,2023-06-20T00:00:00Z,Primary Election,Democratic,,,546,County Board Member,,2934,Locality,Arlington County,92691,G. O. Weaver,,,7206,Precinct,Provisional,,false,2,,,9
160326,440,2023-06-20T00:00:00Z,Primary Election,Democratic,,,546,County Board Member,,2934,Locality,Arlington County,92689,Jonathan Dromgoole,,,7206,Precinct,Provisional,,false,2,,,10
160326,440,2023-06-20T00:00:00Z,Primary Election,Democratic,,,546,County Board Member,,2934,Locality,Arlington County,6,Write-Ins,,,7206,Precinct,Provisional,,false,2,,,0
160326,440,2023-06-20T00:00:00Z,Primary Election,Democratic,,,546,County Board Member,,2934,Locality,Arlington County,4,Total Votes Cast,,,7206,Precinct,Provisional,,false,2,,,242
160326,440,2023-06-20T00:00:00Z,Primary Election,Democratic,,,546,County Board Member,,2934,Locality,Arlington County,3,Undervotes,,,7206,Precinct,Provisional,,false,2,,,0
156359,434,2022-11-08T00:00:00Z,General Election,,,,546,County Board Member,,2934,Locality,Arlington County,61056,Matthew David De Ferranti,,,29028,Precinct,##ev - Central Absentee Precinct,,true,1,1,Democratic,12093
156359,434,2022-11-08T00:00:00Z,General Election,,,,546,County Board Member,,2934,Locality,Arlington County,12517,Audrey Rose Clement,,,29028,Precinct,##ev - Central Absentee Precinct,,false,1,278,Independent,5349
156359,434,2022-11-08T00:00:00Z,General Election,,,,546,County Board Member,,2934,Locality,Arlington County,87394,Adam Theo,,,29028,Precinct,##ev - Central Absentee Precinct,,false,1,278,Independent,1643
156359,434,2022-11-08T00:00:00Z,General Election,,,,546,County Board Member,,2934,Locality,Arlington County,6,Write-Ins,,,29028,Precinct,##ev - Central Absentee Precinct,,false,1,,,249
156359,434,2022-11-08T00:00:00Z,General Election,,,,546,County Board Member,,2934,Locality,Arlington County,4,Total Votes Cast,,,29028,Precinct,##ev - Central Absentee Precinct,,false,1,,,19334
156359,434,2022-11-08T00:00:00Z,General Election,,,,546,County Board Member,,2934,Locality,Arlington County,3,Undervotes,,,29028,Precinct,##ev - Central Absentee Precinct,,false,1,,,0
156359,434,2022-11-08T00:00:00Z,General Election,,,,546,County Board Member,,2934,Locality,Arlington County,61056,Matthew David De Ferranti,,,29029,Precinct,##pe - Central Absentee Precinct,,true,1,1,Democratic,1062
156359,434,2022-11-08T00:00:00Z,General Election,,,,546,County Board Member,,2934,Locality,Arlington County,12517,Audrey Rose Clement,,,29029,Precinct,##pe - Central Absentee Precinct,,false,1,278,Independent,356
156359,434,2022-11-08T00:00:00Z,General Election,,,,546,County Board Member,,2934,Locality,Arlington County,87394,Adam Theo,,,29029,Precinct,##pe - Central Absentee Precinct,,false,1,278,Independent,222
156359,434,2022-11-08T00:00:00Z,General Election,,,,546,County Board Member,,2934,Locality,Arlington County,6,Write-Ins,,,29029,Precinct,##pe - Central Absentee Precinct,,false,1,,,10
156359,434,2022-11-08T00:00:00Z,General Election,,,,546,County Board Member,,2934,Locality,Arlington County,4,Total Votes Cast,,,29029,Precinct,##pe - Central Absentee Precinct,,false,1,,,1650
156359,434,2022-11-08T00:00:00Z,General Election,,,,546,County Board Member,,2934,Locality,Arlington County,3,Undervotes,,,29029,Precinct,##pe - Central Absentee Precinct,,false,1,,,0
156359,434,2022-11-08T00:00:00Z,General Election,,,,546,County Board Member,,2934,Locality,Arlington County,61056,Matthew David De Ferranti,,,29808,Precinct,101 - Precinct 101,,true,1,1,Democratic,541
156359,434,2022-11-08T00:00:00Z,General Election,,,,546,County Board Member,,2934,Locality,Arlington County,12517,Audrey Rose Clement,,,29808,Precinct,101 - Precinct 101,,false,1,278,Independent,201
156359,434,2022-11-08T00:00:00Z,General Election,,,,546,County Board Member,,2934,Locality,Arlington County,87394,Adam Theo,,,29808,Precinct,101 - Precinct 101,,false,1,278,Independent,58
156359,434,2022-11-08T00:00:00Z,General Election,,,,546,County Board Member,,2934,Locality,Arlington County,6,Write-Ins,,,29808,Precinct,101 - Precinct 101,,false,1,,,3
156359,434,2022-11-08T00:00:00Z,General Election,,,,546,County Board Member,,2934,Locality,Arlington County,4,Total Votes Cast,,,29808,Precinct,101 - Precinct 101,,false,1,,,803
156359,434,2022-11-08T00:00:00Z,General Election,,,,546,County Board Member,,2934,Locality,Arlington County,3,Undervotes,,,29808,Precinct,101 - Precinct 101,,false,1,,,0
156359,434,2022-11-08T00:00:00Z,General Election,,,,546,County Board Member,,2934,Locality,Arlington County,61056,Matthew David De Ferranti,,,29809,Precinct,102 - Precinct 102,,true,1,1,Democratic,623
156359,434,2022-11-08T00:00:00Z,General Election,,,,546,County Board Member,,2934,Locality,Arlington County,12517,Audrey Rose Clement,,,29809,Precinct,102 - Precinct 102,,false,1,278,Independent,420
156359,434,2022-11-08T00:00:00Z,General Election,,,,546,County Board Member,,2934,Locality,Arlington County,87394,Adam Theo,,,29809,Precinct,102 - Precinct 102,,false,1,278,Independent,112
156359,434,2022-11-08T00:00:00Z,General Election,,,,546,County Board Member,,2934,Locality,Arlington County,6,Write-Ins,,,29809,Precinct,102 - Precinct 102,,false,1,,,21
156359,434,2022-11-08T00:00:00Z,General Election,,,,546,County Board Member,,2934,Locality,Arlington County,4,Total Votes Cast,,,29809,Precinct,102 - Precinct 102,,false,1,,,1176
156359,434,2022-11-08T00:00:00Z,General Election,,,,546,County Board Member,,2934,Locality,Arlington County,3,Undervotes,,,29809,Precinct,102 - Precinct 102,,false,1,,,0
156359,434,2022-11-08T00:00:00Z,General Election,,,,546,County Board Member,,2934,Locality,Arlington County,61056,Matthew David De Ferranti,,,29810,Precinct,103 - Precinct 103,,true,1,1,Democratic,410
156359,434,2022-11-08T00:00:00Z,General Election,,,,546,County Board Member,,2934,Locality,Arlington County,12517,Audrey Rose Clement,,,29810,Precinct,103 - Precinct 103,,false,1,278,Independent,339
156359,434,2022-11-08T00:00:00Z,General Election,,,,546,County Board Member,,2934,Locality,Arlington County,87394,Adam Theo,,,29810,Precinct,103 - Precinct 103,,false,1,278,Independent,68
156359,434,2022-11-08T00:00:00Z,General Election,,,,546,County Board Member,,2934,Locality,Arlington County,6,Write-Ins,,,29810,Precinct,103 - Precinct 103,,false,1,,,9
156359,434,2022-11-08T00:00:00Z,General Election,,,,546,County Board Member,,2934,Locality,Arlington County,4,Total Votes Cast,,,29810,Precinct,103 - Precinct 103,,false,1,,,826
156359,434,2022-11-08T00:00:00Z,General Election,,,,546,County Board Member,,2934,Locality,Arlington County,3,Undervotes,,,29810,Precinct,103 - Precinct 103,,false,1,,,0
156359,434,2022-11-08T00:00:00Z,General Election,,,,546,County Board Member,,2934,Locality,Arlington County,61056,Matthew David De Ferranti,,,29811,Precinct,104 - Precinct 104,,true,1,1,Democratic,735
156359,434,2022-11-08T00:00:00Z,General Election,,,,546,County Board Member,,2934,Locality,Arlington County,12517,Audrey Rose Clement,,,29811,Precinct,104 - Precinct 104,,false,1,278,Independent,347
156359,434,2022-11-08T00:00:00Z,General Election,,,,546,County Board Member,,2934,Locality,Arlington County,87394,Adam Theo,,,29811,Precinct,104 - Precinct 104,,false,1,278,Independent,152
156359,434,2022-11-08T00:00:00Z,General Election,,,,546,County Board Member,,2934,Locality,Arlington County,6,Write-Ins,,,29811,Precinct,104 - Precinct 104,,false,1,,,18
156359,434,2022-11-08T00:00:00Z,General Election,,,,546,County Board Member,,2934,Locality,Arlington County,4,Total Votes Cast,,,29811,Precinct,104 - Precinct 104,,false,1,,,1252
156359,434,2022-11-08T00:00:00Z,General Election,,,,546,County Board Member,,2934,Locality,Arlington County,3,Undervotes,,,29811,Precinct,104 - Precinct 104,,false,1,,,0
156359,434,2022-11-08T00:00:00Z,General Election,,,,546,County Board Member,,2934,Locality,Arlington County,61056,Matthew David De Ferranti,,,29812,Precinct,105 - Precinct 105,,true,1,1,Democratic,688
156359,434,2022-11-08T00:00:00Z,General Election,,,,546,County Board Member,,2934,Locality,Arlington County,12517,Audrey Rose Clement,,,29812,Precinct,105 - Precinct 105,,false,1,278,Independent,324
156359,434,2022-11-08T00:00:00Z,General Election,,,,546,County Board Member,,2934,Locality,Arlington County,87394,Adam Theo,,,29812,Precinct,105 - Precinct 105,,false,1,278,Independent,104
156359,434,2022-11-08T00:00:00Z,General Election,,,,546,County Board Member,,2934,Locality,Arlington County,6,Write-Ins,,,29812,Precinct,105 - Precinct 105,,false,1,,,12
156359,434,2022-11-08T00:00:00Z,General Election,,,,546,County Board Member,,2934,Locality,Arlington County,4,Total Votes Cast,,,29812,Precinct,105 - Precinct 105,,false,1,,,1128
156359,434,2022-11-08T00:00:00Z,General Election,,,,546,County Board Member,,2934,Locality,Arlington County,3,Undervotes,,,29812,Precinct,105 - Precinct 105,,false,1,,,0
156359,434,2022-11-08T00:00:00Z,General Election,,,,546,County Board Member,,2934,Locality,Arlington County,61056,Matthew David De Ferranti,,,29813,Precinct,106 - Precinct 106,,true,1,1,Democratic,466
156359,434,2022-11-08T00:00:00Z,General Election,,,,546,County Board Member,,2934,Locality,Arlington County,12517,Audrey Rose Clement,,,29813,Precinct,106 - Precinct 106,,false,1,278,Independent,188
156359,434,2022-11-08T00:00:00Z,General Election,,,,546,County Board Member,,2934,Locality,Arlington County,87394,Adam Theo,,,29813,Precinct,106 - Precinct 106,,false,1,278,Independent,134
156359,434,2022-11-08T00:00:00Z,General Election,,,,546,County Board Member,,2934,Locality,Arlington County,6,Write-Ins,,,29813,Precinct,106 - Precinct 106,,false,1,,,6
156359,434,2022-11-08T00:00:00Z,General Election,,,,546,County Board Member,,2934,Locality,Arlington County,4,Total Votes Cast,,,29813,Precinct,106 - Precinct 106,,false,1,,,794
156359,434,2022-11-08T00:00:00Z,General Election,,,,546,County Board Member,,2934,Locality,Arlington County,3,Undervotes,,,29813,Precinct,106 - Precinct 106,,false,1,,,0
156359,434,2022-11-08T00:00:00Z,General Election,,,,546,County Board Member,,2934,Locality,Arlington County,61056,Matthew David De Ferranti,,,29814,Precinct,107 - Precinct 107,,true,1,1,Democratic,623
156359,434,2022-11-08T00:00:00Z,General Election,,,,546,County Board Member,,2934,Locality,Arlington County,12517,Audrey Rose Clement,,,29814,Precinct,107 - Precinct 107,,false,1,278,Independent,424
156359,434,2022-11-08T00:00:00Z,General Election,,,,546,County Board Member,,2934,Locality,Arlington County,87394,Adam Theo,,,29814,Precinct,107 - Precinct 107,,false,1,278,Independent,102
156359,434,2022-11-08T00:00:00Z,General Election,,,,546,County Board Member,,2934,Locality,Arlington County,6,Write-Ins,,,29814,Precinct,107 - Precinct 107,,false,1,,,11
156359,434,2022-11-08T00:00:00Z,General Election,,,,546,County Board Member,,2934,Locality,Arlington County,4,Total Votes Cast,,,29814,Precinct,107 - Precinct 107,,false,1,,,1160
156359,434,2022-11-08T00:00:00Z,General Election,,,,546,County Board Member,,2934,Locality,Arlington County,3,Undervotes,,,29814,Precinct,107 - Precinct 107,,false,1,,,0
156359,434,2022-11-08T00:00:00Z,General Election,,,,546,County Board Member,,2934,Locality,Arlington County,61056,Matthew David De Ferranti,,,29815,Precinct,108 - Precinct 108,,true,1,1,Democratic,741
156359,434,2022-11-08T00:00:00Z,General Election,,,,546,County Board Member,,2934,Locality,Arlington County,12517,Audrey Rose Clement,,,29815,Precinct,108 - Precinct 108,,false,1,278,Independent,355
156359,434,2022-11-08T00:00:00Z,General Election,,,,546,County Board Member,,2934,Locality,Arlington County,87394,Adam Theo,,,29815,Precinct,108 - Precinct 108,,false,1,278,Independent,173
156359,434,2022-11-08T00:00:00Z,General Election,,,,546,County Board Member,,2934,Locality,Arlington County,6,Write-Ins,,,29815,Precinct,108 - Precinct 108,,false,1,,,22
156359,434,2022-11-08T00:00:00Z,General Election,,,,546,County Board Member,,2934,Locality,Arlington County,4,Total Votes Cast,,,29815,Precinct,108 - Precinct 108,,false,1,,,1291
156359,434,2022-11-08T00:00:00Z,General Election,,,,546,County Board Member,,2934,Locality,Arlington County,3,Undervotes,,,29815,Precinct,108 - Precinct 108,,false,1,,,0
156359,434,2022-11-08T00:00:00Z,General Election,,,,546,County Board Member,,2934,Locality,Arlington County,61056,Matthew David De Ferranti,,,29816,Precinct,109 - Precinct 109,,true,1,1,Democratic,718
156359,434,2022-11-08T00:00:00Z,General Election,,,,546,County Board Member,,2934,Locality,Arlington County,12517,Audrey Rose Clement,,,29816,Precinct,109 - Precinct 109,,false,1,278,Independent,259
156359,434,2022-11-08T00:00:00Z,General Election,,,,546,County Board Member,,2934,Locality,Arlington County,87394,Adam Theo,,,29816,Precinct,109 - Precinct 109,,false,1,278,Independent,159
156359,434,2022-11-08T00:00:00Z,General Election,,,,546,County Board Member,,2934,Locality,Arlington County,6,Write-Ins,,,29816,Precinct,109 - Precinct 109,,false,1,,,13
156359,434,2022-11-08T00:00:00Z,General Election,,,,546,County Board Member,,2934,Locality,Arlington County,4,Total Votes Cast,,,29816,Precinct,109 - Precinct 109,,false,1,,,1149
156359,434,2022-11-08T00:00:00Z,General Election,,,,546,County Board Member,,2934,Locality,Arlington County,3,Undervotes,,,29816,Precinct,109 - Precinct 109,,false,1,,,0
156359,434,2022-11-08T00:00:00Z,General Election,,,,546,County Board Member,,2934,Locality,Arlington County,61056,Matthew David De Ferranti,,,132328,Precinct,110 - Precinct 110,,true,1,1,Democratic,674
156359,434,2022-11-08T00:00:00Z,General Election,,,,546,County Board Member,,2934,Locality,Arlington County,12517,Audrey Rose Clement,,,132328,Precinct,110 - Precinct 110,,false,1,278,Independent,260
156359,434,2022-11-08T00:00:00Z,General Election,,,,546,County Board Member,,2934,Locality,Arlington County,87394,Adam Theo,,,132328,Precinct,110 - Precinct 110,,false,1,278,Independent,153
156359,434,2022-11-08T00:00:00Z,General Election,,,,546,County Board Member,,2934,Locality,Arlington County,6,Write-Ins,,,132328,Precinct,110 - Precinct 110,,false,1,,,15
156359,434,2022-11-08T00:00:00Z,General Election,,,,546,County Board Member,,2934,Locality,Arlington County,4,Total Votes Cast,,,132328,Precinct,110 - Precinct 110,,false,1,,,1102
156359,434,2022-11-08T00:00:00Z,General Election,,,,546,County Board Member,,2934,Locality,Arlington County,3,Undervotes,,,132328,Precinct,110 - Precinct 110,,false,1,,,0
156359,434,2022-11-08T00:00:00Z,General Election,,,,546,County Board Member,,2934,Locality,Arlington County,61056,Matthew David De Ferranti,,,29818,Precinct,111 - Precinct 111,,true,1,1,Democratic,543
156359,434,2022-11-08T00:00:00Z,General Election,,,,546,County Board Member,,2934,Locality,Arlington County,12517,Audrey Rose Clement,,,29818,Precinct,111 - Precinct 111,,false,1,278,Independent,299
156359,434,2022-11-08T00:00:00Z,General Election,,,,546,County Board Member,,2934,Locality,Arlington County,87394,Adam Theo,,,29818,Precinct,111 - Precinct 111,,false,1,278,Independent,93
156359,434,2022-11-08T00:00:00Z,General Election,,,,546,County Board Member,,2934,Locality,Arlington County,6,Write-Ins,,,29818,Precinct,111 - Precinct 111,,false,1,,,16
156359,434,2022-11-08T00:00:00Z,General Election,,,,546,County Board Member,,2934,Locality,Arlington County,4,Total Votes Cast,,,29818,Precinct,111 - Precinct 111,,false,1,,,951
156359,434,2022-11-08T00:00:00Z,General Election,,,,546,County Board Member,,2934,Locality,Arlington County,3,Undervotes,,,29818,Precinct,111 - Precinct 111,,false,1,,,0
156359,434,2022-11-08T00:00:00Z,General Election,,,,546,County Board Member,,2934,Locality,Arlington County,61056,Matthew David De Ferranti,,,29819,Precinct,112 - Precinct 112,,true,1,1,Democratic,798
156359,434,2022-11-08T00:00:00Z,General Election,,,,546,County Board Member,,2934,Locality,Arlington County,12517,Audrey Rose Clement,,,29819,Precinct,112 - Precinct 112,,false,1,278,Independent,277
156359,434,2022-11-08T00:00:00Z,General Election,,,,546,County Board Member,,2934,Locality,Arlington County,87394,Adam Theo,,,29819,Precinct,112 - Precinct 112,,false,1,278,Independent,111
156359,434,2022-11-08T00:00:00Z,General Election,,,,546,County Board Member,,2934,Locality,Arlington County,6,Write-Ins,,,29819,Precinct,112 - Precinct 112,,false,1,,,23
156359,434,2022-11-08T00:00:00Z,General Election,,,,546,County Board Member,,2934,Locality,Arlington County,4,Total Votes Cast,,,29819,Precinct,112 - Precinct 112,,false,1,,,1209
156359,434,2022-11-08T00:00:00Z,General Election,,,,546,County Board Member,,2934,Locality,Arlington County,3,Undervotes,,,29819,Precinct,112 - Precinct 112,,false,1,,,0
156359,434,2022-11-08T00:00:00Z,General Election,,,,546,County Board Member,,2934,Locality,Arlington County,61056,Matthew David De Ferranti,,,29820,Precinct,113 - Precinct 113,,true,1,1,Democratic,427
156359,434,2022-11-08T00:00:00Z,General Election,,,,546,County Board Member,,2934,Locality,Arlington County,12517,Audrey Rose Clement,,,29820,Precinct,113 - Precinct 113,,false,1,278,Independent,284
156359,434,2022-11-08T00:00:00Z,General Election,,,,546,County Board Member,,2934,Locality,Arlington County,87394,Adam Theo,,,29820,Precinct,113 - Precinct 113,,false,1,278,Independent,38
156359,434,2022-11-08T00:00:00Z,General Election,,,,546,County Board Member,,2934,Locality,Arlington County,6,Write-Ins,,,29820,Precinct,113 - Precinct 113,,false,1,,,13
156359,434,2022-11-08T00:00:00Z,General Election,,,,546,County Board Member,,2934,Locality,Arlington County,4,Total Votes Cast,,,29820,Precinct,113 - Precinct 113,,false,1,,,762
156359,434,2022-11-08T00:00:00Z,General Election,,,,546,County Board Member,,2934,Locality,Arlington County,3,Undervotes,,,29820,Precinct,113 - Precinct 113,,false,1,,,0
156359,434,2022-11-08T00:00:00Z,General Election,,,,546,County Board Member,,2934,Locality,Arlington County,61056,Matthew David De Ferranti,,,29821,Precinct,114 - Precinct 114,,true,1,1,Democratic,546
156359,434,2022-11-08T00:00:00Z,General Election,,,,546,County Board Member,,2934,Locality,Arlington County,12517,Audrey Rose Clement,,,29821,Precinct,114 - Precinct 114,,false,1,278,Independent,160
156359,434,2022-11-08T00:00:00Z,General Election,,,,546,County Board Member,,2934,Locality,Arlington County,87394,Adam Theo,,,29821,Precinct,114 - Precinct 114,,false,1,278,Independent,119
156359,434,2022-11-08T00:00:00Z,General Election,,,,546,County Board Member,,2934,Locality,Arlington County,6,Write-Ins,,,29821,Precinct,114 - Precinct 114,,false,1,,,6
156359,434,2022-11-08T00:00:00Z,General Election,,,,546,County Board Member,,2934,Locality,Arlington County,4,Total Votes Cast,,,29821,Precinct,114 - Precinct 114,,false,1,,,831
156359,434,2022-11-08T00:00:00Z,General Election,,,,546,County Board Member,,2934,Locality,Arlington County,3,Undervotes,,,29821,Precinct,114 - Precinct 114,,false,1,,,0
156359,434,2022-11-08T00:00:00Z,General Election,,,,546,County Board Member,,2934,Locality,Arlington County,61056,Matthew David De Ferranti,,,29822,Precinct,115 - Precinct 115,,true,1,1,Democratic,399
156359,434,2022-11-08T00:00:00Z,General Election,,,,546,County Board Member,,2934,Locality,Arlington County,12517,Audrey Rose Clement,,,29822,Precinct,115 - Precinct 115,,false,1,278,Independent,180
156359,434,2022-11-08T00:00:00Z,General Election,,,,546,County Board Member,,2934,Locality,Arlington County,87394,Adam Theo,,,29822,Precinct,115 - Precinct 115,,false,1,278,Independent,71
156359,434,2022-11-08T00:00:00Z,General Election,,,,546,County Board Member,,2934,Locality,Arlington County,6,Write-Ins,,,29822,Precinct,115 - Precinct 115,,false,1,,,6
156359,434,2022-11-08T00:00:00Z,General Election,,,,546,County Board Member,,2934,Locality,Arlington County,4,Total Votes Cast,,,29822,Precinct,115 - Precinct 115,,false,1,,,656
156359,434,2022-11-08T00:00:00Z,General Election,,,,546,County Board Member,,2934,Locality,Arlington County,3,Undervotes,,,29822,Precinct,115 - Precinct 115,,false,1,,,0
156359,434,2022-11-08T00:00:00Z,General Election,,,,546,County Board Member,,2934,Locality,Arlington County,61056,Matthew David De Ferranti,,,29823,Precinct,116 - Precinct 116,,true,1,1,Democratic,585
156359,434,2022-11-08T00:00:00Z,General Election,,,,546,County Board Member,,2934,Locality,Arlington County,12517,Audrey Rose Clement,,,29823,Precinct,116 - Precinct 116,,false,1,278,Independent,423
156359,434,2022-11-08T00:00:00Z,General Election,,,,546,County Board Member,,2934,Locality,Arlington County,87394,Adam Theo,,,29823,Precinct,116 - Precinct 116,,false,1,278,Independent,125
156359,434,2022-11-08T00:00:00Z,General Election,,,,546,County Board Member,,2934,Locality,Arlington County,6,Write-Ins,,,29823,Precinct,116 - Precinct 116,,false,1,,,16
156359,434,2022-11-08T00:00:00Z,General Election,,,,546,County Board Member,,2934,Locality,Arlington County,4,Total Votes Cast,,,29823,Precinct,116 - Precinct 116,,false,1,,,1149
156359,434,2022-11-08T00:00:00Z,General Election,,,,546,County Board Member,,2934,Locality,Arlington County,3,Undervotes,,,29823,Precinct,116 - Precinct 116,,false,1,,,0
156359,434,2022-11-08T00:00:00Z,General Election,,,,546,County Board Member,,2934,Locality,Arlington County,61056,Matthew David De Ferranti,,,29824,Precinct,117 - Precinct 117,,true,1,1,Democratic,686
156359,434,2022-11-08T00:00:00Z,General Election,,,,546,County Board Member,,2934,Locality,Arlington County,12517,Audrey Rose Clement,,,29824,Precinct,117 - Precinct 117,,false,1,278,Independent,436
156359,434,2022-11-08T00:00:00Z,General Election,,,,546,County Board Member,,2934,Locality,Arlington County,87394,Adam Theo,,,29824,Precinct,117 - Precinct 117,,false,1,278,Independent,99
156359,434,2022-11-08T00:00:00Z,General Election,,,,546,County Board Member,,2934,Locality,Arlington County,6,Write-Ins,,,29824,Precinct,117 - Precinct 117,,false,1,,,23
156359,434,2022-11-08T00:00:00Z,General Election,,,,546,County Board Member,,2934,Locality,Arlington County,4,Total Votes Cast,,,29824,Precinct,117 - Precinct 117,,false,1,,,1244
156359,434,2022-11-08T00:00:00Z,General Election,,,,546,County Board Member,,2934,Locality,Arlington County,3,Undervotes,,,29824,Precinct,117 - Precinct 117,,false,1,,,0
156359,434,2022-11-08T00:00:00Z,General Election,,,,546,County Board Member,,2934,Locality,Arlington County,61056,Matthew David De Ferranti,,,29825,Precinct,118 - Precinct 118,,true,1,1,Democratic,893
156359,434,2022-11-08T00:00:00Z,General Election,,,,546,County Board Member,,2934,Locality,Arlington County,12517,Audrey Rose Clement,,,29825,Precinct,118 - Precinct 118,,false,1,278,Independent,300
156359,434,2022-11-08T00:00:00Z,General Election,,,,546,County Board Member,,2934,Locality,Arlington County,87394,Adam Theo,,,29825,Precinct,118 - Precinct 118,,false,1,278,Independent,209
156359,434,2022-11-08T00:00:00Z,General Election,,,,546,County Board Member,,2934,Locality,Arlington County,6,Write-Ins,,,29825,Precinct,118 - Precinct 118,,false,1,,,17
156359,434,2022-11-08T00:00:00Z,General Election,,,,546,County Board Member,,2934,Locality,Arlington County,4,Total Votes Cast,,,29825,Precinct,118 - Precinct 118,,false,1,,,1419
156359,434,2022-11-08T00:00:00Z,General Election,,,,546,County Board Member,,2934,Locality,Arlington County,3,Undervotes,,,29825,Precinct,118 - Precinct 118,,false,1,,,0
156359,434,2022-11-08T00:00:00Z,General Election,,,,546,County Board Member,,2934,Locality,Arlington County,61056,Matthew David De Ferranti,,,132329,Precinct,119 - Precinct 119,,true,1,1,Democratic,691
156359,434,2022-11-08T00:00:00Z,General Election,,,,546,County Board Member,,2934,Locality,Arlington County,12517,Audrey Rose Clement,,,132329,Precinct,119 - Precinct 119,,false,1,278,Independent,243
156359,434,2022-11-08T00:00:00Z,General Election,,,,546,County Board Member,,2934,Locality,Arlington County,87394,Adam Theo,,,132329,Precinct,119 - Precinct 119,,false,1,278,Independent,143
156359,434,2022-11-08T00:00:00Z,General Election,,,,546,County Board Member,,2934,Locality,Arlington County,6,Write-Ins,,,132329,Precinct,119 - Precinct 119,,false,1,,,24
156359,434,2022-11-08T00:00:00Z,General Election,,,,546,County Board Member,,2934,Locality,Arlington County,4,Total Votes Cast,,,132329,Precinct,119 - Precinct 119,,false,1,,,1101
156359,434,2022-11-08T00:00:00Z,General Election,,,,546,County Board Member,,2934,Locality,Arlington County,3,Undervotes,,,132329,Precinct,119 - Precinct 119,,false,1,,,0
156359,434,2022-11-08T00:00:00Z,General Election,,,,546,County Board Member,,2934,Locality,Arlington County,61056,Matthew David De Ferranti,,,29827,Precinct,120 - Precinct 120,,false,1,1,Democratic,415
156359,434,2022-11-08T00:00:00Z,General Election,,,,546,County Board Member,,2934,Locality,Arlington County,12517,Audrey Rose Clement,,,29827,Precinct,120 - Precinct 120,,true,1,278,Independent,537
156359,434,2022-11-08T00:00:00Z,General Election,,,,546,County Board Member,,2934,Locality,Arlington County,87394,Adam Theo,,,29827,Precinct,120 - Precinct 120,,false,1,278,Independent,69
156359,434,2022-11-08T00:00:00Z,General Election,,,,546,County Board Member,,2934,Locality,Arlington County,6,Write-Ins,,,29827,Precinct,120 - Precinct 120,,false,1,,,15
156359,434,2022-11-08T00:00:00Z,General Election,,,,546,County Board Member,,2934,Locality,Arlington County,4,Total Votes Cast,,,29827,Precinct,120 - Precinct 120,,false,1,,,1036
156359,434,2022-11-08T00:00:00Z,General Election,,,,546,County Board Member,,2934,Locality,Arlington County,3,Undervotes,,,29827,Precinct,120 - Precinct 120,,false,1,,,0
156359,434,2022-11-08T00:00:00Z,General Election,,,,546,County Board Member,,2934,Locality,Arlington County,61056,Matthew David De Ferranti,,,29828,Precinct,121 - Precinct 121,,true,1,1,Democratic,350
156359,434,2022-11-08T00:00:00Z,General Election,,,,546,County Board Member,,2934,Locality,Arlington County,12517,Audrey Rose Clement,,,29828,Precinct,121 - Precinct 121,,false,1,278,Independent,169
156359,434,2022-11-08T00:00:00Z,General Election,,,,546,County Board Member,,2934,Locality,Arlington County,87394,Adam Theo,,,29828,Precinct,121 - Precinct 121,,false,1,278,Independent,71
156359,434,2022-11-08T00:00:00Z,General Election,,,,546,County Board Member,,2934,Locality,Arlington County,6,Write-Ins,,,29828,Precinct,121 - Precinct 121,,false,1,,,12
156359,434,2022-11-08T00:00:00Z,General Election,,,,546,County Board Member,,2934,Locality,Arlington County,4,Total Votes Cast,,,29828,Precinct,121 - Precinct 121,,false,1,,,602
156359,434,2022-11-08T00:00:00Z,General Election,,,,546,County Board Member,,2934,Locality,Arlington County,3,Undervotes,,,29828,Precinct,121 - Precinct 121,,false,1,,,0
156359,434,2022-11-08T00:00:00Z,General Election,,,,546,County Board Member,,2934,Locality,Arlington County,61056,Matthew David De Ferranti,,,29829,Precinct,122 - Precinct 122,,true,1,1,Democratic,834
156359,434,2022-11-08T00:00:00Z,General Election,,,,546,County Board Member,,2934,Locality,Arlington County,12517,Audrey Rose Clement,,,29829,Precinct,122 - Precinct 122,,false,1,278,Independent,237
156359,434,2022-11-08T00:00:00Z,General Election,,,,546,County Board Member,,2934,Locality,Arlington County,87394,Adam Theo,,,29829,Precinct,122 - Precinct 122,,false,1,278,Independent,117
156359,434,2022-11-08T00:00:00Z,General Election,,,,546,County Board Member,,2934,Locality,Arlington County,6,Write-Ins,,,29829,Precinct,122 - Precinct 122,,false,1,,,22
156359,434,2022-11-08T00:00:00Z,General Election,,,,546,County Board Member,,2934,Locality,Arlington County,4,Total Votes Cast,,,29829,Precinct,122 - Precinct 122,,false,1,,,1210
156359,434,2022-11-08T00:00:00Z,General Election,,,,546,County Board Member,,2934,Locality,Arlington County,3,Undervotes,,,29829,Precinct,122 - Precinct 122,,false,1,,,0
156359,434,2022-11-08T00:00:00Z,General Election,,,,546,County Board Member,,2934,Locality,Arlington County,61056,Matthew David De Ferranti,,,29830,Precinct,123 - Precinct 123,,true,1,1,Democratic,720
156359,434,2022-11-08T00:00:00Z,General Election,,,,546,County Board Member,,2934,Locality,Arlington County,12517,Audrey Rose Clement,,,29830,Precinct,123 - Precinct 123,,false,1,278,Independent,418
156359,434,2022-11-08T00:00:00Z,General Election,,,,546,County Board Member,,2934,Locality,Arlington County,87394,Adam Theo,,,29830,Precinct,123 - Precinct 123,,false,1,278,Independent,93
156359,434,2022-11-08T00:00:00Z,General Election,,,,546,County Board Member,,2934,Locality,Arlington County,6,Write-Ins,,,29830,Precinct,123 - Precinct 123,,false,1,,,14
156359,434,2022-11-08T00:00:00Z,General Election,,,,546,County Board Member,,2934,Locality,Arlington County,4,Total Votes Cast,,,29830,Precinct,123 - Precinct 123,,false,1,,,1245
156359,434,2022-11-08T00:00:00Z,General Election,,,,546,County Board Member,,2934,Locality,Arlington County,3,Undervotes,,,29830,Precinct,123 - Precinct 123,,false,1,,,0
156359,434,2022-11-08T00:00:00Z,General Election,,,,546,County Board Member,,2934,Locality,Arlington County,61056,Matthew David De Ferranti,,,29831,Precinct,124 - Precinct 124,,true,1,1,Democratic,903
156359,434,2022-11-08T00:00:00Z,General Election,,,,546,County Board Member,,2934,Locality,Arlington County,12517,Audrey Rose Clement,,,29831,Precinct,124 - Precinct 124,,false,1,278,Independent,445
156359,434,2022-11-08T00:00:00Z,General Election,,,,546,County Board Member,,2934,Locality,Arlington County,87394,Adam Theo,,,29831,Precinct,124 - Precinct 124,,false,1,278,Independent,132
156359,434,2022-11-08T00:00:00Z,General Election,,,,546,County Board Member,,2934,Locality,Arlington County,6,Write-Ins,,,29831,Precinct,124 - Precinct 124,,false,1,,,18
156359,434,2022-11-08T00:00:00Z,General Election,,,,546,County Board Member,,2934,Locality,Arlington County,4,Total Votes Cast,,,29831,Precinct,124 - Precinct 124,,false,1,,,1498
156359,434,2022-11-08T00:00:00Z,General Election,,,,546,County Board Member,,2934,Locality,Arlington County,3,Undervotes,,,29831,Precinct,124 - Precinct 124,,false,1,,,0
156359,434,2022-11-08T00:00:00Z,General Election,,,,546,County Board Member,,2934,Locality,Arlington County,61056,Matthew David De Ferranti,,,132330,Precinct,125 - Precinct 125,,false,1,1,Democratic,561
156359,434,2022-11-08T00:00:00Z,General Election,,,,546,County Board Member,,2934,Locality,Arlington County,12517,Audrey Rose Clement,,,132330,Precinct,125 - Precinct 125,,false,1,278,Independent,561
156359,434,2022-11-08T00:00:00Z,General Election,,,,546,County Board Member,,2934,Locality,Arlington County,87394,Adam Theo,,,132330,Precinct,125 - Precinct 125,,false,1,278,Independent,98
156359,434,2022-11-08T00:00:00Z,General Election,,,,546,County Board Member,,2934,Locality,Arlington County,6,Write-Ins,,,132330,Precinct,125 - Precinct 125,,false,1,,,10
156359,434,2022-11-08T00:00:00Z,General Election,,,,546,County Board Member,,2934,Locality,Arlington County,4,Total Votes Cast,,,132330,Precinct,125 - Precinct 125,,false,1,,,1230
156359,434,2022-11-08T00:00:00Z,General Election,,,,546,County Board Member,,2934,Locality,Arlington County,3,Undervotes,,,132330,Precinct,125 - Precinct 125,,false,1,,,0
156359,434,2022-11-08T00:00:00Z,General Election,,,,546,County Board Member,,2934,Locality,Arlington County,61056,Matthew David De Ferranti,,,29833,Precinct,126 - Precinct 126,,true,1,1,Democratic,659
156359,434,2022-11-08T00:00:00Z,General Election,,,,546,County Board Member,,2934,Locality,Arlington County,12517,Audrey Rose Clement,,,29833,Precinct,126 - Precinct 126,,false,1,278,Independent,269
156359,434,2022-11-08T00:00:00Z,General Election,,,,546,County Board Member,,2934,Locality,Arlington County,87394,Adam Theo,,,29833,Precinct,126 - Precinct 126,,false,1,278,Independent,160
156359,434,2022-11-08T00:00:00Z,General Election,,,,546,County Board Member,,2934,Locality,Arlington County,6,Write-Ins,,,29833,Precinct,126 - Precinct 126,,false,1,,,18
156359,434,2022-11-08T00:00:00Z,General Election,,,,546,County Board Member,,2934,Locality,Arlington County,4,Total Votes Cast,,,29833,Precinct,126 - Precinct 126,,false,1,,,1106
156359,434,2022-11-08T00:00:00Z,General Election,,,,546,County Board Member,,2934,Locality,Arlington County,3,Undervotes,,,29833,Precinct,126 - Precinct 126,,false,1,,,0
156359,434,2022-11-08T00:00:00Z,General Election,,,,546,County Board Member,,2934,Locality,Arlington County,61056,Matthew David De Ferranti,,,29834,Precinct,127 - Precinct 127,,true,1,1,Democratic,714
156359,434,2022-11-08T00:00:00Z,General Election,,,,546,County Board Member,,2934,Locality,Arlington County,12517,Audrey Rose Clement,,,29834,Precinct,127 - Precinct 127,,false,1,278,Independent,342
156359,434,2022-11-08T00:00:00Z,General Election,,,,546,County Board Member,,2934,Locality,Arlington County,87394,Adam Theo,,,29834,Precinct,127 - Precinct 127,,false,1,278,Independent,102
156359,434,2022-11-08T00:00:00Z,General Election,,,,546,County Board Member,,2934,Locality,Arlington County,6,Write-Ins,,,29834,Precinct,127 - Precinct 127,,false,1,,,22
156359,434,2022-11-08T00:00:00Z,General Election,,,,546,County Board Member,,2934,Locality,Arlington County,4,Total Votes Cast,,,29834,Precinct,127 - Precinct 127,,false,1,,,1180
156359,434,2022-11-08T00:00:00Z,General Election,,,,546,County Board Member,,2934,Locality,Arlington County,3,Undervotes,,,29834,Precinct,127 - Precinct 127,,false,1,,,0
156359,434,2022-11-08T00:00:00Z,General Election,,,,546,County Board Member,,2934,Locality,Arlington County,61056,Matthew David De Ferranti,,,29835,Precinct,128 - Precinct 128,,true,1,1,Democratic,789
156359,434,2022-11-08T00:00:00Z,General Election,,,,546,County Board Member,,2934,Locality,Arlington County,12517,Audrey Rose Clement,,,29835,Precinct,128 - Precinct 128,,false,1,278,Independent,278
156359,434,2022-11-08T00:00:00Z,General Election,,,,546,County Board Member,,2934,Locality,Arlington County,87394,Adam Theo,,,29835,Precinct,128 - Precinct 128,,false,1,278,Independent,94
156359,434,2022-11-08T00:00:00Z,General Election,,,,546,County Board Member,,2934,Locality,Arlington County,6,Write-Ins,,,29835,Precinct,128 - Precinct 128,,false,1,,,19
156359,434,2022-11-08T00:00:00Z,General Election,,,,546,County Board Member,,2934,Locality,Arlington County,4,Total Votes Cast,,,29835,Precinct,128 - Precinct 128,,false,1,,,1180
156359,434,2022-11-08T00:00:00Z,General Election,,,,546,County Board Member,,2934,Locality,Arlington County,3,Undervotes,,,29835,Precinct,128 - Precinct 128,,false,1,,,0
156359,434,2022-11-08T00:00:00Z,General Election,,,,546,County Board Member,,2934,Locality,Arlington County,61056,Matthew David De Ferranti,,,29836,Precinct,129 - Precinct 129,,true,1,1,Democratic,740
156359,434,2022-11-08T00:00:00Z,General Election,,,,546,County Board Member,,2934,Locality,Arlington County,12517,Audrey Rose Clement,,,29836,Precinct,129 - Precinct 129,,false,1,278,Independent,348
156359,434,2022-11-08T00:00:00Z,General Election,,,,546,County Board Member,,2934,Locality,Arlington County,87394,Adam Theo,,,29836,Precinct,129 - Precinct 129,,false,1,278,Independent,98
156359,434,2022-11-08T00:00:00Z,General Election,,,,546,County Board Member,,2934,Locality,Arlington County,6,Write-Ins,,,29836,Precinct,129 - Precinct 129,,false,1,,,9
156359,434,2022-11-08T00:00:00Z,General Election,,,,546,County Board Member,,2934,Locality,Arlington County,4,Total Votes Cast,,,29836,Precinct,129 - Precinct 129,,false,1,,,1195
156359,434,2022-11-08T00:00:00Z,General Election,,,,546,County Board Member,,2934,Locality,Arlington County,3,Undervotes,,,29836,Precinct,129 - Precinct 129,,false,1,,,0
156359,434,2022-11-08T00:00:00Z,General Election,,,,546,County Board Member,,2934,Locality,Arlington County,61056,Matthew David De Ferranti,,,29837,Precinct,130 - Precinct 130,,true,1,1,Democratic,707
156359,434,2022-11-08T00:00:00Z,General Election,,,,546,County Board Member,,2934,Locality,Arlington County,12517,Audrey Rose Clement,,,29837,Precinct,130 - Precinct 130,,false,1,278,Independent,201
156359,434,2022-11-08T00:00:00Z,General Election,,,,546,County Board Member,,2934,Locality,Arlington County,87394,Adam Theo,,,29837,Precinct,130 - Precinct 130,,false,1,278,Independent,95
156359,434,2022-11-08T00:00:00Z,General Election,,,,546,County Board Member,,2934,Locality,Arlington County,6,Write-Ins,,,29837,Precinct,130 - Precinct 130,,false,1,,,8
156359,434,2022-11-08T00:00:00Z,General Election,,,,546,County Board Member,,2934,Locality,Arlington County,4,Total Votes Cast,,,29837,Precinct,130 - Precinct 130,,false,1,,,1011
156359,434,2022-11-08T00:00:00Z,General Election,,,,546,County Board Member,,2934,Locality,Arlington County,3,Undervotes,,,29837,Precinct,130 - Precinct 130,,false,1,,,0
156359,434,2022-11-08T00:00:00Z,General Election,,,,546,County Board Member,,2934,Locality,Arlington County,61056,Matthew David De Ferranti,,,29838,Precinct,131 - Precinct 131,,true,1,1,Democratic,680
156359,434,2022-11-08T00:00:00Z,General Election,,,,546,County Board Member,,2934,Locality,Arlington County,12517,Audrey Rose Clement,,,29838,Precinct,131 - Precinct 131,,false,1,278,Independent,476
156359,434,2022-11-08T00:00:00Z,General Election,,,,546,County Board Member,,2934,Locality,Arlington County,87394,Adam Theo,,,29838,Precinct,131 - Precinct 131,,false,1,278,Independent,88
156359,434,2022-11-08T00:00:00Z,General Election,,,,546,County Board Member,,2934,Locality,Arlington County,6,Write-Ins,,,29838,Precinct,131 - Precinct 131,,false,1,,,16
156359,434,2022-11-08T00:00:00Z,General Election,,,,546,County Board Member,,2934,Locality,Arlington County,4,Total Votes Cast,,,29838,Precinct,131 - Precinct 131,,false,1,,,1260
156359,434,2022-11-08T00:00:00Z,General Election,,,,546,County Board Member,,2934,Locality,Arlington County,3,Undervotes,,,29838,Precinct,131 - Precinct 131,,false,1,,,0
156359,434,2022-11-08T00:00:00Z,General Election,,,,546,County Board Member,,2934,Locality,Arlington County,61056,Matthew David De Ferranti,,,29839,Precinct,132 - Precinct 132,,true,1,1,Democratic,251
156359,434,2022-11-08T00:00:00Z,General Election,,,,546,County Board Member,,2934,Locality,Arlington County,12517,Audrey Rose Clement,,,29839,Precinct,132 - Precinct 132,,false,1,278,Independent,157
156359,434,2022-11-08T00:00:00Z,General Election,,,,546,County Board Member,,2934,Locality,Arlington County,87394,Adam Theo,,,29839,Precinct,132 - Precinct 132,,false,1,278,Independent,66
156359,434,2022-11-08T00:00:00Z,General Election,,,,546,County Board Member,,2934,Locality,Arlington County,6,Write-Ins,,,29839,Precinct,132 - Precinct 132,,false,1,,,8
156359,434,2022-11-08T00:00:00Z,General Election,,,,546,County Board Member,,2934,Locality,Arlington County,4,Total Votes Cast,,,29839,Precinct,132 - Precinct 132,,false,1,,,482
156359,434,2022-11-08T00:00:00Z,General Election,,,,546,County Board Member,,2934,Locality,Arlington County,3,Undervotes,,,29839,Precinct,132 - Precinct 132,,false,1,,,0
156359,434,2022-11-08T00:00:00Z,General Election,,,,546,County Board Member,,2934,Locality,Arlington County,61056,Matthew David De Ferranti,,,29840,Precinct,133 - Precinct 133,,false,1,1,Democratic,538
156359,434,2022-11-08T00:00:00Z,General Election,,,,546,County Board Member,,2934,Locality,Arlington County,12517,Audrey Rose Clement,,,29840,Precinct,133 - Precinct 133,,true,1,278,Independent,571
156359,434,2022-11-08T00:00:00Z,General Election,,,,546,County Board Member,,2934,Locality,Arlington County,87394,Adam Theo,,,29840,Precinct,133 - Precinct 133,,false,1,278,Independent,70
156359,434,2022-11-08T00:00:00Z,General Election,,,,546,County Board Member,,2934,Locality,Arlington County,6,Write-Ins,,,29840,Precinct,133 - Precinct 133,,false,1,,,27
156359,434,2022-11-08T00:00:00Z,General Election,,,,546,County Board Member,,2934,Locality,Arlington County,4,Total Votes Cast,,,29840,Precinct,133 - Precinct 133,,false,1,,,1206
156359,434,2022-11-08T00:00:00Z,General Election,,,,546,County Board Member,,2934,Locality,Arlington County,3,Undervotes,,,29840,Precinct,133 - Precinct 133,,false,1,,,0
156359,434,2022-11-08T00:00:00Z,General Election,,,,546,County Board Member,,2934,Locality,Arlington County,61056,Matthew David De Ferranti,,,29841,Precinct,134 - Precinct 134,,false,1,1,Democratic,482
156359,434,2022-11-08T00:00:00Z,General Election,,,,546,County Board Member,,2934,Locality,Arlington County,12517,Audrey Rose Clement,,,29841,Precinct,134 - Precinct 134,,true,1,278,Independent,529
156359,434,2022-11-08T00:00:00Z,General Election,,,,546,County Board Member,,2934,Locality,Arlington County,87394,Adam Theo,,,29841,Precinct,134 - Precinct 134,,false,1,278,Independent,67
156359,434,2022-11-08T00:00:00Z,General Election,,,,546,County Board Member,,2934,Locality,Arlington County,6,Write-Ins,,,29841,Precinct,134 - Precinct 134,,false,1,,,17
156359,434,2022-11-08T00:00:00Z,General Election,,,,546,County Board Member,,2934,Locality,Arlington County,4,Total Votes Cast,,,29841,Precinct,134 - Precinct 134,,false,1,,,1095
156359,434,2022-11-08T00:00:00Z,General Election,,,,546,County Board Member,,2934,Locality,Arlington County,3,Undervotes,,,29841,Precinct,134 - Precinct 134,,false,1,,,0
156359,434,2022-11-08T00:00:00Z,General Election,,,,546,County Board Member,,2934,Locality,Arlington County,61056,Matthew David De Ferranti,,,132331,Precinct,135 - Precinct 135,,false,1,1,Democratic,393
156359,434,2022-11-08T00:00:00Z,General Election,,,,546,County Board Member,,2934,Locality,Arlington County,12517,Audrey Rose Clement,,,132331,Precinct,135 - Precinct 135,,true,1,278,Independent,644
156359,434,2022-11-08T00:00:00Z,General Election,,,,546,County Board Member,,2934,Locality,Arlington County,87394,Adam Theo,,,132331,Precinct,135 - Precinct 135,,false,1,278,Independent,45
156359,434,2022-11-08T00:00:00Z,General Election,,,,546,County Board Member,,2934,Locality,Arlington County,6,Write-Ins,,,132331,Precinct,135 - Precinct 135,,false,1,,,23
156359,434,2022-11-08T00:00:00Z,General Election,,,,546,County Board Member,,2934,Locality,Arlington County,4,Total Votes Cast,,,132331,Precinct,135 - Precinct 135,,false,1,,,1105
156359,434,2022-11-08T00:00:00Z,General Election,,,,546,County Board Member,,2934,Locality,Arlington County,3,Undervotes,,,132331,Precinct,135 - Precinct 135,,false,1,,,0
156359,434,2022-11-08T00:00:00Z,General Election,,,,546,County Board Member,,2934,Locality,Arlington County,61056,Matthew David De Ferranti,,,29843,Precinct,136 - Precinct 136,,true,1,1,Democratic,565
156359,434,2022-11-08T00:00:00Z,General Election,,,,546,County Board Member,,2934,Locality,Arlington County,12517,Audrey Rose Clement,,,29843,Precinct,136 - Precinct 136,,false,1,278,Independent,551
156359,434,2022-11-08T00:00:00Z,General Election,,,,546,County Board Member,,2934,Locality,Arlington County,87394,Adam Theo,,,29843,Precinct,136 - Precinct 136,,false,1,278,Independent,79
156359,434,2022-11-08T00:00:00Z,General Election,,,,546,County Board Member,,2934,Locality,Arlington County,6,Write-Ins,,,29843,Precinct,136 - Precinct 136,,false,1,,,21
156359,434,2022-11-08T00:00:00Z,General Election,,,,546,County Board Member,,2934,Locality,Arlington County,4,Total Votes Cast,,,29843,Precinct,136 - Precinct 136,,false,1,,,1216
156359,434,2022-11-08T00:00:00Z,General Election,,,,546,County Board Member,,2934,Locality,Arlington County,3,Undervotes,,,29843,Precinct,136 - Precinct 136,,false,1,,,0
156359,434,2022-11-08T00:00:00Z,General Election,,,,546,County Board Member,,2934,Locality,Arlington County,61056,Matthew David De Ferranti,,,132332,Precinct,137 - Precinct 137,,true,1,1,Democratic,620
156359,434,2022-11-08T00:00:00Z,General Election,,,,546,County Board Member,,2934,Locality,Arlington County,12517,Audrey Rose Clement,,,132332,Precinct,137 - Precinct 137,,false,1,278,Independent,480
156359,434,2022-11-08T00:00:00Z,General Election,,,,546,County Board Member,,2934,Locality,Arlington County,87394,Adam Theo,,,132332,Precinct,137 - Precinct 137,,false,1,278,Independent,76
156359,434,2022-11-08T00:00:00Z,General Election,,,,546,County Board Member,,2934,Locality,Arlington County,6,Write-Ins,,,132332,Precinct,137 - Precinct 137,,false,1,,,18
156359,434,2022-11-08T00:00:00Z,General Election,,,,546,County Board Member,,2934,Locality,Arlington County,4,Total Votes Cast,,,132332,Precinct,137 - Precinct 137,,false,1,,,1194
156359,434,2022-11-08T00:00:00Z,General Election,,,,546,County Board Member,,2934,Locality,Arlington County,3,Undervotes,,,132332,Precinct,137 - Precinct 137,,false,1,,,0
156359,434,2022-11-08T00:00:00Z,General Election,,,,546,County Board Member,,2934,Locality,Arlington County,61056,Matthew David De Ferranti,,,132333,Precinct,138 - Precinct 138,,true,1,1,Democratic,583
156359,434,2022-11-08T00:00:00Z,General Election,,,,546,County Board Member,,2934,Locality,Arlington County,12517,Audrey Rose Clement,,,132333,Precinct,138 - Precinct 138,,false,1,278,Independent,150
156359,434,2022-11-08T00:00:00Z,General Election,,,,546,County Board Member,,2934,Locality,Arlington County,87394,Adam Theo,,,132333,Precinct,138 - Precinct 138,,false,1,278,Independent,88
156359,434,2022-11-08T00:00:00Z,General Election,,,,546,County Board Member,,2934,Locality,Arlington County,6,Write-Ins,,,132333,Precinct,138 - Precinct 138,,false,1,,,5
156359,434,2022-11-08T00:00:00Z,General Election,,,,546,County Board Member,,2934,Locality,Arlington County,4,Total Votes Cast,,,132333,Precinct,138 - Precinct 138,,false,1,,,826
156359,434,2022-11-08T00:00:00Z,General Election,,,,546,County Board Member,,2934,Locality,Arlington County,3,Undervotes,,,132333,Precinct,138 - Precinct 138,,false,1,,,0
156359,434,2022-11-08T00:00:00Z,General Election,,,,546,County Board Member,,2934,Locality,Arlington County,61056,Matthew David De Ferranti,,,29846,Precinct,139 - Precinct 139,,true,1,1,Democratic,433
156359,434,2022-11-08T00:00:00Z,General Election,,,,546,County Board Member,,2934,Locality,Arlington County,12517,Audrey Rose Clement,,,29846,Precinct,139 - Precinct 139,,false,1,278,Independent,233
156359,434,2022-11-08T00:00:00Z,General Election,,,,546,County Board Member,,2934,Locality,Arlington County,87394,Adam Theo,,,29846,Precinct,139 - Precinct 139,,false,1,278,Independent,45
156359,434,2022-11-08T00:00:00Z,General Election,,,,546,County Board Member,,2934,Locality,Arlington County,6,Write-Ins,,,29846,Precinct,139 - Precinct 139,,false,1,,,12
156359,434,2022-11-08T00:00:00Z,General Election,,,,546,County Board Member,,2934,Locality,Arlington County,4,Total Votes Cast,,,29846,Precinct,139 - Precinct 139,,false,1,,,723
156359,434,2022-11-08T00:00:00Z,General Election,,,,546,County Board Member,,2934,Locality,Arlington County,3,Undervotes,,,29846,Precinct,139 - Precinct 139,,false,1,,,0
156359,434,2022-11-08T00:00:00Z,General Election,,,,546,County Board Member,,2934,Locality,Arlington County,61056,Matthew David De Ferranti,,,29847,Precinct,140 - Precinct 140,,true,1,1,Democratic,785
156359,434,2022-11-08T00:00:00Z,General Election,,,,546,County Board Member,,2934,Locality,Arlington County,12517,Audrey Rose Clement,,,29847,Precinct,140 - Precinct 140,,false,1,278,Independent,326
156359,434,2022-11-08T00:00:00Z,General Election,,,,546,County Board Member,,2934,Locality,Arlington County,87394,Adam Theo,,,29847,Precinct,140 - Precinct 140,,false,1,278,Independent,176
156359,434,2022-11-08T00:00:00Z,General Election,,,,546,County Board Member,,2934,Locality,Arlington County,6,Write-Ins,,,29847,Precinct,140 - Precinct 140,,false,1,,,20
156359,434,2022-11-08T00:00:00Z,General Election,,,,546,County Board Member,,2934,Locality,Arlington County,4,Total Votes Cast,,,29847,Precinct,140 - Precinct 140,,false,1,,,1307
156359,434,2022-11-08T00:00:00Z,General Election,,,,546,County Board Member,,2934,Locality,Arlington County,3,Undervotes,,,29847,Precinct,140 - Precinct 140,,false,1,,,0
156359,434,2022-11-08T00:00:00Z,General Election,,,,546,County Board Member,,2934,Locality,Arlington County,61056,Matthew David De Ferranti,,,29848,Precinct,141 - Precinct 141,,true,1,1,Democratic,516
156359,434,2022-11-08T00:00:00Z,General Election,,,,546,County Board Member,,2934,Locality,Arlington County,12517,Audrey Rose Clement,,,29848,Precinct,141 - Precinct 141,,false,1,278,Independent,164
156359,434,2022-11-08T00:00:00Z,General Election,,,,546,County Board Member,,2934,Locality,Arlington County,87394,Adam Theo,,,29848,Precinct,141 - Precinct 141,,false,1,278,Independent,98
156359,434,2022-11-08T00:00:00Z,General Election,,,,546,County Board Member,,2934,Locality,Arlington County,6,Write-Ins,,,29848,Precinct,141 - Precinct 141,,false,1,,,10
156359,434,2022-11-08T00:00:00Z,General Election,,,,546,County Board Member,,2934,Locality,Arlington County,4,Total Votes Cast,,,29848,Precinct,141 - Precinct 141,,false,1,,,788
156359,434,2022-11-08T00:00:00Z,General Election,,,,546,County Board Member,,2934,Locality,Arlington County,3,Undervotes,,,29848,Precinct,141 - Precinct 141,,false,1,,,0
156359,434,2022-11-08T00:00:00Z,General Election,,,,546,County Board Member,,2934,Locality,Arlington County,61056,Matthew David De Ferranti,,,29849,Precinct,142 - Precinct 142,,true,1,1,Democratic,547
156359,434,2022-11-08T00:00:00Z,General Election,,,,546,County Board Member,,2934,Locality,Arlington County,12517,Audrey Rose Clement,,,29849,Precinct,142 - Precinct 142,,false,1,278,Independent,160
156359,434,2022-11-08T00:00:00Z,General Election,,,,546,County Board Member,,2934,Locality,Arlington County,87394,Adam Theo,,,29849,Precinct,142 - Precinct 142,,false,1,278,Independent,82
156359,434,2022-11-08T00:00:00Z,General Election,,,,546,County Board Member,,2934,Locality,Arlington County,6,Write-Ins,,,29849,Precinct,142 - Precinct 142,,false,1,,,6
156359,434,2022-11-08T00:00:00Z,General Election,,,,546,County Board Member,,2934,Locality,Arlington County,4,Total Votes Cast,,,29849,Precinct,142 - Precinct 142,,false,1,,,795
156359,434,2022-11-08T00:00:00Z,General Election,,,,546,County Board Member,,2934,Locality,Arlington County,3,Undervotes,,,29849,Precinct,142 - Precinct 142,,false,1,,,0
156359,434,2022-11-08T00:00:00Z,General Election,,,,546,County Board Member,,2934,Locality,Arlington County,61056,Matthew David De Ferranti,,,29850,Precinct,143 - Precinct 143,,true,1,1,Democratic,488
156359,434,2022-11-08T00:00:00Z,General Election,,,,546,County Board Member,,2934,Locality,Arlington County,12517,Audrey Rose Clement,,,29850,Precinct,143 - Precinct 143,,false,1,278,Independent,131
156359,434,2022-11-08T00:00:00Z,General Election,,,,546,County Board Member,,2934,Locality,Arlington County,87394,Adam Theo,,,29850,Precinct,143 - Precinct 143,,false,1,278,Independent,64
156359,434,2022-11-08T00:00:00Z,General Election,,,,546,County Board Member,,2934,Locality,Arlington County,6,Write-Ins,,,29850,Precinct,143 - Precinct 143,,false,1,,,10
156359,434,2022-11-08T00:00:00Z,General Election,,,,546,County Board Member,,2934,Locality,Arlington County,4,Total Votes Cast,,,29850,Precinct,143 - Precinct 143,,false,1,,,693
156359,434,2022-11-08T00:00:00Z,General Election,,,,546,County Board Member,,2934,Locality,Arlington County,3,Undervotes,,,29850,Precinct,143 - Precinct 143,,false,1,,,0
156359,434,2022-11-08T00:00:00Z,General Election,,,,546,County Board Member,,2934,Locality,Arlington County,61056,Matthew David De Ferranti,,,29851,Precinct,144 - Precinct 144,,true,1,1,Democratic,445
156359,434,2022-11-08T00:00:00Z,General Election,,,,546,County Board Member,,2934,Locality,Arlington County,12517,Audrey Rose Clement,,,29851,Precinct,144 - Precinct 144,,false,1,278,Independent,175
156359,434,2022-11-08T00:00:00Z,General Election,,,,546,County Board Member,,2934,Locality,Arlington County,87394,Adam Theo,,,29851,Precinct,144 - Precinct 144,,false,1,278,Independent,82
156359,434,2022-11-08T00:00:00Z,General Election,,,,546,County Board Member,,2934,Locality,Arlington County,6,Write-Ins,,,29851,Precinct,144 - Precinct 144,,false,1,,,7
156359,434,2022-11-08T00:00:00Z,General Election,,,,546,County Board Member,,2934,Locality,Arlington County,4,Total Votes Cast,,,29851,Precinct,144 - Precinct 144,,false,1,,,709
156359,434,2022-11-08T00:00:00Z,General Election,,,,546,County Board Member,,2934,Locality,Arlington County,3,Undervotes,,,29851,Precinct,144 - Precinct 144,,false,1,,,0
156359,434,2022-11-08T00:00:00Z,General Election,,,,546,County Board Member,,2934,Locality,Arlington County,61056,Matthew David De Ferranti,,,29852,Precinct,145 - Precinct 145,,true,1,1,Democratic,460
156359,434,2022-11-08T00:00:00Z,General Election,,,,546,County Board Member,,2934,Locality,Arlington County,12517,Audrey Rose Clement,,,29852,Precinct,145 - Precinct 145,,false,1,278,Independent,153
156359,434,2022-11-08T00:00:00Z,General Election,,,,546,County Board Member,,2934,Locality,Arlington County,87394,Adam Theo,,,29852,Precinct,145 - Precinct 145,,false,1,278,Independent,78
156359,434,2022-11-08T00:00:00Z,General Election,,,,546,County Board Member,,2934,Locality,Arlington County,6,Write-Ins,,,29852,Precinct,145 - Precinct 145,,false,1,,,10
156359,434,2022-11-08T00:00:00Z,General Election,,,,546,County Board Member,,2934,Locality,Arlington County,4,Total Votes Cast,,,29852,Precinct,145 - Precinct 145,,false,1,,,701
156359,434,2022-11-08T00:00:00Z,General Election,,,,546,County Board Member,,2934,Locality,Arlington County,3,Undervotes,,,29852,Precinct,145 - Precinct 145,,false,1,,,0
156359,434,2022-11-08T00:00:00Z,General Election,,,,546,County Board Member,,2934,Locality,Arlington County,61056,Matthew David De Ferranti,,,29853,Precinct,146 - Precinct 146,,true,1,1,Democratic,761
156359,434,2022-11-08T00:00:00Z,General Election,,,,546,County Board Member,,2934,Locality,Arlington County,12517,Audrey Rose Clement,,,29853,Precinct,146 - Precinct 146,,false,1,278,Independent,284
156359,434,2022-11-08T00:00:00Z,General Election,,,,546,County Board Member,,2934,Locality,Arlington County,87394,Adam Theo,,,29853,Precinct,146 - Precinct 146,,false,1,278,Independent,174
156359,434,2022-11-08T00:00:00Z,General Election,,,,546,County Board Member,,2934,Locality,Arlington County,6,Write-Ins,,,29853,Precinct,146 - Precinct 146,,false,1,,,8
156359,434,2022-11-08T00:00:00Z,General Election,,,,546,County Board Member,,2934,Locality,Arlington County,4,Total Votes Cast,,,29853,Precinct,146 - Precinct 146,,false,1,,,1227
156359,434,2022-11-08T00:00:00Z,General Election,,,,546,County Board Member,,2934,Locality,Arlington County,3,Undervotes,,,29853,Precinct,146 - Precinct 146,,false,1,,,0
156359,434,2022-11-08T00:00:00Z,General Election,,,,546,County Board Member,,2934,Locality,Arlington County,61056,Matthew David De Ferranti,,,29854,Precinct,147 - Precinct 147,,true,1,1,Democratic,574
156359,434,2022-11-08T00:00:00Z,General Election,,,,546,County Board Member,,2934,Locality,Arlington County,12517,Audrey Rose Clement,,,29854,Precinct,147 - Precinct 147,,false,1,278,Independent,154
156359,434,2022-11-08T00:00:00Z,General Election,,,,546,County Board Member,,2934,Locality,Arlington County,87394,Adam Theo,,,29854,Precinct,147 - Precinct 147,,false,1,278,Independent,73
156359,434,2022-11-08T00:00:00Z,General Election,,,,546,County Board Member,,2934,Locality,Arlington County,6,Write-Ins,,,29854,Precinct,147 - Precinct 147,,false,1,,,9
156359,434,2022-11-08T00:00:00Z,General Election,,,,546,County Board Member,,2934,Locality,Arlington County,4,Total Votes Cast,,,29854,Precinct,147 - Precinct 147,,false,1,,,810
156359,434,2022-11-08T00:00:00Z,General Election,,,,546,County Board Member,,2934,Locality,Arlington County,3,Undervotes,,,29854,Precinct,147 - Precinct 147,,false,1,,,0
156359,434,2022-11-08T00:00:00Z,General Election,,,,546,County Board Member,,2934,Locality,Arlington County,61056,Matthew David De Ferranti,,,29855,Precinct,148 - Precinct 148,,true,1,1,Democratic,404
156359,434,2022-11-08T00:00:00Z,General Election,,,,546,County Board Member,,2934,Locality,Arlington County,12517,Audrey Rose Clement,,,29855,Precinct,148 - Precinct 148,,false,1,278,Independent,167
156359,434,2022-11-08T00:00:00Z,General Election,,,,546,County Board Member,,2934,Locality,Arlington County,87394,Adam Theo,,,29855,Precinct,148 - Precinct 148,,false,1,278,Independent,125
156359,434,2022-11-08T00:00:00Z,General Election,,,,546,County Board Member,,2934,Locality,Arlington County,6,Write-Ins,,,29855,Precinct,148 - Precinct 148,,false,1,,,9
156359,434,2022-11-08T00:00:00Z,General Election,,,,546,County Board Member,,2934,Locality,Arlington County,4,Total Votes Cast,,,29855,Precinct,148 - Precinct 148,,false,1,,,705
156359,434,2022-11-08T00:00:00Z,General Election,,,,546,County Board Member,,2934,Locality,Arlington County,3,Undervotes,,,29855,Precinct,148 - Precinct 148,,false,1,,,0
156359,434,2022-11-08T00:00:00Z,General Election,,,,546,County Board Member,,2934,Locality,Arlington County,61056,Matthew David De Ferranti,,,29856,Precinct,149 - Precinct 149,,true,1,1,Democratic,516
156359,434,2022-11-08T00:00:00Z,General Election,,,,546,County Board Member,,2934,Locality,Arlington County,12517,Audrey Rose Clement,,,29856,Precinct,149 - Precinct 149,,false,1,278,Independent,186
156359,434,2022-11-08T00:00:00Z,General Election,,,,546,County Board Member,,2934,Locality,Arlington County,87394,Adam Theo,,,29856,Precinct,149 - Precinct 149,,false,1,278,Independent,88
156359,434,2022-11-08T00:00:00Z,General Election,,,,546,County Board Member,,2934,Locality,Arlington County,6,Write-Ins,,,29856,Precinct,149 - Precinct 149,,false,1,,,12
156359,434,2022-11-08T00:00:00Z,General Election,,,,546,County Board Member,,2934,Locality,Arlington County,4,Total Votes Cast,,,29856,Precinct,149 - Precinct 149,,false,1,,,802
156359,434,2022-11-08T00:00:00Z,General Election,,,,546,County Board Member,,2934,Locality,Arlington County,3,Undervotes,,,29856,Precinct,149 - Precinct 149,,false,1,,,0
156359,434,2022-11-08T00:00:00Z,General Election,,,,546,County Board Member,,2934,Locality,Arlington County,61056,Matthew David De Ferranti,,,29857,Precinct,150 - Precinct 150,,true,1,1,Democratic,524
156359,434,2022-11-08T00:00:00Z,General Election,,,,546,County Board Member,,2934,Locality,Arlington County,12517,Audrey Rose Clement,,,29857,Precinct,150 - Precinct 150,,false,1,278,Independent,223
156359,434,2022-11-08T00:00:00Z,General Election,,,,546,County Board Member,,2934,Locality,Arlington County,87394,Adam Theo,,,29857,Precinct,150 - Precinct 150,,false,1,278,Independent,147
156359,434,2022-11-08T00:00:00Z,General Election,,,,546,County Board Member,,2934,Locality,Arlington County,6,Write-Ins,,,29857,Precinct,150 - Precinct 150,,false,1,,,14
156359,434,2022-11-08T00:00:00Z,General Election,,,,546,County Board Member,,2934,Locality,Arlington County,4,Total Votes Cast,,,29857,Precinct,150 - Precinct 150,,false,1,,,908
156359,434,2022-11-08T00:00:00Z,General Election,,,,546,County Board Member,,2934,Locality,Arlington County,3,Undervotes,,,29857,Precinct,150 - Precinct 150,,false,1,,,0
156359,434,2022-11-08T00:00:00Z,General Election,,,,546,County Board Member,,2934,Locality,Arlington County,61056,Matthew David De Ferranti,,,132334,Precinct,151 - Precinct 151,,true,1,1,Democratic,263
156359,434,2022-11-08T00:00:00Z,General Election,,,,546,County Board Member,,2934,Locality,Arlington County,12517,Audrey Rose Clement,,,132334,Precinct,151 - Precinct 151,,false,1,278,Independent,73
156359,434,2022-11-08T00:00:00Z,General Election,,,,546,County Board Member,,2934,Locality,Arlington County,87394,Adam Theo,,,132334,Precinct,151 - Precinct 151,,false,1,278,Independent,30
156359,434,2022-11-08T00:00:00Z,General Election,,,,546,County Board Member,,2934,Locality,Arlington County,6,Write-Ins,,,132334,Precinct,151 - Precinct 151,,false,1,,,6
156359,434,2022-11-08T00:00:00Z,General Election,,,,546,County Board Member,,2934,Locality,Arlington County,4,Total Votes Cast,,,132334,Precinct,151 - Precinct 151,,false,1,,,372
156359,434,2022-11-08T00:00:00Z,General Election,,,,546,County Board Member,,2934,Locality,Arlington County,3,Undervotes,,,132334,Precinct,151 - Precinct 151,,false,1,,,0
156359,434,2022-11-08T00:00:00Z,General Election,,,,546,County Board Member,,2934,Locality,Arlington County,61056,Matthew David De Ferranti,,,132335,Precinct,152 - Precinct 152,,true,1,1,Democratic,457
156359,434,2022-11-08T00:00:00Z,General Election,,,,546,County Board Member,,2934,Locality,Arlington County,12517,Audrey Rose Clement,,,132335,Precinct,152 - Precinct 152,,false,1,278,Independent,140
156359,434,2022-11-08T00:00:00Z,General Election,,,,546,County Board Member,,2934,Locality,Arlington County,87394,Adam Theo,,,132335,Precinct,152 - Precinct 152,,false,1,278,Independent,81
156359,434,2022-11-08T00:00:00Z,General Election,,,,546,County Board Member,,2934,Locality,Arlington County,6,Write-Ins,,,132335,Precinct,152 - Precinct 152,,false,1,,,8
156359,434,2022-11-08T00:00:00Z,General Election,,,,546,County Board Member,,2934,Locality,Arlington County,4,Total Votes Cast,,,132335,Precinct,152 - Precinct 152,,false,1,,,686
156359,434,2022-11-08T00:00:00Z,General Election,,,,546,County Board Member,,2934,Locality,Arlington County,3,Undervotes,,,132335,Precinct,152 - Precinct 152,,false,1,,,0
156359,434,2022-11-08T00:00:00Z,General Election,,,,546,County Board Member,,2934,Locality,Arlington County,61056,Matthew David De Ferranti,,,29860,Precinct,153 - Precinct 153,,true,1,1,Democratic,661
156359,434,2022-11-08T00:00:00Z,General Election,,,,546,County Board Member,,2934,Locality,Arlington County,12517,Audrey Rose Clement,,,29860,Precinct,153 - Precinct 153,,false,1,278,Independent,203
156359,434,2022-11-08T00:00:00Z,General Election,,,,546,County Board Member,,2934,Locality,Arlington County,87394,Adam Theo,,,29860,Precinct,153 - Precinct 153,,false,1,278,Independent,151
156359,434,2022-11-08T00:00:00Z,General Election,,,,546,County Board Member,,2934,Locality,Arlington County,6,Write-Ins,,,29860,Precinct,153 - Precinct 153,,false,1,,,21
156359,434,2022-11-08T00:00:00Z,General Election,,,,546,County Board Member,,2934,Locality,Arlington County,4,Total Votes Cast,,,29860,Precinct,153 - Precinct 153,,false,1,,,1036
156359,434,2022-11-08T00:00:00Z,General Election,,,,546,County Board Member,,2934,Locality,Arlington County,3,Undervotes,,,29860,Precinct,153 - Precinct 153,,false,1,,,0
156359,434,2022-11-08T00:00:00Z,General Election,,,,546,County Board Member,,2934,Locality,Arlington County,61056,Matthew David De Ferranti,,,132336,Precinct,154 - Precinct 154,,true,1,1,Democratic,257
156359,434,2022-11-08T00:00:00Z,General Election,,,,546,County Board Member,,2934,Locality,Arlington County,12517,Audrey Rose Clement,,,132336,Precinct,154 - Precinct 154,,false,1,278,Independent,115
156359,434,2022-11-08T00:00:00Z,General Election,,,,546,County Board Member,,2934,Locality,Arlington County,87394,Adam Theo,,,132336,Precinct,154 - Precinct 154,,false,1,278,Independent,58
156359,434,2022-11-08T00:00:00Z,General Election,,,,546,County Board Member,,2934,Locality,Arlington County,6,Write-Ins,,,132336,Precinct,154 - Precinct 154,,false,1,,,5
156359,434,2022-11-08T00:00:00Z,General Election,,,,546,County Board Member,,2934,Locality,Arlington County,4,Total Votes Cast,,,132336,Precinct,154 - Precinct 154,,false,1,,,435
156359,434,2022-11-08T00:00:00Z,General Election,,,,546,County Board Member,,2934,Locality,Arlington County,3,Undervotes,,,132336,Precinct,154 - Precinct 154,,false,1,,,0
156359,434,2022-11-08T00:00:00Z,General Election,,,,546,County Board Member,,2934,Locality,Arlington County,61056,Matthew David De Ferranti,,,7205,Precinct,Ab - Central Absentee Precinct,,true,1,1,Democratic,6868
156359,434,2022-11-08T00:00:00Z,General Election,,,,546,County Board Member,,2934,Locality,Arlington County,12517,Audrey Rose Clement,,,7205,Precinct,Ab - Central Absentee Precinct,,false,1,278,Independent,2357
156359,434,2022-11-08T00:00:00Z,General Election,,,,546,County Board Member,,2934,Locality,Arlington County,87394,Adam Theo,,,7205,Precinct,Ab - Central Absentee Precinct,,false,1,278,Independent,1072
156359,434,2022-11-08T00:00:00Z,General Election,,,,546,County Board Member,,2934,Locality,Arlington County,6,Write-Ins,,,7205,Precinct,Ab - Central Absentee Precinct,,false,1,,,91
156359,434,2022-11-08T00:00:00Z,General Election,,,,546,County Board Member,,2934,Locality,Arlington County,4,Total Votes Cast,,,7205,Precinct,Ab - Central Absentee Precinct,,false,1,,,10388
156359,434,2022-11-08T00:00:00Z,General Election,,,,546,County Board Member,,2934,Locality,Arlington County,3,Undervotes,,,7205,Precinct,Ab - Central Absentee Precinct,,false,1,,,0
156359,434,2022-11-08T00:00:00Z,General Election,,,,546,County Board Member,,2934,Locality,Arlington County,61056,Matthew David De Ferranti,,,7206,Precinct,Provisional,,true,1,1,Democratic,1341
156359,434,2022-11-08T00:00:00Z,General Election,,,,546,County Board Member,,2934,Locality,Arlington County,12517,Audrey Rose Clement,,,7206,Precinct,Provisional,,false,1,278,Independent,428
156359,434,2022-11-08T00:00:00Z,General Election,,,,546,County Board Member,,2934,Locality,Arlington County,87394,Adam Theo,,,7206,Precinct,Provisional,,false,1,278,Independent,242
156359,434,2022-11-08T00:00:00Z,General Election,,,,546,County Board Member,,2934,Locality,Arlington County,6,Write-Ins,,,7206,Precinct,Provisional,,false,1,,,16
156359,434,2022-11-08T00:00:00Z,General Election,,,,546,County Board Member,,2934,Locality,Arlington County,4,Total Votes Cast,,,7206,Precinct,Provisional,,false,1,,,2027
156359,434,2022-11-08T00:00:00Z,General Election,,,,546,County Board Member,,2934,Locality,Arlington County,3,Undervotes,,,7206,Precinct,Provisional,,false,1,,,0
150447,432,2021-11-02T00:00:00Z,General Election,,,,546,County Board Member,,2934,Locality,Arlington County,82147,Takis Panagiotis Karantonis,,,29028,Precinct,##ev - Central Absentee Precinct,,true,1,1,Democratic,16621
150447,432,2021-11-02T00:00:00Z,General Election,,,,546,County Board Member,,2934,Locality,Arlington County,12517,Audrey Rose Clement,,,29028,Precinct,##ev - Central Absentee Precinct,,false,1,278,Independent,3930
150447,432,2021-11-02T00:00:00Z,General Election,,,,546,County Board Member,,2934,Locality,Arlington County,87395,Michael Treacy Cantwell,,,29028,Precinct,##ev - Central Absentee Precinct,,false,1,278,Independent,2880
150447,432,2021-11-02T00:00:00Z,General Election,,,,546,County Board Member,,2934,Locality,Arlington County,87394,Adam Theo,,,29028,Precinct,##ev - Central Absentee Precinct,,false,1,278,Independent,1028
150447,432,2021-11-02T00:00:00Z,General Election,,,,546,County Board Member,,2934,Locality,Arlington County,6,Write-Ins,,,29028,Precinct,##ev - Central Absentee Precinct,,false,1,,,468
150447,432,2021-11-02T00:00:00Z,General Election,,,,546,County Board Member,,2934,Locality,Arlington County,4,Total Votes Cast,,,29028,Precinct,##ev - Central Absentee Precinct,,false,1,,,24927
150447,432,2021-11-02T00:00:00Z,General Election,,,,546,County Board Member,,2934,Locality,Arlington County,3,Undervotes,,,29028,Precinct,##ev - Central Absentee Precinct,,false,1,,,0
150447,432,2021-11-02T00:00:00Z,General Election,,,,546,County Board Member,,2934,Locality,Arlington County,82147,Takis Panagiotis Karantonis,,,29029,Precinct,##pe - Central Absentee Precinct,,true,1,1,Democratic,504
150447,432,2021-11-02T00:00:00Z,General Election,,,,546,County Board Member,,2934,Locality,Arlington County,12517,Audrey Rose Clement,,,29029,Precinct,##pe - Central Absentee Precinct,,false,1,278,Independent,156
150447,432,2021-11-02T00:00:00Z,General Election,,,,546,County Board Member,,2934,Locality,Arlington County,87395,Michael Treacy Cantwell,,,29029,Precinct,##pe - Central Absentee Precinct,,false,1,278,Independent,136
150447,432,2021-11-02T00:00:00Z,General Election,,,,546,County Board Member,,2934,Locality,Arlington County,87394,Adam Theo,,,29029,Precinct,##pe - Central Absentee Precinct,,false,1,278,Independent,72
150447,432,2021-11-02T00:00:00Z,General Election,,,,546,County Board Member,,2934,Locality,Arlington County,6,Write-Ins,,,29029,Precinct,##pe - Central Absentee Precinct,,false,1,,,0
150447,432,2021-11-02T00:00:00Z,General Election,,,,546,County Board Member,,2934,Locality,Arlington County,4,Total Votes Cast,,,29029,Precinct,##pe - Central Absentee Precinct,,false,1,,,868
150447,432,2021-11-02T00:00:00Z,General Election,,,,546,County Board Member,,2934,Locality,Arlington County,3,Undervotes,,,29029,Precinct,##pe - Central Absentee Precinct,,false,1,,,0
150447,432,2021-11-02T00:00:00Z,General Election,,,,546,County Board Member,,2934,Locality,Arlington County,82147,Takis Panagiotis Karantonis,,,7207,Precinct,1 - Arlington,,true,1,1,Democratic,534
150447,432,2021-11-02T00:00:00Z,General Election,,,,546,County Board Member,,2934,Locality,Arlington County,12517,Audrey Rose Clement,,,7207,Precinct,1 - Arlington,,false,1,278,Independent,155
150447,432,2021-11-02T00:00:00Z,General Election,,,,546,County Board Member,,2934,Locality,Arlington County,87395,Michael Treacy Cantwell,,,7207,Precinct,1 - Arlington,,false,1,278,Independent,73
150447,432,2021-11-02T00:00:00Z,General Election,,,,546,County Board Member,,2934,Locality,Arlington County,87394,Adam Theo,,,7207,Precinct,1 - Arlington,,false,1,278,Independent,76
150447,432,2021-11-02T00:00:00Z,General Election,,,,546,County Board Member,,2934,Locality,Arlington County,6,Write-Ins,,,7207,Precinct,1 - Arlington,,false,1,,,5
150447,432,2021-11-02T00:00:00Z,General Election,,,,546,County Board Member,,2934,Locality,Arlington County,4,Total Votes Cast,,,7207,Precinct,1 - Arlington,,false,1,,,843
150447,432,2021-11-02T00:00:00Z,General Election,,,,546,County Board Member,,2934,Locality,Arlington County,3,Undervotes,,,7207,Precinct,1 - Arlington,,false,1,,,0
150447,432,2021-11-02T00:00:00Z,General Election,,,,546,County Board Member,,2934,Locality,Arlington County,82147,Takis Panagiotis Karantonis,,,7208,Precinct,2 - Ashton Heights,,true,1,1,Democratic,545
150447,432,2021-11-02T00:00:00Z,General Election,,,,546,County Board Member,,2934,Locality,Arlington County,12517,Audrey Rose Clement,,,7208,Precinct,2 - Ashton Heights,,false,1,278,Independent,168
150447,432,2021-11-02T00:00:00Z,General Election,,,,546,County Board Member,,2934,Locality,Arlington County,87395,Michael Treacy Cantwell,,,7208,Precinct,2 - Ashton Heights,,false,1,278,Independent,188
150447,432,2021-11-02T00:00:00Z,General Election,,,,546,County Board Member,,2934,Locality,Arlington County,87394,Adam Theo,,,7208,Precinct,2 - Ashton Heights,,false,1,278,Independent,46
150447,432,2021-11-02T00:00:00Z,General Election,,,,546,County Board Member,,2934,Locality,Arlington County,6,Write-Ins,,,7208,Precinct,2 - Ashton Heights,,false,1,,,26
150447,432,2021-11-02T00:00:00Z,General Election,,,,546,County Board Member,,2934,Locality,Arlington County,4,Total Votes Cast,,,7208,Precinct,2 - Ashton Heights,,false,1,,,973
150447,432,2021-11-02T00:00:00Z,General Election,,,,546,County Board Member,,2934,Locality,Arlington County,3,Undervotes,,,7208,Precinct,2 - Ashton Heights,,false,1,,,0
150447,432,2021-11-02T00:00:00Z,General Election,,,,546,County Board Member,,2934,Locality,Arlington County,82147,Takis Panagiotis Karantonis,,,7209,Precinct,3 - Aurora Hills,,true,1,1,Democratic,326
150447,432,2021-11-02T00:00:00Z,General Election,,,,546,County Board Member,,2934,Locality,Arlington County,12517,Audrey Rose Clement,,,7209,Precinct,3 - Aurora Hills,,false,1,278,Independent,137
150447,432,2021-11-02T00:00:00Z,General Election,,,,546,County Board Member,,2934,Locality,Arlington County,87395,Michael Treacy Cantwell,,,7209,Precinct,3 - Aurora Hills,,false,1,278,Independent,144
150447,432,2021-11-02T00:00:00Z,General Election,,,,546,County Board Member,,2934,Locality,Arlington County,87394,Adam Theo,,,7209,Precinct,3 - Aurora Hills,,false,1,278,Independent,27
150447,432,2021-11-02T00:00:00Z,General Election,,,,546,County Board Member,,2934,Locality,Arlington County,6,Write-Ins,,,7209,Precinct,3 - Aurora Hills,,false,1,,,24
150447,432,2021-11-02T00:00:00Z,General Election,,,,546,County Board Member,,2934,Locality,Arlington County,4,Total Votes Cast,,,7209,Precinct,3 - Aurora Hills,,false,1,,,658
150447,432,2021-11-02T00:00:00Z,General Election,,,,546,County Board Member,,2934,Locality,Arlington County,3,Undervotes,,,7209,Precinct,3 - Aurora Hills,,false,1,,,0
150447,432,2021-11-02T00:00:00Z,General Election,,,,546,County Board Member,,2934,Locality,Arlington County,82147,Takis Panagiotis Karantonis,,,7210,Precinct,4 - Ballston,,true,1,1,Democratic,619
150447,432,2021-11-02T00:00:00Z,General Election,,,,546,County Board Member,,2934,Locality,Arlington County,12517,Audrey Rose Clement,,,7210,Precinct,4 - Ballston,,false,1,278,Independent,197
150447,432,2021-11-02T00:00:00Z,General Election,,,,546,County Board Member,,2934,Locality,Arlington County,87395,Michael Treacy Cantwell,,,7210,Precinct,4 - Ballston,,false,1,278,Independent,130
150447,432,2021-11-02T00:00:00Z,General Election,,,,546,County Board Member,,2934,Locality,Arlington County,87394,Adam Theo,,,7210,Precinct,4 - Ballston,,false,1,278,Independent,104
150447,432,2021-11-02T00:00:00Z,General Election,,,,546,County Board Member,,2934,Locality,Arlington County,6,Write-Ins,,,7210,Precinct,4 - Ballston,,false,1,,,24
150447,432,2021-11-02T00:00:00Z,General Election,,,,546,County Board Member,,2934,Locality,Arlington County,4,Total Votes Cast,,,7210,Precinct,4 - Ballston,,false,1,,,1074
150447,432,2021-11-02T00:00:00Z,General Election,,,,546,County Board Member,,2934,Locality,Arlington County,3,Undervotes,,,7210,Precinct,4 - Ballston,,false,1,,,0
150447,432,2021-11-02T00:00:00Z,General Election,,,,546,County Board Member,,2934,Locality,Arlington County,82147,Takis Panagiotis Karantonis,,,7211,Precinct,5 - Barcroft,,true,1,1,Democratic,593
150447,432,2021-11-02T00:00:00Z,General Election,,,,546,County Board Member,,2934,Locality,Arlington County,12517,Audrey Rose Clement,,,7211,Precinct,5 - Barcroft,,false,1,278,Independent,172
150447,432,2021-11-02T00:00:00Z,General Election,,,,546,County Board Member,,2934,Locality,Arlington County,87395,Michael Treacy Cantwell,,,7211,Precinct,5 - Barcroft,,false,1,278,Independent,139
150447,432,2021-11-02T00:00:00Z,General Election,,,,546,County Board Member,,2934,Locality,Arlington County,87394,Adam Theo,,,7211,Precinct,5 - Barcroft,,false,1,278,Independent,67
150447,432,2021-11-02T00:00:00Z,General Election,,,,546,County Board Member,,2934,Locality,Arlington County,6,Write-Ins,,,7211,Precinct,5 - Barcroft,,false,1,,,28
150447,432,2021-11-02T00:00:00Z,General Election,,,,546,County Board Member,,2934,Locality,Arlington County,4,Total Votes Cast,,,7211,Precinct,5 - Barcroft,,false,1,,,999
150447,432,2021-11-02T00:00:00Z,General Election,,,,546,County Board Member,,2934,Locality,Arlington County,3,Undervotes,,,7211,Precinct,5 - Barcroft,,false,1,,,0
150447,432,2021-11-02T00:00:00Z,General Election,,,,546,County Board Member,,2934,Locality,Arlington County,82147,Takis Panagiotis Karantonis,,,7212,Precinct,6 - Crystal City,,true,1,1,Democratic,443
150447,432,2021-11-02T00:00:00Z,General Election,,,,546,County Board Member,,2934,Locality,Arlington County,12517,Audrey Rose Clement,,,7212,Precinct,6 - Crystal City,,false,1,278,Independent,144
150447,432,2021-11-02T00:00:00Z,General Election,,,,546,County Board Member,,2934,Locality,Arlington County,87395,Michael Treacy Cantwell,,,7212,Precinct,6 - Crystal City,,false,1,278,Independent,95
150447,432,2021-11-02T00:00:00Z,General Election,,,,546,County Board Member,,2934,Locality,Arlington County,87394,Adam Theo,,,7212,Precinct,6 - Crystal City,,false,1,278,Independent,48
150447,432,2021-11-02T00:00:00Z,General Election,,,,546,County Board Member,,2934,Locality,Arlington County,6,Write-Ins,,,7212,Precinct,6 - Crystal City,,false,1,,,7
150447,432,2021-11-02T00:00:00Z,General Election,,,,546,County Board Member,,2934,Locality,Arlington County,4,Total Votes Cast,,,7212,Precinct,6 - Crystal City,,false,1,,,737
150447,432,2021-11-02T00:00:00Z,General Election,,,,546,County Board Member,,2934,Locality,Arlington County,3,Undervotes,,,7212,Precinct,6 - Crystal City,,false,1,,,0
150447,432,2021-11-02T00:00:00Z,General Election,,,,546,County Board Member,,2934,Locality,Arlington County,82147,Takis Panagiotis Karantonis,,,7213,Precinct,7 - Cherrydale,,true,1,1,Democratic,531
150447,432,2021-11-02T00:00:00Z,General Election,,,,546,County Board Member,,2934,Locality,Arlington County,12517,Audrey Rose Clement,,,7213,Precinct,7 - Cherrydale,,false,1,278,Independent,208
150447,432,2021-11-02T00:00:00Z,General Election,,,,546,County Board Member,,2934,Locality,Arlington County,87395,Michael Treacy Cantwell,,,7213,Precinct,7 - Cherrydale,,false,1,278,Independent,185
150447,432,2021-11-02T00:00:00Z,General Election,,,,546,County Board Member,,2934,Locality,Arlington County,87394,Adam Theo,,,7213,Precinct,7 - Cherrydale,,false,1,278,Independent,55
150447,432,2021-11-02T00:00:00Z,General Election,,,,546,County Board Member,,2934,Locality,Arlington County,6,Write-Ins,,,7213,Precinct,7 - Cherrydale,,false,1,,,19
150447,432,2021-11-02T00:00:00Z,General Election,,,,546,County Board Member,,2934,Locality,Arlington County,4,Total Votes Cast,,,7213,Precinct,7 - Cherrydale,,false,1,,,998
150447,432,2021-11-02T00:00:00Z,General Election,,,,546,County Board Member,,2934,Locality,Arlington County,3,Undervotes,,,7213,Precinct,7 - Cherrydale,,false,1,,,0
150447,432,2021-11-02T00:00:00Z,General Election,,,,546,County Board Member,,2934,Locality,Arlington County,82147,Takis Panagiotis Karantonis,,,7214,Precinct,8 - Hume,,true,1,1,Democratic,602
150447,432,2021-11-02T00:00:00Z,General Election,,,,546,County Board Member,,2934,Locality,Arlington County,12517,Audrey Rose Clement,,,7214,Precinct,8 - Hume,,false,1,278,Independent,234
150447,432,2021-11-02T00:00:00Z,General Election,,,,546,County Board Member,,2934,Locality,Arlington County,87395,Michael Treacy Cantwell,,,7214,Precinct,8 - Hume,,false,1,278,Independent,160
150447,432,2021-11-02T00:00:00Z,General Election,,,,546,County Board Member,,2934,Locality,Arlington County,87394,Adam Theo,,,7214,Precinct,8 - Hume,,false,1,278,Independent,82
150447,432,2021-11-02T00:00:00Z,General Election,,,,546,County Board Member,,2934,Locality,Arlington County,6,Write-Ins,,,7214,Precinct,8 - Hume,,false,1,,,38
150447,432,2021-11-02T00:00:00Z,General Election,,,,546,County Board Member,,2934,Locality,Arlington County,4,Total Votes Cast,,,7214,Precinct,8 - Hume,,false,1,,,1116
150447,432,2021-11-02T00:00:00Z,General Election,,,,546,County Board Member,,2934,Locality,Arlington County,3,Undervotes,,,7214,Precinct,8 - Hume,,false,1,,,0
150447,432,2021-11-02T00:00:00Z,General Election,,,,546,County Board Member,,2934,Locality,Arlington County,82147,Takis Panagiotis Karantonis,,,7215,Precinct,9 - Columbia,,true,1,1,Democratic,634
150447,432,2021-11-02T00:00:00Z,General Election,,,,546,County Board Member,,2934,Locality,Arlington County,12517,Audrey Rose Clement,,,7215,Precinct,9 - Columbia,,false,1,278,Independent,220
150447,432,2021-11-02T00:00:00Z,General Election,,,,546,County Board Member,,2934,Locality,Arlington County,87395,Michael Treacy Cantwell,,,7215,Precinct,9 - Columbia,,false,1,278,Independent,128
150447,432,2021-11-02T00:00:00Z,General Election,,,,546,County Board Member,,2934,Locality,Arlington County,87394,Adam Theo,,,7215,Precinct,9 - Columbia,,false,1,278,Independent,67
150447,432,2021-11-02T00:00:00Z,General Election,,,,546,County Board Member,,2934,Locality,Arlington County,6,Write-Ins,,,7215,Precinct,9 - Columbia,,false,1,,,25
150447,432,2021-11-02T00:00:00Z,General Election,,,,546,County Board Member,,2934,Locality,Arlington County,4,Total Votes Cast,,,7215,Precinct,9 - Columbia,,false,1,,,1074
150447,432,2021-11-02T00:00:00Z,General Election,,,,546,County Board Member,,2934,Locality,Arlington County,3,Undervotes,,,7215,Precinct,9 - Columbia,,false,1,,,0
150447,432,2021-11-02T00:00:00Z,General Election,,,,546,County Board Member,,2934,Locality,Arlington County,82147,Takis Panagiotis Karantonis,,,7216,Precinct,10 - Wilson,,true,1,1,Democratic,473
150447,432,2021-11-02T00:00:00Z,General Election,,,,546,County Board Member,,2934,Locality,Arlington County,12517,Audrey Rose Clement,,,7216,Precinct,10 - Wilson,,false,1,278,Independent,206
150447,432,2021-11-02T00:00:00Z,General Election,,,,546,County Board Member,,2934,Locality,Arlington County,87395,Michael Treacy Cantwell,,,7216,Precinct,10 - Wilson,,false,1,278,Independent,99
150447,432,2021-11-02T00:00:00Z,General Election,,,,546,County Board Member,,2934,Locality,Arlington County,87394,Adam Theo,,,7216,Precinct,10 - Wilson,,false,1,278,Independent,62
150447,432,2021-11-02T00:00:00Z,General Election,,,,546,County Board Member,,2934,Locality,Arlington County,6,Write-Ins,,,7216,Precinct,10 - Wilson,,false,1,,,27
150447,432,2021-11-02T00:00:00Z,General Election,,,,546,County Board Member,,2934,Locality,Arlington County,4,Total Votes Cast,,,7216,Precinct,10 - Wilson,,false,1,,,867
150447,432,2021-11-02T00:00:00Z,General Election,,,,546,County Board Member,,2934,Locality,Arlington County,3,Undervotes,,,7216,Precinct,10 - Wilson,,false,1,,,0
150447,432,2021-11-02T00:00:00Z,General Election,,,,546,County Board Member,,2934,Locality,Arlington County,82147,Takis Panagiotis Karantonis,,,7217,Precinct,11 - East Falls Church,,true,1,1,Democratic,423
150447,432,2021-11-02T00:00:00Z,General Election,,,,546,County Board Member,,2934,Locality,Arlington County,12517,Audrey Rose Clement,,,7217,Precinct,11 - East Falls Church,,false,1,278,Independent,166
150447,432,2021-11-02T00:00:00Z,General Election,,,,546,County Board Member,,2934,Locality,Arlington County,87395,Michael Treacy Cantwell,,,7217,Precinct,11 - East Falls Church,,false,1,278,Independent,146
150447,432,2021-11-02T00:00:00Z,General Election,,,,546,County Board Member,,2934,Locality,Arlington County,87394,Adam Theo,,,7217,Precinct,11 - East Falls Church,,false,1,278,Independent,59
150447,432,2021-11-02T00:00:00Z,General Election,,,,546,County Board Member,,2934,Locality,Arlington County,6,Write-Ins,,,7217,Precinct,11 - East Falls Church,,false,1,,,16
150447,432,2021-11-02T00:00:00Z,General Election,,,,546,County Board Member,,2934,Locality,Arlington County,4,Total Votes Cast,,,7217,Precinct,11 - East Falls Church,,false,1,,,810
150447,432,2021-11-02T00:00:00Z,General Election,,,,546,County Board Member,,2934,Locality,Arlington County,3,Undervotes,,,7217,Precinct,11 - East Falls Church,,false,1,,,0
150447,432,2021-11-02T00:00:00Z,General Election,,,,546,County Board Member,,2934,Locality,Arlington County,82147,Takis Panagiotis Karantonis,,,7218,Precinct,12 - Fairlington,,true,1,1,Democratic,654
150447,432,2021-11-02T00:00:00Z,General Election,,,,546,County Board Member,,2934,Locality,Arlington County,12517,Audrey Rose Clement,,,7218,Precinct,12 - Fairlington,,false,1,278,Independent,232
150447,432,2021-11-02T00:00:00Z,General Election,,,,546,County Board Member,,2934,Locality,Arlington County,87395,Michael Treacy Cantwell,,,7218,Precinct,12 - Fairlington,,false,1,278,Independent,165
150447,432,2021-11-02T00:00:00Z,General Election,,,,546,County Board Member,,2934,Locality,Arlington County,87394,Adam Theo,,,7218,Precinct,12 - Fairlington,,false,1,278,Independent,64
150447,432,2021-11-02T00:00:00Z,General Election,,,,546,County Board Member,,2934,Locality,Arlington County,6,Write-Ins,,,7218,Precinct,12 - Fairlington,,false,1,,,27
150447,432,2021-11-02T00:00:00Z,General Election,,,,546,County Board Member,,2934,Locality,Arlington County,4,Total Votes Cast,,,7218,Precinct,12 - Fairlington,,false,1,,,1142
150447,432,2021-11-02T00:00:00Z,General Election,,,,546,County Board Member,,2934,Locality,Arlington County,3,Undervotes,,,7218,Precinct,12 - Fairlington,,false,1,,,0
150447,432,2021-11-02T00:00:00Z,General Election,,,,546,County Board Member,,2934,Locality,Arlington County,82147,Takis Panagiotis Karantonis,,,7219,Precinct,13 - Glen Carlyn,,true,1,1,Democratic,397
150447,432,2021-11-02T00:00:00Z,General Election,,,,546,County Board Member,,2934,Locality,Arlington County,12517,Audrey Rose Clement,,,7219,Precinct,13 - Glen Carlyn,,false,1,278,Independent,149
150447,432,2021-11-02T00:00:00Z,General Election,,,,546,County Board Member,,2934,Locality,Arlington County,87395,Michael Treacy Cantwell,,,7219,Precinct,13 - Glen Carlyn,,false,1,278,Independent,115
150447,432,2021-11-02T00:00:00Z,General Election,,,,546,County Board Member,,2934,Locality,Arlington County,87394,Adam Theo,,,7219,Precinct,13 - Glen Carlyn,,false,1,278,Independent,54
150447,432,2021-11-02T00:00:00Z,General Election,,,,546,County Board Member,,2934,Locality,Arlington County,6,Write-Ins,,,7219,Precinct,13 - Glen Carlyn,,false,1,,,15
150447,432,2021-11-02T00:00:00Z,General Election,,,,546,County Board Member,,2934,Locality,Arlington County,4,Total Votes Cast,,,7219,Precinct,13 - Glen Carlyn,,false,1,,,730
150447,432,2021-11-02T00:00:00Z,General Election,,,,546,County Board Member,,2934,Locality,Arlington County,3,Undervotes,,,7219,Precinct,13 - Glen Carlyn,,false,1,,,0
150447,432,2021-11-02T00:00:00Z,General Election,,,,546,County Board Member,,2934,Locality,Arlington County,82147,Takis Panagiotis Karantonis,,,7220,Precinct,14 - Clarendon,,true,1,1,Democratic,382
150447,432,2021-11-02T00:00:00Z,General Election,,,,546,County Board Member,,2934,Locality,Arlington County,12517,Audrey Rose Clement,,,7220,Precinct,14 - Clarendon,,false,1,278,Independent,112
150447,432,2021-11-02T00:00:00Z,General Election,,,,546,County Board Member,,2934,Locality,Arlington County,87395,Michael Treacy Cantwell,,,7220,Precinct,14 - Clarendon,,false,1,278,Independent,97
150447,432,2021-11-02T00:00:00Z,General Election,,,,546,County Board Member,,2934,Locality,Arlington County,87394,Adam Theo,,,7220,Precinct,14 - Clarendon,,false,1,278,Independent,49
150447,432,2021-11-02T00:00:00Z,General Election,,,,546,County Board Member,,2934,Locality,Arlington County,6,Write-Ins,,,7220,Precinct,14 - Clarendon,,false,1,,,16
150447,432,2021-11-02T00:00:00Z,General Election,,,,546,County Board Member,,2934,Locality,Arlington County,4,Total Votes Cast,,,7220,Precinct,14 - Clarendon,,false,1,,,656
150447,432,2021-11-02T00:00:00Z,General Election,,,,546,County Board Member,,2934,Locality,Arlington County,3,Undervotes,,,7220,Precinct,14 - Clarendon,,false,1,,,0
150447,432,2021-11-02T00:00:00Z,General Election,,,,546,County Board Member,,2934,Locality,Arlington County,82147,Takis Panagiotis Karantonis,,,7221,Precinct,15 - Lyon Park,,true,1,1,Democratic,322
150447,432,2021-11-02T00:00:00Z,General Election,,,,546,County Board Member,,2934,Locality,Arlington County,12517,Audrey Rose Clement,,,7221,Precinct,15 - Lyon Park,,false,1,278,Independent,107
150447,432,2021-11-02T00:00:00Z,General Election,,,,546,County Board Member,,2934,Locality,Arlington County,87395,Michael Treacy Cantwell,,,7221,Precinct,15 - Lyon Park,,false,1,278,Independent,76
150447,432,2021-11-02T00:00:00Z,General Election,,,,546,County Board Member,,2934,Locality,Arlington County,87394,Adam Theo,,,7221,Precinct,15 - Lyon Park,,false,1,278,Independent,38
150447,432,2021-11-02T00:00:00Z,General Election,,,,546,County Board Member,,2934,Locality,Arlington County,6,Write-Ins,,,7221,Precinct,15 - Lyon Park,,false,1,,,14
150447,432,2021-11-02T00:00:00Z,General Election,,,,546,County Board Member,,2934,Locality,Arlington County,4,Total Votes Cast,,,7221,Precinct,15 - Lyon Park,,false,1,,,557
150447,432,2021-11-02T00:00:00Z,General Election,,,,546,County Board Member,,2934,Locality,Arlington County,3,Undervotes,,,7221,Precinct,15 - Lyon Park,,false,1,,,0
150447,432,2021-11-02T00:00:00Z,General Election,,,,546,County Board Member,,2934,Locality,Arlington County,82147,Takis Panagiotis Karantonis,,,7222,Precinct,16 - Lyon Village,,true,1,1,Democratic,458
150447,432,2021-11-02T00:00:00Z,General Election,,,,546,County Board Member,,2934,Locality,Arlington County,12517,Audrey Rose Clement,,,7222,Precinct,16 - Lyon Village,,false,1,278,Independent,189
150447,432,2021-11-02T00:00:00Z,General Election,,,,546,County Board Member,,2934,Locality,Arlington County,87395,Michael Treacy Cantwell,,,7222,Precinct,16 - Lyon Village,,false,1,278,Independent,150
150447,432,2021-11-02T00:00:00Z,General Election,,,,546,County Board Member,,2934,Locality,Arlington County,87394,Adam Theo,,,7222,Precinct,16 - Lyon Village,,false,1,278,Independent,75
150447,432,2021-11-02T00:00:00Z,General Election,,,,546,County Board Member,,2934,Locality,Arlington County,6,Write-Ins,,,7222,Precinct,16 - Lyon Village,,false,1,,,26
150447,432,2021-11-02T00:00:00Z,General Election,,,,546,County Board Member,,2934,Locality,Arlington County,4,Total Votes Cast,,,7222,Precinct,16 - Lyon Village,,false,1,,,898
150447,432,2021-11-02T00:00:00Z,General Election,,,,546,County Board Member,,2934,Locality,Arlington County,3,Undervotes,,,7222,Precinct,16 - Lyon Village,,false,1,,,0
150447,432,2021-11-02T00:00:00Z,General Election,,,,546,County Board Member,,2934,Locality,Arlington County,82147,Takis Panagiotis Karantonis,,,7223,Precinct,17 - Overlee Knolls,,true,1,1,Democratic,625
150447,432,2021-11-02T00:00:00Z,General Election,,,,546,County Board Member,,2934,Locality,Arlington County,12517,Audrey Rose Clement,,,7223,Precinct,17 - Overlee Knolls,,false,1,278,Independent,224
150447,432,2021-11-02T00:00:00Z,General Election,,,,546,County Board Member,,2934,Locality,Arlington County,87395,Michael Treacy Cantwell,,,7223,Precinct,17 - Overlee Knolls,,false,1,278,Independent,193
150447,432,2021-11-02T00:00:00Z,General Election,,,,546,County Board Member,,2934,Locality,Arlington County,87394,Adam Theo,,,7223,Precinct,17 - Overlee Knolls,,false,1,278,Independent,80
150447,432,2021-11-02T00:00:00Z,General Election,,,,546,County Board Member,,2934,Locality,Arlington County,6,Write-Ins,,,7223,Precinct,17 - Overlee Knolls,,false,1,,,27
150447,432,2021-11-02T00:00:00Z,General Election,,,,546,County Board Member,,2934,Locality,Arlington County,4,Total Votes Cast,,,7223,Precinct,17 - Overlee Knolls,,false,1,,,1149
150447,432,2021-11-02T00:00:00Z,General Election,,,,546,County Board Member,,2934,Locality,Arlington County,3,Undervotes,,,7223,Precinct,17 - Overlee Knolls,,false,1,,,0
150447,432,2021-11-02T00:00:00Z,General Election,,,,546,County Board Member,,2934,Locality,Arlington County,82147,Takis Panagiotis Karantonis,,,7224,Precinct,18 - Park Lane,,true,1,1,Democratic,585
150447,432,2021-11-02T00:00:00Z,General Election,,,,546,County Board Member,,2934,Locality,Arlington County,12517,Audrey Rose Clement,,,7224,Precinct,18 - Park Lane,,false,1,278,Independent,225
150447,432,2021-11-02T00:00:00Z,General Election,,,,546,County Board Member,,2934,Locality,Arlington County,87395,Michael Treacy Cantwell,,,7224,Precinct,18 - Park Lane,,false,1,278,Independent,123
150447,432,2021-11-02T00:00:00Z,General Election,,,,546,County Board Member,,2934,Locality,Arlington County,87394,Adam Theo,,,7224,Precinct,18 - Park Lane,,false,1,278,Independent,94
150447,432,2021-11-02T00:00:00Z,General Election,,,,546,County Board Member,,2934,Locality,Arlington County,6,Write-Ins,,,7224,Precinct,18 - Park Lane,,false,1,,,30
150447,432,2021-11-02T00:00:00Z,General Election,,,,546,County Board Member,,2934,Locality,Arlington County,4,Total Votes Cast,,,7224,Precinct,18 - Park Lane,,false,1,,,1057
150447,432,2021-11-02T00:00:00Z,General Election,,,,546,County Board Member,,2934,Locality,Arlington County,3,Undervotes,,,7224,Precinct,18 - Park Lane,,false,1,,,0
150447,432,2021-11-02T00:00:00Z,General Election,,,,546,County Board Member,,2934,Locality,Arlington County,82147,Takis Panagiotis Karantonis,,,7225,Precinct,19 - Rosslyn,,true,1,1,Democratic,468
150447,432,2021-11-02T00:00:00Z,General Election,,,,546,County Board Member,,2934,Locality,Arlington County,12517,Audrey Rose Clement,,,7225,Precinct,19 - Rosslyn,,false,1,278,Independent,200
150447,432,2021-11-02T00:00:00Z,General Election,,,,546,County Board Member,,2934,Locality,Arlington County,87395,Michael Treacy Cantwell,,,7225,Precinct,19 - Rosslyn,,false,1,278,Independent,106
150447,432,2021-11-02T00:00:00Z,General Election,,,,546,County Board Member,,2934,Locality,Arlington County,87394,Adam Theo,,,7225,Precinct,19 - Rosslyn,,false,1,278,Independent,45
150447,432,2021-11-02T00:00:00Z,General Election,,,,546,County Board Member,,2934,Locality,Arlington County,6,Write-Ins,,,7225,Precinct,19 - Rosslyn,,false,1,,,24
150447,432,2021-11-02T00:00:00Z,General Election,,,,546,County Board Member,,2934,Locality,Arlington County,4,Total Votes Cast,,,7225,Precinct,19 - Rosslyn,,false,1,,,843
150447,432,2021-11-02T00:00:00Z,General Election,,,,546,County Board Member,,2934,Locality,Arlington County,3,Undervotes,,,7225,Precinct,19 - Rosslyn,,false,1,,,0
150447,432,2021-11-02T00:00:00Z,General Election,,,,546,County Board Member,,2934,Locality,Arlington County,82147,Takis Panagiotis Karantonis,,,7226,Precinct,20 - Thrifton,,true,1,1,Democratic,379
150447,432,2021-11-02T00:00:00Z,General Election,,,,546,County Board Member,,2934,Locality,Arlington County,12517,Audrey Rose Clement,,,7226,Precinct,20 - Thrifton,,false,1,278,Independent,141
150447,432,2021-11-02T00:00:00Z,General Election,,,,546,County Board Member,,2934,Locality,Arlington County,87395,Michael Treacy Cantwell,,,7226,Precinct,20 - Thrifton,,false,1,278,Independent,206
150447,432,2021-11-02T00:00:00Z,General Election,,,,546,County Board Member,,2934,Locality,Arlington County,87394,Adam Theo,,,7226,Precinct,20 - Thrifton,,false,1,278,Independent,46
150447,432,2021-11-02T00:00:00Z,General Election,,,,546,County Board Member,,2934,Locality,Arlington County,6,Write-Ins,,,7226,Precinct,20 - Thrifton,,false,1,,,26
150447,432,2021-11-02T00:00:00Z,General Election,,,,546,County Board Member,,2934,Locality,Arlington County,4,Total Votes Cast,,,7226,Precinct,20 - Thrifton,,false,1,,,798
150447,432,2021-11-02T00:00:00Z,General Election,,,,546,County Board Member,,2934,Locality,Arlington County,3,Undervotes,,,7226,Precinct,20 - Thrifton,,false,1,,,0
150447,432,2021-11-02T00:00:00Z,General Election,,,,546,County Board Member,,2934,Locality,Arlington County,82147,Takis Panagiotis Karantonis,,,7227,Precinct,21 - Virginia Highlands,,true,1,1,Democratic,326
150447,432,2021-11-02T00:00:00Z,General Election,,,,546,County Board Member,,2934,Locality,Arlington County,12517,Audrey Rose Clement,,,7227,Precinct,21 - Virginia Highlands,,false,1,278,Independent,97
150447,432,2021-11-02T00:00:00Z,General Election,,,,546,County Board Member,,2934,Locality,Arlington County,87395,Michael Treacy Cantwell,,,7227,Precinct,21 - Virginia Highlands,,false,1,278,Independent,84
150447,432,2021-11-02T00:00:00Z,General Election,,,,546,County Board Member,,2934,Locality,Arlington County,87394,Adam Theo,,,7227,Precinct,21 - Virginia Highlands,,false,1,278,Independent,31
150447,432,2021-11-02T00:00:00Z,General Election,,,,546,County Board Member,,2934,Locality,Arlington County,6,Write-Ins,,,7227,Precinct,21 - Virginia Highlands,,false,1,,,15
150447,432,2021-11-02T00:00:00Z,General Election,,,,546,County Board Member,,2934,Locality,Arlington County,4,Total Votes Cast,,,7227,Precinct,21 - Virginia Highlands,,false,1,,,553
150447,432,2021-11-02T00:00:00Z,General Election,,,,546,County Board Member,,2934,Locality,Arlington County,3,Undervotes,,,7227,Precinct,21 - Virginia Highlands,,false,1,,,0
150447,432,2021-11-02T00:00:00Z,General Election,,,,546,County Board Member,,2934,Locality,Arlington County,82147,Takis Panagiotis Karantonis,,,7228,Precinct,22 - Abingdon,,true,1,1,Democratic,610
150447,432,2021-11-02T00:00:00Z,General Election,,,,546,County Board Member,,2934,Locality,Arlington County,12517,Audrey Rose Clement,,,7228,Precinct,22 - Abingdon,,false,1,278,Independent,221
150447,432,2021-11-02T00:00:00Z,General Election,,,,546,County Board Member,,2934,Locality,Arlington County,87395,Michael Treacy Cantwell,,,7228,Precinct,22 - Abingdon,,false,1,278,Independent,133
150447,432,2021-11-02T00:00:00Z,General Election,,,,546,County Board Member,,2934,Locality,Arlington County,87394,Adam Theo,,,7228,Precinct,22 - Abingdon,,false,1,278,Independent,51
150447,432,2021-11-02T00:00:00Z,General Election,,,,546,County Board Member,,2934,Locality,Arlington County,6,Write-Ins,,,7228,Precinct,22 - Abingdon,,false,1,,,19
150447,432,2021-11-02T00:00:00Z,General Election,,,,546,County Board Member,,2934,Locality,Arlington County,4,Total Votes Cast,,,7228,Precinct,22 - Abingdon,,false,1,,,1034
150447,432,2021-11-02T00:00:00Z,General Election,,,,546,County Board Member,,2934,Locality,Arlington County,3,Undervotes,,,7228,Precinct,22 - Abingdon,,false,1,,,0
150447,432,2021-11-02T00:00:00Z,General Election,,,,546,County Board Member,,2934,Locality,Arlington County,82147,Takis Panagiotis Karantonis,,,7229,Precinct,23 - Westover,,true,1,1,Democratic,584
150447,432,2021-11-02T00:00:00Z,General Election,,,,546,County Board Member,,2934,Locality,Arlington County,12517,Audrey Rose Clement,,,7229,Precinct,23 - Westover,,false,1,278,Independent,206
150447,432,2021-11-02T00:00:00Z,General Election,,,,546,County Board Member,,2934,Locality,Arlington County,87395,Michael Treacy Cantwell,,,7229,Precinct,23 - Westover,,false,1,278,Independent,184
150447,432,2021-11-02T00:00:00Z,General Election,,,,546,County Board Member,,2934,Locality,Arlington County,87394,Adam Theo,,,7229,Precinct,23 - Westover,,false,1,278,Independent,79
150447,432,2021-11-02T00:00:00Z,General Election,,,,546,County Board Member,,2934,Locality,Arlington County,6,Write-Ins,,,7229,Precinct,23 - Westover,,false,1,,,26
150447,432,2021-11-02T00:00:00Z,General Election,,,,546,County Board Member,,2934,Locality,Arlington County,4,Total Votes Cast,,,7229,Precinct,23 - Westover,,false,1,,,1079
150447,432,2021-11-02T00:00:00Z,General Election,,,,546,County Board Member,,2934,Locality,Arlington County,3,Undervotes,,,7229,Precinct,23 - Westover,,false,1,,,0
150447,432,2021-11-02T00:00:00Z,General Election,,,,546,County Board Member,,2934,Locality,Arlington County,82147,Takis Panagiotis Karantonis,,,7230,Precinct,24 - Woodlawn,,true,1,1,Democratic,739
150447,432,2021-11-02T00:00:00Z,General Election,,,,546,County Board Member,,2934,Locality,Arlington County,12517,Audrey Rose Clement,,,7230,Precinct,24 - Woodlawn,,false,1,278,Independent,225
150447,432,2021-11-02T00:00:00Z,General Election,,,,546,County Board Member,,2934,Locality,Arlington County,87395,Michael Treacy Cantwell,,,7230,Precinct,24 - Woodlawn,,false,1,278,Independent,177
150447,432,2021-11-02T00:00:00Z,General Election,,,,546,County Board Member,,2934,Locality,Arlington County,87394,Adam Theo,,,7230,Precinct,24 - Woodlawn,,false,1,278,Independent,80
150447,432,2021-11-02T00:00:00Z,General Election,,,,546,County Board Member,,2934,Locality,Arlington County,6,Write-Ins,,,7230,Precinct,24 - Woodlawn,,false,1,,,27
150447,432,2021-11-02T00:00:00Z,General Election,,,,546,County Board Member,,2934,Locality,Arlington County,4,Total Votes Cast,,,7230,Precinct,24 - Woodlawn,,false,1,,,1248
150447,432,2021-11-02T00:00:00Z,General Election,,,,546,County Board Member,,2934,Locality,Arlington County,3,Undervotes,,,7230,Precinct,24 - Woodlawn,,false,1,,,0
150447,432,2021-11-02T00:00:00Z,General Election,,,,546,County Board Member,,2934,Locality,Arlington County,82147,Takis Panagiotis Karantonis,,,7231,Precinct,25 - Arlington Forest,,true,1,1,Democratic,472
150447,432,2021-11-02T00:00:00Z,General Election,,,,546,County Board Member,,2934,Locality,Arlington County,12517,Audrey Rose Clement,,,7231,Precinct,25 - Arlington Forest,,false,1,278,Independent,199
150447,432,2021-11-02T00:00:00Z,General Election,,,,546,County Board Member,,2934,Locality,Arlington County,87395,Michael Treacy Cantwell,,,7231,Precinct,25 - Arlington Forest,,false,1,278,Independent,143
150447,432,2021-11-02T00:00:00Z,General Election,,,,546,County Board Member,,2934,Locality,Arlington County,87394,Adam Theo,,,7231,Precinct,25 - Arlington Forest,,false,1,278,Independent,63
150447,432,2021-11-02T00:00:00Z,General Election,,,,546,County Board Member,,2934,Locality,Arlington County,6,Write-Ins,,,7231,Precinct,25 - Arlington Forest,,false,1,,,16
150447,432,2021-11-02T00:00:00Z,General Election,,,,546,County Board Member,,2934,Locality,Arlington County,4,Total Votes Cast,,,7231,Precinct,25 - Arlington Forest,,false,1,,,893
150447,432,2021-11-02T00:00:00Z,General Election,,,,546,County Board Member,,2934,Locality,Arlington County,3,Undervotes,,,7231,Precinct,25 - Arlington Forest,,false,1,,,0
150447,432,2021-11-02T00:00:00Z,General Election,,,,546,County Board Member,,2934,Locality,Arlington County,82147,Takis Panagiotis Karantonis,,,7232,Precinct,26 - Fillmore,,true,1,1,Democratic,634
150447,432,2021-11-02T00:00:00Z,General Election,,,,546,County Board Member,,2934,Locality,Arlington County,12517,Audrey Rose Clement,,,7232,Precinct,26 - Fillmore,,false,1,278,Independent,241
150447,432,2021-11-02T00:00:00Z,General Election,,,,546,County Board Member,,2934,Locality,Arlington County,87395,Michael Treacy Cantwell,,,7232,Precinct,26 - Fillmore,,false,1,278,Independent,113
150447,432,2021-11-02T00:00:00Z,General Election,,,,546,County Board Member,,2934,Locality,Arlington County,87394,Adam Theo,,,7232,Precinct,26 - Fillmore,,false,1,278,Independent,70
150447,432,2021-11-02T00:00:00Z,General Election,,,,546,County Board Member,,2934,Locality,Arlington County,6,Write-Ins,,,7232,Precinct,26 - Fillmore,,false,1,,,31
150447,432,2021-11-02T00:00:00Z,General Election,,,,546,County Board Member,,2934,Locality,Arlington County,4,Total Votes Cast,,,7232,Precinct,26 - Fillmore,,false,1,,,1089
150447,432,2021-11-02T00:00:00Z,General Election,,,,546,County Board Member,,2934,Locality,Arlington County,3,Undervotes,,,7232,Precinct,26 - Fillmore,,false,1,,,0
150447,432,2021-11-02T00:00:00Z,General Election,,,,546,County Board Member,,2934,Locality,Arlington County,82147,Takis Panagiotis Karantonis,,,7233,Precinct,27 - Jefferson,,true,1,1,Democratic,604
150447,432,2021-11-02T00:00:00Z,General Election,,,,546,County Board Member,,2934,Locality,Arlington County,12517,Audrey Rose Clement,,,7233,Precinct,27 - Jefferson,,false,1,278,Independent,211
150447,432,2021-11-02T00:00:00Z,General Election,,,,546,County Board Member,,2934,Locality,Arlington County,87395,Michael Treacy Cantwell,,,7233,Precinct,27 - Jefferson,,false,1,278,Independent,130
150447,432,2021-11-02T00:00:00Z,General Election,,,,546,County Board Member,,2934,Locality,Arlington County,87394,Adam Theo,,,7233,Precinct,27 - Jefferson,,false,1,278,Independent,64
150447,432,2021-11-02T00:00:00Z,General Election,,,,546,County Board Member,,2934,Locality,Arlington County,6,Write-Ins,,,7233,Precinct,27 - Jefferson,,false,1,,,24
150447,432,2021-11-02T00:00:00Z,General Election,,,,546,County Board Member,,2934,Locality,Arlington County,4,Total Votes Cast,,,7233,Precinct,27 - Jefferson,,false,1,,,1033
150447,432,2021-11-02T00:00:00Z,General Election,,,,546,County Board Member,,2934,Locality,Arlington County,3,Undervotes,,,7233,Precinct,27 - Jefferson,,false,1,,,0
150447,432,2021-11-02T00:00:00Z,General Election,,,,546,County Board Member,,2934,Locality,Arlington County,82147,Takis Panagiotis Karantonis,,,24934,Precinct,28 - Wakefield,,true,1,1,Democratic,642
150447,432,2021-11-02T00:00:00Z,General Election,,,,546,County Board Member,,2934,Locality,Arlington County,12517,Audrey Rose Clement,,,24934,Precinct,28 - Wakefield,,false,1,278,Independent,238
150447,432,2021-11-02T00:00:00Z,General Election,,,,546,County Board Member,,2934,Locality,Arlington County,87395,Michael Treacy Cantwell,,,24934,Precinct,28 - Wakefield,,false,1,278,Independent,124
150447,432,2021-11-02T00:00:00Z,General Election,,,,546,County Board Member,,2934,Locality,Arlington County,87394,Adam Theo,,,24934,Precinct,28 - Wakefield,,false,1,278,Independent,62
150447,432,2021-11-02T00:00:00Z,General Election,,,,546,County Board Member,,2934,Locality,Arlington County,6,Write-Ins,,,24934,Precinct,28 - Wakefield,,false,1,,,14
150447,432,2021-11-02T00:00:00Z,General Election,,,,546,County Board Member,,2934,Locality,Arlington County,4,Total Votes Cast,,,24934,Precinct,28 - Wakefield,,false,1,,,1080
150447,432,2021-11-02T00:00:00Z,General Election,,,,546,County Board Member,,2934,Locality,Arlington County,3,Undervotes,,,24934,Precinct,28 - Wakefield,,false,1,,,0
150447,432,2021-11-02T00:00:00Z,General Election,,,,546,County Board Member,,2934,Locality,Arlington County,82147,Takis Panagiotis Karantonis,,,7235,Precinct,29 - Dominion Hills,,true,1,1,Democratic,590
150447,432,2021-11-02T00:00:00Z,General Election,,,,546,County Board Member,,2934,Locality,Arlington County,12517,Audrey Rose Clement,,,7235,Precinct,29 - Dominion Hills,,false,1,278,Independent,162
150447,432,2021-11-02T00:00:00Z,General Election,,,,546,County Board Member,,2934,Locality,Arlington County,87395,Michael Treacy Cantwell,,,7235,Precinct,29 - Dominion Hills,,false,1,278,Independent,194
150447,432,2021-11-02T00:00:00Z,General Election,,,,546,County Board Member,,2934,Locality,Arlington County,87394,Adam Theo,,,7235,Precinct,29 - Dominion Hills,,false,1,278,Independent,56
150447,432,2021-11-02T00:00:00Z,General Election,,,,546,County Board Member,,2934,Locality,Arlington County,6,Write-Ins,,,7235,Precinct,29 - Dominion Hills,,false,1,,,24
150447,432,2021-11-02T00:00:00Z,General Election,,,,546,County Board Member,,2934,Locality,Arlington County,4,Total Votes Cast,,,7235,Precinct,29 - Dominion Hills,,false,1,,,1026
150447,432,2021-11-02T00:00:00Z,General Election,,,,546,County Board Member,,2934,Locality,Arlington County,3,Undervotes,,,7235,Precinct,29 - Dominion Hills,,false,1,,,0
150447,432,2021-11-02T00:00:00Z,General Election,,,,546,County Board Member,,2934,Locality,Arlington County,82147,Takis Panagiotis Karantonis,,,7236,Precinct,30 - Glebe,,true,1,1,Democratic,554
150447,432,2021-11-02T00:00:00Z,General Election,,,,546,County Board Member,,2934,Locality,Arlington County,12517,Audrey Rose Clement,,,7236,Precinct,30 - Glebe,,false,1,278,Independent,178
150447,432,2021-11-02T00:00:00Z,General Election,,,,546,County Board Member,,2934,Locality,Arlington County,87395,Michael Treacy Cantwell,,,7236,Precinct,30 - Glebe,,false,1,278,Independent,75
150447,432,2021-11-02T00:00:00Z,General Election,,,,546,County Board Member,,2934,Locality,Arlington County,87394,Adam Theo,,,7236,Precinct,30 - Glebe,,false,1,278,Independent,61
150447,432,2021-11-02T00:00:00Z,General Election,,,,546,County Board Member,,2934,Locality,Arlington County,6,Write-Ins,,,7236,Precinct,30 - Glebe,,false,1,,,13
150447,432,2021-11-02T00:00:00Z,General Election,,,,546,County Board Member,,2934,Locality,Arlington County,4,Total Votes Cast,,,7236,Precinct,30 - Glebe,,false,1,,,881
150447,432,2021-11-02T00:00:00Z,General Election,,,,546,County Board Member,,2934,Locality,Arlington County,3,Undervotes,,,7236,Precinct,30 - Glebe,,false,1,,,0
150447,432,2021-11-02T00:00:00Z,General Election,,,,546,County Board Member,,2934,Locality,Arlington County,82147,Takis Panagiotis Karantonis,,,7237,Precinct,31 - Lexington,,true,1,1,Democratic,586
150447,432,2021-11-02T00:00:00Z,General Election,,,,546,County Board Member,,2934,Locality,Arlington County,12517,Audrey Rose Clement,,,7237,Precinct,31 - Lexington,,false,1,278,Independent,207
150447,432,2021-11-02T00:00:00Z,General Election,,,,546,County Board Member,,2934,Locality,Arlington County,87395,Michael Treacy Cantwell,,,7237,Precinct,31 - Lexington,,false,1,278,Independent,254
150447,432,2021-11-02T00:00:00Z,General Election,,,,546,County Board Member,,2934,Locality,Arlington County,87394,Adam Theo,,,7237,Precinct,31 - Lexington,,false,1,278,Independent,49
150447,432,2021-11-02T00:00:00Z,General Election,,,,546,County Board Member,,2934,Locality,Arlington County,6,Write-Ins,,,7237,Precinct,31 - Lexington,,false,1,,,25
150447,432,2021-11-02T00:00:00Z,General Election,,,,546,County Board Member,,2934,Locality,Arlington County,4,Total Votes Cast,,,7237,Precinct,31 - Lexington,,false,1,,,1121
150447,432,2021-11-02T00:00:00Z,General Election,,,,546,County Board Member,,2934,Locality,Arlington County,3,Undervotes,,,7237,Precinct,31 - Lexington,,false,1,,,0
150447,432,2021-11-02T00:00:00Z,General Election,,,,546,County Board Member,,2934,Locality,Arlington County,82147,Takis Panagiotis Karantonis,,,7238,Precinct,32 - Oakridge,,true,1,1,Democratic,217
150447,432,2021-11-02T00:00:00Z,General Election,,,,546,County Board Member,,2934,Locality,Arlington County,12517,Audrey Rose Clement,,,7238,Precinct,32 - Oakridge,,false,1,278,Independent,90
150447,432,2021-11-02T00:00:00Z,General Election,,,,546,County Board Member,,2934,Locality,Arlington County,87395,Michael Treacy Cantwell,,,7238,Precinct,32 - Oakridge,,false,1,278,Independent,80
150447,432,2021-11-02T00:00:00Z,General Election,,,,546,County Board Member,,2934,Locality,Arlington County,87394,Adam Theo,,,7238,Precinct,32 - Oakridge,,false,1,278,Independent,34
150447,432,2021-11-02T00:00:00Z,General Election,,,,546,County Board Member,,2934,Locality,Arlington County,6,Write-Ins,,,7238,Precinct,32 - Oakridge,,false,1,,,12
150447,432,2021-11-02T00:00:00Z,General Election,,,,546,County Board Member,,2934,Locality,Arlington County,4,Total Votes Cast,,,7238,Precinct,32 - Oakridge,,false,1,,,433
150447,432,2021-11-02T00:00:00Z,General Election,,,,546,County Board Member,,2934,Locality,Arlington County,3,Undervotes,,,7238,Precinct,32 - Oakridge,,false,1,,,0
150447,432,2021-11-02T00:00:00Z,General Election,,,,546,County Board Member,,2934,Locality,Arlington County,82147,Takis Panagiotis Karantonis,,,7239,Precinct,33 - Rock Spring,,true,1,1,Democratic,426
150447,432,2021-11-02T00:00:00Z,General Election,,,,546,County Board Member,,2934,Locality,Arlington County,12517,Audrey Rose Clement,,,7239,Precinct,33 - Rock Spring,,false,1,278,Independent,171
150447,432,2021-11-02T00:00:00Z,General Election,,,,546,County Board Member,,2934,Locality,Arlington County,87395,Michael Treacy Cantwell,,,7239,Precinct,33 - Rock Spring,,false,1,278,Independent,310
150447,432,2021-11-02T00:00:00Z,General Election,,,,546,County Board Member,,2934,Locality,Arlington County,87394,Adam Theo,,,7239,Precinct,33 - Rock Spring,,false,1,278,Independent,51
150447,432,2021-11-02T00:00:00Z,General Election,,,,546,County Board Member,,2934,Locality,Arlington County,6,Write-Ins,,,7239,Precinct,33 - Rock Spring,,false,1,,,23
150447,432,2021-11-02T00:00:00Z,General Election,,,,546,County Board Member,,2934,Locality,Arlington County,4,Total Votes Cast,,,7239,Precinct,33 - Rock Spring,,false,1,,,981
150447,432,2021-11-02T00:00:00Z,General Election,,,,546,County Board Member,,2934,Locality,Arlington County,3,Undervotes,,,7239,Precinct,33 - Rock Spring,,false,1,,,0
150447,432,2021-11-02T00:00:00Z,General Election,,,,546,County Board Member,,2934,Locality,Arlington County,82147,Takis Panagiotis Karantonis,,,7240,Precinct,34 - Yorktown,,true,1,1,Democratic,393
150447,432,2021-11-02T00:00:00Z,General Election,,,,546,County Board Member,,2934,Locality,Arlington County,12517,Audrey Rose Clement,,,7240,Precinct,34 - Yorktown,,false,1,278,Independent,135
150447,432,2021-11-02T00:00:00Z,General Election,,,,546,County Board Member,,2934,Locality,Arlington County,87395,Michael Treacy Cantwell,,,7240,Precinct,34 - Yorktown,,false,1,278,Independent,359
150447,432,2021-11-02T00:00:00Z,General Election,,,,546,County Board Member,,2934,Locality,Arlington County,87394,Adam Theo,,,7240,Precinct,34 - Yorktown,,false,1,278,Independent,52
150447,432,2021-11-02T00:00:00Z,General Election,,,,546,County Board Member,,2934,Locality,Arlington County,6,Write-Ins,,,7240,Precinct,34 - Yorktown,,false,1,,,20
150447,432,2021-11-02T00:00:00Z,General Election,,,,546,County Board Member,,2934,Locality,Arlington County,4,Total Votes Cast,,,7240,Precinct,34 - Yorktown,,false,1,,,959
150447,432,2021-11-02T00:00:00Z,General Election,,,,546,County Board Member,,2934,Locality,Arlington County,3,Undervotes,,,7240,Precinct,34 - Yorktown,,false,1,,,0
150447,432,2021-11-02T00:00:00Z,General Election,,,,546,County Board Member,,2934,Locality,Arlington County,82147,Takis Panagiotis Karantonis,,,7241,Precinct,35 - Madison,,true,1,1,Democratic,329
150447,432,2021-11-02T00:00:00Z,General Election,,,,546,County Board Member,,2934,Locality,Arlington County,12517,Audrey Rose Clement,,,7241,Precinct,35 - Madison,,false,1,278,Independent,200
150447,432,2021-11-02T00:00:00Z,General Election,,,,546,County Board Member,,2934,Locality,Arlington County,87395,Michael Treacy Cantwell,,,7241,Precinct,35 - Madison,,false,1,278,Independent,223
150447,432,2021-11-02T00:00:00Z,General Election,,,,546,County Board Member,,2934,Locality,Arlington County,87394,Adam Theo,,,7241,Precinct,35 - Madison,,false,1,278,Independent,61
150447,432,2021-11-02T00:00:00Z,General Election,,,,546,County Board Member,,2934,Locality,Arlington County,6,Write-Ins,,,7241,Precinct,35 - Madison,,false,1,,,37
150447,432,2021-11-02T00:00:00Z,General Election,,,,546,County Board Member,,2934,Locality,Arlington County,4,Total Votes Cast,,,7241,Precinct,35 - Madison,,false,1,,,850
150447,432,2021-11-02T00:00:00Z,General Election,,,,546,County Board Member,,2934,Locality,Arlington County,3,Undervotes,,,7241,Precinct,35 - Madison,,false,1,,,0
150447,432,2021-11-02T00:00:00Z,General Election,,,,546,County Board Member,,2934,Locality,Arlington County,82147,Takis Panagiotis Karantonis,,,7242,Precinct,36 - Marshall,,true,1,1,Democratic,505
150447,432,2021-11-02T00:00:00Z,General Election,,,,546,County Board Member,,2934,Locality,Arlington County,12517,Audrey Rose Clement,,,7242,Precinct,36 - Marshall,,false,1,278,Independent,167
150447,432,2021-11-02T00:00:00Z,General Election,,,,546,County Board Member,,2934,Locality,Arlington County,87395,Michael Treacy Cantwell,,,7242,Precinct,36 - Marshall,,false,1,278,Independent,234
150447,432,2021-11-02T00:00:00Z,General Election,,,,546,County Board Member,,2934,Locality,Arlington County,87394,Adam Theo,,,7242,Precinct,36 - Marshall,,false,1,278,Independent,66
150447,432,2021-11-02T00:00:00Z,General Election,,,,546,County Board Member,,2934,Locality,Arlington County,6,Write-Ins,,,7242,Precinct,36 - Marshall,,false,1,,,22
150447,432,2021-11-02T00:00:00Z,General Election,,,,546,County Board Member,,2934,Locality,Arlington County,4,Total Votes Cast,,,7242,Precinct,36 - Marshall,,false,1,,,994
150447,432,2021-11-02T00:00:00Z,General Election,,,,546,County Board Member,,2934,Locality,Arlington County,3,Undervotes,,,7242,Precinct,36 - Marshall,,false,1,,,0
150447,432,2021-11-02T00:00:00Z,General Election,,,,546,County Board Member,,2934,Locality,Arlington County,82147,Takis Panagiotis Karantonis,,,7243,Precinct,37 - Nottingham,,true,1,1,Democratic,504
150447,432,2021-11-02T00:00:00Z,General Election,,,,546,County Board Member,,2934,Locality,Arlington County,12517,Audrey Rose Clement,,,7243,Precinct,37 - Nottingham,,false,1,278,Independent,158
150447,432,2021-11-02T00:00:00Z,General Election,,,,546,County Board Member,,2934,Locality,Arlington County,87395,Michael Treacy Cantwell,,,7243,Precinct,37 - Nottingham,,false,1,278,Independent,263
150447,432,2021-11-02T00:00:00Z,General Election,,,,546,County Board Member,,2934,Locality,Arlington County,87394,Adam Theo,,,7243,Precinct,37 - Nottingham,,false,1,278,Independent,45
150447,432,2021-11-02T00:00:00Z,General Election,,,,546,County Board Member,,2934,Locality,Arlington County,6,Write-Ins,,,7243,Precinct,37 - Nottingham,,false,1,,,23
150447,432,2021-11-02T00:00:00Z,General Election,,,,546,County Board Member,,2934,Locality,Arlington County,4,Total Votes Cast,,,7243,Precinct,37 - Nottingham,,false,1,,,993
150447,432,2021-11-02T00:00:00Z,General Election,,,,546,County Board Member,,2934,Locality,Arlington County,3,Undervotes,,,7243,Precinct,37 - Nottingham,,false,1,,,0
150447,432,2021-11-02T00:00:00Z,General Election,,,,546,County Board Member,,2934,Locality,Arlington County,82147,Takis Panagiotis Karantonis,,,7244,Precinct,38 - Arlington View,,true,1,1,Democratic,461
150447,432,2021-11-02T00:00:00Z,General Election,,,,546,County Board Member,,2934,Locality,Arlington County,12517,Audrey Rose Clement,,,7244,Precinct,38 - Arlington View,,false,1,278,Independent,159
150447,432,2021-11-02T00:00:00Z,General Election,,,,546,County Board Member,,2934,Locality,Arlington County,87395,Michael Treacy Cantwell,,,7244,Precinct,38 - Arlington View,,false,1,278,Independent,73
150447,432,2021-11-02T00:00:00Z,General Election,,,,546,County Board Member,,2934,Locality,Arlington County,87394,Adam Theo,,,7244,Precinct,38 - Arlington View,,false,1,278,Independent,59
150447,432,2021-11-02T00:00:00Z,General Election,,,,546,County Board Member,,2934,Locality,Arlington County,6,Write-Ins,,,7244,Precinct,38 - Arlington View,,false,1,,,17
150447,432,2021-11-02T00:00:00Z,General Election,,,,546,County Board Member,,2934,Locality,Arlington County,4,Total Votes Cast,,,7244,Precinct,38 - Arlington View,,false,1,,,769
150447,432,2021-11-02T00:00:00Z,General Election,,,,546,County Board Member,,2934,Locality,Arlington County,3,Undervotes,,,7244,Precinct,38 - Arlington View,,false,1,,,0
150447,432,2021-11-02T00:00:00Z,General Election,,,,546,County Board Member,,2934,Locality,Arlington County,82147,Takis Panagiotis Karantonis,,,7245,Precinct,39 - Ashlawn,,true,1,1,Democratic,365
150447,432,2021-11-02T00:00:00Z,General Election,,,,546,County Board Member,,2934,Locality,Arlington County,12517,Audrey Rose Clement,,,7245,Precinct,39 - Ashlawn,,false,1,278,Independent,118
150447,432,2021-11-02T00:00:00Z,General Election,,,,546,County Board Member,,2934,Locality,Arlington County,87395,Michael Treacy Cantwell,,,7245,Precinct,39 - Ashlawn,,false,1,278,Independent,97
150447,432,2021-11-02T00:00:00Z,General Election,,,,546,County Board Member,,2934,Locality,Arlington County,87394,Adam Theo,,,7245,Precinct,39 - Ashlawn,,false,1,278,Independent,45
150447,432,2021-11-02T00:00:00Z,General Election,,,,546,County Board Member,,2934,Locality,Arlington County,6,Write-Ins,,,7245,Precinct,39 - Ashlawn,,false,1,,,8
150447,432,2021-11-02T00:00:00Z,General Election,,,,546,County Board Member,,2934,Locality,Arlington County,4,Total Votes Cast,,,7245,Precinct,39 - Ashlawn,,false,1,,,633
150447,432,2021-11-02T00:00:00Z,General Election,,,,546,County Board Member,,2934,Locality,Arlington County,3,Undervotes,,,7245,Precinct,39 - Ashlawn,,false,1,,,0
150447,432,2021-11-02T00:00:00Z,General Election,,,,546,County Board Member,,2934,Locality,Arlington County,82147,Takis Panagiotis Karantonis,,,7246,Precinct,40 - Virginia Square,,true,1,1,Democratic,525
150447,432,2021-11-02T00:00:00Z,General Election,,,,546,County Board Member,,2934,Locality,Arlington County,12517,Audrey Rose Clement,,,7246,Precinct,40 - Virginia Square,,false,1,278,Independent,236
150447,432,2021-11-02T00:00:00Z,General Election,,,,546,County Board Member,,2934,Locality,Arlington County,87395,Michael Treacy Cantwell,,,7246,Precinct,40 - Virginia Square,,false,1,278,Independent,163
150447,432,2021-11-02T00:00:00Z,General Election,,,,546,County Board Member,,2934,Locality,Arlington County,87394,Adam Theo,,,7246,Precinct,40 - Virginia Square,,false,1,278,Independent,97
150447,432,2021-11-02T00:00:00Z,General Election,,,,546,County Board Member,,2934,Locality,Arlington County,6,Write-Ins,,,7246,Precinct,40 - Virginia Square,,false,1,,,26
150447,432,2021-11-02T00:00:00Z,General Election,,,,546,County Board Member,,2934,Locality,Arlington County,4,Total Votes Cast,,,7246,Precinct,40 - Virginia Square,,false,1,,,1047
150447,432,2021-11-02T00:00:00Z,General Election,,,,546,County Board Member,,2934,Locality,Arlington County,3,Undervotes,,,7246,Precinct,40 - Virginia Square,,false,1,,,0
150447,432,2021-11-02T00:00:00Z,General Election,,,,546,County Board Member,,2934,Locality,Arlington County,82147,Takis Panagiotis Karantonis,,,24935,Precinct,41 - Navy League,,true,1,1,Democratic,381
150447,432,2021-11-02T00:00:00Z,General Election,,,,546,County Board Member,,2934,Locality,Arlington County,12517,Audrey Rose Clement,,,24935,Precinct,41 - Navy League,,false,1,278,Independent,122
150447,432,2021-11-02T00:00:00Z,General Election,,,,546,County Board Member,,2934,Locality,Arlington County,87395,Michael Treacy Cantwell,,,24935,Precinct,41 - Navy League,,false,1,278,Independent,74
150447,432,2021-11-02T00:00:00Z,General Election,,,,546,County Board Member,,2934,Locality,Arlington County,87394,Adam Theo,,,24935,Precinct,41 - Navy League,,false,1,278,Independent,40
150447,432,2021-11-02T00:00:00Z,General Election,,,,546,County Board Member,,2934,Locality,Arlington County,6,Write-Ins,,,24935,Precinct,41 - Navy League,,false,1,,,15
150447,432,2021-11-02T00:00:00Z,General Election,,,,546,County Board Member,,2934,Locality,Arlington County,4,Total Votes Cast,,,24935,Precinct,41 - Navy League,,false,1,,,632
150447,432,2021-11-02T00:00:00Z,General Election,,,,546,County Board Member,,2934,Locality,Arlington County,3,Undervotes,,,24935,Precinct,41 - Navy League,,false,1,,,0
150447,432,2021-11-02T00:00:00Z,General Election,,,,546,County Board Member,,2934,Locality,Arlington County,82147,Takis Panagiotis Karantonis,,,7248,Precinct,42 - Shirlington,,true,1,1,Democratic,426
150447,432,2021-11-02T00:00:00Z,General Election,,,,546,County Board Member,,2934,Locality,Arlington County,12517,Audrey Rose Clement,,,7248,Precinct,42 - Shirlington,,false,1,278,Independent,155
150447,432,2021-11-02T00:00:00Z,General Election,,,,546,County Board Member,,2934,Locality,Arlington County,87395,Michael Treacy Cantwell,,,7248,Precinct,42 - Shirlington,,false,1,278,Independent,71
150447,432,2021-11-02T00:00:00Z,General Election,,,,546,County Board Member,,2934,Locality,Arlington County,87394,Adam Theo,,,7248,Precinct,42 - Shirlington,,false,1,278,Independent,33
150447,432,2021-11-02T00:00:00Z,General Election,,,,546,County Board Member,,2934,Locality,Arlington County,6,Write-Ins,,,7248,Precinct,42 - Shirlington,,false,1,,,15
150447,432,2021-11-02T00:00:00Z,General Election,,,,546,County Board Member,,2934,Locality,Arlington County,4,Total Votes Cast,,,7248,Precinct,42 - Shirlington,,false,1,,,700
150447,432,2021-11-02T00:00:00Z,General Election,,,,546,County Board Member,,2934,Locality,Arlington County,3,Undervotes,,,7248,Precinct,42 - Shirlington,,false,1,,,0
150447,432,2021-11-02T00:00:00Z,General Election,,,,546,County Board Member,,2934,Locality,Arlington County,82147,Takis Panagiotis Karantonis,,,24936,Precinct,43 - Campbell,,true,1,1,Democratic,485
150447,432,2021-11-02T00:00:00Z,General Election,,,,546,County Board Member,,2934,Locality,Arlington County,12517,Audrey Rose Clement,,,24936,Precinct,43 - Campbell,,false,1,278,Independent,107
150447,432,2021-11-02T00:00:00Z,General Election,,,,546,County Board Member,,2934,Locality,Arlington County,87395,Michael Treacy Cantwell,,,24936,Precinct,43 - Campbell,,false,1,278,Independent,52
150447,432,2021-11-02T00:00:00Z,General Election,,,,546,County Board Member,,2934,Locality,Arlington County,87394,Adam Theo,,,24936,Precinct,43 - Campbell,,false,1,278,Independent,44
150447,432,2021-11-02T00:00:00Z,General Election,,,,546,County Board Member,,2934,Locality,Arlington County,6,Write-Ins,,,24936,Precinct,43 - Campbell,,false,1,,,13
150447,432,2021-11-02T00:00:00Z,General Election,,,,546,County Board Member,,2934,Locality,Arlington County,4,Total Votes Cast,,,24936,Precinct,43 - Campbell,,false,1,,,701
150447,432,2021-11-02T00:00:00Z,General Election,,,,546,County Board Member,,2934,Locality,Arlington County,3,Undervotes,,,24936,Precinct,43 - Campbell,,false,1,,,0
150447,432,2021-11-02T00:00:00Z,General Election,,,,546,County Board Member,,2934,Locality,Arlington County,82147,Takis Panagiotis Karantonis,,,7250,Precinct,44 - Dawson Terrace,,true,1,1,Democratic,378
150447,432,2021-11-02T00:00:00Z,General Election,,,,546,County Board Member,,2934,Locality,Arlington County,12517,Audrey Rose Clement,,,7250,Precinct,44 - Dawson Terrace,,false,1,278,Independent,126
150447,432,2021-11-02T00:00:00Z,General Election,,,,546,County Board Member,,2934,Locality,Arlington County,87395,Michael Treacy Cantwell,,,7250,Precinct,44 - Dawson Terrace,,false,1,278,Independent,66
150447,432,2021-11-02T00:00:00Z,General Election,,,,546,County Board Member,,2934,Locality,Arlington County,87394,Adam Theo,,,7250,Precinct,44 - Dawson Terrace,,false,1,278,Independent,52
150447,432,2021-11-02T00:00:00Z,General Election,,,,546,County Board Member,,2934,Locality,Arlington County,6,Write-Ins,,,7250,Precinct,44 - Dawson Terrace,,false,1,,,15
150447,432,2021-11-02T00:00:00Z,General Election,,,,546,County Board Member,,2934,Locality,Arlington County,4,Total Votes Cast,,,7250,Precinct,44 - Dawson Terrace,,false,1,,,637
150447,432,2021-11-02T00:00:00Z,General Election,,,,546,County Board Member,,2934,Locality,Arlington County,3,Undervotes,,,7250,Precinct,44 - Dawson Terrace,,false,1,,,0
150447,432,2021-11-02T00:00:00Z,General Election,,,,546,County Board Member,,2934,Locality,Arlington County,82147,Takis Panagiotis Karantonis,,,7251,Precinct,45 - Buckingham,,true,1,1,Democratic,411
150447,432,2021-11-02T00:00:00Z,General Election,,,,546,County Board Member,,2934,Locality,Arlington County,12517,Audrey Rose Clement,,,7251,Precinct,45 - Buckingham,,false,1,278,Independent,116
150447,432,2021-11-02T00:00:00Z,General Election,,,,546,County Board Member,,2934,Locality,Arlington County,87395,Michael Treacy Cantwell,,,7251,Precinct,45 - Buckingham,,false,1,278,Independent,87
150447,432,2021-11-02T00:00:00Z,General Election,,,,546,County Board Member,,2934,Locality,Arlington County,87394,Adam Theo,,,7251,Precinct,45 - Buckingham,,false,1,278,Independent,52
150447,432,2021-11-02T00:00:00Z,General Election,,,,546,County Board Member,,2934,Locality,Arlington County,6,Write-Ins,,,7251,Precinct,45 - Buckingham,,false,1,,,14
150447,432,2021-11-02T00:00:00Z,General Election,,,,546,County Board Member,,2934,Locality,Arlington County,4,Total Votes Cast,,,7251,Precinct,45 - Buckingham,,false,1,,,680
150447,432,2021-11-02T00:00:00Z,General Election,,,,546,County Board Member,,2934,Locality,Arlington County,3,Undervotes,,,7251,Precinct,45 - Buckingham,,false,1,,,0
150447,432,2021-11-02T00:00:00Z,General Election,,,,546,County Board Member,,2934,Locality,Arlington County,82147,Takis Panagiotis Karantonis,,,7252,Precinct,46 - Central,,true,1,1,Democratic,540
150447,432,2021-11-02T00:00:00Z,General Election,,,,546,County Board Member,,2934,Locality,Arlington County,12517,Audrey Rose Clement,,,7252,Precinct,46 - Central,,false,1,278,Independent,235
150447,432,2021-11-02T00:00:00Z,General Election,,,,546,County Board Member,,2934,Locality,Arlington County,87395,Michael Treacy Cantwell,,,7252,Precinct,46 - Central,,false,1,278,Independent,119
150447,432,2021-11-02T00:00:00Z,General Election,,,,546,County Board Member,,2934,Locality,Arlington County,87394,Adam Theo,,,7252,Precinct,46 - Central,,false,1,278,Independent,108
150447,432,2021-11-02T00:00:00Z,General Election,,,,546,County Board Member,,2934,Locality,Arlington County,6,Write-Ins,,,7252,Precinct,46 - Central,,false,1,,,31
150447,432,2021-11-02T00:00:00Z,General Election,,,,546,County Board Member,,2934,Locality,Arlington County,4,Total Votes Cast,,,7252,Precinct,46 - Central,,false,1,,,1033
150447,432,2021-11-02T00:00:00Z,General Election,,,,546,County Board Member,,2934,Locality,Arlington County,3,Undervotes,,,7252,Precinct,46 - Central,,false,1,,,0
150447,432,2021-11-02T00:00:00Z,General Election,,,,546,County Board Member,,2934,Locality,Arlington County,82147,Takis Panagiotis Karantonis,,,7253,Precinct,47 - Four Mile Run,,true,1,1,Democratic,453
150447,432,2021-11-02T00:00:00Z,General Election,,,,546,County Board Member,,2934,Locality,Arlington County,12517,Audrey Rose Clement,,,7253,Precinct,47 - Four Mile Run,,false,1,278,Independent,114
150447,432,2021-11-02T00:00:00Z,General Election,,,,546,County Board Member,,2934,Locality,Arlington County,87395,Michael Treacy Cantwell,,,7253,Precinct,47 - Four Mile Run,,false,1,278,Independent,79
150447,432,2021-11-02T00:00:00Z,General Election,,,,546,County Board Member,,2934,Locality,Arlington County,87394,Adam Theo,,,7253,Precinct,47 - Four Mile Run,,false,1,278,Independent,42
150447,432,2021-11-02T00:00:00Z,General Election,,,,546,County Board Member,,2934,Locality,Arlington County,6,Write-Ins,,,7253,Precinct,47 - Four Mile Run,,false,1,,,17
150447,432,2021-11-02T00:00:00Z,General Election,,,,546,County Board Member,,2934,Locality,Arlington County,4,Total Votes Cast,,,7253,Precinct,47 - Four Mile Run,,false,1,,,705
150447,432,2021-11-02T00:00:00Z,General Election,,,,546,County Board Member,,2934,Locality,Arlington County,3,Undervotes,,,7253,Precinct,47 - Four Mile Run,,false,1,,,0
150447,432,2021-11-02T00:00:00Z,General Election,,,,546,County Board Member,,2934,Locality,Arlington County,82147,Takis Panagiotis Karantonis,,,24937,Precinct,48 - Ausa,,true,1,1,Democratic,294
150447,432,2021-11-02T00:00:00Z,General Election,,,,546,County Board Member,,2934,Locality,Arlington County,12517,Audrey Rose Clement,,,24937,Precinct,48 - Ausa,,false,1,278,Independent,123
150447,432,2021-11-02T00:00:00Z,General Election,,,,546,County Board Member,,2934,Locality,Arlington County,87395,Michael Treacy Cantwell,,,24937,Precinct,48 - Ausa,,false,1,278,Independent,87
150447,432,2021-11-02T00:00:00Z,General Election,,,,546,County Board Member,,2934,Locality,Arlington County,87394,Adam Theo,,,24937,Precinct,48 - Ausa,,false,1,278,Independent,48
150447,432,2021-11-02T00:00:00Z,General Election,,,,546,County Board Member,,2934,Locality,Arlington County,6,Write-Ins,,,24937,Precinct,48 - Ausa,,false,1,,,13
150447,432,2021-11-02T00:00:00Z,General Election,,,,546,County Board Member,,2934,Locality,Arlington County,4,Total Votes Cast,,,24937,Precinct,48 - Ausa,,false,1,,,565
150447,432,2021-11-02T00:00:00Z,General Election,,,,546,County Board Member,,2934,Locality,Arlington County,3,Undervotes,,,24937,Precinct,48 - Ausa,,false,1,,,0
150447,432,2021-11-02T00:00:00Z,General Election,,,,546,County Board Member,,2934,Locality,Arlington County,82147,Takis Panagiotis Karantonis,,,7255,Precinct,49 - Monroe,,true,1,1,Democratic,359
150447,432,2021-11-02T00:00:00Z,General Election,,,,546,County Board Member,,2934,Locality,Arlington County,12517,Audrey Rose Clement,,,7255,Precinct,49 - Monroe,,false,1,278,Independent,152
150447,432,2021-11-02T00:00:00Z,General Election,,,,546,County Board Member,,2934,Locality,Arlington County,87395,Michael Treacy Cantwell,,,7255,Precinct,49 - Monroe,,false,1,278,Independent,84
150447,432,2021-11-02T00:00:00Z,General Election,,,,546,County Board Member,,2934,Locality,Arlington County,87394,Adam Theo,,,7255,Precinct,49 - Monroe,,false,1,278,Independent,47
150447,432,2021-11-02T00:00:00Z,General Election,,,,546,County Board Member,,2934,Locality,Arlington County,6,Write-Ins,,,7255,Precinct,49 - Monroe,,false,1,,,19
150447,432,2021-11-02T00:00:00Z,General Election,,,,546,County Board Member,,2934,Locality,Arlington County,4,Total Votes Cast,,,7255,Precinct,49 - Monroe,,false,1,,,661
150447,432,2021-11-02T00:00:00Z,General Election,,,,546,County Board Member,,2934,Locality,Arlington County,3,Undervotes,,,7255,Precinct,49 - Monroe,,false,1,,,0
150447,432,2021-11-02T00:00:00Z,General Election,,,,546,County Board Member,,2934,Locality,Arlington County,82147,Takis Panagiotis Karantonis,,,7256,Precinct,50 - Crystal Plaza,,true,1,1,Democratic,362
150447,432,2021-11-02T00:00:00Z,General Election,,,,546,County Board Member,,2934,Locality,Arlington County,12517,Audrey Rose Clement,,,7256,Precinct,50 - Crystal Plaza,,false,1,278,Independent,200
150447,432,2021-11-02T00:00:00Z,General Election,,,,546,County Board Member,,2934,Locality,Arlington County,87395,Michael Treacy Cantwell,,,7256,Precinct,50 - Crystal Plaza,,false,1,278,Independent,119
150447,432,2021-11-02T00:00:00Z,General Election,,,,546,County Board Member,,2934,Locality,Arlington County,87394,Adam Theo,,,7256,Precinct,50 - Crystal Plaza,,false,1,278,Independent,63
150447,432,2021-11-02T00:00:00Z,General Election,,,,546,County Board Member,,2934,Locality,Arlington County,6,Write-Ins,,,7256,Precinct,50 - Crystal Plaza,,false,1,,,26
150447,432,2021-11-02T00:00:00Z,General Election,,,,546,County Board Member,,2934,Locality,Arlington County,4,Total Votes Cast,,,7256,Precinct,50 - Crystal Plaza,,false,1,,,770
150447,432,2021-11-02T00:00:00Z,General Election,,,,546,County Board Member,,2934,Locality,Arlington County,3,Undervotes,,,7256,Precinct,50 - Crystal Plaza,,false,1,,,0
150447,432,2021-11-02T00:00:00Z,General Election,,,,546,County Board Member,,2934,Locality,Arlington County,82147,Takis Panagiotis Karantonis,,,7257,Precinct,51 - Taylor,,true,1,1,Democratic,174
150447,432,2021-11-02T00:00:00Z,General Election,,,,546,County Board Member,,2934,Locality,Arlington County,12517,Audrey Rose Clement,,,7257,Precinct,51 - Taylor,,false,1,278,Independent,82
150447,432,2021-11-02T00:00:00Z,General Election,,,,546,County Board Member,,2934,Locality,Arlington County,87395,Michael Treacy Cantwell,,,7257,Precinct,51 - Taylor,,false,1,278,Independent,26
150447,432,2021-11-02T00:00:00Z,General Election,,,,546,County Board Member,,2934,Locality,Arlington County,87394,Adam Theo,,,7257,Precinct,51 - Taylor,,false,1,278,Independent,17
150447,432,2021-11-02T00:00:00Z,General Election,,,,546,County Board Member,,2934,Locality,Arlington County,6,Write-Ins,,,7257,Precinct,51 - Taylor,,false,1,,,3
150447,432,2021-11-02T00:00:00Z,General Election,,,,546,County Board Member,,2934,Locality,Arlington County,4,Total Votes Cast,,,7257,Precinct,51 - Taylor,,false,1,,,302
150447,432,2021-11-02T00:00:00Z,General Election,,,,546,County Board Member,,2934,Locality,Arlington County,3,Undervotes,,,7257,Precinct,51 - Taylor,,false,1,,,0
150447,432,2021-11-02T00:00:00Z,General Election,,,,546,County Board Member,,2934,Locality,Arlington County,82147,Takis Panagiotis Karantonis,,,7258,Precinct,52 - Gunston,,true,1,1,Democratic,405
150447,432,2021-11-02T00:00:00Z,General Election,,,,546,County Board Member,,2934,Locality,Arlington County,12517,Audrey Rose Clement,,,7258,Precinct,52 - Gunston,,false,1,278,Independent,141
150447,432,2021-11-02T00:00:00Z,General Election,,,,546,County Board Member,,2934,Locality,Arlington County,87395,Michael Treacy Cantwell,,,7258,Precinct,52 - Gunston,,false,1,278,Independent,75
150447,432,2021-11-02T00:00:00Z,General Election,,,,546,County Board Member,,2934,Locality,Arlington County,87394,Adam Theo,,,7258,Precinct,52 - Gunston,,false,1,278,Independent,43
150447,432,2021-11-02T00:00:00Z,General Election,,,,546,County Board Member,,2934,Locality,Arlington County,6,Write-Ins,,,7258,Precinct,52 - Gunston,,false,1,,,12
150447,432,2021-11-02T00:00:00Z,General Election,,,,546,County Board Member,,2934,Locality,Arlington County,4,Total Votes Cast,,,7258,Precinct,52 - Gunston,,false,1,,,676
150447,432,2021-11-02T00:00:00Z,General Election,,,,546,County Board Member,,2934,Locality,Arlington County,3,Undervotes,,,7258,Precinct,52 - Gunston,,false,1,,,0
150447,432,2021-11-02T00:00:00Z,General Election,,,,546,County Board Member,,2934,Locality,Arlington County,82147,Takis Panagiotis Karantonis,,,24938,Precinct,53 - Met Park,,true,1,1,Democratic,551
150447,432,2021-11-02T00:00:00Z,General Election,,,,546,County Board Member,,2934,Locality,Arlington County,12517,Audrey Rose Clement,,,24938,Precinct,53 - Met Park,,false,1,278,Independent,230
150447,432,2021-11-02T00:00:00Z,General Election,,,,546,County Board Member,,2934,Locality,Arlington County,87395,Michael Treacy Cantwell,,,24938,Precinct,53 - Met Park,,false,1,278,Independent,96
150447,432,2021-11-02T00:00:00Z,General Election,,,,546,County Board Member,,2934,Locality,Arlington County,87394,Adam Theo,,,24938,Precinct,53 - Met Park,,false,1,278,Independent,84
150447,432,2021-11-02T00:00:00Z,General Election,,,,546,County Board Member,,2934,Locality,Arlington County,6,Write-Ins,,,24938,Precinct,53 - Met Park,,false,1,,,28
150447,432,2021-11-02T00:00:00Z,General Election,,,,546,County Board Member,,2934,Locality,Arlington County,4,Total Votes Cast,,,24938,Precinct,53 - Met Park,,false,1,,,989
150447,432,2021-11-02T00:00:00Z,General Election,,,,546,County Board Member,,2934,Locality,Arlington County,3,Undervotes,,,24938,Precinct,53 - Met Park,,false,1,,,0
150447,432,2021-11-02T00:00:00Z,General Election,,,,546,County Board Member,,2934,Locality,Arlington County,82147,Takis Panagiotis Karantonis,,,24939,Precinct,54 - Garfield Park,,true,1,1,Democratic,219
150447,432,2021-11-02T00:00:00Z,General Election,,,,546,County Board Member,,2934,Locality,Arlington County,12517,Audrey Rose Clement,,,24939,Precinct,54 - Garfield Park,,false,1,278,Independent,89
150447,432,2021-11-02T00:00:00Z,General Election,,,,546,County Board Member,,2934,Locality,Arlington County,87395,Michael Treacy Cantwell,,,24939,Precinct,54 - Garfield Park,,false,1,278,Independent,59
150447,432,2021-11-02T00:00:00Z,General Election,,,,546,County Board Member,,2934,Locality,Arlington County,87394,Adam Theo,,,24939,Precinct,54 - Garfield Park,,false,1,278,Independent,32
150447,432,2021-11-02T00:00:00Z,General Election,,,,546,County Board Member,,2934,Locality,Arlington County,6,Write-Ins,,,24939,Precinct,54 - Garfield Park,,false,1,,,13
150447,432,2021-11-02T00:00:00Z,General Election,,,,546,County Board Member,,2934,Locality,Arlington County,4,Total Votes Cast,,,24939,Precinct,54 - Garfield Park,,false,1,,,412
150447,432,2021-11-02T00:00:00Z,General Election,,,,546,County Board Member,,2934,Locality,Arlington County,3,Undervotes,,,24939,Precinct,54 - Garfield Park,,false,1,,,0
150447,432,2021-11-02T00:00:00Z,General Election,,,,546,County Board Member,,2934,Locality,Arlington County,82147,Takis Panagiotis Karantonis,,,7205,Precinct,Ab - Central Absentee Precinct,,true,1,1,Democratic,8168
150447,432,2021-11-02T00:00:00Z,General Election,,,,546,County Board Member,,2934,Locality,Arlington County,12517,Audrey Rose Clement,,,7205,Precinct,Ab - Central Absentee Precinct,,false,1,278,Independent,2214
150447,432,2021-11-02T00:00:00Z,General Election,,,,546,County Board Member,,2934,Locality,Arlington County,87395,Michael Treacy Cantwell,,,7205,Precinct,Ab - Central Absentee Precinct,,false,1,278,Independent,1463
150447,432,2021-11-02T00:00:00Z,General Election,,,,546,County Board Member,,2934,Locality,Arlington County,87394,Adam Theo,,,7205,Precinct,Ab - Central Absentee Precinct,,false,1,278,Independent,587
150447,432,2021-11-02T00:00:00Z,General Election,,,,546,County Board Member,,2934,Locality,Arlington County,6,Write-Ins,,,7205,Precinct,Ab - Central Absentee Precinct,,false,1,,,153
150447,432,2021-11-02T00:00:00Z,General Election,,,,546,County Board Member,,2934,Locality,Arlington County,4,Total Votes Cast,,,7205,Precinct,Ab - Central Absentee Precinct,,false,1,,,12585
150447,432,2021-11-02T00:00:00Z,General Election,,,,546,County Board Member,,2934,Locality,Arlington County,3,Undervotes,,,7205,Precinct,Ab - Central Absentee Precinct,,false,1,,,0
150447,432,2021-11-02T00:00:00Z,General Election,,,,546,County Board Member,,2934,Locality,Arlington County,82147,Takis Panagiotis Karantonis,,,7206,Precinct,Provisional,,true,1,1,Democratic,204
150447,432,2021-11-02T00:00:00Z,General Election,,,,546,County Board Member,,2934,Locality,Arlington County,12517,Audrey Rose Clement,,,7206,Precinct,Provisional,,false,1,278,Independent,69
150447,432,2021-11-02T00:00:00Z,General Election,,,,546,County Board Member,,2934,Locality,Arlington County,87395,Michael Treacy Cantwell,,,7206,Precinct,Provisional,,false,1,278,Independent,27
150447,432,2021-11-02T00:00:00Z,General Election,,,,546,County Board Member,,2934,Locality,Arlington County,87394,Adam Theo,,,7206,Precinct,Provisional,,false,1,278,Independent,22
150447,432,2021-11-02T00:00:00Z,General Election,,,,546,County Board Member,,2934,Locality,Arlington County,6,Write-Ins,,,7206,Precinct,Provisional,,false,1,,,0
150447,432,2021-11-02T00:00:00Z,General Election,,,,546,County Board Member,,2934,Locality,Arlington County,4,Total Votes Cast,,,7206,Precinct,Provisional,,false,1,,,322
150447,432,2021-11-02T00:00:00Z,General Election,,,,546,County Board Member,,2934,Locality,Arlington County,3,Undervotes,,,7206,Precinct,Provisional,,false,1,,,0
145867,427,2021-06-08T00:00:00Z,Primary Election,Democratic,,,546,County Board Member,,2934,Locality,Arlington County,82147,Takis Panagiotis Karantonis,,,7207,Precinct,1 - Arlington,,true,1,,,183
145867,427,2021-06-08T00:00:00Z,Primary Election,Democratic,,,546,County Board Member,,2934,Locality,Arlington County,61055,Chanda Choun,,,7207,Precinct,1 - Arlington,,false,1,,,98
145867,427,2021-06-08T00:00:00Z,Primary Election,Democratic,,,546,County Board Member,,2934,Locality,Arlington County,6,Write-Ins,,,7207,Precinct,1 - Arlington,,false,1,,,0
145867,427,2021-06-08T00:00:00Z,Primary Election,Democratic,,,546,County Board Member,,2934,Locality,Arlington County,4,Total Votes Cast,,,7207,Precinct,1 - Arlington,,false,1,,,281
145867,427,2021-06-08T00:00:00Z,Primary Election,Democratic,,,546,County Board Member,,2934,Locality,Arlington County,3,Undervotes,,,7207,Precinct,1 - Arlington,,false,1,,,0
145867,427,2021-06-08T00:00:00Z,Primary Election,Democratic,,,546,County Board Member,,2934,Locality,Arlington County,82147,Takis Panagiotis Karantonis,,,7208,Precinct,2 - Ashton Heights,,true,1,,,285
145867,427,2021-06-08T00:00:00Z,Primary Election,Democratic,,,546,County Board Member,,2934,Locality,Arlington County,61055,Chanda Choun,,,7208,Precinct,2 - Ashton Heights,,false,1,,,140
145867,427,2021-06-08T00:00:00Z,Primary Election,Democratic,,,546,County Board Member,,2934,Locality,Arlington County,6,Write-Ins,,,7208,Precinct,2 - Ashton Heights,,false,1,,,0
145867,427,2021-06-08T00:00:00Z,Primary Election,Democratic,,,546,County Board Member,,2934,Locality,Arlington County,4,Total Votes Cast,,,7208,Precinct,2 - Ashton Heights,,false,1,,,425
145867,427,2021-06-08T00:00:00Z,Primary Election,Democratic,,,546,County Board Member,,2934,Locality,Arlington County,3,Undervotes,,,7208,Precinct,2 - Ashton Heights,,false,1,,,0
145867,427,2021-06-08T00:00:00Z,Primary Election,Democratic,,,546,County Board Member,,2934,Locality,Arlington County,82147,Takis Panagiotis Karantonis,,,7209,Precinct,3 - Aurora Hills,,true,1,,,173
145867,427,2021-06-08T00:00:00Z,Primary Election,Democratic,,,546,County Board Member,,2934,Locality,Arlington County,61055,Chanda Choun,,,7209,Precinct,3 - Aurora Hills,,false,1,,,101
145867,427,2021-06-08T00:00:00Z,Primary Election,Democratic,,,546,County Board Member,,2934,Locality,Arlington County,6,Write-Ins,,,7209,Precinct,3 - Aurora Hills,,false,1,,,0
145867,427,2021-06-08T00:00:00Z,Primary Election,Democratic,,,546,County Board Member,,2934,Locality,Arlington County,4,Total Votes Cast,,,7209,Precinct,3 - Aurora Hills,,false,1,,,274
145867,427,2021-06-08T00:00:00Z,Primary Election,Democratic,,,546,County Board Member,,2934,Locality,Arlington County,3,Undervotes,,,7209,Precinct,3 - Aurora Hills,,false,1,,,0
145867,427,2021-06-08T00:00:00Z,Primary Election,Democratic,,,546,County Board Member,,2934,Locality,Arlington County,82147,Takis Panagiotis Karantonis,,,7210,Precinct,4 - Ballston,,true,1,,,248
145867,427,2021-06-08T00:00:00Z,Primary Election,Democratic,,,546,County Board Member,,2934,Locality,Arlington County,61055,Chanda Choun,,,7210,Precinct,4 - Ballston,,false,1,,,128
145867,427,2021-06-08T00:00:00Z,Primary Election,Democratic,,,546,County Board Member,,2934,Locality,Arlington County,6,Write-Ins,,,7210,Precinct,4 - Ballston,,false,1,,,0
145867,427,2021-06-08T00:00:00Z,Primary Election,Democratic,,,546,County Board Member,,2934,Locality,Arlington County,4,Total Votes Cast,,,7210,Precinct,4 - Ballston,,false,1,,,376
145867,427,2021-06-08T00:00:00Z,Primary Election,Democratic,,,546,County Board Member,,2934,Locality,Arlington County,3,Undervotes,,,7210,Precinct,4 - Ballston,,false,1,,,0
145867,427,2021-06-08T00:00:00Z,Primary Election,Democratic,,,546,County Board Member,,2934,Locality,Arlington County,82147,Takis Panagiotis Karantonis,,,7211,Precinct,5 - Barcroft,,true,1,,,286
145867,427,2021-06-08T00:00:00Z,Primary Election,Democratic,,,546,County Board Member,,2934,Locality,Arlington County,61055,Chanda Choun,,,7211,Precinct,5 - Barcroft,,false,1,,,125
145867,427,2021-06-08T00:00:00Z,Primary Election,Democratic,,,546,County Board Member,,2934,Locality,Arlington County,6,Write-Ins,,,7211,Precinct,5 - Barcroft,,false,1,,,0
145867,427,2021-06-08T00:00:00Z,Primary Election,Democratic,,,546,County Board Member,,2934,Locality,Arlington County,4,Total Votes Cast,,,7211,Precinct,5 - Barcroft,,false,1,,,411
145867,427,2021-06-08T00:00:00Z,Primary Election,Democratic,,,546,County Board Member,,2934,Locality,Arlington County,3,Undervotes,,,7211,Precinct,5 - Barcroft,,false,1,,,0
145867,427,2021-06-08T00:00:00Z,Primary Election,Democratic,,,546,County Board Member,,2934,Locality,Arlington County,82147,Takis Panagiotis Karantonis,,,7212,Precinct,6 - Crystal City,,true,1,,,128
145867,427,2021-06-08T00:00:00Z,Primary Election,Democratic,,,546,County Board Member,,2934,Locality,Arlington County,61055,Chanda Choun,,,7212,Precinct,6 - Crystal City,,false,1,,,75
145867,427,2021-06-08T00:00:00Z,Primary Election,Democratic,,,546,County Board Member,,2934,Locality,Arlington County,6,Write-Ins,,,7212,Precinct,6 - Crystal City,,false,1,,,0
145867,427,2021-06-08T00:00:00Z,Primary Election,Democratic,,,546,County Board Member,,2934,Locality,Arlington County,4,Total Votes Cast,,,7212,Precinct,6 - Crystal City,,false,1,,,203
145867,427,2021-06-08T00:00:00Z,Primary Election,Democratic,,,546,County Board Member,,2934,Locality,Arlington County,3,Undervotes,,,7212,Precinct,6 - Crystal City,,false,1,,,0
145867,427,2021-06-08T00:00:00Z,Primary Election,Democratic,,,546,County Board Member,,2934,Locality,Arlington County,82147,Takis Panagiotis Karantonis,,,7213,Precinct,7 - Cherrydale,,true,1,,,272
145867,427,2021-06-08T00:00:00Z,Primary Election,Democratic,,,546,County Board Member,,2934,Locality,Arlington County,61055,Chanda Choun,,,7213,Precinct,7 - Cherrydale,,false,1,,,118
145867,427,2021-06-08T00:00:00Z,Primary Election,Democratic,,,546,County Board Member,,2934,Locality,Arlington County,6,Write-Ins,,,7213,Precinct,7 - Cherrydale,,false,1,,,0
145867,427,2021-06-08T00:00:00Z,Primary Election,Democratic,,,546,County Board Member,,2934,Locality,Arlington County,4,Total Votes Cast,,,7213,Precinct,7 - Cherrydale,,false,1,,,390
145867,427,2021-06-08T00:00:00Z,Primary Election,Democratic,,,546,County Board Member,,2934,Locality,Arlington County,3,Undervotes,,,7213,Precinct,7 - Cherrydale,,false,1,,,0
145867,427,2021-06-08T00:00:00Z,Primary Election,Democratic,,,546,County Board Member,,2934,Locality,Arlington County,82147,Takis Panagiotis Karantonis,,,7214,Precinct,8 - Hume,,true,1,,,237
145867,427,2021-06-08T00:00:00Z,Primary Election,Democratic,,,546,County Board Member,,2934,Locality,Arlington County,61055,Chanda Choun,,,7214,Precinct,8 - Hume,,false,1,,,141
145867,427,2021-06-08T00:00:00Z,Primary Election,Democratic,,,546,County Board Member,,2934,Locality,Arlington County,6,Write-Ins,,,7214,Precinct,8 - Hume,,false,1,,,0
145867,427,2021-06-08T00:00:00Z,Primary Election,Democratic,,,546,County Board Member,,2934,Locality,Arlington County,4,Total Votes Cast,,,7214,Precinct,8 - Hume,,false,1,,,378
145867,427,2021-06-08T00:00:00Z,Primary Election,Democratic,,,546,County Board Member,,2934,Locality,Arlington County,3,Undervotes,,,7214,Precinct,8 - Hume,,false,1,,,0
145867,427,2021-06-08T00:00:00Z,Primary Election,Democratic,,,546,County Board Member,,2934,Locality,Arlington County,82147,Takis Panagiotis Karantonis,,,7215,Precinct,9 - Columbia,,true,1,,,326
145867,427,2021-06-08T00:00:00Z,Primary Election,Democratic,,,546,County Board Member,,2934,Locality,Arlington County,61055,Chanda Choun,,,7215,Precinct,9 - Columbia,,false,1,,,169
145867,427,2021-06-08T00:00:00Z,Primary Election,Democratic,,,546,County Board Member,,2934,Locality,Arlington County,6,Write-Ins,,,7215,Precinct,9 - Columbia,,false,1,,,0
145867,427,2021-06-08T00:00:00Z,Primary Election,Democratic,,,546,County Board Member,,2934,Locality,Arlington County,4,Total Votes Cast,,,7215,Precinct,9 - Columbia,,false,1,,,495
145867,427,2021-06-08T00:00:00Z,Primary Election,Democratic,,,546,County Board Member,,2934,Locality,Arlington County,3,Undervotes,,,7215,Precinct,9 - Columbia,,false,1,,,0
145867,427,2021-06-08T00:00:00Z,Primary Election,Democratic,,,546,County Board Member,,2934,Locality,Arlington County,82147,Takis Panagiotis Karantonis,,,7216,Precinct,10 - Wilson,,true,1,,,198
145867,427,2021-06-08T00:00:00Z,Primary Election,Democratic,,,546,County Board Member,,2934,Locality,Arlington County,61055,Chanda Choun,,,7216,Precinct,10 - Wilson,,false,1,,,131
145867,427,2021-06-08T00:00:00Z,Primary Election,Democratic,,,546,County Board Member,,2934,Locality,Arlington County,6,Write-Ins,,,7216,Precinct,10 - Wilson,,false,1,,,0
145867,427,2021-06-08T00:00:00Z,Primary Election,Democratic,,,546,County Board Member,,2934,Locality,Arlington County,4,Total Votes Cast,,,7216,Precinct,10 - Wilson,,false,1,,,329
145867,427,2021-06-08T00:00:00Z,Primary Election,Democratic,,,546,County Board Member,,2934,Locality,Arlington County,3,Undervotes,,,7216,Precinct,10 - Wilson,,false,1,,,0
145867,427,2021-06-08T00:00:00Z,Primary Election,Democratic,,,546,County Board Member,,2934,Locality,Arlington County,82147,Takis Panagiotis Karantonis,,,7217,Precinct,11 - East Falls Church,,true,1,,,204
145867,427,2021-06-08T00:00:00Z,Primary Election,Democratic,,,546,County Board Member,,2934,Locality,Arlington County,61055,Chanda Choun,,,7217,Precinct,11 - East Falls Church,,false,1,,,113
145867,427,2021-06-08T00:00:00Z,Primary Election,Democratic,,,546,County Board Member,,2934,Locality,Arlington County,6,Write-Ins,,,7217,Precinct,11 - East Falls Church,,false,1,,,0
145867,427,2021-06-08T00:00:00Z,Primary Election,Democratic,,,546,County Board Member,,2934,Locality,Arlington County,4,Total Votes Cast,,,7217,Precinct,11 - East Falls Church,,false,1,,,317
145867,427,2021-06-08T00:00:00Z,Primary Election,Democratic,,,546,County Board Member,,2934,Locality,Arlington County,3,Undervotes,,,7217,Precinct,11 - East Falls Church,,false,1,,,0
145867,427,2021-06-08T00:00:00Z,Primary Election,Democratic,,,546,County Board Member,,2934,Locality,Arlington County,82147,Takis Panagiotis Karantonis,,,7218,Precinct,12 - Fairlington,,true,1,,,323
145867,427,2021-06-08T00:00:00Z,Primary Election,Democratic,,,546,County Board Member,,2934,Locality,Arlington County,61055,Chanda Choun,,,7218,Precinct,12 - Fairlington,,false,1,,,140
145867,427,2021-06-08T00:00:00Z,Primary Election,Democratic,,,546,County Board Member,,2934,Locality,Arlington County,6,Write-Ins,,,7218,Precinct,12 - Fairlington,,false,1,,,0
145867,427,2021-06-08T00:00:00Z,Primary Election,Democratic,,,546,County Board Member,,2934,Locality,Arlington County,4,Total Votes Cast,,,7218,Precinct,12 - Fairlington,,false,1,,,463
145867,427,2021-06-08T00:00:00Z,Primary Election,Democratic,,,546,County Board Member,,2934,Locality,Arlington County,3,Undervotes,,,7218,Precinct,12 - Fairlington,,false,1,,,0
145867,427,2021-06-08T00:00:00Z,Primary Election,Democratic,,,546,County Board Member,,2934,Locality,Arlington County,82147,Takis Panagiotis Karantonis,,,7219,Precinct,13 - Glen Carlyn,,true,1,,,152
145867,427,2021-06-08T00:00:00Z,Primary Election,Democratic,,,546,County Board Member,,2934,Locality,Arlington County,61055,Chanda Choun,,,7219,Precinct,13 - Glen Carlyn,,false,1,,,84
145867,427,2021-06-08T00:00:00Z,Primary Election,Democratic,,,546,County Board Member,,2934,Locality,Arlington County,6,Write-Ins,,,7219,Precinct,13 - Glen Carlyn,,false,1,,,0
145867,427,2021-06-08T00:00:00Z,Primary Election,Democratic,,,546,County Board Member,,2934,Locality,Arlington County,4,Total Votes Cast,,,7219,Precinct,13 - Glen Carlyn,,false,1,,,236
145867,427,2021-06-08T00:00:00Z,Primary Election,Democratic,,,546,County Board Member,,2934,Locality,Arlington County,3,Undervotes,,,7219,Precinct,13 - Glen Carlyn,,false,1,,,0
145867,427,2021-06-08T00:00:00Z,Primary Election,Democratic,,,546,County Board Member,,2934,Locality,Arlington County,82147,Takis Panagiotis Karantonis,,,7220,Precinct,14 - Clarendon,,true,1,,,155
145867,427,2021-06-08T00:00:00Z,Primary Election,Democratic,,,546,County Board Member,,2934,Locality,Arlington County,61055,Chanda Choun,,,7220,Precinct,14 - Clarendon,,false,1,,,68
145867,427,2021-06-08T00:00:00Z,Primary Election,Democratic,,,546,County Board Member,,2934,Locality,Arlington County,6,Write-Ins,,,7220,Precinct,14 - Clarendon,,false,1,,,0
145867,427,2021-06-08T00:00:00Z,Primary Election,Democratic,,,546,County Board Member,,2934,Locality,Arlington County,4,Total Votes Cast,,,7220,Precinct,14 - Clarendon,,false,1,,,223
145867,427,2021-06-08T00:00:00Z,Primary Election,Democratic,,,546,County Board Member,,2934,Locality,Arlington County,3,Undervotes,,,7220,Precinct,14 - Clarendon,,false,1,,,0
145867,427,2021-06-08T00:00:00Z,Primary Election,Democratic,,,546,County Board Member,,2934,Locality,Arlington County,82147,Takis Panagiotis Karantonis,,,7221,Precinct,15 - Lyon Park,,true,1,,,117
145867,427,2021-06-08T00:00:00Z,Primary Election,Democratic,,,546,County Board Member,,2934,Locality,Arlington County,61055,Chanda Choun,,,7221,Precinct,15 - Lyon Park,,false,1,,,80
145867,427,2021-06-08T00:00:00Z,Primary Election,Democratic,,,546,County Board Member,,2934,Locality,Arlington County,6,Write-Ins,,,7221,Precinct,15 - Lyon Park,,false,1,,,0
145867,427,2021-06-08T00:00:00Z,Primary Election,Democratic,,,546,County Board Member,,2934,Locality,Arlington County,4,Total Votes Cast,,,7221,Precinct,15 - Lyon Park,,false,1,,,197
145867,427,2021-06-08T00:00:00Z,Primary Election,Democratic,,,546,County Board Member,,2934,Locality,Arlington County,3,Undervotes,,,7221,Precinct,15 - Lyon Park,,false,1,,,0
145867,427,2021-06-08T00:00:00Z,Primary Election,Democratic,,,546,County Board Member,,2934,Locality,Arlington County,82147,Takis Panagiotis Karantonis,,,7222,Precinct,16 - Lyon Village,,true,1,,,240
145867,427,2021-06-08T00:00:00Z,Primary Election,Democratic,,,546,County Board Member,,2934,Locality,Arlington County,61055,Chanda Choun,,,7222,Precinct,16 - Lyon Village,,false,1,,,103
145867,427,2021-06-08T00:00:00Z,Primary Election,Democratic,,,546,County Board Member,,2934,Locality,Arlington County,6,Write-Ins,,,7222,Precinct,16 - Lyon Village,,false,1,,,0
145867,427,2021-06-08T00:00:00Z,Primary Election,Democratic,,,546,County Board Member,,2934,Locality,Arlington County,4,Total Votes Cast,,,7222,Precinct,16 - Lyon Village,,false,1,,,343
145867,427,2021-06-08T00:00:00Z,Primary Election,Democratic,,,546,County Board Member,,2934,Locality,Arlington County,3,Undervotes,,,7222,Precinct,16 - Lyon Village,,false,1,,,0
145867,427,2021-06-08T00:00:00Z,Primary Election,Democratic,,,546,County Board Member,,2934,Locality,Arlington County,82147,Takis Panagiotis Karantonis,,,7223,Precinct,17 - Overlee Knolls,,true,1,,,315
145867,427,2021-06-08T00:00:00Z,Primary Election,Democratic,,,546,County Board Member,,2934,Locality,Arlington County,61055,Chanda Choun,,,7223,Precinct,17 - Overlee Knolls,,false,1,,,150
145867,427,2021-06-08T00:00:00Z,Primary Election,Democratic,,,546,County Board Member,,2934,Locality,Arlington County,6,Write-Ins,,,7223,Precinct,17 - Overlee Knolls,,false,1,,,0
145867,427,2021-06-08T00:00:00Z,Primary Election,Democratic,,,546,County Board Member,,2934,Locality,Arlington County,4,Total Votes Cast,,,7223,Precinct,17 - Overlee Knolls,,false,1,,,465
145867,427,2021-06-08T00:00:00Z,Primary Election,Democratic,,,546,County Board Member,,2934,Locality,Arlington County,3,Undervotes,,,7223,Precinct,17 - Overlee Knolls,,false,1,,,0
145867,427,2021-06-08T00:00:00Z,Primary Election,Democratic,,,546,County Board Member,,2934,Locality,Arlington County,82147,Takis Panagiotis Karantonis,,,7224,Precinct,18 - Park Lane,,true,1,,,239
145867,427,2021-06-08T00:00:00Z,Primary Election,Democratic,,,546,County Board Member,,2934,Locality,Arlington County,61055,Chanda Choun,,,7224,Precinct,18 - Park Lane,,false,1,,,131
145867,427,2021-06-08T00:00:00Z,Primary Election,Democratic,,,546,County Board Member,,2934,Locality,Arlington County,6,Write-Ins,,,7224,Precinct,18 - Park Lane,,false,1,,,0
145867,427,2021-06-08T00:00:00Z,Primary Election,Democratic,,,546,County Board Member,,2934,Locality,Arlington County,4,Total Votes Cast,,,7224,Precinct,18 - Park Lane,,false,1,,,370
145867,427,2021-06-08T00:00:00Z,Primary Election,Democratic,,,546,County Board Member,,2934,Locality,Arlington County,3,Undervotes,,,7224,Precinct,18 - Park Lane,,false,1,,,0
145867,427,2021-06-08T00:00:00Z,Primary Election,Democratic,,,546,County Board Member,,2934,Locality,Arlington County,82147,Takis Panagiotis Karantonis,,,7225,Precinct,19 - Rosslyn,,true,1,,,167
145867,427,2021-06-08T00:00:00Z,Primary Election,Democratic,,,546,County Board Member,,2934,Locality,Arlington County,61055,Chanda Choun,,,7225,Precinct,19 - Rosslyn,,false,1,,,100
145867,427,2021-06-08T00:00:00Z,Primary Election,Democratic,,,546,County Board Member,,2934,Locality,Arlington County,6,Write-Ins,,,7225,Precinct,19 - Rosslyn,,false,1,,,0
145867,427,2021-06-08T00:00:00Z,Primary Election,Democratic,,,546,County Board Member,,2934,Locality,Arlington County,4,Total Votes Cast,,,7225,Precinct,19 - Rosslyn,,false,1,,,267
145867,427,2021-06-08T00:00:00Z,Primary Election,Democratic,,,546,County Board Member,,2934,Locality,Arlington County,3,Undervotes,,,7225,Precinct,19 - Rosslyn,,false,1,,,0
145867,427,2021-06-08T00:00:00Z,Primary Election,Democratic,,,546,County Board Member,,2934,Locality,Arlington County,82147,Takis Panagiotis Karantonis,,,7226,Precinct,20 - Thrifton,,true,1,,,284
145867,427,2021-06-08T00:00:00Z,Primary Election,Democratic,,,546,County Board Member,,2934,Locality,Arlington County,61055,Chanda Choun,,,7226,Precinct,20 - Thrifton,,false,1,,,123
145867,427,2021-06-08T00:00:00Z,Primary Election,Democratic,,,546,County Board Member,,2934,Locality,Arlington County,6,Write-Ins,,,7226,Precinct,20 - Thrifton,,false,1,,,0
145867,427,2021-06-08T00:00:00Z,Primary Election,Democratic,,,546,County Board Member,,2934,Locality,Arlington County,4,Total Votes Cast,,,7226,Precinct,20 - Thrifton,,false,1,,,407
145867,427,2021-06-08T00:00:00Z,Primary Election,Democratic,,,546,County Board Member,,2934,Locality,Arlington County,3,Undervotes,,,7226,Precinct,20 - Thrifton,,false,1,,,0
145867,427,2021-06-08T00:00:00Z,Primary Election,Democratic,,,546,County Board Member,,2934,Locality,Arlington County,82147,Takis Panagiotis Karantonis,,,7227,Precinct,21 - Virginia Highlands,,true,1,,,132
145867,427,2021-06-08T00:00:00Z,Primary Election,Democratic,,,546,County Board Member,,2934,Locality,Arlington County,61055,Chanda Choun,,,7227,Precinct,21 - Virginia Highlands,,false,1,,,72
145867,427,2021-06-08T00:00:00Z,Primary Election,Democratic,,,546,County Board Member,,2934,Locality,Arlington County,6,Write-Ins,,,7227,Precinct,21 - Virginia Highlands,,false,1,,,0
145867,427,2021-06-08T00:00:00Z,Primary Election,Democratic,,,546,County Board Member,,2934,Locality,Arlington County,4,Total Votes Cast,,,7227,Precinct,21 - Virginia Highlands,,false,1,,,204
145867,427,2021-06-08T00:00:00Z,Primary Election,Democratic,,,546,County Board Member,,2934,Locality,Arlington County,3,Undervotes,,,7227,Precinct,21 - Virginia Highlands,,false,1,,,0
145867,427,2021-06-08T00:00:00Z,Primary Election,Democratic,,,546,County Board Member,,2934,Locality,Arlington County,82147,Takis Panagiotis Karantonis,,,7228,Precinct,22 - Abingdon,,true,1,,,260
145867,427,2021-06-08T00:00:00Z,Primary Election,Democratic,,,546,County Board Member,,2934,Locality,Arlington County,61055,Chanda Choun,,,7228,Precinct,22 - Abingdon,,false,1,,,118
145867,427,2021-06-08T00:00:00Z,Primary Election,Democratic,,,546,County Board Member,,2934,Locality,Arlington County,6,Write-Ins,,,7228,Precinct,22 - Abingdon,,false,1,,,0
145867,427,2021-06-08T00:00:00Z,Primary Election,Democratic,,,546,County Board Member,,2934,Locality,Arlington County,4,Total Votes Cast,,,7228,Precinct,22 - Abingdon,,false,1,,,378
145867,427,2021-06-08T00:00:00Z,Primary Election,Democratic,,,546,County Board Member,,2934,Locality,Arlington County,3,Undervotes,,,7228,Precinct,22 - Abingdon,,false,1,,,0
145867,427,2021-06-08T00:00:00Z,Primary Election,Democratic,,,546,County Board Member,,2934,Locality,Arlington County,82147,Takis Panagiotis Karantonis,,,7229,Precinct,23 - Westover,,true,1,,,261
145867,427,2021-06-08T00:00:00Z,Primary Election,Democratic,,,546,County Board Member,,2934,Locality,Arlington County,61055,Chanda Choun,,,7229,Precinct,23 - Westover,,false,1,,,123
145867,427,2021-06-08T00:00:00Z,Primary Election,Democratic,,,546,County Board Member,,2934,Locality,Arlington County,6,Write-Ins,,,7229,Precinct,23 - Westover,,false,1,,,0
145867,427,2021-06-08T00:00:00Z,Primary Election,Democratic,,,546,County Board Member,,2934,Locality,Arlington County,4,Total Votes Cast,,,7229,Precinct,23 - Westover,,false,1,,,384
145867,427,2021-06-08T00:00:00Z,Primary Election,Democratic,,,546,County Board Member,,2934,Locality,Arlington County,3,Undervotes,,,7229,Precinct,23 - Westover,,false,1,,,0
145867,427,2021-06-08T00:00:00Z,Primary Election,Democratic,,,546,County Board Member,,2934,Locality,Arlington County,82147,Takis Panagiotis Karantonis,,,7230,Precinct,24 - Woodlawn,,true,1,,,343
145867,427,2021-06-08T00:00:00Z,Primary Election,Democratic,,,546,County Board Member,,2934,Locality,Arlington County,61055,Chanda Choun,,,7230,Precinct,24 - Woodlawn,,false,1,,,154
145867,427,2021-06-08T00:00:00Z,Primary Election,Democratic,,,546,County Board Member,,2934,Locality,Arlington County,6,Write-Ins,,,7230,Precinct,24 - Woodlawn,,false,1,,,0
145867,427,2021-06-08T00:00:00Z,Primary Election,Democratic,,,546,County Board Member,,2934,Locality,Arlington County,4,Total Votes Cast,,,7230,Precinct,24 - Woodlawn,,false,1,,,497
145867,427,2021-06-08T00:00:00Z,Primary Election,Democratic,,,546,County Board Member,,2934,Locality,Arlington County,3,Undervotes,,,7230,Precinct,24 - Woodlawn,,false,1,,,0
145867,427,2021-06-08T00:00:00Z,Primary Election,Democratic,,,546,County Board Member,,2934,Locality,Arlington County,82147,Takis Panagiotis Karantonis,,,7231,Precinct,25 - Arlington Forest,,true,1,,,194
145867,427,2021-06-08T00:00:00Z,Primary Election,Democratic,,,546,County Board Member,,2934,Locality,Arlington County,61055,Chanda Choun,,,7231,Precinct,25 - Arlington Forest,,false,1,,,177
145867,427,2021-06-08T00:00:00Z,Primary Election,Democratic,,,546,County Board Member,,2934,Locality,Arlington County,6,Write-Ins,,,7231,Precinct,25 - Arlington Forest,,false,1,,,0
145867,427,2021-06-08T00:00:00Z,Primary Election,Democratic,,,546,County Board Member,,2934,Locality,Arlington County,4,Total Votes Cast,,,7231,Precinct,25 - Arlington Forest,,false,1,,,371
145867,427,2021-06-08T00:00:00Z,Primary Election,Democratic,,,546,County Board Member,,2934,Locality,Arlington County,3,Undervotes,,,7231,Precinct,25 - Arlington Forest,,false,1,,,0
145867,427,2021-06-08T00:00:00Z,Primary Election,Democratic,,,546,County Board Member,,2934,Locality,Arlington County,82147,Takis Panagiotis Karantonis,,,7232,Precinct,26 - Fillmore,,true,1,,,263
145867,427,2021-06-08T00:00:00Z,Primary Election,Democratic,,,546,County Board Member,,2934,Locality,Arlington County,61055,Chanda Choun,,,7232,Precinct,26 - Fillmore,,false,1,,,187
145867,427,2021-06-08T00:00:00Z,Primary Election,Democratic,,,546,County Board Member,,2934,Locality,Arlington County,6,Write-Ins,,,7232,Precinct,26 - Fillmore,,false,1,,,0
145867,427,2021-06-08T00:00:00Z,Primary Election,Democratic,,,546,County Board Member,,2934,Locality,Arlington County,4,Total Votes Cast,,,7232,Precinct,26 - Fillmore,,false,1,,,450
145867,427,2021-06-08T00:00:00Z,Primary Election,Democratic,,,546,County Board Member,,2934,Locality,Arlington County,3,Undervotes,,,7232,Precinct,26 - Fillmore,,false,1,,,0
145867,427,2021-06-08T00:00:00Z,Primary Election,Democratic,,,546,County Board Member,,2934,Locality,Arlington County,82147,Takis Panagiotis Karantonis,,,7233,Precinct,27 - Jefferson,,true,1,,,293
145867,427,2021-06-08T00:00:00Z,Primary Election,Democratic,,,546,County Board Member,,2934,Locality,Arlington County,61055,Chanda Choun,,,7233,Precinct,27 - Jefferson,,false,1,,,141
145867,427,2021-06-08T00:00:00Z,Primary Election,Democratic,,,546,County Board Member,,2934,Locality,Arlington County,6,Write-Ins,,,7233,Precinct,27 - Jefferson,,false,1,,,0
145867,427,2021-06-08T00:00:00Z,Primary Election,Democratic,,,546,County Board Member,,2934,Locality,Arlington County,4,Total Votes Cast,,,7233,Precinct,27 - Jefferson,,false,1,,,434
145867,427,2021-06-08T00:00:00Z,Primary Election,Democratic,,,546,County Board Member,,2934,Locality,Arlington County,3,Undervotes,,,7233,Precinct,27 - Jefferson,,false,1,,,0
145867,427,2021-06-08T00:00:00Z,Primary Election,Democratic,,,546,County Board Member,,2934,Locality,Arlington County,82147,Takis Panagiotis Karantonis,,,24934,Precinct,28 - Wakefield,,true,1,,,285
145867,427,2021-06-08T00:00:00Z,Primary Election,Democratic,,,546,County Board Member,,2934,Locality,Arlington County,61055,Chanda Choun,,,24934,Precinct,28 - Wakefield,,false,1,,,135
145867,427,2021-06-08T00:00:00Z,Primary Election,Democratic,,,546,County Board Member,,2934,Locality,Arlington County,6,Write-Ins,,,24934,Precinct,28 - Wakefield,,false,1,,,0
145867,427,2021-06-08T00:00:00Z,Primary Election,Democratic,,,546,County Board Member,,2934,Locality,Arlington County,4,Total Votes Cast,,,24934,Precinct,28 - Wakefield,,false,1,,,420
145867,427,2021-06-08T00:00:00Z,Primary Election,Democratic,,,546,County Board Member,,2934,Locality,Arlington County,3,Undervotes,,,24934,Precinct,28 - Wakefield,,false,1,,,0
145867,427,2021-06-08T00:00:00Z,Primary Election,Democratic,,,546,County Board Member,,2934,Locality,Arlington County,82147,Takis Panagiotis Karantonis,,,7235,Precinct,29 - Dominion Hills,,true,1,,,326
145867,427,2021-06-08T00:00:00Z,Primary Election,Democratic,,,546,County Board Member,,2934,Locality,Arlington County,61055,Chanda Choun,,,7235,Precinct,29 - Dominion Hills,,false,1,,,161
145867,427,2021-06-08T00:00:00Z,Primary Election,Democratic,,,546,County Board Member,,2934,Locality,Arlington County,6,Write-Ins,,,7235,Precinct,29 - Dominion Hills,,false,1,,,0
145867,427,2021-06-08T00:00:00Z,Primary Election,Democratic,,,546,County Board Member,,2934,Locality,Arlington County,4,Total Votes Cast,,,7235,Precinct,29 - Dominion Hills,,false,1,,,487
145867,427,2021-06-08T00:00:00Z,Primary Election,Democratic,,,546,County Board Member,,2934,Locality,Arlington County,3,Undervotes,,,7235,Precinct,29 - Dominion Hills,,false,1,,,0
145867,427,2021-06-08T00:00:00Z,Primary Election,Democratic,,,546,County Board Member,,2934,Locality,Arlington County,82147,Takis Panagiotis Karantonis,,,7236,Precinct,30 - Glebe,,true,1,,,241
145867,427,2021-06-08T00:00:00Z,Primary Election,Democratic,,,546,County Board Member,,2934,Locality,Arlington County,61055,Chanda Choun,,,7236,Precinct,30 - Glebe,,false,1,,,122
145867,427,2021-06-08T00:00:00Z,Primary Election,Democratic,,,546,County Board Member,,2934,Locality,Arlington County,6,Write-Ins,,,7236,Precinct,30 - Glebe,,false,1,,,0
145867,427,2021-06-08T00:00:00Z,Primary Election,Democratic,,,546,County Board Member,,2934,Locality,Arlington County,4,Total Votes Cast,,,7236,Precinct,30 - Glebe,,false,1,,,363
145867,427,2021-06-08T00:00:00Z,Primary Election,Democratic,,,546,County Board Member,,2934,Locality,Arlington County,3,Undervotes,,,7236,Precinct,30 - Glebe,,false,1,,,0
145867,427,2021-06-08T00:00:00Z,Primary Election,Democratic,,,546,County Board Member,,2934,Locality,Arlington County,82147,Takis Panagiotis Karantonis,,,7237,Precinct,31 - Lexington,,true,1,,,264
145867,427,2021-06-08T00:00:00Z,Primary Election,Democratic,,,546,County Board Member,,2934,Locality,Arlington County,61055,Chanda Choun,,,7237,Precinct,31 - Lexington,,false,1,,,146
145867,427,2021-06-08T00:00:00Z,Primary Election,Democratic,,,546,County Board Member,,2934,Locality,Arlington County,6,Write-Ins,,,7237,Precinct,31 - Lexington,,false,1,,,0
145867,427,2021-06-08T00:00:00Z,Primary Election,Democratic,,,546,County Board Member,,2934,Locality,Arlington County,4,Total Votes Cast,,,7237,Precinct,31 - Lexington,,false,1,,,410
145867,427,2021-06-08T00:00:00Z,Primary Election,Democratic,,,546,County Board Member,,2934,Locality,Arlington County,3,Undervotes,,,7237,Precinct,31 - Lexington,,false,1,,,0
145867,427,2021-06-08T00:00:00Z,Primary Election,Democratic,,,546,County Board Member,,2934,Locality,Arlington County,82147,Takis Panagiotis Karantonis,,,7238,Precinct,32 - Oakridge,,true,1,,,73
145867,427,2021-06-08T00:00:00Z,Primary Election,Democratic,,,546,County Board Member,,2934,Locality,Arlington County,61055,Chanda Choun,,,7238,Precinct,32 - Oakridge,,false,1,,,52
145867,427,2021-06-08T00:00:00Z,Primary Election,Democratic,,,546,County Board Member,,2934,Locality,Arlington County,6,Write-Ins,,,7238,Precinct,32 - Oakridge,,false,1,,,0
145867,427,2021-06-08T00:00:00Z,Primary Election,Democratic,,,546,County Board Member,,2934,Locality,Arlington County,4,Total Votes Cast,,,7238,Precinct,32 - Oakridge,,false,1,,,125
145867,427,2021-06-08T00:00:00Z,Primary Election,Democratic,,,546,County Board Member,,2934,Locality,Arlington County,3,Undervotes,,,7238,Precinct,32 - Oakridge,,false,1,,,0
145867,427,2021-06-08T00:00:00Z,Primary Election,Democratic,,,546,County Board Member,,2934,Locality,Arlington County,82147,Takis Panagiotis Karantonis,,,7239,Precinct,33 - Rock Spring,,true,1,,,256
145867,427,2021-06-08T00:00:00Z,Primary Election,Democratic,,,546,County Board Member,,2934,Locality,Arlington County,61055,Chanda Choun,,,7239,Precinct,33 - Rock Spring,,false,1,,,143
145867,427,2021-06-08T00:00:00Z,Primary Election,Democratic,,,546,County Board Member,,2934,Locality,Arlington County,6,Write-Ins,,,7239,Precinct,33 - Rock Spring,,false,1,,,0
145867,427,2021-06-08T00:00:00Z,Primary Election,Democratic,,,546,County Board Member,,2934,Locality,Arlington County,4,Total Votes Cast,,,7239,Precinct,33 - Rock Spring,,false,1,,,399
145867,427,2021-06-08T00:00:00Z,Primary Election,Democratic,,,546,County Board Member,,2934,Locality,Arlington County,3,Undervotes,,,7239,Precinct,33 - Rock Spring,,false,1,,,0
145867,427,2021-06-08T00:00:00Z,Primary Election,Democratic,,,546,County Board Member,,2934,Locality,Arlington County,82147,Takis Panagiotis Karantonis,,,7240,Precinct,34 - Yorktown,,true,1,,,210
145867,427,2021-06-08T00:00:00Z,Primary Election,Democratic,,,546,County Board Member,,2934,Locality,Arlington County,61055,Chanda Choun,,,7240,Precinct,34 - Yorktown,,false,1,,,126
145867,427,2021-06-08T00:00:00Z,Primary Election,Democratic,,,546,County Board Member,,2934,Locality,Arlington County,6,Write-Ins,,,7240,Precinct,34 - Yorktown,,false,1,,,0
145867,427,2021-06-08T00:00:00Z,Primary Election,Democratic,,,546,County Board Member,,2934,Locality,Arlington County,4,Total Votes Cast,,,7240,Precinct,34 - Yorktown,,false,1,,,336
145867,427,2021-06-08T00:00:00Z,Primary Election,Democratic,,,546,County Board Member,,2934,Locality,Arlington County,3,Undervotes,,,7240,Precinct,34 - Yorktown,,false,1,,,0
145867,427,2021-06-08T00:00:00Z,Primary Election,Democratic,,,546,County Board Member,,2934,Locality,Arlington County,82147,Takis Panagiotis Karantonis,,,7241,Precinct,35 - Madison,,true,1,,,286
145867,427,2021-06-08T00:00:00Z,Primary Election,Democratic,,,546,County Board Member,,2934,Locality,Arlington County,61055,Chanda Choun,,,7241,Precinct,35 - Madison,,false,1,,,106
145867,427,2021-06-08T00:00:00Z,Primary Election,Democratic,,,546,County Board Member,,2934,Locality,Arlington County,6,Write-Ins,,,7241,Precinct,35 - Madison,,false,1,,,0
145867,427,2021-06-08T00:00:00Z,Primary Election,Democratic,,,546,County Board Member,,2934,Locality,Arlington County,4,Total Votes Cast,,,7241,Precinct,35 - Madison,,false,1,,,392
145867,427,2021-06-08T00:00:00Z,Primary Election,Democratic,,,546,County Board Member,,2934,Locality,Arlington County,3,Undervotes,,,7241,Precinct,35 - Madison,,false,1,,,0
145867,427,2021-06-08T00:00:00Z,Primary Election,Democratic,,,546,County Board Member,,2934,Locality,Arlington County,82147,Takis Panagiotis Karantonis,,,7242,Precinct,36 - Marshall,,true,1,,,267
145867,427,2021-06-08T00:00:00Z,Primary Election,Democratic,,,546,County Board Member,,2934,Locality,Arlington County,61055,Chanda Choun,,,7242,Precinct,36 - Marshall,,false,1,,,123
145867,427,2021-06-08T00:00:00Z,Primary Election,Democratic,,,546,County Board Member,,2934,Locality,Arlington County,6,Write-Ins,,,7242,Precinct,36 - Marshall,,false,1,,,0
145867,427,2021-06-08T00:00:00Z,Primary Election,Democratic,,,546,County Board Member,,2934,Locality,Arlington County,4,Total Votes Cast,,,7242,Precinct,36 - Marshall,,false,1,,,390
145867,427,2021-06-08T00:00:00Z,Primary Election,Democratic,,,546,County Board Member,,2934,Locality,Arlington County,3,Undervotes,,,7242,Precinct,36 - Marshall,,false,1,,,0
145867,427,2021-06-08T00:00:00Z,Primary Election,Democratic,,,546,County Board Member,,2934,Locality,Arlington County,82147,Takis Panagiotis Karantonis,,,7243,Precinct,37 - Nottingham,,true,1,,,265
145867,427,2021-06-08T00:00:00Z,Primary Election,Democratic,,,546,County Board Member,,2934,Locality,Arlington County,61055,Chanda Choun,,,7243,Precinct,37 - Nottingham,,false,1,,,120
145867,427,2021-06-08T00:00:00Z,Primary Election,Democratic,,,546,County Board Member,,2934,Locality,Arlington County,6,Write-Ins,,,7243,Precinct,37 - Nottingham,,false,1,,,0
145867,427,2021-06-08T00:00:00Z,Primary Election,Democratic,,,546,County Board Member,,2934,Locality,Arlington County,4,Total Votes Cast,,,7243,Precinct,37 - Nottingham,,false,1,,,385
145867,427,2021-06-08T00:00:00Z,Primary Election,Democratic,,,546,County Board Member,,2934,Locality,Arlington County,3,Undervotes,,,7243,Precinct,37 - Nottingham,,false,1,,,0
145867,427,2021-06-08T00:00:00Z,Primary Election,Democratic,,,546,County Board Member,,2934,Locality,Arlington County,82147,Takis Panagiotis Karantonis,,,7244,Precinct,38 - Arlington View,,true,1,,,173
145867,427,2021-06-08T00:00:00Z,Primary Election,Democratic,,,546,County Board Member,,2934,Locality,Arlington County,61055,Chanda Choun,,,7244,Precinct,38 - Arlington View,,false,1,,,117
145867,427,2021-06-08T00:00:00Z,Primary Election,Democratic,,,546,County Board Member,,2934,Locality,Arlington County,6,Write-Ins,,,7244,Precinct,38 - Arlington View,,false,1,,,0
145867,427,2021-06-08T00:00:00Z,Primary Election,Democratic,,,546,County Board Member,,2934,Locality,Arlington County,4,Total Votes Cast,,,7244,Precinct,38 - Arlington View,,false,1,,,290
145867,427,2021-06-08T00:00:00Z,Primary Election,Democratic,,,546,County Board Member,,2934,Locality,Arlington County,3,Undervotes,,,7244,Precinct,38 - Arlington View,,false,1,,,0
145867,427,2021-06-08T00:00:00Z,Primary Election,Democratic,,,546,County Board Member,,2934,Locality,Arlington County,82147,Takis Panagiotis Karantonis,,,7245,Precinct,39 - Ashlawn,,true,1,,,163
145867,427,2021-06-08T00:00:00Z,Primary Election,Democratic,,,546,County Board Member,,2934,Locality,Arlington County,61055,Chanda Choun,,,7245,Precinct,39 - Ashlawn,,false,1,,,61
145867,427,2021-06-08T00:00:00Z,Primary Election,Democratic,,,546,County Board Member,,2934,Locality,Arlington County,6,Write-Ins,,,7245,Precinct,39 - Ashlawn,,false,1,,,0
145867,427,2021-06-08T00:00:00Z,Primary Election,Democratic,,,546,County Board Member,,2934,Locality,Arlington County,4,Total Votes Cast,,,7245,Precinct,39 - Ashlawn,,false,1,,,224
145867,427,2021-06-08T00:00:00Z,Primary Election,Democratic,,,546,County Board Member,,2934,Locality,Arlington County,3,Undervotes,,,7245,Precinct,39 - Ashlawn,,false,1,,,0
145867,427,2021-06-08T00:00:00Z,Primary Election,Democratic,,,546,County Board Member,,2934,Locality,Arlington County,82147,Takis Panagiotis Karantonis,,,7246,Precinct,40 - Virginia Square,,true,1,,,207
145867,427,2021-06-08T00:00:00Z,Primary Election,Democratic,,,546,County Board Member,,2934,Locality,Arlington County,61055,Chanda Choun,,,7246,Precinct,40 - Virginia Square,,false,1,,,108
145867,427,2021-06-08T00:00:00Z,Primary Election,Democratic,,,546,County Board Member,,2934,Locality,Arlington County,6,Write-Ins,,,7246,Precinct,40 - Virginia Square,,false,1,,,0
145867,427,2021-06-08T00:00:00Z,Primary Election,Democratic,,,546,County Board Member,,2934,Locality,Arlington County,4,Total Votes Cast,,,7246,Precinct,40 - Virginia Square,,false,1,,,315
145867,427,2021-06-08T00:00:00Z,Primary Election,Democratic,,,546,County Board Member,,2934,Locality,Arlington County,3,Undervotes,,,7246,Precinct,40 - Virginia Square,,false,1,,,0
145867,427,2021-06-08T00:00:00Z,Primary Election,Democratic,,,546,County Board Member,,2934,Locality,Arlington County,82147,Takis Panagiotis Karantonis,,,24935,Precinct,41 - Navy League,,true,1,,,164
145867,427,2021-06-08T00:00:00Z,Primary Election,Democratic,,,546,County Board Member,,2934,Locality,Arlington County,61055,Chanda Choun,,,24935,Precinct,41 - Navy League,,false,1,,,88
145867,427,2021-06-08T00:00:00Z,Primary Election,Democratic,,,546,County Board Member,,2934,Locality,Arlington County,6,Write-Ins,,,24935,Precinct,41 - Navy League,,false,1,,,0
145867,427,2021-06-08T00:00:00Z,Primary Election,Democratic,,,546,County Board Member,,2934,Locality,Arlington County,4,Total Votes Cast,,,24935,Precinct,41 - Navy League,,false,1,,,252
145867,427,2021-06-08T00:00:00Z,Primary Election,Democratic,,,546,County Board Member,,2934,Locality,Arlington County,3,Undervotes,,,24935,Precinct,41 - Navy League,,false,1,,,0
145867,427,2021-06-08T00:00:00Z,Primary Election,Democratic,,,546,County Board Member,,2934,Locality,Arlington County,82147,Takis Panagiotis Karantonis,,,7248,Precinct,42 - Shirlington,,true,1,,,168
145867,427,2021-06-08T00:00:00Z,Primary Election,Democratic,,,546,County Board Member,,2934,Locality,Arlington County,61055,Chanda Choun,,,7248,Precinct,42 - Shirlington,,false,1,,,99
145867,427,2021-06-08T00:00:00Z,Primary Election,Democratic,,,546,County Board Member,,2934,Locality,Arlington County,6,Write-Ins,,,7248,Precinct,42 - Shirlington,,false,1,,,0
145867,427,2021-06-08T00:00:00Z,Primary Election,Democratic,,,546,County Board Member,,2934,Locality,Arlington County,4,Total Votes Cast,,,7248,Precinct,42 - Shirlington,,false,1,,,267
145867,427,2021-06-08T00:00:00Z,Primary Election,Democratic,,,546,County Board Member,,2934,Locality,Arlington County,3,Undervotes,,,7248,Precinct,42 - Shirlington,,false,1,,,0
145867,427,2021-06-08T00:00:00Z,Primary Election,Democratic,,,546,County Board Member,,2934,Locality,Arlington County,82147,Takis Panagiotis Karantonis,,,24936,Precinct,43 - Campbell,,true,1,,,144
145867,427,2021-06-08T00:00:00Z,Primary Election,Democratic,,,546,County Board Member,,2934,Locality,Arlington County,61055,Chanda Choun,,,24936,Precinct,43 - Campbell,,false,1,,,66
145867,427,2021-06-08T00:00:00Z,Primary Election,Democratic,,,546,County Board Member,,2934,Locality,Arlington County,6,Write-Ins,,,24936,Precinct,43 - Campbell,,false,1,,,0
145867,427,2021-06-08T00:00:00Z,Primary Election,Democratic,,,546,County Board Member,,2934,Locality,Arlington County,4,Total Votes Cast,,,24936,Precinct,43 - Campbell,,false,1,,,210
145867,427,2021-06-08T00:00:00Z,Primary Election,Democratic,,,546,County Board Member,,2934,Locality,Arlington County,3,Undervotes,,,24936,Precinct,43 - Campbell,,false,1,,,0
145867,427,2021-06-08T00:00:00Z,Primary Election,Democratic,,,546,County Board Member,,2934,Locality,Arlington County,82147,Takis Panagiotis Karantonis,,,7250,Precinct,44 - Dawson Terrace,,true,1,,,115
145867,427,2021-06-08T00:00:00Z,Primary Election,Democratic,,,546,County Board Member,,2934,Locality,Arlington County,61055,Chanda Choun,,,7250,Precinct,44 - Dawson Terrace,,false,1,,,99
145867,427,2021-06-08T00:00:00Z,Primary Election,Democratic,,,546,County Board Member,,2934,Locality,Arlington County,6,Write-Ins,,,7250,Precinct,44 - Dawson Terrace,,false,1,,,0
145867,427,2021-06-08T00:00:00Z,Primary Election,Democratic,,,546,County Board Member,,2934,Locality,Arlington County,4,Total Votes Cast,,,7250,Precinct,44 - Dawson Terrace,,false,1,,,214
145867,427,2021-06-08T00:00:00Z,Primary Election,Democratic,,,546,County Board Member,,2934,Locality,Arlington County,3,Undervotes,,,7250,Precinct,44 - Dawson Terrace,,false,1,,,0
145867,427,2021-06-08T00:00:00Z,Primary Election,Democratic,,,546,County Board Member,,2934,Locality,Arlington County,82147,Takis Panagiotis Karantonis,,,7251,Precinct,45 - Buckingham,,true,1,,,154
145867,427,2021-06-08T00:00:00Z,Primary Election,Democratic,,,546,County Board Member,,2934,Locality,Arlington County,61055,Chanda Choun,,,7251,Precinct,45 - Buckingham,,false,1,,,75
145867,427,2021-06-08T00:00:00Z,Primary Election,Democratic,,,546,County Board Member,,2934,Locality,Arlington County,6,Write-Ins,,,7251,Precinct,45 - Buckingham,,false,1,,,0
145867,427,2021-06-08T00:00:00Z,Primary Election,Democratic,,,546,County Board Member,,2934,Locality,Arlington County,4,Total Votes Cast,,,7251,Precinct,45 - Buckingham,,false,1,,,229
145867,427,2021-06-08T00:00:00Z,Primary Election,Democratic,,,546,County Board Member,,2934,Locality,Arlington County,3,Undervotes,,,7251,Precinct,45 - Buckingham,,false,1,,,0
145867,427,2021-06-08T00:00:00Z,Primary Election,Democratic,,,546,County Board Member,,2934,Locality,Arlington County,82147,Takis Panagiotis Karantonis,,,7252,Precinct,46 - Central,,true,1,,,195
145867,427,2021-06-08T00:00:00Z,Primary Election,Democratic,,,546,County Board Member,,2934,Locality,Arlington County,61055,Chanda Choun,,,7252,Precinct,46 - Central,,false,1,,,85
145867,427,2021-06-08T00:00:00Z,Primary Election,Democratic,,,546,County Board Member,,2934,Locality,Arlington County,6,Write-Ins,,,7252,Precinct,46 - Central,,false,1,,,0
145867,427,2021-06-08T00:00:00Z,Primary Election,Democratic,,,546,County Board Member,,2934,Locality,Arlington County,4,Total Votes Cast,,,7252,Precinct,46 - Central,,false,1,,,280
145867,427,2021-06-08T00:00:00Z,Primary Election,Democratic,,,546,County Board Member,,2934,Locality,Arlington County,3,Undervotes,,,7252,Precinct,46 - Central,,false,1,,,0
145867,427,2021-06-08T00:00:00Z,Primary Election,Democratic,,,546,County Board Member,,2934,Locality,Arlington County,82147,Takis Panagiotis Karantonis,,,7253,Precinct,47 - Four Mile Run,,true,1,,,186
145867,427,2021-06-08T00:00:00Z,Primary Election,Democratic,,,546,County Board Member,,2934,Locality,Arlington County,61055,Chanda Choun,,,7253,Precinct,47 - Four Mile Run,,false,1,,,95
145867,427,2021-06-08T00:00:00Z,Primary Election,Democratic,,,546,County Board Member,,2934,Locality,Arlington County,6,Write-Ins,,,7253,Precinct,47 - Four Mile Run,,false,1,,,0
145867,427,2021-06-08T00:00:00Z,Primary Election,Democratic,,,546,County Board Member,,2934,Locality,Arlington County,4,Total Votes Cast,,,7253,Precinct,47 - Four Mile Run,,false,1,,,281
145867,427,2021-06-08T00:00:00Z,Primary Election,Democratic,,,546,County Board Member,,2934,Locality,Arlington County,3,Undervotes,,,7253,Precinct,47 - Four Mile Run,,false,1,,,0
145867,427,2021-06-08T00:00:00Z,Primary Election,Democratic,,,546,County Board Member,,2934,Locality,Arlington County,82147,Takis Panagiotis Karantonis,,,24937,Precinct,48 - Ausa,,true,1,,,116
145867,427,2021-06-08T00:00:00Z,Primary Election,Democratic,,,546,County Board Member,,2934,Locality,Arlington County,61055,Chanda Choun,,,24937,Precinct,48 - Ausa,,false,1,,,55
145867,427,2021-06-08T00:00:00Z,Primary Election,Democratic,,,546,County Board Member,,2934,Locality,Arlington County,6,Write-Ins,,,24937,Precinct,48 - Ausa,,false,1,,,0
145867,427,2021-06-08T00:00:00Z,Primary Election,Democratic,,,546,County Board Member,,2934,Locality,Arlington County,4,Total Votes Cast,,,24937,Precinct,48 - Ausa,,false,1,,,171
145867,427,2021-06-08T00:00:00Z,Primary Election,Democratic,,,546,County Board Member,,2934,Locality,Arlington County,3,Undervotes,,,24937,Precinct,48 - Ausa,,false,1,,,0
145867,427,2021-06-08T00:00:00Z,Primary Election,Democratic,,,546,County Board Member,,2934,Locality,Arlington County,82147,Takis Panagiotis Karantonis,,,7255,Precinct,49 - Monroe,,true,1,,,134
145867,427,2021-06-08T00:00:00Z,Primary Election,Democratic,,,546,County Board Member,,2934,Locality,Arlington County,61055,Chanda Choun,,,7255,Precinct,49 - Monroe,,false,1,,,59
145867,427,2021-06-08T00:00:00Z,Primary Election,Democratic,,,546,County Board Member,,2934,Locality,Arlington County,6,Write-Ins,,,7255,Precinct,49 - Monroe,,false,1,,,0
145867,427,2021-06-08T00:00:00Z,Primary Election,Democratic,,,546,County Board Member,,2934,Locality,Arlington County,4,Total Votes Cast,,,7255,Precinct,49 - Monroe,,false,1,,,193
145867,427,2021-06-08T00:00:00Z,Primary Election,Democratic,,,546,County Board Member,,2934,Locality,Arlington County,3,Undervotes,,,7255,Precinct,49 - Monroe,,false,1,,,0
145867,427,2021-06-08T00:00:00Z,Primary Election,Democratic,,,546,County Board Member,,2934,Locality,Arlington County,82147,Takis Panagiotis Karantonis,,,7256,Precinct,50 - Crystal Plaza,,true,1,,,128
145867,427,2021-06-08T00:00:00Z,Primary Election,Democratic,,,546,County Board Member,,2934,Locality,Arlington County,61055,Chanda Choun,,,7256,Precinct,50 - Crystal Plaza,,false,1,,,88
145867,427,2021-06-08T00:00:00Z,Primary Election,Democratic,,,546,County Board Member,,2934,Locality,Arlington County,6,Write-Ins,,,7256,Precinct,50 - Crystal Plaza,,false,1,,,0
145867,427,2021-06-08T00:00:00Z,Primary Election,Democratic,,,546,County Board Member,,2934,Locality,Arlington County,4,Total Votes Cast,,,7256,Precinct,50 - Crystal Plaza,,false,1,,,216
145867,427,2021-06-08T00:00:00Z,Primary Election,Democratic,,,546,County Board Member,,2934,Locality,Arlington County,3,Undervotes,,,7256,Precinct,50 - Crystal Plaza,,false,1,,,0
145867,427,2021-06-08T00:00:00Z,Primary Election,Democratic,,,546,County Board Member,,2934,Locality,Arlington County,82147,Takis Panagiotis Karantonis,,,7257,Precinct,51 - Taylor,,true,1,,,93
145867,427,2021-06-08T00:00:00Z,Primary Election,Democratic,,,546,County Board Member,,2934,Locality,Arlington County,61055,Chanda Choun,,,7257,Precinct,51 - Taylor,,false,1,,,43
145867,427,2021-06-08T00:00:00Z,Primary Election,Democratic,,,546,County Board Member,,2934,Locality,Arlington County,6,Write-Ins,,,7257,Precinct,51 - Taylor,,false,1,,,0
145867,427,2021-06-08T00:00:00Z,Primary Election,Democratic,,,546,County Board Member,,2934,Locality,Arlington County,4,Total Votes Cast,,,7257,Precinct,51 - Taylor,,false,1,,,136
145867,427,2021-06-08T00:00:00Z,Primary Election,Democratic,,,546,County Board Member,,2934,Locality,Arlington County,3,Undervotes,,,7257,Precinct,51 - Taylor,,false,1,,,0
145867,427,2021-06-08T00:00:00Z,Primary Election,Democratic,,,546,County Board Member,,2934,Locality,Arlington County,82147,Takis Panagiotis Karantonis,,,7258,Precinct,52 - Gunston,,true,1,,,114
145867,427,2021-06-08T00:00:00Z,Primary Election,Democratic,,,546,County Board Member,,2934,Locality,Arlington County,61055,Chanda Choun,,,7258,Precinct,52 - Gunston,,false,1,,,57
145867,427,2021-06-08T00:00:00Z,Primary Election,Democratic,,,546,County Board Member,,2934,Locality,Arlington County,6,Write-Ins,,,7258,Precinct,52 - Gunston,,false,1,,,0
145867,427,2021-06-08T00:00:00Z,Primary Election,Democratic,,,546,County Board Member,,2934,Locality,Arlington County,4,Total Votes Cast,,,7258,Precinct,52 - Gunston,,false,1,,,171
145867,427,2021-06-08T00:00:00Z,Primary Election,Democratic,,,546,County Board Member,,2934,Locality,Arlington County,3,Undervotes,,,7258,Precinct,52 - Gunston,,false,1,,,0
145867,427,2021-06-08T00:00:00Z,Primary Election,Democratic,,,546,County Board Member,,2934,Locality,Arlington County,82147,Takis Panagiotis Karantonis,,,24938,Precinct,53 - Met Park,,true,1,,,171
145867,427,2021-06-08T00:00:00Z,Primary Election,Democratic,,,546,County Board Member,,2934,Locality,Arlington County,61055,Chanda Choun,,,24938,Precinct,53 - Met Park,,false,1,,,122
145867,427,2021-06-08T00:00:00Z,Primary Election,Democratic,,,546,County Board Member,,2934,Locality,Arlington County,6,Write-Ins,,,24938,Precinct,53 - Met Park,,false,1,,,0
145867,427,2021-06-08T00:00:00Z,Primary Election,Democratic,,,546,County Board Member,,2934,Locality,Arlington County,4,Total Votes Cast,,,24938,Precinct,53 - Met Park,,false,1,,,293
145867,427,2021-06-08T00:00:00Z,Primary Election,Democratic,,,546,County Board Member,,2934,Locality,Arlington County,3,Undervotes,,,24938,Precinct,53 - Met Park,,false,1,,,0
145867,427,2021-06-08T00:00:00Z,Primary Election,Democratic,,,546,County Board Member,,2934,Locality,Arlington County,82147,Takis Panagiotis Karantonis,,,24939,Precinct,54 - Garfield Park,,true,1,,,107
145867,427,2021-06-08T00:00:00Z,Primary Election,Democratic,,,546,County Board Member,,2934,Locality,Arlington County,61055,Chanda Choun,,,24939,Precinct,54 - Garfield Park,,false,1,,,47
145867,427,2021-06-08T00:00:00Z,Primary Election,Democratic,,,546,County Board Member,,2934,Locality,Arlington County,6,Write-Ins,,,24939,Precinct,54 - Garfield Park,,false,1,,,0
145867,427,2021-06-08T00:00:00Z,Primary Election,Democratic,,,546,County Board Member,,2934,Locality,Arlington County,4,Total Votes Cast,,,24939,Precinct,54 - Garfield Park,,false,1,,,154
145867,427,2021-06-08T00:00:00Z,Primary Election,Democratic,,,546,County Board Member,,2934,Locality,Arlington County,3,Undervotes,,,24939,Precinct,54 - Garfield Park,,false,1,,,0
145867,427,2021-06-08T00:00:00Z,Primary Election,Democratic,,,546,County Board Member,,2934,Locality,Arlington County,82147,Takis Panagiotis Karantonis,,,7205,Precinct,Ab - Central Absentee Precinct,,true,1,,,4267
145867,427,2021-06-08T00:00:00Z,Primary Election,Democratic,,,546,County Board Member,,2934,Locality,Arlington County,61055,Chanda Choun,,,7205,Precinct,Ab - Central Absentee Precinct,,false,1,,,1664
145867,427,2021-06-08T00:00:00Z,Primary Election,Democratic,,,546,County Board Member,,2934,Locality,Arlington County,6,Write-Ins,,,7205,Precinct,Ab - Central Absentee Precinct,,false,1,,,0
145867,427,2021-06-08T00:00:00Z,Primary Election,Democratic,,,546,County Board Member,,2934,Locality,Arlington County,4,Total Votes Cast,,,7205,Precinct,Ab - Central Absentee Precinct,,false,1,,,5931
145867,427,2021-06-08T00:00:00Z,Primary Election,Democratic,,,546,County Board Member,,2934,Locality,Arlington County,3,Undervotes,,,7205,Precinct,Ab - Central Absentee Precinct,,false,1,,,0
145867,427,2021-06-08T00:00:00Z,Primary Election,Democratic,,,546,County Board Member,,2934,Locality,Arlington County,82147,Takis Panagiotis Karantonis,,,7206,Precinct,Provisional,,true,1,,,59
145867,427,2021-06-08T00:00:00Z,Primary Election,Democratic,,,546,County Board Member,,2934,Locality,Arlington County,61055,Chanda Choun,,,7206,Precinct,Provisional,,false,1,,,20
145867,427,2021-06-08T00:00:00Z,Primary Election,Democratic,,,546,County Board Member,,2934,Locality,Arlington County,6,Write-Ins,,,7206,Precinct,Provisional,,false,1,,,0
145867,427,2021-06-08T00:00:00Z,Primary Election,Democratic,,,546,County Board Member,,2934,Locality,Arlington County,4,Total Votes Cast,,,7206,Precinct,Provisional,,false,1,,,79
145867,427,2021-06-08T00:00:00Z,Primary Election,Democratic,,,546,County Board Member,,2934,Locality,Arlington County,3,Undervotes,,,7206,Precinct,Provisional,,false,1,,,0
