name,term_number,district,start_year,start_month,end_year,end_month,seated_by,source,note,race,race_source,race_note,gender,gender_source,gender_note,party,party_source,party_note
H. Dwight Smith,1,Arlington,1870,5,1871,5,election,oleary2010 p.9,,White,assumed,,man,assumed,,,,
Storm V. Boyd,1,Jefferson,1870,5,1870,9,election,oleary2010 p.9,,White,assumed,,man,assumed,,,,
Charles W. Payne,1,Washington,1870,5,1871,5,election,oleary2010 p.9,,White,assumed,,man,assumed,,,,
Roach,1,Jefferson,1870,9,1871,5,unrecorded,oleary2010 p.9,Took the seat mid-term.,White,assumed,,man,assumed,,,,
H. Dwight Smith,2,Arlington,1871,5,1872,5,election,oleary2010 p.9,,White,assumed,,man,assumed,,,,
William A. Rowe,1,Jefferson,1871,5,1872,5,election,oleary2010 p.9,,Black,hjerpe2021 p.2; census1880rowe,"stated directly: “The first such member, William A. Rowe, was Alexandria County's first black police officer.” | census listing, read against the sheet, which agrees; the record reads Mulatto, coded Black as Pinn's 1880 record is; matched on the name and Alexandria County: “Name William A. Rowe · Age 46 · Birth Date Abt 1834 · Birthplace Virginia · Home in 1880 Arlington, Alexandria, Virginia, USA · Dwelling Number 149 · Race Mulatto · Gender Male · Relation to Head of House Self (Head) · Marital Status Married · Spouse's Name Ellen B. Rowe · Occupation Farmer · Household Members George K. Rowe 12 Son, Anna E. Rowe 11 Daughter, John B. Rowe 9 Son, Robert D. Rowe 7 Son, William A. Rowe 46 Self (Head), Ellen B. Rowe 44 Wife”",man,census1880rowe,"census listing, read against the sheet, which agrees; the record reads Mulatto, coded Black as Pinn's 1880 record is; matched on the name and Alexandria County: “Name William A. Rowe · Age 46 · Birth Date Abt 1834 · Birthplace Virginia · Home in 1880 Arlington, Alexandria, Virginia, USA · Dwelling Number 149 · Race Mulatto · Gender Male · Relation to Head of House Self (Head) · Marital Status Married · Spouse's Name Ellen B. Rowe · Occupation Farmer · Household Members George K. Rowe 12 Son, Anna E. Rowe 11 Daughter, John B. Rowe 9 Son, Robert D. Rowe 7 Son, William A. Rowe 46 Self (Head), Ellen B. Rowe 44 Wife”",,,
Edward Deeble,1,Washington,1871,5,1872,5,election,oleary2010 p.9,,White,assumed,,man,assumed,,,,
John B. Syphax,1,Arlington,1872,5,1872,12,election,oleary2010 p.10,,Black,hjerpe2021 title page; oleary2010 p.6; census1880syphax,"named in the author's own list of open questions: “In my research, I found census records which seemed to indicate that there were 5 Black members of the county board during the 1870s and 1880s: William A. Rowe, John B. Syphax, Travis B. Pinn, John W. Pendleton, and Tibbett Allen.” | photographic: “Yet, neither Henry Holmes nor John B. Syphax, whose photos clearly demonstrate that they were African Americans were so labeled.” | census listing, read against the sheet, which agrees; the record reads Mulatto, coded Black as Pinn's 1880 record is; matched on the name, Alexandria County and the occupation, justice of the peace: “Name John Syphax · Age 41 · Birth Date Abt 1839 · Birthplace Virginia · Home in 1880 Arlington, Alexandria, Virginia, USA · Dwelling Number 104 · Race Mulatto · Gender Male · Relation to Head of House Son · Marital Status Single · Mother's Name Maria Syphax · Occupation Justice of the peace · Household Members Maria Syphax 76 Self (Head), Austin Syphax 49 Son, Shorter Syphax 47 Son, John Syphax 41 Son”",man,census1880syphax,"census listing, read against the sheet, which agrees; the record reads Mulatto, coded Black as Pinn's 1880 record is; matched on the name, Alexandria County and the occupation, justice of the peace: “Name John Syphax · Age 41 · Birth Date Abt 1839 · Birthplace Virginia · Home in 1880 Arlington, Alexandria, Virginia, USA · Dwelling Number 104 · Race Mulatto · Gender Male · Relation to Head of House Son · Marital Status Single · Mother's Name Maria Syphax · Occupation Justice of the peace · Household Members Maria Syphax 76 Self (Head), Austin Syphax 49 Son, Shorter Syphax 47 Son, John Syphax 41 Son”",,,
William A. Rowe,2,Jefferson,1872,5,1873,5,election,oleary2010 p.10,,Black,hjerpe2021 p.2; census1880rowe,"stated directly: “The first such member, William A. Rowe, was Alexandria County's first black police officer.” | census listing, read against the sheet, which agrees; the record reads Mulatto, coded Black as Pinn's 1880 record is; matched on the name and Alexandria County: “Name William A. Rowe · Age 46 · Birth Date Abt 1834 · Birthplace Virginia · Home in 1880 Arlington, Alexandria, Virginia, USA · Dwelling Number 149 · Race Mulatto · Gender Male · Relation to Head of House Self (Head) · Marital Status Married · Spouse's Name Ellen B. Rowe · Occupation Farmer · Household Members George K. Rowe 12 Son, Anna E. Rowe 11 Daughter, John B. Rowe 9 Son, Robert D. Rowe 7 Son, William A. Rowe 46 Self (Head), Ellen B. Rowe 44 Wife”",man,census1880rowe,"census listing, read against the sheet, which agrees; the record reads Mulatto, coded Black as Pinn's 1880 record is; matched on the name and Alexandria County: “Name William A. Rowe · Age 46 · Birth Date Abt 1834 · Birthplace Virginia · Home in 1880 Arlington, Alexandria, Virginia, USA · Dwelling Number 149 · Race Mulatto · Gender Male · Relation to Head of House Self (Head) · Marital Status Married · Spouse's Name Ellen B. Rowe · Occupation Farmer · Household Members George K. Rowe 12 Son, Anna E. Rowe 11 Daughter, John B. Rowe 9 Son, Robert D. Rowe 7 Son, William A. Rowe 46 Self (Head), Ellen B. Rowe 44 Wife”",,,
Henry W. Febrey,1,Washington,1872,5,1873,5,election,oleary2010 p.10,,White,census1880febrey,"census listing; the index reads the surname as Febery and gives no middle initial; matched on the name and Alexandria County: “Name Henry Febery [Henry Febrey] · Age 52 · Birth Date Abt 1828 · Birthplace Virginia · Home in 1880 Washington, Alexandria, Virginia, USA · Dwelling Number 8 · Race White · Gender Male · Relation to Head of House Self (Head) · Marital Status Married · Spouse's Name Margaret Febery · Occupation Farmer · Household Members Henry Febery 52 Self (Head), Margaret Febery 49 Wife, William Febery 29 Son, James Febery 27 Son, Lillie Febery 21 Daughter, Nettie Febery 20 Daughter”",man,census1880febrey,"census listing; the index reads the surname as Febery and gives no middle initial; matched on the name and Alexandria County: “Name Henry Febery [Henry Febrey] · Age 52 · Birth Date Abt 1828 · Birthplace Virginia · Home in 1880 Washington, Alexandria, Virginia, USA · Dwelling Number 8 · Race White · Gender Male · Relation to Head of House Self (Head) · Marital Status Married · Spouse's Name Margaret Febery · Occupation Farmer · Household Members Henry Febery 52 Self (Head), Margaret Febery 49 Wife, William Febery 29 Son, James Febery 27 Son, Lillie Febery 21 Daughter, Nettie Febery 20 Daughter”",,,
H. Dwight Smith,3,Arlington,1872,12,1873,3,unrecorded,oleary2010 p.10,Took the seat mid-term.,White,assumed,,man,assumed,,,,
Lott W. Crocker,1,Arlington,1873,3,1873,4,unrecorded,oleary2010 p.10,Took the seat mid-term.,White,assumed,,man,assumed,,,,
Francis D. Schutt,1,Arlington,1873,4,1873,5,unrecorded,oleary2010 p.10,Took the seat mid-term.,White,assumed,,man,assumed,,,,
Francis D. Schutt,2,Arlington,1873,5,1874,5,election,oleary2010 p.10,,White,assumed,,man,assumed,,,,
William A. Rowe,3,Jefferson,1873,5,1874,5,election,oleary2010 p.10,,Black,hjerpe2021 p.2; census1880rowe,"stated directly: “The first such member, William A. Rowe, was Alexandria County's first black police officer.” | census listing, read against the sheet, which agrees; the record reads Mulatto, coded Black as Pinn's 1880 record is; matched on the name and Alexandria County: “Name William A. Rowe · Age 46 · Birth Date Abt 1834 · Birthplace Virginia · Home in 1880 Arlington, Alexandria, Virginia, USA · Dwelling Number 149 · Race Mulatto · Gender Male · Relation to Head of House Self (Head) · Marital Status Married · Spouse's Name Ellen B. Rowe · Occupation Farmer · Household Members George K. Rowe 12 Son, Anna E. Rowe 11 Daughter, John B. Rowe 9 Son, Robert D. Rowe 7 Son, William A. Rowe 46 Self (Head), Ellen B. Rowe 44 Wife”",man,census1880rowe,"census listing, read against the sheet, which agrees; the record reads Mulatto, coded Black as Pinn's 1880 record is; matched on the name and Alexandria County: “Name William A. Rowe · Age 46 · Birth Date Abt 1834 · Birthplace Virginia · Home in 1880 Arlington, Alexandria, Virginia, USA · Dwelling Number 149 · Race Mulatto · Gender Male · Relation to Head of House Self (Head) · Marital Status Married · Spouse's Name Ellen B. Rowe · Occupation Farmer · Household Members George K. Rowe 12 Son, Anna E. Rowe 11 Daughter, John B. Rowe 9 Son, Robert D. Rowe 7 Son, William A. Rowe 46 Self (Head), Ellen B. Rowe 44 Wife”",,,
Samuel Titus,1,Washington,1873,12,1874,5,appointment,oleary2010 p.10,,White,census1880titus,"census listing, read against the sheet, which agrees; matched on the name and Alexandria County: “Name Samuel Titus · Age 65 · Birth Date Abt 1815 · Birthplace Virginia · Home in 1880 Washington, Alexandria, Virginia, USA · Dwelling Number 8 · Race White · Gender Male · Relation to Head of House Self (Head) · Marital Status Married · Spouse's Name Martha Titus · Occupation Farmer · Household Members Samuel Titus 65 Self (Head), Martha Titus 65 Wife, Indianna Titus 24 Daughter, Bell Hitchcock 23 Niece”",man,census1880titus,"census listing, read against the sheet, which agrees; matched on the name and Alexandria County: “Name Samuel Titus · Age 65 · Birth Date Abt 1815 · Birthplace Virginia · Home in 1880 Washington, Alexandria, Virginia, USA · Dwelling Number 8 · Race White · Gender Male · Relation to Head of House Self (Head) · Marital Status Married · Spouse's Name Martha Titus · Occupation Farmer · Household Members Samuel Titus 65 Self (Head), Martha Titus 65 Wife, Indianna Titus 24 Daughter, Bell Hitchcock 23 Niece”",,,
Francis G. Schutt,1,Arlington,1874,5,1875,5,election,oleary2010 p.11,,White,assumed,,man,assumed,,,,
William A. Rowe,4,Jefferson,1874,5,1875,5,election,oleary2010 p.11,,Black,hjerpe2021 p.2; census1880rowe,"stated directly: “The first such member, William A. Rowe, was Alexandria County's first black police officer.” | census listing, read against the sheet, which agrees; the record reads Mulatto, coded Black as Pinn's 1880 record is; matched on the name and Alexandria County: “Name William A. Rowe · Age 46 · Birth Date Abt 1834 · Birthplace Virginia · Home in 1880 Arlington, Alexandria, Virginia, USA · Dwelling Number 149 · Race Mulatto · Gender Male · Relation to Head of House Self (Head) · Marital Status Married · Spouse's Name Ellen B. Rowe · Occupation Farmer · Household Members George K. Rowe 12 Son, Anna E. Rowe 11 Daughter, John B. Rowe 9 Son, Robert D. Rowe 7 Son, William A. Rowe 46 Self (Head), Ellen B. Rowe 44 Wife”",man,census1880rowe,"census listing, read against the sheet, which agrees; the record reads Mulatto, coded Black as Pinn's 1880 record is; matched on the name and Alexandria County: “Name William A. Rowe · Age 46 · Birth Date Abt 1834 · Birthplace Virginia · Home in 1880 Arlington, Alexandria, Virginia, USA · Dwelling Number 149 · Race Mulatto · Gender Male · Relation to Head of House Self (Head) · Marital Status Married · Spouse's Name Ellen B. Rowe · Occupation Farmer · Household Members George K. Rowe 12 Son, Anna E. Rowe 11 Daughter, John B. Rowe 9 Son, Robert D. Rowe 7 Son, William A. Rowe 46 Self (Head), Ellen B. Rowe 44 Wife”",,,
Gilbert Vandenberg,1,Washington,1874,5,1875,5,election,oleary2010 p.11,,White,assumed,,man,assumed,,,,
Francis G. Schutt,2,Arlington,1875,5,1877,5,election,oleary2010 p.12,,White,assumed,,man,assumed,,,,
William A. Rowe,5,Jefferson,1875,5,1877,5,election,oleary2010 p.12,,Black,hjerpe2021 p.2; census1880rowe,"stated directly: “The first such member, William A. Rowe, was Alexandria County's first black police officer.” | census listing, read against the sheet, which agrees; the record reads Mulatto, coded Black as Pinn's 1880 record is; matched on the name and Alexandria County: “Name William A. Rowe · Age 46 · Birth Date Abt 1834 · Birthplace Virginia · Home in 1880 Arlington, Alexandria, Virginia, USA · Dwelling Number 149 · Race Mulatto · Gender Male · Relation to Head of House Self (Head) · Marital Status Married · Spouse's Name Ellen B. Rowe · Occupation Farmer · Household Members George K. Rowe 12 Son, Anna E. Rowe 11 Daughter, John B. Rowe 9 Son, Robert D. Rowe 7 Son, William A. Rowe 46 Self (Head), Ellen B. Rowe 44 Wife”",man,census1880rowe,"census listing, read against the sheet, which agrees; the record reads Mulatto, coded Black as Pinn's 1880 record is; matched on the name and Alexandria County: “Name William A. Rowe · Age 46 · Birth Date Abt 1834 · Birthplace Virginia · Home in 1880 Arlington, Alexandria, Virginia, USA · Dwelling Number 149 · Race Mulatto · Gender Male · Relation to Head of House Self (Head) · Marital Status Married · Spouse's Name Ellen B. Rowe · Occupation Farmer · Household Members George K. Rowe 12 Son, Anna E. Rowe 11 Daughter, John B. Rowe 9 Son, Robert D. Rowe 7 Son, William A. Rowe 46 Self (Head), Ellen B. Rowe 44 Wife”",,,
Gilbert Vandenberg,2,Washington,1875,5,1877,5,election,oleary2010 p.12,,White,assumed,,man,assumed,,,,
William H. Robinson,1,Arlington,1877,5,1879,5,election,oleary2010 p.13,,White,assumed,,man,assumed,,,,
William A. Rowe,6,Jefferson,1877,5,1879,5,election,oleary2010 p.13,,Black,hjerpe2021 p.2; census1880rowe,"stated directly: “The first such member, William A. Rowe, was Alexandria County's first black police officer.” | census listing, read against the sheet, which agrees; the record reads Mulatto, coded Black as Pinn's 1880 record is; matched on the name and Alexandria County: “Name William A. Rowe · Age 46 · Birth Date Abt 1834 · Birthplace Virginia · Home in 1880 Arlington, Alexandria, Virginia, USA · Dwelling Number 149 · Race Mulatto · Gender Male · Relation to Head of House Self (Head) · Marital Status Married · Spouse's Name Ellen B. Rowe · Occupation Farmer · Household Members George K. Rowe 12 Son, Anna E. Rowe 11 Daughter, John B. Rowe 9 Son, Robert D. Rowe 7 Son, William A. Rowe 46 Self (Head), Ellen B. Rowe 44 Wife”",man,census1880rowe,"census listing, read against the sheet, which agrees; the record reads Mulatto, coded Black as Pinn's 1880 record is; matched on the name and Alexandria County: “Name William A. Rowe · Age 46 · Birth Date Abt 1834 · Birthplace Virginia · Home in 1880 Arlington, Alexandria, Virginia, USA · Dwelling Number 149 · Race Mulatto · Gender Male · Relation to Head of House Self (Head) · Marital Status Married · Spouse's Name Ellen B. Rowe · Occupation Farmer · Household Members George K. Rowe 12 Son, Anna E. Rowe 11 Daughter, John B. Rowe 9 Son, Robert D. Rowe 7 Son, William A. Rowe 46 Self (Head), Ellen B. Rowe 44 Wife”",,,
Charles W. Payne,2,Washington,1877,5,1879,5,election,oleary2010 p.13,,White,assumed,,man,assumed,,,,
William A. Rowe,7,Arlington,1879,5,1881,5,election,oleary2010 p.14,,Black,hjerpe2021 p.2; census1880rowe,"stated directly: “The first such member, William A. Rowe, was Alexandria County's first black police officer.” | census listing, read against the sheet, which agrees; the record reads Mulatto, coded Black as Pinn's 1880 record is; matched on the name and Alexandria County: “Name William A. Rowe · Age 46 · Birth Date Abt 1834 · Birthplace Virginia · Home in 1880 Arlington, Alexandria, Virginia, USA · Dwelling Number 149 · Race Mulatto · Gender Male · Relation to Head of House Self (Head) · Marital Status Married · Spouse's Name Ellen B. Rowe · Occupation Farmer · Household Members George K. Rowe 12 Son, Anna E. Rowe 11 Daughter, John B. Rowe 9 Son, Robert D. Rowe 7 Son, William A. Rowe 46 Self (Head), Ellen B. Rowe 44 Wife”",man,census1880rowe,"census listing, read against the sheet, which agrees; the record reads Mulatto, coded Black as Pinn's 1880 record is; matched on the name and Alexandria County: “Name William A. Rowe · Age 46 · Birth Date Abt 1834 · Birthplace Virginia · Home in 1880 Arlington, Alexandria, Virginia, USA · Dwelling Number 149 · Race Mulatto · Gender Male · Relation to Head of House Self (Head) · Marital Status Married · Spouse's Name Ellen B. Rowe · Occupation Farmer · Household Members George K. Rowe 12 Son, Anna E. Rowe 11 Daughter, John B. Rowe 9 Son, Robert D. Rowe 7 Son, William A. Rowe 46 Self (Head), Ellen B. Rowe 44 Wife”",,,
Travis B. Pinn,1,Jefferson,1879,5,1881,5,election,oleary2010 p.14,,Black,"hjerpe2021 p.7, Appendix 1; census1880pinn","1880 census record: “1880 US Census Document listing Travis B Pinn, Mixed Race resident of Jefferson Township, Alexandria County” | census listing, read against the sheet, which agrees; the index reads the name as Travres B Pinn and the race as Mulatto, coded Black as Hjerpe's reading of the same record is; matched on the name and Alexandria County: “Name Travres B Pinn · Age 39 · Birth Date Abt 1841 · Birthplace Virginia · Home in 1880 Jefferson, Alexandria, Virginia, USA · Dwelling Number 37 · Race Mulatto · Gender Male · Relation to Head of House Self (Head) · Spouse's Name Susie Pinn · Occupation Farmer · Household Members Travers B. Pinn 7 Son, Centenniel Pinn 3 Daughter, Nancy Beckley 70 Mother-in-law, Travres B Pinn 39 Self (Head), Susie Pinn 33 Wife, Kowson W.t. Pinn 9 Son”",man,census1880pinn,"census listing, read against the sheet, which agrees; the index reads the name as Travres B Pinn and the race as Mulatto, coded Black as Hjerpe's reading of the same record is; matched on the name and Alexandria County: “Name Travres B Pinn · Age 39 · Birth Date Abt 1841 · Birthplace Virginia · Home in 1880 Jefferson, Alexandria, Virginia, USA · Dwelling Number 37 · Race Mulatto · Gender Male · Relation to Head of House Self (Head) · Spouse's Name Susie Pinn · Occupation Farmer · Household Members Travers B. Pinn 7 Son, Centenniel Pinn 3 Daughter, Nancy Beckley 70 Mother-in-law, Travres B Pinn 39 Self (Head), Susie Pinn 33 Wife, Kowson W.t. Pinn 9 Son”",,,
Francis G. Schutt,3,Washington,1879,5,1881,5,election,oleary2010 p.14,,White,assumed,,man,assumed,,,,
William A. Rowe,8,Arlington,1881,5,1883,5,election,oleary2010 p.14,,Black,hjerpe2021 p.2; census1880rowe,"stated directly: “The first such member, William A. Rowe, was Alexandria County's first black police officer.” | census listing, read against the sheet, which agrees; the record reads Mulatto, coded Black as Pinn's 1880 record is; matched on the name and Alexandria County: “Name William A. Rowe · Age 46 · Birth Date Abt 1834 · Birthplace Virginia · Home in 1880 Arlington, Alexandria, Virginia, USA · Dwelling Number 149 · Race Mulatto · Gender Male · Relation to Head of House Self (Head) · Marital Status Married · Spouse's Name Ellen B. Rowe · Occupation Farmer · Household Members George K. Rowe 12 Son, Anna E. Rowe 11 Daughter, John B. Rowe 9 Son, Robert D. Rowe 7 Son, William A. Rowe 46 Self (Head), Ellen B. Rowe 44 Wife”",man,census1880rowe,"census listing, read against the sheet, which agrees; the record reads Mulatto, coded Black as Pinn's 1880 record is; matched on the name and Alexandria County: “Name William A. Rowe · Age 46 · Birth Date Abt 1834 · Birthplace Virginia · Home in 1880 Arlington, Alexandria, Virginia, USA · Dwelling Number 149 · Race Mulatto · Gender Male · Relation to Head of House Self (Head) · Marital Status Married · Spouse's Name Ellen B. Rowe · Occupation Farmer · Household Members George K. Rowe 12 Son, Anna E. Rowe 11 Daughter, John B. Rowe 9 Son, Robert D. Rowe 7 Son, William A. Rowe 46 Self (Head), Ellen B. Rowe 44 Wife”",,,
Travis B. Pinn,2,Jefferson,1881,5,1883,5,election,oleary2010 p.14,,Black,"hjerpe2021 p.7, Appendix 1; census1880pinn","1880 census record: “1880 US Census Document listing Travis B Pinn, Mixed Race resident of Jefferson Township, Alexandria County” | census listing, read against the sheet, which agrees; the index reads the name as Travres B Pinn and the race as Mulatto, coded Black as Hjerpe's reading of the same record is; matched on the name and Alexandria County: “Name Travres B Pinn · Age 39 · Birth Date Abt 1841 · Birthplace Virginia · Home in 1880 Jefferson, Alexandria, Virginia, USA · Dwelling Number 37 · Race Mulatto · Gender Male · Relation to Head of House Self (Head) · Spouse's Name Susie Pinn · Occupation Farmer · Household Members Travers B. Pinn 7 Son, Centenniel Pinn 3 Daughter, Nancy Beckley 70 Mother-in-law, Travres B Pinn 39 Self (Head), Susie Pinn 33 Wife, Kowson W.t. Pinn 9 Son”",man,census1880pinn,"census listing, read against the sheet, which agrees; the index reads the name as Travres B Pinn and the race as Mulatto, coded Black as Hjerpe's reading of the same record is; matched on the name and Alexandria County: “Name Travres B Pinn · Age 39 · Birth Date Abt 1841 · Birthplace Virginia · Home in 1880 Jefferson, Alexandria, Virginia, USA · Dwelling Number 37 · Race Mulatto · Gender Male · Relation to Head of House Self (Head) · Spouse's Name Susie Pinn · Occupation Farmer · Household Members Travers B. Pinn 7 Son, Centenniel Pinn 3 Daughter, Nancy Beckley 70 Mother-in-law, Travres B Pinn 39 Self (Head), Susie Pinn 33 Wife, Kowson W.t. Pinn 9 Son”",,,
Christopher Costello,1,Washington,1881,5,1883,5,election,oleary2010 p.14,,White,census1880costello,"census listing, read against the sheet, which agrees; the head of the household, aged 48; his son of the same name, aged 14, fits the Christopher J. Costello seated in 1901; matched on the name and Alexandria County: “Name Christopher Costello [Christopher Costolow] · Age 48 · Birth Date Abt 1832 · Birthplace Ireland · Home in 1880 Washington, Alexandria, Virginia, USA · Dwelling Number 4 · Race White · Gender Male · Relation to Head of House Self (Head) · Marital Status Married · Spouse's Name Elizabeth Costello · Occupation Farmer · Household Members Christopher Costello 48 Self (Head), Elizabeth Costello 40 Wife, Christopher Costello 14 Son, Ellen Costello 12 Daughter, John Costello 10 Son”",man,census1880costello,"census listing, read against the sheet, which agrees; the head of the household, aged 48; his son of the same name, aged 14, fits the Christopher J. Costello seated in 1901; matched on the name and Alexandria County: “Name Christopher Costello [Christopher Costolow] · Age 48 · Birth Date Abt 1832 · Birthplace Ireland · Home in 1880 Washington, Alexandria, Virginia, USA · Dwelling Number 4 · Race White · Gender Male · Relation to Head of House Self (Head) · Marital Status Married · Spouse's Name Elizabeth Costello · Occupation Farmer · Household Members Christopher Costello 48 Self (Head), Elizabeth Costello 40 Wife, Christopher Costello 14 Son, Ellen Costello 12 Daughter, John Costello 10 Son”",,,
Perkins W. Squier,1,Arlington,1883,5,1885,5,election,oleary2010 p.15,,White,census1880squier,"census listing, read against the sheet, which agrees; the index reads the surname as Squires; matched on the name and Alexandria County: “Name Perkins Squires · Age 29 · Birth Date Abt 1851 · Birthplace New York · Home in 1880 Arlington, Alexandria, Virginia, USA · Dwelling Number 273 · Race White · Gender Male · Relation to Head of House Self (Head) · Marital Status Single · Occupation Postmaster · Household Members Perkins Squires 29 Self (Head)”",man,census1880squier,"census listing, read against the sheet, which agrees; the index reads the surname as Squires; matched on the name and Alexandria County: “Name Perkins Squires · Age 29 · Birth Date Abt 1851 · Birthplace New York · Home in 1880 Arlington, Alexandria, Virginia, USA · Dwelling Number 273 · Race White · Gender Male · Relation to Head of House Self (Head) · Marital Status Single · Occupation Postmaster · Household Members Perkins Squires 29 Self (Head)”",,,
John W. Pendleton,1,Jefferson,1883,5,1885,5,election,oleary2010 p.15,,Black,"hjerpe2021 p.8, Appendix 2","1880 census record: “1880 US Census document listing John W Pendleton, Black resident of Jefferson Township, Alexandria County”",man,assumed,,,,
Christopher Costello,2,Washington,1883,5,1885,5,election,oleary2010 p.15,,White,census1880costello,"census listing, read against the sheet, which agrees; the head of the household, aged 48; his son of the same name, aged 14, fits the Christopher J. Costello seated in 1901; matched on the name and Alexandria County: “Name Christopher Costello [Christopher Costolow] · Age 48 · Birth Date Abt 1832 · Birthplace Ireland · Home in 1880 Washington, Alexandria, Virginia, USA · Dwelling Number 4 · Race White · Gender Male · Relation to Head of House Self (Head) · Marital Status Married · Spouse's Name Elizabeth Costello · Occupation Farmer · Household Members Christopher Costello 48 Self (Head), Elizabeth Costello 40 Wife, Christopher Costello 14 Son, Ellen Costello 12 Daughter, John Costello 10 Son”",man,census1880costello,"census listing, read against the sheet, which agrees; the head of the household, aged 48; his son of the same name, aged 14, fits the Christopher J. Costello seated in 1901; matched on the name and Alexandria County: “Name Christopher Costello [Christopher Costolow] · Age 48 · Birth Date Abt 1832 · Birthplace Ireland · Home in 1880 Washington, Alexandria, Virginia, USA · Dwelling Number 4 · Race White · Gender Male · Relation to Head of House Self (Head) · Marital Status Married · Spouse's Name Elizabeth Costello · Occupation Farmer · Household Members Christopher Costello 48 Self (Head), Elizabeth Costello 40 Wife, Christopher Costello 14 Son, Ellen Costello 12 Daughter, John Costello 10 Son”",,,
George W. Veitch,1,Arlington,1885,5,1887,5,election,oleary2010 p.16,,White,census1880veitch,"census listing, read against the sheet, which agrees; the index gives no middle initial; matched on the name and Alexandria County: “Name George Veitch · Age 44 · Birth Date Abt 1836 · Birthplace Virginia · Home in 1880 Arlington, Alexandria, Virginia, USA · Dwelling Number 135 · Race White · Gender Male · Relation to Head of House Self (Head) · Marital Status Married · Spouse's Name Margaret J. Veitch · Occupation Farmer · Household Members George Veitch 44 Self (Head), Margaret J. Veitch 38 Wife, Arthur W. Veitch 10 Son, Jesse Veitch 8 Son, George A. Veitch 7 Son, Harry C. Veitch 5 Son, Morgan E. Veitch”",man,census1880veitch,"census listing, read against the sheet, which agrees; the index gives no middle initial; matched on the name and Alexandria County: “Name George Veitch · Age 44 · Birth Date Abt 1836 · Birthplace Virginia · Home in 1880 Arlington, Alexandria, Virginia, USA · Dwelling Number 135 · Race White · Gender Male · Relation to Head of House Self (Head) · Marital Status Married · Spouse's Name Margaret J. Veitch · Occupation Farmer · Household Members George Veitch 44 Self (Head), Margaret J. Veitch 38 Wife, Arthur W. Veitch 10 Son, Jesse Veitch 8 Son, George A. Veitch 7 Son, Harry C. Veitch 5 Son, Morgan E. Veitch”",,,
Richard W. Johnston,1,Jefferson,1885,5,1887,5,election,oleary2010 p.16,,White,assumed,,man,assumed,,,,
John D. Payne,1,Washington,1885,5,1887,5,election,oleary2010 p.16,,White,assumed,,man,assumed,,,,
Horatio Ball,1,Arlington,1887,5,1889,5,election,oleary2010 p.17,,White,census1880ball,"census listing, read against the sheet, which agrees; matched on the name and Alexandria County: “Name Horatio Ball · Age 53 · Birth Date Abt 1827 · Birthplace Virginia · Home in 1880 Arlington, Alexandria, Virginia, USA · Dwelling Number 190 · Race White · Gender Male · Relation to Head of House Self (Head) · Marital Status Married · Spouse's Name Mary Ball · Occupation Farmer · Household Members Horatio Ball 53 Self (Head), Mary Ball 41 Wife, Artimicia Ball 19 Daughter, William M. Ball 15 Son, Alonzo B. Ball 13 Son”",man,census1880ball,"census listing, read against the sheet, which agrees; matched on the name and Alexandria County: “Name Horatio Ball · Age 53 · Birth Date Abt 1827 · Birthplace Virginia · Home in 1880 Arlington, Alexandria, Virginia, USA · Dwelling Number 190 · Race White · Gender Male · Relation to Head of House Self (Head) · Marital Status Married · Spouse's Name Mary Ball · Occupation Farmer · Household Members Horatio Ball 53 Self (Head), Mary Ball 41 Wife, Artimicia Ball 19 Daughter, William M. Ball 15 Son, Alonzo B. Ball 13 Son”",,,
Tibbett Allen,1,Jefferson,1887,5,1889,5,election,oleary2010 p.17,,Black,"hjerpe2021 p.9, Appendix 3; hjerpe2021 p.3; census1880allen","1880 census record: “1880 US Census Document listing Tibbett Allen, black resident of Jefferson Township, Alexandria County” | stated directly: “The last black man to serve on the Magisterial Board, Tibbett Allen, was the first Senior Warden of Arlington Lodge #58, a long-running black Free Masons organization which still exists today.” | census listing, read against the sheet, which agrees; matched on the name and Alexandria County: “Name Tibbett Allen · Age 40 · Birth Date Abt 1840 · Birthplace Maryland · Home in 1880 Jefferson, Alexandria, Virginia, USA · Dwelling Number 122 · Race Black · Gender Male · Relation to Head of House Self (Head) · Marital Status Married · Spouse's Name Catharina Allen · Occupation Brickyard hand · Household Members Tibbett Allen 40 Self (Head), Catharina Allen 30 Wife, Laura V. Allen 2 Daughter, Ellen Chase 60 Mother-in-law, Chatham Gilbert 21 Brother-in-law”",man,census1880allen,"census listing, read against the sheet, which agrees; matched on the name and Alexandria County: “Name Tibbett Allen · Age 40 · Birth Date Abt 1840 · Birthplace Maryland · Home in 1880 Jefferson, Alexandria, Virginia, USA · Dwelling Number 122 · Race Black · Gender Male · Relation to Head of House Self (Head) · Marital Status Married · Spouse's Name Catharina Allen · Occupation Brickyard hand · Household Members Tibbett Allen 40 Self (Head), Catharina Allen 30 Wife, Laura V. Allen 2 Daughter, Ellen Chase 60 Mother-in-law, Chatham Gilbert 21 Brother-in-law”",,,
A. B. Grunwell,1,Washington,1887,5,1889,5,election,oleary2010 p.17,,White,census1880grunwell,"census listing, read against the sheet, which agrees; the index reads the surname as Grumwell; matched on the initials, the surname and Alexandria County: “Name A. B. Grumwell [A. B. Grunwell] · Age 46 · Birth Date Abt 1834 · Birthplace England · Home in 1880 Washington, Alexandria, Virginia, USA · Dwelling Number 6 · Race White · Gender Male · Relation to Head of House Self (Head) · Marital Status Married · Spouse's Name Jane E. Grumwell · Occupation Farmer · Household Members A. B. Grumwell 46 Self (Head), Jane E. Grumwell 35 Wife, Susan E. Grumwell 11 Daughter, Gilbert Grumwell 7 Son, Mary L. Grumwell 1 Daughter”",man,census1880grunwell,"census listing, read against the sheet, which agrees; the index reads the surname as Grumwell; matched on the initials, the surname and Alexandria County: “Name A. B. Grumwell [A. B. Grunwell] · Age 46 · Birth Date Abt 1834 · Birthplace England · Home in 1880 Washington, Alexandria, Virginia, USA · Dwelling Number 6 · Race White · Gender Male · Relation to Head of House Self (Head) · Marital Status Married · Spouse's Name Jane E. Grumwell · Occupation Farmer · Household Members A. B. Grumwell 46 Self (Head), Jane E. Grumwell 35 Wife, Susan E. Grumwell 11 Daughter, Gilbert Grumwell 7 Son, Mary L. Grumwell 1 Daughter”",,,
Frederick S. Corbett,1,Arlington,1889,5,1891,5,election,oleary2010 p.18,,White,census1880corbett,"census listing, read against the sheet, which agrees; matched on the name, Alexandria County and the occupation, sheriff: “Name Frederick S. Corbett · Age 24 · Birth Date Abt 1856 · Birthplace Virginia · Home in 1880 Arlington, Alexandria, Virginia, USA · Dwelling Number 146 · Race White · Gender Male · Relation to Head of House Self (Head) · Marital Status Married · Spouse's Name Ida C. Corbett · Occupation Sheriff · Household Members Frederick S. Corbett 24 Self (Head), Ida C. Corbett 24 Wife, Edith S. Corbett 2 Daughter”",man,census1880corbett,"census listing, read against the sheet, which agrees; matched on the name, Alexandria County and the occupation, sheriff: “Name Frederick S. Corbett · Age 24 · Birth Date Abt 1856 · Birthplace Virginia · Home in 1880 Arlington, Alexandria, Virginia, USA · Dwelling Number 146 · Race White · Gender Male · Relation to Head of House Self (Head) · Marital Status Married · Spouse's Name Ida C. Corbett · Occupation Sheriff · Household Members Frederick S. Corbett 24 Self (Head), Ida C. Corbett 24 Wife, Edith S. Corbett 2 Daughter”",,,
Frank Hume,1,Jefferson,1889,5,1891,5,election,oleary2010 p.18,,White,hjerpe2021 p.7; census1880hume,"described as a former Confederate soldier: “All else that the author could find was a listing from the next month's edition announcing Allen's resignation and the appointment of Frank Hume, a former confederate soldier and the namesake for the Hume School on Arlington Ridge Road, to the seat.” | census listing, read against the sheet, which agrees; matched on the name and Alexandria County: “Name Frank Hume · Age 35 · Birth Date Abt 1845 · Birthplace Virginia · Home in 1880 Jefferson, Alexandria, Virginia, USA · Dwelling Number 97 · Race White · Gender Male · Relation to Head of House Self (Head) · Marital Status Married · Spouse's Name Emma P. Hume · Household Members Frank Hume 35 Self (Head), Emma P. Hume 30 Wife, Alice Hume 7 Daughter, Frank Hume 6 Son, Emma N. Hume 4 Daughter, Robert S. Hume 3 Son, Nanny G. Hume 1 Daughter, May Hume 1/12 Daughter”",man,census1880hume,"census listing, read against the sheet, which agrees; matched on the name and Alexandria County: “Name Frank Hume · Age 35 · Birth Date Abt 1845 · Birthplace Virginia · Home in 1880 Jefferson, Alexandria, Virginia, USA · Dwelling Number 97 · Race White · Gender Male · Relation to Head of House Self (Head) · Marital Status Married · Spouse's Name Emma P. Hume · Household Members Frank Hume 35 Self (Head), Emma P. Hume 30 Wife, Alice Hume 7 Daughter, Frank Hume 6 Son, Emma N. Hume 4 Daughter, Robert S. Hume 3 Son, Nanny G. Hume 1 Daughter, May Hume 1/12 Daughter”",,,
Walter G. Willson,1,Washington,1889,5,1891,5,election,oleary2010 p.18,,White,assumed,,man,assumed,,,,
Millard F. Birth,1,Arlington,1891,5,1893,5,election,oleary2010 p.18,,White,assumed,,man,assumed,,,,
Frank Hume,2,Jefferson,1891,5,1893,5,election,oleary2010 p.18,,White,hjerpe2021 p.7; census1880hume,"described as a former Confederate soldier: “All else that the author could find was a listing from the next month's edition announcing Allen's resignation and the appointment of Frank Hume, a former confederate soldier and the namesake for the Hume School on Arlington Ridge Road, to the seat.” | census listing, read against the sheet, which agrees; matched on the name and Alexandria County: “Name Frank Hume · Age 35 · Birth Date Abt 1845 · Birthplace Virginia · Home in 1880 Jefferson, Alexandria, Virginia, USA · Dwelling Number 97 · Race White · Gender Male · Relation to Head of House Self (Head) · Marital Status Married · Spouse's Name Emma P. Hume · Household Members Frank Hume 35 Self (Head), Emma P. Hume 30 Wife, Alice Hume 7 Daughter, Frank Hume 6 Son, Emma N. Hume 4 Daughter, Robert S. Hume 3 Son, Nanny G. Hume 1 Daughter, May Hume 1/12 Daughter”",man,census1880hume,"census listing, read against the sheet, which agrees; matched on the name and Alexandria County: “Name Frank Hume · Age 35 · Birth Date Abt 1845 · Birthplace Virginia · Home in 1880 Jefferson, Alexandria, Virginia, USA · Dwelling Number 97 · Race White · Gender Male · Relation to Head of House Self (Head) · Marital Status Married · Spouse's Name Emma P. Hume · Household Members Frank Hume 35 Self (Head), Emma P. Hume 30 Wife, Alice Hume 7 Daughter, Frank Hume 6 Son, Emma N. Hume 4 Daughter, Robert S. Hume 3 Son, Nanny G. Hume 1 Daughter, May Hume 1/12 Daughter”",,,
Walter G. Willson,2,Washington,1891,5,1893,5,election,oleary2010 p.18,,White,assumed,,man,assumed,,,,
John W. Clark,1,Arlington,1893,5,1895,5,election,oleary2010 p.19,,White,assumed,,man,assumed,,,,
Frank Hume,3,Jefferson,1893,5,1895,5,election,oleary2010 p.19,,White,hjerpe2021 p.7; census1880hume,"described as a former Confederate soldier: “All else that the author could find was a listing from the next month's edition announcing Allen's resignation and the appointment of Frank Hume, a former confederate soldier and the namesake for the Hume School on Arlington Ridge Road, to the seat.” | census listing, read against the sheet, which agrees; matched on the name and Alexandria County: “Name Frank Hume · Age 35 · Birth Date Abt 1845 · Birthplace Virginia · Home in 1880 Jefferson, Alexandria, Virginia, USA · Dwelling Number 97 · Race White · Gender Male · Relation to Head of House Self (Head) · Marital Status Married · Spouse's Name Emma P. Hume · Household Members Frank Hume 35 Self (Head), Emma P. Hume 30 Wife, Alice Hume 7 Daughter, Frank Hume 6 Son, Emma N. Hume 4 Daughter, Robert S. Hume 3 Son, Nanny G. Hume 1 Daughter, May Hume 1/12 Daughter”",man,census1880hume,"census listing, read against the sheet, which agrees; matched on the name and Alexandria County: “Name Frank Hume · Age 35 · Birth Date Abt 1845 · Birthplace Virginia · Home in 1880 Jefferson, Alexandria, Virginia, USA · Dwelling Number 97 · Race White · Gender Male · Relation to Head of House Self (Head) · Marital Status Married · Spouse's Name Emma P. Hume · Household Members Frank Hume 35 Self (Head), Emma P. Hume 30 Wife, Alice Hume 7 Daughter, Frank Hume 6 Son, Emma N. Hume 4 Daughter, Robert S. Hume 3 Son, Nanny G. Hume 1 Daughter, May Hume 1/12 Daughter”",,,
R. Henry Phillips,1,Washington,1893,5,1895,5,election,oleary2010 p.19,,White,assumed,,man,assumed,,,,
Frederick S. Corbett,2,Arlington,1895,5,1897,5,election,oleary2010 p.20,,White,census1880corbett,"census listing, read against the sheet, which agrees; matched on the name, Alexandria County and the occupation, sheriff: “Name Frederick S. Corbett · Age 24 · Birth Date Abt 1856 · Birthplace Virginia · Home in 1880 Arlington, Alexandria, Virginia, USA · Dwelling Number 146 · Race White · Gender Male · Relation to Head of House Self (Head) · Marital Status Married · Spouse's Name Ida C. Corbett · Occupation Sheriff · Household Members Frederick S. Corbett 24 Self (Head), Ida C. Corbett 24 Wife, Edith S. Corbett 2 Daughter”",man,census1880corbett,"census listing, read against the sheet, which agrees; matched on the name, Alexandria County and the occupation, sheriff: “Name Frederick S. Corbett · Age 24 · Birth Date Abt 1856 · Birthplace Virginia · Home in 1880 Arlington, Alexandria, Virginia, USA · Dwelling Number 146 · Race White · Gender Male · Relation to Head of House Self (Head) · Marital Status Married · Spouse's Name Ida C. Corbett · Occupation Sheriff · Household Members Frederick S. Corbett 24 Self (Head), Ida C. Corbett 24 Wife, Edith S. Corbett 2 Daughter”",,,
William Duncan,1,Jefferson,1895,5,1897,5,election,oleary2010 p.20,,White,assumed,,man,assumed,,,,
A. B. Grunwell,2,Washington,1895,5,1897,5,election,oleary2010 p.20,,White,census1880grunwell,"census listing, read against the sheet, which agrees; the index reads the surname as Grumwell; matched on the initials, the surname and Alexandria County: “Name A. B. Grumwell [A. B. Grunwell] · Age 46 · Birth Date Abt 1834 · Birthplace England · Home in 1880 Washington, Alexandria, Virginia, USA · Dwelling Number 6 · Race White · Gender Male · Relation to Head of House Self (Head) · Marital Status Married · Spouse's Name Jane E. Grumwell · Occupation Farmer · Household Members A. B. Grumwell 46 Self (Head), Jane E. Grumwell 35 Wife, Susan E. Grumwell 11 Daughter, Gilbert Grumwell 7 Son, Mary L. Grumwell 1 Daughter”",man,census1880grunwell,"census listing, read against the sheet, which agrees; the index reads the surname as Grumwell; matched on the initials, the surname and Alexandria County: “Name A. B. Grumwell [A. B. Grunwell] · Age 46 · Birth Date Abt 1834 · Birthplace England · Home in 1880 Washington, Alexandria, Virginia, USA · Dwelling Number 6 · Race White · Gender Male · Relation to Head of House Self (Head) · Marital Status Married · Spouse's Name Jane E. Grumwell · Occupation Farmer · Household Members A. B. Grumwell 46 Self (Head), Jane E. Grumwell 35 Wife, Susan E. Grumwell 11 Daughter, Gilbert Grumwell 7 Son, Mary L. Grumwell 1 Daughter”",,,
A. D. Torreyson,1,Arlington,1897,5,1897,10,election,oleary2010 p.20,Election successfully contested; the seat passed to Frederick S. Corbett.,White,assumed,,man,assumed,,,,
William Duncan,2,Jefferson,1897,5,1899,5,election,oleary2010 p.20,,White,assumed,,man,assumed,,,,
A. B. Grunwell,3,Washington,1897,5,1899,5,election,oleary2010 p.20,,White,census1880grunwell,"census listing, read against the sheet, which agrees; the index reads the surname as Grumwell; matched on the initials, the surname and Alexandria County: “Name A. B. Grumwell [A. B. Grunwell] · Age 46 · Birth Date Abt 1834 · Birthplace England · Home in 1880 Washington, Alexandria, Virginia, USA · Dwelling Number 6 · Race White · Gender Male · Relation to Head of House Self (Head) · Marital Status Married · Spouse's Name Jane E. Grumwell · Occupation Farmer · Household Members A. B. Grumwell 46 Self (Head), Jane E. Grumwell 35 Wife, Susan E. Grumwell 11 Daughter, Gilbert Grumwell 7 Son, Mary L. Grumwell 1 Daughter”",man,census1880grunwell,"census listing, read against the sheet, which agrees; the index reads the surname as Grumwell; matched on the initials, the surname and Alexandria County: “Name A. B. Grumwell [A. B. Grunwell] · Age 46 · Birth Date Abt 1834 · Birthplace England · Home in 1880 Washington, Alexandria, Virginia, USA · Dwelling Number 6 · Race White · Gender Male · Relation to Head of House Self (Head) · Marital Status Married · Spouse's Name Jane E. Grumwell · Occupation Farmer · Household Members A. B. Grumwell 46 Self (Head), Jane E. Grumwell 35 Wife, Susan E. Grumwell 11 Daughter, Gilbert Grumwell 7 Son, Mary L. Grumwell 1 Daughter”",,,
Frederick S. Corbett,3,Arlington,1897,10,1899,5,election,oleary2010 p.20,Took the seat after successfully contesting the election.,White,census1880corbett,"census listing, read against the sheet, which agrees; matched on the name, Alexandria County and the occupation, sheriff: “Name Frederick S. Corbett · Age 24 · Birth Date Abt 1856 · Birthplace Virginia · Home in 1880 Arlington, Alexandria, Virginia, USA · Dwelling Number 146 · Race White · Gender Male · Relation to Head of House Self (Head) · Marital Status Married · Spouse's Name Ida C. Corbett · Occupation Sheriff · Household Members Frederick S. Corbett 24 Self (Head), Ida C. Corbett 24 Wife, Edith S. Corbett 2 Daughter”",man,census1880corbett,"census listing, read against the sheet, which agrees; matched on the name, Alexandria County and the occupation, sheriff: “Name Frederick S. Corbett · Age 24 · Birth Date Abt 1856 · Birthplace Virginia · Home in 1880 Arlington, Alexandria, Virginia, USA · Dwelling Number 146 · Race White · Gender Male · Relation to Head of House Self (Head) · Marital Status Married · Spouse's Name Ida C. Corbett · Occupation Sheriff · Household Members Frederick S. Corbett 24 Self (Head), Ida C. Corbett 24 Wife, Edith S. Corbett 2 Daughter”",,,
Frederick S. Corbett,4,Arlington,1899,5,1901,5,election,oleary2010 p.21,,White,census1880corbett,"census listing, read against the sheet, which agrees; matched on the name, Alexandria County and the occupation, sheriff: “Name Frederick S. Corbett · Age 24 · Birth Date Abt 1856 · Birthplace Virginia · Home in 1880 Arlington, Alexandria, Virginia, USA · Dwelling Number 146 · Race White · Gender Male · Relation to Head of House Self (Head) · Marital Status Married · Spouse's Name Ida C. Corbett · Occupation Sheriff · Household Members Frederick S. Corbett 24 Self (Head), Ida C. Corbett 24 Wife, Edith S. Corbett 2 Daughter”",man,census1880corbett,"census listing, read against the sheet, which agrees; matched on the name, Alexandria County and the occupation, sheriff: “Name Frederick S. Corbett · Age 24 · Birth Date Abt 1856 · Birthplace Virginia · Home in 1880 Arlington, Alexandria, Virginia, USA · Dwelling Number 146 · Race White · Gender Male · Relation to Head of House Self (Head) · Marital Status Married · Spouse's Name Ida C. Corbett · Occupation Sheriff · Household Members Frederick S. Corbett 24 Self (Head), Ida C. Corbett 24 Wife, Edith S. Corbett 2 Daughter”",,,
D. N. Rust,1,Jefferson,1899,5,1901,5,election,oleary2010 p.21,,White,assumed,,man,assumed,,,,
George N. Saegmulller,1,Washington,1899,5,1901,5,election,oleary2010 p.21,,White,assumed,,man,assumed,,,,
Rezin W. Darbey,1,Arlington,1901,5,1904,1,election,oleary2010 p.22,,White,census1900darbey,"census listing; the index reads the name as Rezi? W Darby; matched on the name and Alexandria County: “Name Rezi? W Darby [Rezin W Darby] · Age 50 · Birth Date Mar 1850 · Birthplace Maryland, USA · Home in 1900 Arlington, Alexandria, Virginia · House Number 3 · Sheet Number 22 · Race White · Gender Male · Relation to Head of House Head · Marital Status Married · Spouse's Name Clara M Darby · Marriage Year 1879 · Occupation Contractor Builder”",man,census1900darbey,"census listing; the index reads the name as Rezi? W Darby; matched on the name and Alexandria County: “Name Rezi? W Darby [Rezin W Darby] · Age 50 · Birth Date Mar 1850 · Birthplace Maryland, USA · Home in 1900 Arlington, Alexandria, Virginia · House Number 3 · Sheet Number 22 · Race White · Gender Male · Relation to Head of House Head · Marital Status Married · Spouse's Name Clara M Darby · Marriage Year 1879 · Occupation Contractor Builder”",,,
William Duncan,3,Jefferson,1901,5,1904,1,election,oleary2010 p.22,,White,assumed,,man,assumed,,,,
Christopher J. Costello,1,Washington,1901,5,1904,1,election,oleary2010 p.22,,White,census1900costello,"census listing, read against the sheet, which agrees; the index reads the surname as Costalow; matched on the name, the middle initial and Alexandria County; the son of the Christopher Costello seated in 1881: “Name Christopher J Costalow [Christoper Costalow] · Age 34 · Birth Date Oct 1865 · Birthplace Virginia, USA · Home in 1900 Washington, Alexandria, Virginia · Street Sl Cherydale · Sheet Number 9 · Race White · Gender Male · Relation to Head of House Head · Marital Status Married · Spouse's Name Elizabeth S Costalow · Marriage Year 1896 · Occupation Farm Laborer”",man,census1900costello,"census listing, read against the sheet, which agrees; the index reads the surname as Costalow; matched on the name, the middle initial and Alexandria County; the son of the Christopher Costello seated in 1881: “Name Christopher J Costalow [Christoper Costalow] · Age 34 · Birth Date Oct 1865 · Birthplace Virginia, USA · Home in 1900 Washington, Alexandria, Virginia · Street Sl Cherydale · Sheet Number 9 · Race White · Gender Male · Relation to Head of House Head · Marital Status Married · Spouse's Name Elizabeth S Costalow · Marriage Year 1896 · Occupation Farm Laborer”",,,
W.W. Douglas,1,Arlington,1904,1,1908,1,election,oleary2010 p.23,,White,assumed,,man,assumed,,,,
D. N. Rust,2,Jefferson,1904,1,1908,1,election,oleary2010 p.23,,White,assumed,,man,assumed,,,,
W. N. Febrey County,1,Washington,1904,1,1908,1,election,oleary2010 p.23,,White,census1910febrey,"census listing, read against the sheet, which agrees; the index reads the name as William N Foberg, with William W Febery as an alternative; matched on the initials, the surname and Alexandria County: “Name William N Foberg [William W Foberg] [William W Febery] · Age in 1910 51 · Birth Date 1859 · Birthplace Virginia · Home in 1910 Washington, Alexandria, Virginia, USA · Sheet Number 15a · Race White · Gender Male · Relation to Head of House Head · Marital Status Married · Occupation Farmer · Industry General Farm · Enumeration District Number 0014 · Years Married 28”",man,census1910febrey,"census listing, read against the sheet, which agrees; the index reads the name as William N Foberg, with William W Febery as an alternative; matched on the initials, the surname and Alexandria County: “Name William N Foberg [William W Foberg] [William W Febery] · Age in 1910 51 · Birth Date 1859 · Birthplace Virginia · Home in 1910 Washington, Alexandria, Virginia, USA · Sheet Number 15a · Race White · Gender Male · Relation to Head of House Head · Marital Status Married · Occupation Farmer · Industry General Farm · Enumeration District Number 0014 · Years Married 28”",,,
Corbett,1,Arlington,1908,1,1912,1,election,oleary2010 p.25,Term ends by statute (Va. Const. 1902 sec. 112); no source records the departure.,White,assumed,,man,assumed,,,,
E. Duncan,1,Jefferson,1908,1,1912,1,election,oleary2010 p.25,Term ends by statute (Va. Const. 1902 sec. 112); no source records the departure.,White,assumed,,man,assumed,,,,
W.M. Febrey,1,Washington,1908,1,1912,1,election,oleary2010 p.25,Term ends by statute (Va. Const. 1902 sec. 112); no source records the departure.,White,assumed,,man,assumed,,,,
Wibirt,1,Arlington,1916,1,1920,1,election,oleary2010 p.27,Term ends by statute (Va. Const. 1902 sec. 112); no source records the departure.,White,assumed,,man,assumed,,,,
Duncan,1,Jefferson,1916,1,1920,1,election,oleary2010 p.27,Term ends by statute (Va. Const. 1902 sec. 112); no source records the departure.,White,assumed,,man,assumed,,,,
Walker,1,Washington,1916,1,1920,1,election,oleary2010 p.27,Term ends by statute (Va. Const. 1902 sec. 112); no source records the departure.,White,assumed,,man,assumed,,,,
Elizabeth B. Magruder,1,at large,1932,1,1935,12,election,novack1994 p.5; term boundaries from arlingtonelections2021,,White,census1940magruder; census1950magruder,"census listing; read against the sheet, which agrees: “Name Elizabeth B Magruder · Age 62 · Estimated Birth Year abt 1878 · Gender Female · Race White · Birthplace Virginia · Marital Status Widowed · Relation to Head of House Head · Home in 1940 Arlington, Virginia · Street 10th St North · House Number 3727 · Farm No · Inferred Residence in 1935 Arlington, Virginia · Sheet Number 2B · Number of Household in Order of Visitation 42 · Occupation County Board Member” | census listing; read against the sheet, which agrees: “Name Elizabeth B Magruder · Age 72 · Birth Date abt 1878 · Gender Female · Race White · Birth Place Virginia · Marital Status Widowed · Relation to Head of House Head · Residence Date 1950 · Home in 1950 All Places, Arlington, Virginia, USA · Street Name N. 10th St. · Apartment Number 3727 · Dwelling Number 30 · Occupation Category Keeping House”",woman,novack1994 p.5; census1940magruder; census1950magruder,"inferred by Claude from name | census listing; read against the sheet, which agrees: “Name Elizabeth B Magruder · Age 62 · Estimated Birth Year abt 1878 · Gender Female · Race White · Birthplace Virginia · Marital Status Widowed · Relation to Head of House Head · Home in 1940 Arlington, Virginia · Street 10th St North · House Number 3727 · Farm No · Inferred Residence in 1935 Arlington, Virginia · Sheet Number 2B · Number of Household in Order of Visitation 42 · Occupation County Board Member” | census listing; read against the sheet, which agrees: “Name Elizabeth B Magruder · Age 72 · Birth Date abt 1878 · Gender Female · Race White · Birth Place Virginia · Marital Status Widowed · Relation to Head of House Head · Residence Date 1950 · Home in 1950 All Places, Arlington, Virginia, USA · Street Name N. 10th St. · Apartment Number 3727 · Dwelling Number 30 · Occupation Category Keeping House”",,unsourced,
"Fred A. Gosnell, Sr",1,at large,1932,1,1933,12,election,novack1994 p.4,"Resigned on Dec. 11, 1933.",White,census1940gosnell,"census listing; read against the sheet, which agrees: “Name Fred A Gosnell · Age 48 · Estimated Birth Year abt 1892 · Gender Male · Race White · Birthplace South Carolina · Marital Status Married · Relation to Head of House Head · Home in 1940 Arlington, Virginia · Street N Glebe Road · House Number 1239 · Farm No · Inferred Residence in 1935 Arlington, Virginia · Sheet Number 28B · Number of Household in Order of Visitation 564 · Occupation Stautician · House Owned or Rented Owned · Value of Home 12000”",man,census1940gosnell,"census listing; read against the sheet, which agrees: “Name Fred A Gosnell · Age 48 · Estimated Birth Year abt 1892 · Gender Male · Race White · Birthplace South Carolina · Marital Status Married · Relation to Head of House Head · Home in 1940 Arlington, Virginia · Street N Glebe Road · House Number 1239 · Farm No · Inferred Residence in 1935 Arlington, Virginia · Sheet Number 28B · Number of Household in Order of Visitation 564 · Occupation Stautician · House Owned or Rented Owned · Value of Home 12000”",Republican,arlingtonelections2021 p.6,
Harry A. Fellows,1,at large,1932,1,1935,12,election,novack1994 p.3,,White,census1930fellows,"census listing; the household holds a father and a son both named Harry A Fellows, and the row takes the head, a lawyer aged 64; the son, aged 26, reads the same: “Name Harry A Fellows · Birth Year abt 1866 · Gender Male · Race White · Age in 1930 64 · Birthplace Alabama · Marital Status Married · Relation to Head of House Head · Home in 1930 Falls Church, Arlington, Virginia, USA · Street Address Memorial Drive · Dwelling Number 44 · Family Number 45 · Occupation Lawyer · Industry Law Office · Household Members Harry A Fellows 64 Head, Alice M Fellows 60 Wife, Harry A Fellows 26 Son”",man,census1930fellows,"census listing; the household holds a father and a son both named Harry A Fellows, and the row takes the head, a lawyer aged 64; the son, aged 26, reads the same: “Name Harry A Fellows · Birth Year abt 1866 · Gender Male · Race White · Age in 1930 64 · Birthplace Alabama · Marital Status Married · Relation to Head of House Head · Home in 1930 Falls Church, Arlington, Virginia, USA · Street Address Memorial Drive · Dwelling Number 44 · Family Number 45 · Occupation Lawyer · Industry Law Office · Household Members Harry A Fellows 64 Head, Alice M Fellows 60 Wife, Harry A Fellows 26 Son”",,unsourced,
John C. Gall,1,at large,1932,1,1933,5,election,novack1994 p.4,"Resigned on May 31, 1933.",White,census1940gall,"census listing; read against the sheet, which agrees: “Name John C Gall · Age 39 · Estimated Birth Year abt 1901 · Gender Male · Race White · Birthplace North Carolina · Marital Status Married · Relation to Head of House Head · Home in 1940 Arlington, Virginia · Street No Vermont · House Number 4521 · Farm No · Inferred Residence in 1935 Arlington, Virginia · Sheet Number 8A · Number of Household in Order of Visitation 151 · Occupation Lawyer · House Owned or Rented Owned”",man,census1940gall,"census listing; read against the sheet, which agrees: “Name John C Gall · Age 39 · Estimated Birth Year abt 1901 · Gender Male · Race White · Birthplace North Carolina · Marital Status Married · Relation to Head of House Head · Home in 1940 Arlington, Virginia · Street No Vermont · House Number 4521 · Farm No · Inferred Residence in 1935 Arlington, Virginia · Sheet Number 8A · Number of Household in Order of Visitation 151 · Occupation Lawyer · House Owned or Rented Owned”",,unsourced,
Lyman M. Kelley,1,at large,1932,1,1934,11,election,novack1994 p.4,"Removed by court order on Nov. 3, 1934.",White,census1940kelley,"census listing; read against the sheet, which agrees: “Name Lyman Kelley · Age 38 · Estimated Birth Year abt 1902 · Gender Male · Race White · Birthplace Virginia · Marital Status Married · Relation to Head of House Head · Home in 1940 Arlington, Virginia · Street North Quincy Street · House Number 937 · Farm No · Inferred Residence in 1935 Arlington, Virginia · Sheet Number 1A · Number of Household in Order of Visitation 11 · Occupation Broker-Insurance”",man,census1940kelley,"census listing; read against the sheet, which agrees: “Name Lyman Kelley · Age 38 · Estimated Birth Year abt 1902 · Gender Male · Race White · Birthplace Virginia · Marital Status Married · Relation to Head of House Head · Home in 1940 Arlington, Virginia · Street North Quincy Street · House Number 937 · Farm No · Inferred Residence in 1935 Arlington, Virginia · Sheet Number 1A · Number of Household in Order of Visitation 11 · Occupation Broker-Insurance”",,unsourced,
B. M. Smith,1,at large,1933,6,1935,12,appointment,novack1994 p.6,"Appointed on June 1, 1933.",White,assumed,,man,assumed,,,unsourced,
Christopher B. Garnett,1,at large,1933,12,1935,12,appointment,novack1994 p.4,"Appointed on Dec. 11, 1933.",White,census1940garnett,"census listing; read against the sheet, which agrees: “Name Christopher B Garnett · Age 64 · Estimated Birth Year abt 1876 · Gender Male · Race White · Birthplace Virginia · Marital Status Married · Relation to Head of House Head · Home in 1940 Arlington, Virginia · Street Rock Spring Road · House Number 4503 · Farm No · Inferred Residence in 1935 Arlington, Virginia · Sheet Number 8B · Number of Household in Order of Visitation 147 · Occupation Lawyer · House Owned or Rented Owned”",man,census1940garnett,"census listing; read against the sheet, which agrees: “Name Christopher B Garnett · Age 64 · Estimated Birth Year abt 1876 · Gender Male · Race White · Birthplace Virginia · Marital Status Married · Relation to Head of House Head · Home in 1940 Arlington, Virginia · Street Rock Spring Road · House Number 4503 · Farm No · Inferred Residence in 1935 Arlington, Virginia · Sheet Number 8B · Number of Household in Order of Visitation 147 · Occupation Lawyer · House Owned or Rented Owned”",,unsourced,
W. A. E. McShea,1,at large,1934,11,1935,12,appointment,novack1994 p.5; term boundaries from arlingtonelections2021,"Appointed on Nov. 8, 1934.",White,census1930mcshea,"census listing; the index gives William Mc Shea, the only W. McShea in Arlington in 1930; matched on the initial, the surname and Arlington: “Name William Mc Shea [William Mcshea] · Birth Year abt 1865 · Gender Male · Race White · Age in 1930 65 · Birthplace District of Columbia · Marital Status Married · Relation to Head of House Head · Home in 1930 Arlington, Arlington, Virginia, USA · Street Address York Street · House Number 100 · Dwelling Number 231 · Family Number 231 · Occupation Machinist · Industry U S Govt · Household Members William Mc Shea 65 Head, Margaret Mc Shea 64 Wife”",man,census1930mcshea,"census listing; the index gives William Mc Shea, the only W. McShea in Arlington in 1930; matched on the initial, the surname and Arlington: “Name William Mc Shea [William Mcshea] · Birth Year abt 1865 · Gender Male · Race White · Age in 1930 65 · Birthplace District of Columbia · Marital Status Married · Relation to Head of House Head · Home in 1930 Arlington, Arlington, Virginia, USA · Street Address York Street · House Number 100 · Dwelling Number 231 · Family Number 231 · Occupation Machinist · Industry U S Govt · Household Members William Mc Shea 65 Head, Margaret Mc Shea 64 Wife”",,unsourced,
Elizabeth B. Magruder,2,at large,1936,1,1939,12,election,novack1994 p.5; term boundaries from arlingtonelections2021,,White,census1940magruder; census1950magruder,"census listing; read against the sheet, which agrees: “Name Elizabeth B Magruder · Age 62 · Estimated Birth Year abt 1878 · Gender Female · Race White · Birthplace Virginia · Marital Status Widowed · Relation to Head of House Head · Home in 1940 Arlington, Virginia · Street 10th St North · House Number 3727 · Farm No · Inferred Residence in 1935 Arlington, Virginia · Sheet Number 2B · Number of Household in Order of Visitation 42 · Occupation County Board Member” | census listing; read against the sheet, which agrees: “Name Elizabeth B Magruder · Age 72 · Birth Date abt 1878 · Gender Female · Race White · Birth Place Virginia · Marital Status Widowed · Relation to Head of House Head · Residence Date 1950 · Home in 1950 All Places, Arlington, Virginia, USA · Street Name N. 10th St. · Apartment Number 3727 · Dwelling Number 30 · Occupation Category Keeping House”",woman,novack1994 p.5; census1940magruder; census1950magruder,"inferred by Claude from name | census listing; read against the sheet, which agrees: “Name Elizabeth B Magruder · Age 62 · Estimated Birth Year abt 1878 · Gender Female · Race White · Birthplace Virginia · Marital Status Widowed · Relation to Head of House Head · Home in 1940 Arlington, Virginia · Street 10th St North · House Number 3727 · Farm No · Inferred Residence in 1935 Arlington, Virginia · Sheet Number 2B · Number of Household in Order of Visitation 42 · Occupation County Board Member” | census listing; read against the sheet, which agrees: “Name Elizabeth B Magruder · Age 72 · Birth Date abt 1878 · Gender Female · Race White · Birth Place Virginia · Marital Status Widowed · Relation to Head of House Head · Residence Date 1950 · Home in 1950 All Places, Arlington, Virginia, USA · Street Name N. 10th St. · Apartment Number 3727 · Dwelling Number 30 · Occupation Category Keeping House”",,unsourced,
F. Freeland Chew,1,at large,1936,1,1939,12,election,novack1994 p.2; term boundaries from arlingtonelections2021,,White,census1940chew; census1950chew,"census listing; read against the sheet, which agrees: “Name F Freeland Chew [F Treeland Chew] · Respondent Yes · Age 42 · Estimated Birth Year abt 1898 · Gender Male · Race White · Birthplace District of Columbia · Marital Status Married · Relation to Head of House Head · Home in 1940 Arlington, Virginia · Street Troy St (North) · Farm No · Inferred Residence in 1935 Arlington, Virginia · Sheet Number 21B · Number of Household in Order of Visitation 693 · Occupation Clerk · House Owned or Rented Rented” | census listing; read against the sheet, which agrees: “Name Freeland Chew · Age 52 · Birth Date abt 1898 · Gender Male · Race White · Birth Place District of Columbia · Marital Status Married · Relation to Head of House Head · Residence Date 1950 · Home in 1950 All Places, Arlington, Virginia, USA · Street Name N Edison · House Number 1502 · Dwelling Number 18 · Occupation Reporter · Industry Senate · Worker Class Government”",man,census1940chew; census1950chew,"census listing; read against the sheet, which agrees: “Name F Freeland Chew [F Treeland Chew] · Respondent Yes · Age 42 · Estimated Birth Year abt 1898 · Gender Male · Race White · Birthplace District of Columbia · Marital Status Married · Relation to Head of House Head · Home in 1940 Arlington, Virginia · Street Troy St (North) · Farm No · Inferred Residence in 1935 Arlington, Virginia · Sheet Number 21B · Number of Household in Order of Visitation 693 · Occupation Clerk · House Owned or Rented Rented” | census listing; read against the sheet, which agrees: “Name Freeland Chew · Age 52 · Birth Date abt 1898 · Gender Male · Race White · Birth Place District of Columbia · Marital Status Married · Relation to Head of House Head · Residence Date 1950 · Home in 1950 All Places, Arlington, Virginia, USA · Street Name N Edison · House Number 1502 · Dwelling Number 18 · Occupation Reporter · Industry Senate · Worker Class Government”",,unsourced,
George M. Yeatman,1,at large,1936,1,1939,12,election,novack1994 p.6,,White,census1940yeatman,"census listing; read against the sheet, which agrees: “Name George M Yeatman · Age 54 · Estimated Birth Year abt 1886 · Gender Male · Race White · Birthplace District of Columbia · Marital Status Married · Relation to Head of House Head · Home in 1940 Arlington, Virginia · Street N Pershing · House Number 3113 · Farm No · Inferred Residence in 1935 Arlington, Virginia · Sheet Number 12A · Number of Household in Order of Visitation 224 · Occupation Manager”",man,census1940yeatman,"census listing; read against the sheet, which agrees: “Name George M Yeatman · Age 54 · Estimated Birth Year abt 1886 · Gender Male · Race White · Birthplace District of Columbia · Marital Status Married · Relation to Head of House Head · Home in 1940 Arlington, Virginia · Street N Pershing · House Number 3113 · Farm No · Inferred Residence in 1935 Arlington, Virginia · Sheet Number 12A · Number of Household in Order of Visitation 224 · Occupation Manager”",,unsourced,
W. A. E. McShea,2,at large,1936,1,1939,12,election,novack1994 p.5; term boundaries from arlingtonelections2021,,White,census1930mcshea,"census listing; the index gives William Mc Shea, the only W. McShea in Arlington in 1930; matched on the initial, the surname and Arlington: “Name William Mc Shea [William Mcshea] · Birth Year abt 1865 · Gender Male · Race White · Age in 1930 65 · Birthplace District of Columbia · Marital Status Married · Relation to Head of House Head · Home in 1930 Arlington, Arlington, Virginia, USA · Street Address York Street · House Number 100 · Dwelling Number 231 · Family Number 231 · Occupation Machinist · Industry U S Govt · Household Members William Mc Shea 65 Head, Margaret Mc Shea 64 Wife”",man,census1930mcshea,"census listing; the index gives William Mc Shea, the only W. McShea in Arlington in 1930; matched on the initial, the surname and Arlington: “Name William Mc Shea [William Mcshea] · Birth Year abt 1865 · Gender Male · Race White · Age in 1930 65 · Birthplace District of Columbia · Marital Status Married · Relation to Head of House Head · Home in 1930 Arlington, Arlington, Virginia, USA · Street Address York Street · House Number 100 · Dwelling Number 231 · Family Number 231 · Occupation Machinist · Industry U S Govt · Household Members William Mc Shea 65 Head, Margaret Mc Shea 64 Wife”",,unsourced,
W. P. Ames,1,at large,1936,1,1939,12,election,novack1994 p.2,,White,census1940ames,"census listing; the index reads the surname as Arnes; matched on the initials, the surname and Arlington: “Name William P Arnes [William P Ames] · Age 46 · Estimated Birth Year abt 1894 · Gender Male · Race White · Birthplace Virginia · Marital Status Married · Relation to Head of House Head · Home in 1940 Arlington, Virginia · House Number 436 · Farm No · Inferred Residence in 1935 Arlington, Virginia · Sheet Number 21B · Number of Household in Order of Visitation 431 · Occupation President · Household Members Frances F Arnes 17 Daughter, William P Arnes 46 Head, Eva W Arnes 45 Wife, Mary F Arnes 21 Daughter, William P Arnes 20 Son”",man,census1940ames,"census listing; the index reads the surname as Arnes; matched on the initials, the surname and Arlington: “Name William P Arnes [William P Ames] · Age 46 · Estimated Birth Year abt 1894 · Gender Male · Race White · Birthplace Virginia · Marital Status Married · Relation to Head of House Head · Home in 1940 Arlington, Virginia · House Number 436 · Farm No · Inferred Residence in 1935 Arlington, Virginia · Sheet Number 21B · Number of Household in Order of Visitation 431 · Occupation President · Household Members Frances F Arnes 17 Daughter, William P Arnes 46 Head, Eva W Arnes 45 Wife, Mary F Arnes 21 Daughter, William P Arnes 20 Son”",Republican,arlingtonelections2021 p.9,county lists (Rep.)
Basil M. DeLashmutt,1,at large,1940,1,1941,12,election,novack1994 p.3; term boundaries from arlingtonelections2021,,White,census1930delashmutt,"census listing; matched on the name, Arlington and the occupation, civil engineer for Arlington County: “Name Basil M Delashmutt · Birth Year abt 1903 · Gender Male · Race White · Age in 1930 27 · Birthplace Virginia · Marital Status Married · Relation to Head of House Head · Home in 1930 Washington, Arlington, Virginia, USA · Street Address Roch Spring Rd Jewell Station · House Number 201 · Dwelling Number 195 · Family Number 197 · Occupation Civil engineer · Industry Arlington County · Household Members Basil M Delashmutt 27 Head, Mary G Delashmutt 24 Wife”",man,census1930delashmutt,"census listing; matched on the name, Arlington and the occupation, civil engineer for Arlington County: “Name Basil M Delashmutt · Birth Year abt 1903 · Gender Male · Race White · Age in 1930 27 · Birthplace Virginia · Marital Status Married · Relation to Head of House Head · Home in 1930 Washington, Arlington, Virginia, USA · Street Address Roch Spring Rd Jewell Station · House Number 201 · Dwelling Number 195 · Family Number 197 · Occupation Civil engineer · Industry Arlington County · Household Members Basil M Delashmutt 27 Head, Mary G Delashmutt 24 Wife”",Democratic,arlingtonelections2021 p.11,
Edmund D. Campbell,1,at large,1940,1,1942,12,election,novack1994 p.2; term boundaries from arlingtonelections2021,,White,census1940campbell; census1950campbell,"census listing; read against the sheet, which agrees: “Name Edmund D Campbell · Age 41 · Estimated Birth Year abt 1899 · Gender Male · Race White · Birthplace Virginia · Marital Status Married · Relation to Head of House Head · Home in 1940 Arlington, Virginia · Street N Glebe Road · House Number 2912 · Farm No · Inferred Residence in 1935 Arlington, Virginia · Sheet Number 1A · Number of Household in Order of Visitation 3 · Occupation Lawyer · House Owned or Rented Rented” | census listing; read against the sheet, which agrees: “Name Edmund D Campbell · Age 51 · Birth Date abt 1899 · Gender Male · Race White · Birth Place Virginia · Marital Status Married · Relation to Head of House Head · Residence Date 1950 · Home in 1950 All Places, Arlington, Virginia, USA · Street Name N Lake · House Number 2912 · Dwelling Number 18 · Occupation Lawyer · Industry Private Practice · Worker Class Private”",man,census1940campbell; census1950campbell,"census listing; read against the sheet, which agrees: “Name Edmund D Campbell · Age 41 · Estimated Birth Year abt 1899 · Gender Male · Race White · Birthplace Virginia · Marital Status Married · Relation to Head of House Head · Home in 1940 Arlington, Virginia · Street N Glebe Road · House Number 2912 · Farm No · Inferred Residence in 1935 Arlington, Virginia · Sheet Number 1A · Number of Household in Order of Visitation 3 · Occupation Lawyer · House Owned or Rented Rented” | census listing; read against the sheet, which agrees: “Name Edmund D Campbell · Age 51 · Birth Date abt 1899 · Gender Male · Race White · Birth Place Virginia · Marital Status Married · Relation to Head of House Head · Residence Date 1950 · Home in 1950 All Places, Arlington, Virginia, USA · Street Name N Lake · House Number 2912 · Dwelling Number 18 · Occupation Lawyer · Industry Private Practice · Worker Class Private”",Democratic,arlingtonelections2021 p.11,
Elizabeth B. Magruder,3,at large,1940,1,1943,12,election,novack1994 p.5; term boundaries from arlingtonelections2021,,White,census1940magruder; census1950magruder,"census listing; read against the sheet, which agrees: “Name Elizabeth B Magruder · Age 62 · Estimated Birth Year abt 1878 · Gender Female · Race White · Birthplace Virginia · Marital Status Widowed · Relation to Head of House Head · Home in 1940 Arlington, Virginia · Street 10th St North · House Number 3727 · Farm No · Inferred Residence in 1935 Arlington, Virginia · Sheet Number 2B · Number of Household in Order of Visitation 42 · Occupation County Board Member” | census listing; read against the sheet, which agrees: “Name Elizabeth B Magruder · Age 72 · Birth Date abt 1878 · Gender Female · Race White · Birth Place Virginia · Marital Status Widowed · Relation to Head of House Head · Residence Date 1950 · Home in 1950 All Places, Arlington, Virginia, USA · Street Name N. 10th St. · Apartment Number 3727 · Dwelling Number 30 · Occupation Category Keeping House”",woman,novack1994 p.5; census1940magruder; census1950magruder,"inferred by Claude from name | census listing; read against the sheet, which agrees: “Name Elizabeth B Magruder · Age 62 · Estimated Birth Year abt 1878 · Gender Female · Race White · Birthplace Virginia · Marital Status Widowed · Relation to Head of House Head · Home in 1940 Arlington, Virginia · Street 10th St North · House Number 3727 · Farm No · Inferred Residence in 1935 Arlington, Virginia · Sheet Number 2B · Number of Household in Order of Visitation 42 · Occupation County Board Member” | census listing; read against the sheet, which agrees: “Name Elizabeth B Magruder · Age 72 · Birth Date abt 1878 · Gender Female · Race White · Birth Place Virginia · Marital Status Widowed · Relation to Head of House Head · Residence Date 1950 · Home in 1950 All Places, Arlington, Virginia, USA · Street Name N. 10th St. · Apartment Number 3727 · Dwelling Number 30 · Occupation Category Keeping House”",Democratic,arlingtonelections2021 p.11,
F. Freeland Chew,2,at large,1940,1,1943,12,election,novack1994 p.2; term boundaries from arlingtonelections2021,,White,census1940chew; census1950chew,"census listing; read against the sheet, which agrees: “Name F Freeland Chew [F Treeland Chew] · Respondent Yes · Age 42 · Estimated Birth Year abt 1898 · Gender Male · Race White · Birthplace District of Columbia · Marital Status Married · Relation to Head of House Head · Home in 1940 Arlington, Virginia · Street Troy St (North) · Farm No · Inferred Residence in 1935 Arlington, Virginia · Sheet Number 21B · Number of Household in Order of Visitation 693 · Occupation Clerk · House Owned or Rented Rented” | census listing; read against the sheet, which agrees: “Name Freeland Chew · Age 52 · Birth Date abt 1898 · Gender Male · Race White · Birth Place District of Columbia · Marital Status Married · Relation to Head of House Head · Residence Date 1950 · Home in 1950 All Places, Arlington, Virginia, USA · Street Name N Edison · House Number 1502 · Dwelling Number 18 · Occupation Reporter · Industry Senate · Worker Class Government”",man,census1940chew; census1950chew,"census listing; read against the sheet, which agrees: “Name F Freeland Chew [F Treeland Chew] · Respondent Yes · Age 42 · Estimated Birth Year abt 1898 · Gender Male · Race White · Birthplace District of Columbia · Marital Status Married · Relation to Head of House Head · Home in 1940 Arlington, Virginia · Street Troy St (North) · Farm No · Inferred Residence in 1935 Arlington, Virginia · Sheet Number 21B · Number of Household in Order of Visitation 693 · Occupation Clerk · House Owned or Rented Rented” | census listing; read against the sheet, which agrees: “Name Freeland Chew · Age 52 · Birth Date abt 1898 · Gender Male · Race White · Birth Place District of Columbia · Marital Status Married · Relation to Head of House Head · Residence Date 1950 · Home in 1950 All Places, Arlington, Virginia, USA · Street Name N Edison · House Number 1502 · Dwelling Number 18 · Occupation Reporter · Industry Senate · Worker Class Government”",Democratic,arlingtonelections2021 p.11,
Leo C. Lloyd,1,at large,1940,1,1940,12,election,novack1994 p.5; term boundaries from arlingtonelections2021,,White,census1940lloyd,"census listing; read against the sheet, which agrees: “Name Leo C Lloyd · Respondent Yes · Age 50 · Estimated Birth Year abt 1890 · Gender Male · Race White · Birthplace District of Columbia · Marital Status Married · Relation to Head of House Head · Home in 1940 Arlington, Virginia · Street N Fillmore · House Number 1414 · Farm No · Inferred Residence in 1935 Arlington, Virginia · Residence in 1935 Virginia · Sheet Number 14A · Number of Household in Order of Visitation 28”",man,census1940lloyd,"census listing; read against the sheet, which agrees: “Name Leo C Lloyd · Respondent Yes · Age 50 · Estimated Birth Year abt 1890 · Gender Male · Race White · Birthplace District of Columbia · Marital Status Married · Relation to Head of House Head · Home in 1940 Arlington, Virginia · Street N Fillmore · House Number 1414 · Farm No · Inferred Residence in 1935 Arlington, Virginia · Residence in 1935 Virginia · Sheet Number 14A · Number of Household in Order of Visitation 28”",Democratic,arlingtonelections2021 p.11,
Leo C. Lloyd,2,at large,1941,1,1944,12,election,novack1994 p.5; term boundaries from arlingtonelections2021,,White,census1940lloyd,"census listing; read against the sheet, which agrees: “Name Leo C Lloyd · Respondent Yes · Age 50 · Estimated Birth Year abt 1890 · Gender Male · Race White · Birthplace District of Columbia · Marital Status Married · Relation to Head of House Head · Home in 1940 Arlington, Virginia · Street N Fillmore · House Number 1414 · Farm No · Inferred Residence in 1935 Arlington, Virginia · Residence in 1935 Virginia · Sheet Number 14A · Number of Household in Order of Visitation 28”",man,census1940lloyd,"census listing; read against the sheet, which agrees: “Name Leo C Lloyd · Respondent Yes · Age 50 · Estimated Birth Year abt 1890 · Gender Male · Race White · Birthplace District of Columbia · Marital Status Married · Relation to Head of House Head · Home in 1940 Arlington, Virginia · Street N Fillmore · House Number 1414 · Farm No · Inferred Residence in 1935 Arlington, Virginia · Residence in 1935 Virginia · Sheet Number 14A · Number of Household in Order of Visitation 28”",Democratic,arlingtonelections2021 p.12,
Basil M. DeLashmutt,2,at large,1942,1,1945,12,election,novack1994 p.3; term boundaries from arlingtonelections2021,,White,census1930delashmutt,"census listing; matched on the name, Arlington and the occupation, civil engineer for Arlington County: “Name Basil M Delashmutt · Birth Year abt 1903 · Gender Male · Race White · Age in 1930 27 · Birthplace Virginia · Marital Status Married · Relation to Head of House Head · Home in 1930 Washington, Arlington, Virginia, USA · Street Address Roch Spring Rd Jewell Station · House Number 201 · Dwelling Number 195 · Family Number 197 · Occupation Civil engineer · Industry Arlington County · Household Members Basil M Delashmutt 27 Head, Mary G Delashmutt 24 Wife”",man,census1930delashmutt,"census listing; matched on the name, Arlington and the occupation, civil engineer for Arlington County: “Name Basil M Delashmutt · Birth Year abt 1903 · Gender Male · Race White · Age in 1930 27 · Birthplace Virginia · Marital Status Married · Relation to Head of House Head · Home in 1930 Washington, Arlington, Virginia, USA · Street Address Roch Spring Rd Jewell Station · House Number 201 · Dwelling Number 195 · Family Number 197 · Occupation Civil engineer · Industry Arlington County · Household Members Basil M Delashmutt 27 Head, Mary G Delashmutt 24 Wife”",,unsourced,
Edmund D. Campbell,2,at large,1943,1,1946,12,election,novack1994 p.2; term boundaries from arlingtonelections2021,,White,census1940campbell; census1950campbell,"census listing; read against the sheet, which agrees: “Name Edmund D Campbell · Age 41 · Estimated Birth Year abt 1899 · Gender Male · Race White · Birthplace Virginia · Marital Status Married · Relation to Head of House Head · Home in 1940 Arlington, Virginia · Street N Glebe Road · House Number 2912 · Farm No · Inferred Residence in 1935 Arlington, Virginia · Sheet Number 1A · Number of Household in Order of Visitation 3 · Occupation Lawyer · House Owned or Rented Rented” | census listing; read against the sheet, which agrees: “Name Edmund D Campbell · Age 51 · Birth Date abt 1899 · Gender Male · Race White · Birth Place Virginia · Marital Status Married · Relation to Head of House Head · Residence Date 1950 · Home in 1950 All Places, Arlington, Virginia, USA · Street Name N Lake · House Number 2912 · Dwelling Number 18 · Occupation Lawyer · Industry Private Practice · Worker Class Private”",man,census1940campbell; census1950campbell,"census listing; read against the sheet, which agrees: “Name Edmund D Campbell · Age 41 · Estimated Birth Year abt 1899 · Gender Male · Race White · Birthplace Virginia · Marital Status Married · Relation to Head of House Head · Home in 1940 Arlington, Virginia · Street N Glebe Road · House Number 2912 · Farm No · Inferred Residence in 1935 Arlington, Virginia · Sheet Number 1A · Number of Household in Order of Visitation 3 · Occupation Lawyer · House Owned or Rented Rented” | census listing; read against the sheet, which agrees: “Name Edmund D Campbell · Age 51 · Birth Date abt 1899 · Gender Male · Race White · Birth Place Virginia · Marital Status Married · Relation to Head of House Head · Residence Date 1950 · Home in 1950 All Places, Arlington, Virginia, USA · Street Name N Lake · House Number 2912 · Dwelling Number 18 · Occupation Lawyer · Industry Private Practice · Worker Class Private”",,unsourced,
Elizabeth B. Magruder,4,at large,1944,1,1947,5,election,novack1994 p.5; term boundaries from arlingtonelections2021,Left during 1947; the month is that of the appointment that filled the seat.,White,census1940magruder; census1950magruder,"census listing; read against the sheet, which agrees: “Name Elizabeth B Magruder · Age 62 · Estimated Birth Year abt 1878 · Gender Female · Race White · Birthplace Virginia · Marital Status Widowed · Relation to Head of House Head · Home in 1940 Arlington, Virginia · Street 10th St North · House Number 3727 · Farm No · Inferred Residence in 1935 Arlington, Virginia · Sheet Number 2B · Number of Household in Order of Visitation 42 · Occupation County Board Member” | census listing; read against the sheet, which agrees: “Name Elizabeth B Magruder · Age 72 · Birth Date abt 1878 · Gender Female · Race White · Birth Place Virginia · Marital Status Widowed · Relation to Head of House Head · Residence Date 1950 · Home in 1950 All Places, Arlington, Virginia, USA · Street Name N. 10th St. · Apartment Number 3727 · Dwelling Number 30 · Occupation Category Keeping House”",woman,novack1994 p.5; census1940magruder; census1950magruder,"inferred by Claude from name | census listing; read against the sheet, which agrees: “Name Elizabeth B Magruder · Age 62 · Estimated Birth Year abt 1878 · Gender Female · Race White · Birthplace Virginia · Marital Status Widowed · Relation to Head of House Head · Home in 1940 Arlington, Virginia · Street 10th St North · House Number 3727 · Farm No · Inferred Residence in 1935 Arlington, Virginia · Sheet Number 2B · Number of Household in Order of Visitation 42 · Occupation County Board Member” | census listing; read against the sheet, which agrees: “Name Elizabeth B Magruder · Age 72 · Birth Date abt 1878 · Gender Female · Race White · Birth Place Virginia · Marital Status Widowed · Relation to Head of House Head · Residence Date 1950 · Home in 1950 All Places, Arlington, Virginia, USA · Street Name N. 10th St. · Apartment Number 3727 · Dwelling Number 30 · Occupation Category Keeping House”",Democratic,arlingtonelections2021 p.13,
F. Freeland Chew,3,at large,1944,1,1947,12,election,novack1994 p.2; term boundaries from arlingtonelections2021,,White,census1940chew; census1950chew,"census listing; read against the sheet, which agrees: “Name F Freeland Chew [F Treeland Chew] · Respondent Yes · Age 42 · Estimated Birth Year abt 1898 · Gender Male · Race White · Birthplace District of Columbia · Marital Status Married · Relation to Head of House Head · Home in 1940 Arlington, Virginia · Street Troy St (North) · Farm No · Inferred Residence in 1935 Arlington, Virginia · Sheet Number 21B · Number of Household in Order of Visitation 693 · Occupation Clerk · House Owned or Rented Rented” | census listing; read against the sheet, which agrees: “Name Freeland Chew · Age 52 · Birth Date abt 1898 · Gender Male · Race White · Birth Place District of Columbia · Marital Status Married · Relation to Head of House Head · Residence Date 1950 · Home in 1950 All Places, Arlington, Virginia, USA · Street Name N Edison · House Number 1502 · Dwelling Number 18 · Occupation Reporter · Industry Senate · Worker Class Government”",man,census1940chew; census1950chew,"census listing; read against the sheet, which agrees: “Name F Freeland Chew [F Treeland Chew] · Respondent Yes · Age 42 · Estimated Birth Year abt 1898 · Gender Male · Race White · Birthplace District of Columbia · Marital Status Married · Relation to Head of House Head · Home in 1940 Arlington, Virginia · Street Troy St (North) · Farm No · Inferred Residence in 1935 Arlington, Virginia · Sheet Number 21B · Number of Household in Order of Visitation 693 · Occupation Clerk · House Owned or Rented Rented” | census listing; read against the sheet, which agrees: “Name Freeland Chew · Age 52 · Birth Date abt 1898 · Gender Male · Race White · Birth Place District of Columbia · Marital Status Married · Relation to Head of House Head · Residence Date 1950 · Home in 1950 All Places, Arlington, Virginia, USA · Street Name N Edison · House Number 1502 · Dwelling Number 18 · Occupation Reporter · Industry Senate · Worker Class Government”",Democratic,arlingtonelections2021 p.13,
Leo C. Lloyd,3,at large,1945,1,1947,11,election,novack1994 p.5; term boundaries from arlingtonelections2021,"Died in office on Nov. 3, 1947.",White,census1940lloyd,"census listing; read against the sheet, which agrees: “Name Leo C Lloyd · Respondent Yes · Age 50 · Estimated Birth Year abt 1890 · Gender Male · Race White · Birthplace District of Columbia · Marital Status Married · Relation to Head of House Head · Home in 1940 Arlington, Virginia · Street N Fillmore · House Number 1414 · Farm No · Inferred Residence in 1935 Arlington, Virginia · Residence in 1935 Virginia · Sheet Number 14A · Number of Household in Order of Visitation 28”",man,census1940lloyd,"census listing; read against the sheet, which agrees: “Name Leo C Lloyd · Respondent Yes · Age 50 · Estimated Birth Year abt 1890 · Gender Male · Race White · Birthplace District of Columbia · Marital Status Married · Relation to Head of House Head · Home in 1940 Arlington, Virginia · Street N Fillmore · House Number 1414 · Farm No · Inferred Residence in 1935 Arlington, Virginia · Residence in 1935 Virginia · Sheet Number 14A · Number of Household in Order of Visitation 28”",,unsourced,
Basil M. DeLashmutt,3,at large,1946,1,1949,12,election,novack1994 p.3; term boundaries from arlingtonelections2021,,White,census1930delashmutt,"census listing; matched on the name, Arlington and the occupation, civil engineer for Arlington County: “Name Basil M Delashmutt · Birth Year abt 1903 · Gender Male · Race White · Age in 1930 27 · Birthplace Virginia · Marital Status Married · Relation to Head of House Head · Home in 1930 Washington, Arlington, Virginia, USA · Street Address Roch Spring Rd Jewell Station · House Number 201 · Dwelling Number 195 · Family Number 197 · Occupation Civil engineer · Industry Arlington County · Household Members Basil M Delashmutt 27 Head, Mary G Delashmutt 24 Wife”",man,census1930delashmutt,"census listing; matched on the name, Arlington and the occupation, civil engineer for Arlington County: “Name Basil M Delashmutt · Birth Year abt 1903 · Gender Male · Race White · Age in 1930 27 · Birthplace Virginia · Marital Status Married · Relation to Head of House Head · Home in 1930 Washington, Arlington, Virginia, USA · Street Address Roch Spring Rd Jewell Station · House Number 201 · Dwelling Number 195 · Family Number 197 · Occupation Civil engineer · Industry Arlington County · Household Members Basil M Delashmutt 27 Head, Mary G Delashmutt 24 Wife”",Democratic,arlingtonelections2021 p.14,
Daniel A. Dugan,1,at large,1947,1,1950,12,election,novack1994 p.3; term boundaries from arlingtonelections2021,,White,census1940dugan,"census listing; the index reads the name as Dan A Dugan, aged 23; matched on the name and Arlington: “Name Dan A Dugan · Respondent Yes · Age 23 · Estimated Birth Year abt 1917 · Gender Male · Race White · Birthplace District of Columbia · Marital Status Single · Relation to Head of House Son · Home in 1940 Arlington, Virginia · Street N Green Broad Street · House Number 708 · Inferred Residence in 1935 Arlington, Virginia · Sheet Number 10B · Occupation Artist · Usual Industry Legal Services · Household Members Jeremiah Dugan 51 Head, Esther A Dugan 45 Wife, Dan A Dugan 23 Son, Mary J Dugan 14 Daughter, Gayle Mathews 22 Son-in-law, Dorothy Mathews 18 Daughter”",man,census1940dugan,"census listing; the index reads the name as Dan A Dugan, aged 23; matched on the name and Arlington: “Name Dan A Dugan · Respondent Yes · Age 23 · Estimated Birth Year abt 1917 · Gender Male · Race White · Birthplace District of Columbia · Marital Status Single · Relation to Head of House Son · Home in 1940 Arlington, Virginia · Street N Green Broad Street · House Number 708 · Inferred Residence in 1935 Arlington, Virginia · Sheet Number 10B · Occupation Artist · Usual Industry Legal Services · Household Members Jeremiah Dugan 51 Head, Esther A Dugan 45 Wife, Dan A Dugan 23 Son, Mary J Dugan 14 Daughter, Gayle Mathews 22 Son-in-law, Dorothy Mathews 18 Daughter”",Republican,mccaffrey2026a,"county lists (I) | ran as an independent; the Republican committee fielded no candidate and endorsed him, which the coding rule reads as the party's candidate: “Arlington's GOP had not fielded a candidate but, in shades of John Vihstadt's 2014 campaign, opted to endorse Dugan's independent candidacy.”"
Harry W. Cuppett,1,at large,1947,5,1947,12,appointment,novack1994 p.3,"Appointed on May 17, 1947.",White,census1950cuppett,"census listing; read against the sheet, which agrees: “Name Harry W Cuppett · Age 58 · Birth Date abt 1892 · Gender Male · Race White · Birth Place District of Columbia · Marital Status Married · Relation to Head of House Head · Residence Date 1950 · Home in 1950 All Places, Arlington, Virginia, USA · Street Name Stafford · House Number 1011 · Dwelling Number 108 · Inferred Previous Residence Place All Places, Arlington, Virginia · Occupation Owner and Manager · Industry Retail Hardware Store”",man,census1950cuppett,"census listing; read against the sheet, which agrees: “Name Harry W Cuppett · Age 58 · Birth Date abt 1892 · Gender Male · Race White · Birth Place District of Columbia · Marital Status Married · Relation to Head of House Head · Residence Date 1950 · Home in 1950 All Places, Arlington, Virginia, USA · Street Name Stafford · House Number 1011 · Dwelling Number 108 · Inferred Previous Residence Place All Places, Arlington, Virginia · Occupation Owner and Manager · Industry Retail Hardware Store”",,unsourced,
Alfred E. Frisbie,1,at large,1947,11,1947,12,appointment,novack1994 p.4; term boundaries from arlingtonelections2021,"Appointed on Nov. 26, 1947.",White,census1950frisbie,"census listing; read against the sheet, which agrees: “Name Alfred E Frisbie · Age 38 · Birth Date abt 1912 · Gender Male · Race White · Birth Place New York · Marital Status Married · Relation to Head of House Head · Residence Date 1950 · Home in 1950 All Places, Arlington, Virginia, USA · Street Name South 25th Street · House Number 636 · Dwelling Number 146 · Occupation Stock Broker · Industry Stock Book Company · Household Members Alfred E Frisbie 38 Head, Minnie D Frisbie 38 Wife”",man,census1950frisbie,"census listing; read against the sheet, which agrees: “Name Alfred E Frisbie · Age 38 · Birth Date abt 1912 · Gender Male · Race White · Birth Place New York · Marital Status Married · Relation to Head of House Head · Residence Date 1950 · Home in 1950 All Places, Arlington, Virginia, USA · Street Name South 25th Street · House Number 636 · Dwelling Number 146 · Occupation Stock Broker · Industry Stock Book Company · Household Members Alfred E Frisbie 38 Head, Minnie D Frisbie 38 Wife”",,unsourced,
Alfred E. Frisbie,2,at large,1948,1,1948,12,appointment,novack1994 p.4; term boundaries from arlingtonelections2021,,White,census1950frisbie,"census listing; read against the sheet, which agrees: “Name Alfred E Frisbie · Age 38 · Birth Date abt 1912 · Gender Male · Race White · Birth Place New York · Marital Status Married · Relation to Head of House Head · Residence Date 1950 · Home in 1950 All Places, Arlington, Virginia, USA · Street Name South 25th Street · House Number 636 · Dwelling Number 146 · Occupation Stock Broker · Industry Stock Book Company · Household Members Alfred E Frisbie 38 Head, Minnie D Frisbie 38 Wife”",man,census1950frisbie,"census listing; read against the sheet, which agrees: “Name Alfred E Frisbie · Age 38 · Birth Date abt 1912 · Gender Male · Race White · Birth Place New York · Marital Status Married · Relation to Head of House Head · Residence Date 1950 · Home in 1950 All Places, Arlington, Virginia, USA · Street Name South 25th Street · House Number 636 · Dwelling Number 146 · Occupation Stock Broker · Industry Stock Book Company · Household Members Alfred E Frisbie 38 Head, Minnie D Frisbie 38 Wife”",,unsourced,
F. Freeland Chew,4,at large,1948,1,1951,12,election,novack1994 p.2; term boundaries from arlingtonelections2021,,White,census1940chew; census1950chew,"census listing; read against the sheet, which agrees: “Name F Freeland Chew [F Treeland Chew] · Respondent Yes · Age 42 · Estimated Birth Year abt 1898 · Gender Male · Race White · Birthplace District of Columbia · Marital Status Married · Relation to Head of House Head · Home in 1940 Arlington, Virginia · Street Troy St (North) · Farm No · Inferred Residence in 1935 Arlington, Virginia · Sheet Number 21B · Number of Household in Order of Visitation 693 · Occupation Clerk · House Owned or Rented Rented” | census listing; read against the sheet, which agrees: “Name Freeland Chew · Age 52 · Birth Date abt 1898 · Gender Male · Race White · Birth Place District of Columbia · Marital Status Married · Relation to Head of House Head · Residence Date 1950 · Home in 1950 All Places, Arlington, Virginia, USA · Street Name N Edison · House Number 1502 · Dwelling Number 18 · Occupation Reporter · Industry Senate · Worker Class Government”",man,census1940chew; census1950chew,"census listing; read against the sheet, which agrees: “Name F Freeland Chew [F Treeland Chew] · Respondent Yes · Age 42 · Estimated Birth Year abt 1898 · Gender Male · Race White · Birthplace District of Columbia · Marital Status Married · Relation to Head of House Head · Home in 1940 Arlington, Virginia · Street Troy St (North) · Farm No · Inferred Residence in 1935 Arlington, Virginia · Sheet Number 21B · Number of Household in Order of Visitation 693 · Occupation Clerk · House Owned or Rented Rented” | census listing; read against the sheet, which agrees: “Name Freeland Chew · Age 52 · Birth Date abt 1898 · Gender Male · Race White · Birth Place District of Columbia · Marital Status Married · Relation to Head of House Head · Residence Date 1950 · Home in 1950 All Places, Arlington, Virginia, USA · Street Name N Edison · House Number 1502 · Dwelling Number 18 · Occupation Reporter · Industry Senate · Worker Class Government”",,unsourced,
Florence Cannon,1,at large,1948,1,1951,12,election,novack1994 p.2,,White,census1950cannon,"census listing; read against the sheet, which agrees: “Name Florence Cannon · Age 61 · Birth Date abt 1889 · Gender Female · Race White · Birth Place Pennsylvania · Marital Status Widowed · Relation to Head of House Head · Residence Date 1950 · Home in 1950 All Places, Arlington, Virginia, USA · Street Name S. Eighth · House Number 4008 · Dwelling Number 195 · Occupation Methods Examiner · Industry Army Dept · Worker Class Government”",woman,novack1994 p.2; census1950cannon,"inferred by Claude from name | census listing; read against the sheet, which agrees: “Name Florence Cannon · Age 61 · Birth Date abt 1889 · Gender Female · Race White · Birth Place Pennsylvania · Marital Status Widowed · Relation to Head of House Head · Residence Date 1950 · Home in 1950 All Places, Arlington, Virginia, USA · Street Name S. Eighth · House Number 4008 · Dwelling Number 195 · Occupation Methods Examiner · Industry Army Dept · Worker Class Government”",,unsourced,
Alfred E. Frisbie,3,at large,1949,1,1952,12,election,novack1994 p.4; term boundaries from arlingtonelections2021,,White,census1950frisbie,"census listing; read against the sheet, which agrees: “Name Alfred E Frisbie · Age 38 · Birth Date abt 1912 · Gender Male · Race White · Birth Place New York · Marital Status Married · Relation to Head of House Head · Residence Date 1950 · Home in 1950 All Places, Arlington, Virginia, USA · Street Name South 25th Street · House Number 636 · Dwelling Number 146 · Occupation Stock Broker · Industry Stock Book Company · Household Members Alfred E Frisbie 38 Head, Minnie D Frisbie 38 Wife”",man,census1950frisbie,"census listing; read against the sheet, which agrees: “Name Alfred E Frisbie · Age 38 · Birth Date abt 1912 · Gender Male · Race White · Birth Place New York · Marital Status Married · Relation to Head of House Head · Residence Date 1950 · Home in 1950 All Places, Arlington, Virginia, USA · Street Name South 25th Street · House Number 636 · Dwelling Number 146 · Occupation Stock Broker · Industry Stock Book Company · Household Members Alfred E Frisbie 38 Head, Minnie D Frisbie 38 Wife”",,unsourced,
RobertW. Cox,1,at large,1950,1,1952,9,election,novack1994 p.2,"Removed from office on Sept. 17, 1952, under a ruling of the Virginia Supreme Court of Appeals that the exemption of members of the Arlington County Board from the prohibition against federal employees holding office in Virginia had been granted by an unconstitutional statute.",White,census1950cox,"census listing; read against the sheet, which agrees: “Name Robert W Cox · Age 33 · Birth Date abt 1917 · Gender Male · Race White · Birth Place Virginia · Marital Status Married · Relation to Head of House Head · Residence Date 1950 · Home in 1950 All Places, Arlington, Virginia, USA · Street Name S. 2nd St. · House Number 2518 · Dwelling Number 20 · Occupation Budget Officer · Industry U.s Federal Communications Com · Household Members Robert W Cox 33 Head, Ruth Cox 34 Wife”",man,census1950cox,"census listing; read against the sheet, which agrees: “Name Robert W Cox · Age 33 · Birth Date abt 1917 · Gender Male · Race White · Birth Place Virginia · Marital Status Married · Relation to Head of House Head · Residence Date 1950 · Home in 1950 All Places, Arlington, Virginia, USA · Street Name S. 2nd St. · House Number 2518 · Dwelling Number 20 · Occupation Budget Officer · Industry U.s Federal Communications Com · Household Members Robert W Cox 33 Head, Ruth Cox 34 Wife”",independent,mccaffrey2026a,"stated directly: “In 1949, Robert Cox was elected to the Board, bringing the number of independents to two — still a minority of the five-member board.”"
Daniel A. Dugan,2,at large,1951,1,1952,9,election,novack1994 p.3; term boundaries from arlingtonelections2021,"Removed from office on Sept. 17, 1952 under a ruling of the Virginia Supreme Court of Appeals that the exemption of members of the Arlington County Board from the prohibition against Federal employees holding office in Virginia had been granted by an unconstitutional statute.",White,census1940dugan,"census listing; the index reads the name as Dan A Dugan, aged 23; matched on the name and Arlington: “Name Dan A Dugan · Respondent Yes · Age 23 · Estimated Birth Year abt 1917 · Gender Male · Race White · Birthplace District of Columbia · Marital Status Single · Relation to Head of House Son · Home in 1940 Arlington, Virginia · Street N Green Broad Street · House Number 708 · Inferred Residence in 1935 Arlington, Virginia · Sheet Number 10B · Occupation Artist · Usual Industry Legal Services · Household Members Jeremiah Dugan 51 Head, Esther A Dugan 45 Wife, Dan A Dugan 23 Son, Mary J Dugan 14 Daughter, Gayle Mathews 22 Son-in-law, Dorothy Mathews 18 Daughter”",man,census1940dugan,"census listing; the index reads the name as Dan A Dugan, aged 23; matched on the name and Arlington: “Name Dan A Dugan · Respondent Yes · Age 23 · Estimated Birth Year abt 1917 · Gender Male · Race White · Birthplace District of Columbia · Marital Status Single · Relation to Head of House Son · Home in 1940 Arlington, Virginia · Street N Green Broad Street · House Number 708 · Inferred Residence in 1935 Arlington, Virginia · Sheet Number 10B · Occupation Artist · Usual Industry Legal Services · Household Members Jeremiah Dugan 51 Head, Esther A Dugan 45 Wife, Dan A Dugan 23 Son, Mary J Dugan 14 Daughter, Gayle Mathews 22 Son-in-law, Dorothy Mathews 18 Daughter”",independent,arlingtonelections2021 p.19,
Alan L. Dean,1,at large,1952,1,1952,9,election,novack1994 p.3,"Removed from office on Sept. 17, 1952 under a ruling of the Virginia Supreme Court of Appeals that the exemption of members of the Arlington County Board from the prohibition against Federal employees holding office in Virginia had been granted by an unconstitutional statute.",White,census1950dean,"census listing; read against the sheet, which agrees: “Name Alan L Dean · Age 31 · Birth Date abt 1919 · Gender Male · Race White · Birth Place Oregon · Marital Status Married · Relation to Head of House Head · Residence Date 1950 · Home in 1950 All Places, Arlington, Virginia, USA · Street Name 30th South Abingdon Street · Apartment Number 3078 · Dwelling Number 76 · Occupation Assistant Orgation Machin · Industry Buran Business Produt · Worker Class Government · Household Members Alan L Dean 31 Head, Vera A Dean 29 Wife, Claudia V Dean 5 Daughter, Diana L Dean 1 Daughter”",man,census1950dean,"census listing; read against the sheet, which agrees: “Name Alan L Dean · Age 31 · Birth Date abt 1919 · Gender Male · Race White · Birth Place Oregon · Marital Status Married · Relation to Head of House Head · Residence Date 1950 · Home in 1950 All Places, Arlington, Virginia, USA · Street Name 30th South Abingdon Street · Apartment Number 3078 · Dwelling Number 76 · Occupation Assistant Orgation Machin · Industry Buran Business Produt · Worker Class Government · Household Members Alan L Dean 31 Head, Vera A Dean 29 Wife, Claudia V Dean 5 Daughter, Diana L Dean 1 Daughter”",independent,arlingtonelections2021 p.21,county lists (Non-Part.)
Robert A. Peck,1,at large,1952,1,1955,12,election,novack1994 p.5,,White,census1950peck,"census listing; read against the sheet, which agrees: “Name Robert A Peck · Age 36 · Birth Date abt 1914 · Gender Male · Race White · Birth Place Ohio · Marital Status Married · Relation to Head of House Head · Residence Date 1950 · Home in 1950 All Places, Arlington, Virginia, USA · Street Name N. Vernon St. · House Number 2530 · Dwelling Number 150 · Inferred Previous Residence Place Arlington, Virginia · Occupation Manager Co Proprietor · Industry Automobile Retail Store”",man,census1950peck,"census listing; read against the sheet, which agrees: “Name Robert A Peck · Age 36 · Birth Date abt 1914 · Gender Male · Race White · Birth Place Ohio · Marital Status Married · Relation to Head of House Head · Residence Date 1950 · Home in 1950 All Places, Arlington, Virginia, USA · Street Name N. Vernon St. · House Number 2530 · Dwelling Number 150 · Inferred Previous Residence Place Arlington, Virginia · Occupation Manager Co Proprietor · Industry Automobile Retail Store”",Republican,arlingtonelections2021 p.21,
Howard R. Massey,1,at large,1952,9,1952,11,appointment,novack1994 p.5,"Appointed on Sept. 18, 1952 to fill vacancy until filled by election on Nov. 10, 1952.",White,census1950massey,"census listing; read against the sheet, which agrees: “Name Howard R Massey · Age 40 · Birth Date abt 1910 · Gender Male · Race White · Birth Place District of Columbia · Marital Status Married · Relation to Head of House Head · Residence Date 1950 · Home in 1950 All Places, Arlington, Virginia, USA · Street Name 23rd Rd · Apartment Number 4300 · Dwelling Number 83 · Occupation Assistant Cashier Assistant Manger · Industry Bank · Household Members Howard R Massey 40 Head, Amelia B Massey”",man,census1950massey,"census listing; read against the sheet, which agrees: “Name Howard R Massey · Age 40 · Birth Date abt 1910 · Gender Male · Race White · Birth Place District of Columbia · Marital Status Married · Relation to Head of House Head · Residence Date 1950 · Home in 1950 All Places, Arlington, Virginia, USA · Street Name 23rd Rd · Apartment Number 4300 · Dwelling Number 83 · Occupation Assistant Cashier Assistant Manger · Industry Bank · Household Members Howard R Massey 40 Head, Amelia B Massey”",Democratic,mccaffrey2026a,"stated directly, of the 1952 appointment: “McCarthy tapped two Democrats, Howard Massey and M. Rex Byrne, and a Democratic-leaning independent, John Tillema, to fill the seats.”"
John A. Tillema,1,at large,1952,9,1952,11,appointment,novack1994 p.6,"Appointed on Sept. 18, 1952 to fill vacancy until filled by election on Nov. 10, 1952.",White,census1950tillema,"census listing; read against the sheet, which agrees: “Name John A Tillema · Age 63 · Birth Date abt 1887 · Gender Male · Race White · Birth Place Iowa · Marital Status Married · Relation to Head of House Head · Residence Date 1950 · Home in 1950 All Places, Arlington, Virginia, USA · Street Name N. Harvard St. · House Number 1903 · Dwelling Number 212 · Occupation Proprietor Service Servic · Industry Auto Risety · Household Members John A Tillema 63 Head, Ruth K Tillema 48 Wife”",man,census1950tillema,"census listing; read against the sheet, which agrees: “Name John A Tillema · Age 63 · Birth Date abt 1887 · Gender Male · Race White · Birth Place Iowa · Marital Status Married · Relation to Head of House Head · Residence Date 1950 · Home in 1950 All Places, Arlington, Virginia, USA · Street Name N. Harvard St. · House Number 1903 · Dwelling Number 212 · Occupation Proprietor Service Servic · Industry Auto Risety · Household Members John A Tillema 63 Head, Ruth K Tillema 48 Wife”",independent,mccaffrey2026a,"described as a Democratic-leaning independent: “McCarthy tapped two Democrats, Howard Massey and M. Rex Byrne, and a Democratic-leaning independent, John Tillema, to fill the seats.”"
M. Rex Byrne,1,at large,1952,9,1952,11,appointment,novack1994 p.2,"Appointed on Sept. 18, 1952, to fill vacancy until filled by election on Nov. 10, 1952.",White,census1950byrne,"census listing; the index reads the name as M Rector Byrne; matched on the initials, the surname and Arlington: “Name M Rector Byrne · Age 44 · Birth Date abt 1906 · Gender Male · Race White · Birth Place District of Columbia · Marital Status Married · Relation to Head of House Head · Residence Date 1950 · Home in 1950 All Places, Arlington, Virginia, USA · Street Name N Highland St · House Number 202 · Dwelling Number 32 · Occupation Warehouse Supervisor · Industry Transfer Co · Worker Class Private · Household Members M Rector Byrne 44 Head, Helen F Byrne 46 Wife, Ella M McDonald 76 Mother-in-law”",man,census1950byrne,"census listing; the index reads the name as M Rector Byrne; matched on the initials, the surname and Arlington: “Name M Rector Byrne · Age 44 · Birth Date abt 1906 · Gender Male · Race White · Birth Place District of Columbia · Marital Status Married · Relation to Head of House Head · Residence Date 1950 · Home in 1950 All Places, Arlington, Virginia, USA · Street Name N Highland St · House Number 202 · Dwelling Number 32 · Occupation Warehouse Supervisor · Industry Transfer Co · Worker Class Private · Household Members M Rector Byrne 44 Head, Helen F Byrne 46 Wife, Ella M McDonald 76 Mother-in-law”",Democratic,mccaffrey2026a,"stated directly, of the 1952 appointment: “McCarthy tapped two Democrats, Howard Massey and M. Rex Byrne, and a Democratic-leaning independent, John Tillema, to fill the seats.”"
Alvin F. Kimel,1,at large,1952,11,1955,12,special election,novack1994 p.4,"Elected to fill unexpired term on Nov. 10, 1952.",White,census1950kimel,"census listing; read against the sheet, which agrees: “Name Alvin F Kimel · Age 47 · Birth Date abt 1903 · Gender Male · Race White · Marital Status Married · Relation to Head of House Head · Residence Date 1950 · Home in 1950 All Places, Arlington, Virginia, USA · Street Name N. Troy · House Number 1760 · Apartment Number 658 · Dwelling Number 147 · Occupation Owner · Industry Retail Furniture Store · Worker Class Own Business”",man,census1950kimel,"census listing; read against the sheet, which agrees: “Name Alvin F Kimel · Age 47 · Birth Date abt 1903 · Gender Male · Race White · Marital Status Married · Relation to Head of House Head · Residence Date 1950 · Home in 1950 All Places, Arlington, Virginia, USA · Street Name N. Troy · House Number 1760 · Apartment Number 658 · Dwelling Number 147 · Occupation Owner · Industry Retail Furniture Store · Worker Class Own Business”",independent,arlingtonelections2021 p.23,
Leone B. Buchholz,1,at large,1952,11,1954,12,special election,novack1994 p.2; term boundaries from arlingtonelections2021,"Elected to filled unexpired term on Nov. 10, 1952.",White,census1950buchholz,"census listing; the index reads the name as Leona B Buckholz; matched on the name, Arlington and house number 2721, beside the 2710 South Hayes street of 1957: “Name Leona B Buckholz · Age 51 · Birth Date abt 1899 · Gender Female · Race White · Birth Place Georgia · Marital Status Married · Relation to Head of House Wife · Residence Date 1950 · Home in 1950 All Places, Arlington, Virginia, USA · Street Name 1 · House Number 2721 · Dwelling Number 299 · Occupation Category Keeping House · Household Members Herman F Buckholz 64 Head, Leona B Buckholz 51 Wife, Nancy D Dixon 31 Lodger, Mary L Alexander 23 Lodger, Lillian Alexander 22 Lodger, Catherine Hawkins 29 Maid”",woman,novack1994 p.2; census1950buchholz,"inferred by Claude from name | census listing; the index reads the name as Leona B Buckholz; matched on the name, Arlington and house number 2721, beside the 2710 South Hayes street of 1957: “Name Leona B Buckholz · Age 51 · Birth Date abt 1899 · Gender Female · Race White · Birth Place Georgia · Marital Status Married · Relation to Head of House Wife · Residence Date 1950 · Home in 1950 All Places, Arlington, Virginia, USA · Street Name 1 · House Number 2721 · Dwelling Number 299 · Occupation Category Keeping House · Household Members Herman F Buckholz 64 Head, Leona B Buckholz 51 Wife, Nancy D Dixon 31 Lodger, Mary L Alexander 23 Lodger, Lillian Alexander 22 Lodger, Catherine Hawkins 29 Maid”",independent,arlingtonelections2021 p.23,
Robert H. Detwiler,1,at large,1952,11,1953,12,special election,novack1994 p.3,"Elected to fill unexpired term on Nov. 11, 1952.",White,census1940detwiler,"census listing; the index reads the surname as Detweiler; matched on the name and Arlington: “Name Robert H Detweiler [Robert Detwiler] · Age 30 · Estimated Birth Year abt 1910 · Gender Male · Race White · Birthplace Wisconsin · Marital Status Married · Relation to Head of House Head · Home in 1940 Arlington, Virginia · Street Key Blvd · House Number 1800 · Farm No · Inferred Residence in 1935 Washington, Delaware · Sheet Number 62A · Occupation Physician · Household Members Robert H Detweiler 30 Head, Eleanor Detweiler 27 Wife”",man,census1940detwiler,"census listing; the index reads the surname as Detweiler; matched on the name and Arlington: “Name Robert H Detweiler [Robert Detwiler] · Age 30 · Estimated Birth Year abt 1910 · Gender Male · Race White · Birthplace Wisconsin · Marital Status Married · Relation to Head of House Head · Home in 1940 Arlington, Virginia · Street Key Blvd · House Number 1800 · Farm No · Inferred Residence in 1935 Washington, Delaware · Sheet Number 62A · Occupation Physician · Household Members Robert H Detweiler 30 Head, Eleanor Detweiler 27 Wife”",independent,arlingtonelections2021 p.23,
"George M. Rowzee, Jr",1,at large,1953,1,1956,12,election,novack1994 p.6,,White,census1950rowzee,"census listing; read against the sheet, which agrees: “Name George M Rowzee Jr · Age 37 · Birth Date abt 1913 · Gender Male · Race White · Birth Place District of Columbia · Marital Status Married · Relation to Head of House Head · Residence Date 1950 · Home in 1950 All Places, Arlington, Virginia, USA · Street Name South 29th Street · House Number 4803 · Dwelling Number 63 · Occupation Cashier · Industry Bank · Household Members George M Rowzee Jr 37 Head, M Elisabeth Rowzee 37 Wife”",man,census1950rowzee,"census listing; read against the sheet, which agrees: “Name George M Rowzee Jr · Age 37 · Birth Date abt 1913 · Gender Male · Race White · Birth Place District of Columbia · Marital Status Married · Relation to Head of House Head · Residence Date 1950 · Home in 1950 All Places, Arlington, Virginia, USA · Street Name South 29th Street · House Number 4803 · Dwelling Number 63 · Occupation Cashier · Industry Bank · Household Members George M Rowzee Jr 37 Head, M Elisabeth Rowzee 37 Wife”",Republican,arlingtonelections2021 p.23,
Wesley W. Cooper,1,at large,1954,1,1957,12,election,novack1994 p.2,,White,census1950cooper,"census listing; read against the sheet, which agrees: “Name Wesley W Cooper [Wesley William Cooper] · Age 37 · Birth Date abt 1913 · Gender Male · Race White · Birth Place Texas · Marital Status Married · Relation to Head of House Head · Residence Date 1950 · Home in 1950 All Places, Arlington, Virginia, USA · Street Name N. Longfellow St. · House Number 906 · Dwelling Number 200 · Occupation Attorney · Industry Law · Worker Class Own Business”",man,census1950cooper,"census listing; read against the sheet, which agrees: “Name Wesley W Cooper [Wesley William Cooper] · Age 37 · Birth Date abt 1913 · Gender Male · Race White · Birth Place Texas · Marital Status Married · Relation to Head of House Head · Residence Date 1950 · Home in 1950 All Places, Arlington, Virginia, USA · Street Name N. Longfellow St. · House Number 906 · Dwelling Number 200 · Occupation Attorney · Industry Law · Worker Class Own Business”",Democratic,arlingtonelections2021 p.25,
Leone B. Buchholz,2,at large,1955,1,1958,12,election,novack1994 p.2; term boundaries from arlingtonelections2021,,White,census1950buchholz,"census listing; the index reads the name as Leona B Buckholz; matched on the name, Arlington and house number 2721, beside the 2710 South Hayes street of 1957: “Name Leona B Buckholz · Age 51 · Birth Date abt 1899 · Gender Female · Race White · Birth Place Georgia · Marital Status Married · Relation to Head of House Wife · Residence Date 1950 · Home in 1950 All Places, Arlington, Virginia, USA · Street Name 1 · House Number 2721 · Dwelling Number 299 · Occupation Category Keeping House · Household Members Herman F Buckholz 64 Head, Leona B Buckholz 51 Wife, Nancy D Dixon 31 Lodger, Mary L Alexander 23 Lodger, Lillian Alexander 22 Lodger, Catherine Hawkins 29 Maid”",woman,novack1994 p.2; census1950buchholz,"inferred by Claude from name | census listing; the index reads the name as Leona B Buckholz; matched on the name, Arlington and house number 2721, beside the 2710 South Hayes street of 1957: “Name Leona B Buckholz · Age 51 · Birth Date abt 1899 · Gender Female · Race White · Birth Place Georgia · Marital Status Married · Relation to Head of House Wife · Residence Date 1950 · Home in 1950 All Places, Arlington, Virginia, USA · Street Name 1 · House Number 2721 · Dwelling Number 299 · Occupation Category Keeping House · Household Members Herman F Buckholz 64 Head, Leona B Buckholz 51 Wife, Nancy D Dixon 31 Lodger, Mary L Alexander 23 Lodger, Lillian Alexander 22 Lodger, Catherine Hawkins 29 Maid”",independent,arlingtonelections2021 p.26,county lists (IM)
DavidL. Krupsaw,1,at large,1956,1,1959,12,election,novack1994 p.4; term boundaries from arlingtonelections2021,,White,census1950krupsaw,"census listing; read against the sheet, which agrees: “Name David L Krupsaw · Age 38 · Birth Date abt 1912 · Gender Male · Race White · Birth Place Washington, District of Columbia · Marital Status Married · Relation to Head of House Head · Residence Date 1950 · Home in 1950 All Places, Arlington, Virginia, USA · Street Name 26th Road · House Number 1057 · Dwelling Number 84 · Inferred Previous Residence Place All Places, Arlington, Virginia · Occupation Manager · Industry Wholesale Manufacturing”",man,census1950krupsaw,"census listing; read against the sheet, which agrees: “Name David L Krupsaw · Age 38 · Birth Date abt 1912 · Gender Male · Race White · Birth Place Washington, District of Columbia · Marital Status Married · Relation to Head of House Head · Residence Date 1950 · Home in 1950 All Places, Arlington, Virginia, USA · Street Name 26th Road · House Number 1057 · Dwelling Number 84 · Inferred Previous Residence Place All Places, Arlington, Virginia · Occupation Manager · Industry Wholesale Manufacturing”",,arlingtonelections2021 p.28,county lists (Convention): nominated by a convention the source does not name
Ralph Kaul,1,at large,1956,1,1959,12,election,novack1994 p.4; term boundaries from arlingtonelections2021,,White,census1950kaul,"census listing; matched on the name and Arlington: “Name Ralph P Kaul · Age 36 · Birth Date abt 1914 · Gender Male · Race White · Birth Place Utah · Marital Status Married · Relation to Head of House Head · Residence Date 1950 · Home in 1950 All Places, Arlington, Virginia, USA · Apartment Number 1201 · Dwelling Number 11 · Occupation Economist · Industry Nat Stail Seanit Reasurer · Worker Class Government · Household Members Ralph P Kaul 36 Head, Elizabeth H Kaul 36 Wife, James M Kaul 6 Son, Judith M Kaul 4 Daughter”",man,census1950kaul,"census listing; matched on the name and Arlington: “Name Ralph P Kaul · Age 36 · Birth Date abt 1914 · Gender Male · Race White · Birth Place Utah · Marital Status Married · Relation to Head of House Head · Residence Date 1950 · Home in 1950 All Places, Arlington, Virginia, USA · Apartment Number 1201 · Dwelling Number 11 · Occupation Economist · Industry Nat Stail Seanit Reasurer · Worker Class Government · Household Members Ralph P Kaul 36 Head, Elizabeth H Kaul 36 Wife, James M Kaul 6 Son, Judith M Kaul 4 Daughter”",,arlingtonelections2021 p.28,county lists (Convention): nominated by a convention the source does not name
Lucas H. Blevins,1,at large,1957,1,1960,12,election,novack1994 p.2,,White,census1950blevins,"census listing; read against the sheet, which agrees: “Name Lucas H Blevins · Age 37 · Birth Date abt 1913 · Gender Male · Race White · Birth Place Virginia · Marital Status Married · Relation to Head of House Head · Residence Date 1950 · Home in 1950 All Places, Arlington, Virginia, USA · Street Name 3300 R Spring · House Number 3240 · Dwelling Number 62 · Occupation Dentist · Industry Own Office · Household Members Lucas H Blevins 37 Head, Jean H Blevins”",man,census1950blevins,"census listing; read against the sheet, which agrees: “Name Lucas H Blevins · Age 37 · Birth Date abt 1913 · Gender Male · Race White · Birth Place Virginia · Marital Status Married · Relation to Head of House Head · Residence Date 1950 · Home in 1950 All Places, Arlington, Virginia, USA · Street Name 3300 R Spring · House Number 3240 · Dwelling Number 62 · Occupation Dentist · Industry Own Office · Household Members Lucas H Blevins 37 Head, Jean H Blevins”",,unsourced,
"HerbertL. Brown, Jr",1,at large,1958,1,1961,12,election,novack1994 p.2,,White,assumed,,man,assumed,,ABC,arlingtonelections2021 p.31,
"Leo Urbanske, Jr",1,at large,1959,1,1962,12,election,novack1994 p.6; term boundaries from arlingtonelections2021,,White,census1950urbanske,"census listing; read against the sheet, which agrees: “Name Leo Urbanske Jr · Age 27 · Birth Date abt 1923 · Gender Male · Race White · Birth Place Washington, District of Columbia · Marital Status Married · Relation to Head of House Head · Residence Date 1950 · Home in 1950 All Places, Arlington, Virginia, USA · Street Name So. 15th St. · House Number 1110 · Apartment Number 87 · Dwelling Number 78 · Inferred Previous Residence Place All Places, Arlington, Virginia · Occupation Testman · Industry Telephone Company”",man,census1950urbanske,"census listing; read against the sheet, which agrees: “Name Leo Urbanske Jr · Age 27 · Birth Date abt 1923 · Gender Male · Race White · Birth Place Washington, District of Columbia · Marital Status Married · Relation to Head of House Head · Residence Date 1950 · Home in 1950 All Places, Arlington, Virginia, USA · Street Name So. 15th St. · House Number 1110 · Apartment Number 87 · Dwelling Number 78 · Inferred Previous Residence Place All Places, Arlington, Virginia · Occupation Testman · Industry Telephone Company”",ABC,arlingtonelections2021 p.33,
DavidL. Krupsaw,2,at large,1960,1,1960,1,election,novack1994 p.4; term boundaries from arlingtonelections2021,"Died in office on Jan. 21, 1960.",White,census1950krupsaw,"census listing; read against the sheet, which agrees: “Name David L Krupsaw · Age 38 · Birth Date abt 1912 · Gender Male · Race White · Birth Place Washington, District of Columbia · Marital Status Married · Relation to Head of House Head · Residence Date 1950 · Home in 1950 All Places, Arlington, Virginia, USA · Street Name 26th Road · House Number 1057 · Dwelling Number 84 · Inferred Previous Residence Place All Places, Arlington, Virginia · Occupation Manager · Industry Wholesale Manufacturing”",man,census1950krupsaw,"census listing; read against the sheet, which agrees: “Name David L Krupsaw · Age 38 · Birth Date abt 1912 · Gender Male · Race White · Birth Place Washington, District of Columbia · Marital Status Married · Relation to Head of House Head · Residence Date 1950 · Home in 1950 All Places, Arlington, Virginia, USA · Street Name 26th Road · House Number 1057 · Dwelling Number 84 · Inferred Previous Residence Place All Places, Arlington, Virginia · Occupation Manager · Industry Wholesale Manufacturing”",ABC,arlingtonelections2021 p.34,
Ernest D. Wilt,1,at large,1960,1,1960,11,appointment,novack1994 p.6; term boundaries from arlingtonelections2021,"Appointed on Jan. 29, 1960.",White,census1950wilt,"census listing; read against the sheet, which agrees: “Name Ernest D Wilt · Age 39 · Birth Date abt 1911 · Gender Male · Race White · Birth Place Virginia · Marital Status Married · Relation to Head of House Head · Residence Date 1950 · Home in 1950 All Places, Arlington, Virginia, USA · Street Name 29th St N · House Number 6212 · Dwelling Number 44 · Occupation Proprietor · Industry Wholesale Retail Appliance · Worker Class Own Business”",man,census1950wilt,"census listing; read against the sheet, which agrees: “Name Ernest D Wilt · Age 39 · Birth Date abt 1911 · Gender Male · Race White · Birth Place Virginia · Marital Status Married · Relation to Head of House Head · Residence Date 1950 · Home in 1950 All Places, Arlington, Virginia, USA · Street Name 29th St N · House Number 6212 · Dwelling Number 44 · Occupation Proprietor · Industry Wholesale Retail Appliance · Worker Class Own Business”",,unsourced,
Ralph Kaul,2,at large,1960,1,1963,12,election,novack1994 p.4; term boundaries from arlingtonelections2021,,White,census1950kaul,"census listing; matched on the name and Arlington: “Name Ralph P Kaul · Age 36 · Birth Date abt 1914 · Gender Male · Race White · Birth Place Utah · Marital Status Married · Relation to Head of House Head · Residence Date 1950 · Home in 1950 All Places, Arlington, Virginia, USA · Apartment Number 1201 · Dwelling Number 11 · Occupation Economist · Industry Nat Stail Seanit Reasurer · Worker Class Government · Household Members Ralph P Kaul 36 Head, Elizabeth H Kaul 36 Wife, James M Kaul 6 Son, Judith M Kaul 4 Daughter”",man,census1950kaul,"census listing; matched on the name and Arlington: “Name Ralph P Kaul · Age 36 · Birth Date abt 1914 · Gender Male · Race White · Birth Place Utah · Marital Status Married · Relation to Head of House Head · Residence Date 1950 · Home in 1950 All Places, Arlington, Virginia, USA · Apartment Number 1201 · Dwelling Number 11 · Occupation Economist · Industry Nat Stail Seanit Reasurer · Worker Class Government · Household Members Ralph P Kaul 36 Head, Elizabeth H Kaul 36 Wife, James M Kaul 6 Son, Judith M Kaul 4 Daughter”",ABC,arlingtonelections2021 p.34,
Ernest D. Wilt,2,at large,1960,11,1963,12,special election,novack1994 p.6; term boundaries from arlingtonelections2021,Elected in a special election in Nov 1960 to fill an unexpired term; the appointment ended then.,White,census1950wilt,"census listing; read against the sheet, which agrees: “Name Ernest D Wilt · Age 39 · Birth Date abt 1911 · Gender Male · Race White · Birth Place Virginia · Marital Status Married · Relation to Head of House Head · Residence Date 1950 · Home in 1950 All Places, Arlington, Virginia, USA · Street Name 29th St N · House Number 6212 · Dwelling Number 44 · Occupation Proprietor · Industry Wholesale Retail Appliance · Worker Class Own Business”",man,census1950wilt,"census listing; read against the sheet, which agrees: “Name Ernest D Wilt · Age 39 · Birth Date abt 1911 · Gender Male · Race White · Birth Place Virginia · Marital Status Married · Relation to Head of House Head · Residence Date 1950 · Home in 1950 All Places, Arlington, Virginia, USA · Street Name 29th St N · House Number 6212 · Dwelling Number 44 · Occupation Proprietor · Industry Wholesale Retail Appliance · Worker Class Own Business”",independent,arlingtonelections2021 p.36,
Thomas W. Richards,1,at large,1961,1,1964,12,election,novack1994 p.6; term boundaries from arlingtonelections2021,,White,assumed,,man,assumed,,ABC,arlingtonelections2021 p.36,
Roye L. Lowry,1,at large,1962,1,1965,12,election,novack1994 p.5,,White,assumed,,man,assumed,,ABC,arlingtonelections2021 p.37,
"Leo Urbanske, Jr",2,at large,1963,1,1966,12,election,novack1994 p.6; term boundaries from arlingtonelections2021,,White,census1950urbanske,"census listing; read against the sheet, which agrees: “Name Leo Urbanske Jr · Age 27 · Birth Date abt 1923 · Gender Male · Race White · Birth Place Washington, District of Columbia · Marital Status Married · Relation to Head of House Head · Residence Date 1950 · Home in 1950 All Places, Arlington, Virginia, USA · Street Name So. 15th St. · House Number 1110 · Apartment Number 87 · Dwelling Number 78 · Inferred Previous Residence Place All Places, Arlington, Virginia · Occupation Testman · Industry Telephone Company”",man,census1950urbanske,"census listing; read against the sheet, which agrees: “Name Leo Urbanske Jr · Age 27 · Birth Date abt 1923 · Gender Male · Race White · Birth Place Washington, District of Columbia · Marital Status Married · Relation to Head of House Head · Residence Date 1950 · Home in 1950 All Places, Arlington, Virginia, USA · Street Name So. 15th St. · House Number 1110 · Apartment Number 87 · Dwelling Number 78 · Inferred Previous Residence Place All Places, Arlington, Virginia · Occupation Testman · Industry Telephone Company”",ABC,arlingtonelections2021 p.38,
Harold J. Casto,1,at large,1964,1,1967,12,election,novack1994 p.2,,White,assumed,,man,assumed,,Republican,arlingtonelections2021 p.40,
Joseph L. Fisher,1,at large,1964,1,1967,12,election,novack1994 p.3; term boundaries from arlingtonelections2021,,White,assumed,,man,assumed,,ABC,arlingtonelections2021 p.40,
Thomas W. Richards,2,at large,1965,1,1968,12,election,novack1994 p.6; term boundaries from arlingtonelections2021,,White,assumed,,man,assumed,,ABC,arlingtonelections2021 p.41,
Dr. Kenneth M. Haggerty,1,at large,1966,1,1969,12,election,novack1994 p.4; term boundaries from arlingtonelections2021,,White,assumed,,man,census1950haggerty,"census listing; read against the sheet, which agrees: “Name Kenneth M Haggerty · Age 26 · Birth Date abt 1924 · Gender Male · Birth Place New York · Marital Status Married · Relation to Head of House Head · Residence Date 1950 · Home in 1950 All Places, Arlington, Virginia, USA · Street Name 20th Road N · House Number 4706 · Apartment Number 208 · Dwelling Number 204 · Occupation Student · Household Members Kenneth M Haggerty 26 Head, Regina M Haggerty”",Republican,arlingtonelections2021 p.43,
Ned R. Thomas,1,at large,1967,1,1970,12,election,novack1994 p.6,,White,assumed,,man,assumed,,Republican,arlingtonelections2021 p.44,
Jay E. Ricks,1,at large,1968,1,1971,12,election,novack1994 p.6,,White,assumed,,man,assumed,,independent,arlingtonelections2021 p.46,
Joseph L. Fisher,2,at large,1968,1,1971,12,election,novack1994 p.3; term boundaries from arlingtonelections2021,,White,assumed,,man,assumed,,Democratic,lvafisher,"county lists (I) | ran as an independent with the support of both ABC and the Democrats; the 1971 source calls him a Democrat: “Fisher ran successfully for reelection as an independent in 1967, drawing support from both ABC and Democrats.”"
A. Leslie Phillips,1,at large,1969,1,1972,12,election,novack1994 p.5,,White,assumed,,man,assumed,,Republican,arlingtonelections2021 p.47,
Dr. Kenneth M. Haggerty,2,at large,1970,1,1973,12,election,novack1994 p.4; term boundaries from arlingtonelections2021,,White,assumed,,man,census1950haggerty,"census listing; read against the sheet, which agrees: “Name Kenneth M Haggerty · Age 26 · Birth Date abt 1924 · Gender Male · Birth Place New York · Marital Status Married · Relation to Head of House Head · Residence Date 1950 · Home in 1950 All Places, Arlington, Virginia, USA · Street Name 20th Road N · House Number 4706 · Apartment Number 208 · Dwelling Number 204 · Occupation Student · Household Members Kenneth M Haggerty 26 Head, Regina M Haggerty”",Republican,arlingtonelections2021 p.49,
Joseph S. Wholey,1,at large,1971,1,1974,12,election,novack1994 p.6; term boundaries from arlingtonelections2021,,White,assumed,,man,assumed,,ABC,wholey2023,"county lists (I) | obituary, undated; his County Board elections were 1970 and 1974, and the 1974 one is sourced separately: “As an endorsee of Arlingtonians for a Better County and chairman of Arlington's Long Range County Improvement Program, Joe worked to make Arlington not just a good home for young families, but a vital, vibrant part of the Washington metropolitan area.”"
Everard Munsey,1,at large,1972,1,1975,12,election,novack1994 p.5,,White,assumed,,man,assumed,,Democratic,mccaffrey2022,"county lists (I) | described as a Democrat-cum-independent: “Incumbent County Board Democrat (though nominally an independent) Joseph Fisher was seen as largely unbeatable in the 1971 race, leading the campaign for the second slot to boil down to Dewberry vs. Democrat-cum-independent Everard Munsey.”"
Joseph L. Fisher,3,at large,1972,1,1974,12,election,novack1994 p.3; term boundaries from arlingtonelections2021,Resigned following his election to the U.S. House of Representatives.,White,assumed,,man,assumed,,Democratic,mccaffrey2022,"county lists (I) | stated directly, nominally an independent: “Incumbent County Board Democrat (though nominally an independent) Joseph Fisher was seen as largely unbeatable in the 1971 race, leading the campaign for the second slot to boil down to Dewberry vs. Democrat-cum-independent Everard Munsey.”"
John Purdy,1,at large,1973,1,1976,12,election,novack1994 p.5; term boundaries from arlingtonelections2021,,White,assumed,,man,assumed,,Democratic,mccaffrey2024,"county lists (I) | stated directly, of both terms: “In 1980, Democrat John Milliken defeated Republican-backed independent ‘Sim’ Pace to secure a seat that had been held for two four-year terms by Democrat John Purdy.”"
Ellen Bozman,1,at large,1974,1,1977,12,election,novack1994 p.2; term boundaries from arlingtonelections2021,,White,assumed,,woman,novack1994 p.2,inferred by Claude from name,ABC,mccaffrey2026a; mccaffrey2009,"county lists (I) | stated directly, with the election years: “Among them was Ellen Bozman, who for the first five of her six County Board victories — 1973, 1977, 1981, 1985 and 1989 — was officially a candidate of ABC, albeit with tacit Democratic support.” | stated directly; the same source gives the results of each of her six races: “In her first five campaigns, Bozman competed not as a Democrat but under the banner of Arlingtonians for a Better County, which while technically nonpartisan was allied with the local Democrats.”"
Joseph S. Wholey,2,at large,1975,1,1978,12,election,novack1994 p.6; term boundaries from arlingtonelections2021,,White,assumed,,man,assumed,,Democratic,mccaffrey2019,"county lists (I) | stated directly, of the 1974 election: “Previously, in 1974, she had unsuccessfully run for County Board against Democrat Joseph Wholey.”"
Thomas W. Richards,3,at large,1975,1,1975,12,appointment,novack1994 p.6,"Appointed in 1975 to fill the unexpired term of Joseph L. Fisher, who had been elected to the U.S. House of Representatives.",White,assumed,,man,assumed,,,unsourced,
Dorothy Grotos,1,at large,1976,1,1979,12,election,novack1994 p.4; term boundaries from arlingtonelections2021,,White,assumed,,woman,novack1994 p.4,inferred by Claude from name,Republican,mccaffrey2019,"county lists (I) | stated directly, of both elections: “The team of Republicans Grotos and Walter Frankland Jr. in 1975 came out victorious in a six-candidate field to win election to the County Board, and each won 1979 re-election victories over Democrats Mary Margaret Whipple and Charles Rinker.”"
Walter Frankland,1,at large,1976,1,1979,12,election,novack1994 p.4; term boundaries from arlingtonelections2021,,White,assumed,,man,assumed,,Republican,mccaffrey2019,"county lists (I) | stated directly, of both elections: “The team of Republicans Grotos and Walter Frankland Jr. in 1975 came out victorious in a six-candidate field to win election to the County Board, and each won 1979 re-election victories over Democrats Mary Margaret Whipple and Charles Rinker.”"
John Purdy,2,at large,1977,1,1980,12,election,novack1994 p.5; term boundaries from arlingtonelections2021,,White,assumed,,man,assumed,,Democratic,mccaffrey2024,"county lists (I) | stated directly, of both terms: “In 1980, Democrat John Milliken defeated Republican-backed independent ‘Sim’ Pace to secure a seat that had been held for two four-year terms by Democrat John Purdy.”"
Ellen Bozman,2,at large,1978,1,1981,12,election,novack1994 p.2; term boundaries from arlingtonelections2021,,White,assumed,,woman,novack1994 p.2,inferred by Claude from name,ABC,mccaffrey2026a,"county lists (I) | stated directly, with the election years: “Among them was Ellen Bozman, who for the first five of her six County Board victories — 1973, 1977, 1981, 1985 and 1989 — was officially a candidate of ABC, albeit with tacit Democratic support.”"
Stephen Detwiler,1,at large,1979,1,1982,12,election,novack1994 p.3,,White,assumed,,man,assumed,,Republican,mccaffrey2019,"county lists (I) | named among the three Republicans holding the majority in 1979: “Grotos chaired the board in 1979, the last time Republicans (Stephen Detwiler, Frankland and herself) held a majority on the five-member panel.”"
Dorothy Grotos,2,at large,1980,1,1983,12,election,novack1994 p.4; term boundaries from arlingtonelections2021,,White,assumed,,woman,novack1994 p.4,inferred by Claude from name,Republican,mccaffrey2019,"county lists (I) | stated directly, of both elections: “The team of Republicans Grotos and Walter Frankland Jr. in 1975 came out victorious in a six-candidate field to win election to the County Board, and each won 1979 re-election victories over Democrats Mary Margaret Whipple and Charles Rinker.”"
Walter Frankland,2,at large,1980,1,1983,12,election,novack1994 p.4; term boundaries from arlingtonelections2021,,White,assumed,,man,assumed,,Republican,mccaffrey2019,"county lists (I) | stated directly, of both elections: “The team of Republicans Grotos and Walter Frankland Jr. in 1975 came out victorious in a six-candidate field to win election to the County Board, and each won 1979 re-election victories over Democrats Mary Margaret Whipple and Charles Rinker.”"
John G. Milliken,1,at large,1981,1,1984,12,election,novack1994 p.5; term boundaries from arlingtonelections2021,,White,assumed,,man,assumed,,Democratic,arlingtonelections2021 p.64,
Ellen Bozman,3,at large,1982,1,1985,12,election,novack1994 p.2; term boundaries from arlingtonelections2021,,White,assumed,,woman,novack1994 p.2,inferred by Claude from name,ABC,mccaffrey2026a,"county lists (I) | stated directly, with the election years: “Among them was Ellen Bozman, who for the first five of her six County Board victories — 1973, 1977, 1981, 1985 and 1989 — was officially a candidate of ABC, albeit with tacit Democratic support.”"
Mary Margaret Whipple,1,at large,1983,1,1986,12,election,novack1994 p.6; term boundaries from arlingtonelections2021,,White,assumed,,woman,novack1994 p.6,inferred by Claude from name,Democratic,arlingtonelections2021 p.66,
Albert C. Eisenberg,1,at large,1984,1,1987,12,election,novack1994 p.3; term boundaries from arlingtonelections2021,,White,assumed,,man,assumed,,Democratic,arlingtonelections2021 p.68,
Michael E. Brunner,1,at large,1984,1,1987,12,election,novack1994 p.2,,White,assumed,,man,assumed,,independent,arlingtonelections2021 p.68,
John G. Milliken,2,at large,1985,1,1988,12,election,novack1994 p.5; term boundaries from arlingtonelections2021,,White,assumed,,man,assumed,,Democratic,arlingtonelections2021 p.68,
Ellen Bozman,4,at large,1986,1,1989,12,election,novack1994 p.2; term boundaries from arlingtonelections2021,,White,assumed,,woman,novack1994 p.2,inferred by Claude from name,ABC,mccaffrey2026a,"county lists (I) | stated directly, with the election years: “Among them was Ellen Bozman, who for the first five of her six County Board victories — 1973, 1977, 1981, 1985 and 1989 — was officially a candidate of ABC, albeit with tacit Democratic support.”"
Mary Margaret Whipple,2,at large,1987,1,1990,12,election,novack1994 p.6; term boundaries from arlingtonelections2021,,White,assumed,,woman,novack1994 p.6,inferred by Claude from name,Democratic,arlingtonelections2021 p.70,
Albert C. Eisenberg,2,at large,1988,1,1991,12,election,novack1994 p.3; term boundaries from arlingtonelections2021,,White,assumed,,man,assumed,,Democratic,arlingtonelections2021 p.71,
"William T. Newman, Jr",1,at large,1988,1,1991,12,election,novack1994 p.5; term boundaries from arlingtonelections2021,,Black,hjerpe2021 p.5,"stated directly: “After 1930, it would be more than half a century before William T. Newman was elected, breaking the all-white pattern of county governance in 1988.”",man,assumed,,Democratic,arlingtonelections2021 p.71,
John G. Milliken,3,at large,1989,1,1990,2,election,novack1994 p.5; term boundaries from arlingtonelections2021,Resigned in February 1990 following his appointment as Secretary of Transportation of the Commonwealth of Virginia.,White,assumed,,man,assumed,,Democratic,arlingtonelections2021 p.72,
Ellen Bozman,5,at large,1990,1,1993,12,election,novack1994 p.2; term boundaries from arlingtonelections2021,,White,assumed,,woman,novack1994 p.2,inferred by Claude from name,ABC,mccaffrey2026a,"county lists (I) | stated directly, with the election years: “Among them was Ellen Bozman, who for the first five of her six County Board victories — 1973, 1977, 1981, 1985 and 1989 — was officially a candidate of ABC, albeit with tacit Democratic support.”"
James B. Hunter III,1,at large,1990,5,1992,12,appointment,novack1994 p.4; term boundaries from arlingtonelections2021,"Elected in a special election in May 1990 to fill the unexpired term of John G. Milliken, who had been appointed as Secretary of Transportation of the Commonwealth of Virginia.",White,assumed,,man,assumed,,Democratic,arlingtonelections2021 p.74,
Mary Margaret Whipple,3,at large,1991,1,1994,12,election,novack1994 p.6; term boundaries from arlingtonelections2021,,White,assumed,,woman,novack1994 p.6,inferred by Claude from name,Democratic,arlingtonelections2021 p.74,
Albert C. Eisenberg,3,at large,1992,1,1995,12,election,novack1994 p.3; term boundaries from arlingtonelections2021,,White,assumed,,man,assumed,,Democratic,arlingtonelections2021 p.76,
"William T. Newman, Jr",2,at large,1992,1,1993,3,election,novack1994 p.5; term boundaries from arlingtonelections2021,Resigned in March 1993 following his appointment as a Circuit Judge.,Black,hjerpe2021 p.5,"stated directly: “After 1930, it would be more than half a century before William T. Newman was elected, breaking the all-white pattern of county governance in 1988.”",man,assumed,,Democratic,arlingtonelections2021 p.76,
James B. Hunter III,2,at large,1993,1,1996,12,election,novack1994 p.4; term boundaries from arlingtonelections2021,,White,assumed,,man,assumed,,Democratic,arlingtonelections2021 p.76,
"Benjamin H. Winslow, Jr",1,at large,1993,4,1995,12,appointment,novack1994 p.6; term boundaries from arlingtonelections2021,"Elected in a special election in April 1993 to fill the unexpired term of William T. Newman, Jr., who had been appointed a Circuit Judge.",White,assumed,,man,assumed,,independent,arlingtonelections2021 p.77,
Ellen Bozman,6,at large,1994,1,1997,12,election,novack1994 p.2; term boundaries from arlingtonelections2021,,White,assumed,,woman,novack1994 p.2,inferred by Claude from name,Democratic,arlingtonelections2021 p.78,
Mary Margaret Whipple,4,at large,1995,1,1996,1,election,arlingtonelections2021 p.79,Left the seat before the end of the term; filled by special election in Jan 1996.,White,assumed,,woman,novack1994 p.6,inferred by Claude from name,Democratic,arlingtonelections2021 p.79,
Albert C. Eisenberg,4,at large,1996,1,1999,4,election,arlingtonelections2021 p.81,Left the seat before the end of the term; filled by special election in Apr 1999.,White,assumed,,man,assumed,,Democratic,arlingtonelections2021 p.80,
Christopher E. Zimmerman,1,at large,1996,1,1998,12,special election,arlingtonelections2021 p.82,Elected in a special election in Jan 1996 to fill an unexpired term.,White,assumed,,man,assumed,,Democratic,arlingtonelections2021 p.82,
Paul F. Ferguson,1,at large,1996,1,1999,12,election,arlingtonelections2021 p.81,,White,assumed,,man,assumed,,Democratic,arlingtonelections2021 p.80,
James B. Hunter III,3,at large,1997,1,1997,11,election,arlingtonelections2021 p.82,Left the seat before the end of the term; filled by special election in Nov 1997.,White,assumed,,man,assumed,,Democratic,arlingtonelections2021 p.82,
Barbara A. Favola,1,at large,1997,11,2000,12,special election,arlingtonelections2021 p.85,Elected in a special election in Nov 1997 to fill an unexpired term.,White,assumed,,woman,arlingtonelections2021 p.85,inferred by Claude from name,Democratic,arlingtonelections2021 p.84,
"G.N. “Jay” Fisette, Jr.",1,at large,1998,1,2001,12,election,arlingtonelections2021 p.85,,White,assumed,,man,assumed,,Democratic,arlingtonelections2021 p.84,
Christopher E. Zimmerman,2,at large,1999,1,2002,12,election,arlingtonelections2021 p.85,,White,assumed,,man,assumed,,Democratic,arlingtonelections2021 p.85,
Michael D. Lane,1,at large,1999,4,1999,12,special election,arlingtonelections2021 p.86,Elected in a special election in Apr 1999 to fill an unexpired term.,White,assumed,,man,assumed,,Republican,arlingtonelections2021 p.86,
Charles P. Monroe,1,at large,2000,1,2003,3,election,arlingtonelections2021 p.88,Left the seat before the end of the term; filled by special election in Mar 2003.,Black,hjerpe2021 p.6,"one of the four members of color the passage names; it counts three Black men and one Hispanic man without saying which is which: “As of the writing of this piece, 3 black men, one Hispanic man, and no Asian American people have served on the Arlington County Board under the at-large system. It should also be noted that all four board members of color in the at-large era were elected in years where two county board seats were up for election, and only Christian Dorsey in 2015 managed to gain office by winning the most amount of votes, rather than the second amount of votes. Had William T. Neuman, Charles Monroe, or Walter Tejada ran in any other election cycle, they would have lost.”",man,assumed,,Democratic,arlingtonelections2021 p.86,
Paul F. Ferguson,2,at large,2000,1,2003,12,election,arlingtonelections2021 p.88,,White,assumed,,man,assumed,,Democratic,arlingtonelections2021 p.88,
Barbara A. Favola,2,at large,2001,1,2004,12,election,arlingtonelections2021 p.89,,White,assumed,,woman,arlingtonelections2021 p.85,inferred by Claude from name,Democratic,arlingtonelections2021 p.89,
"G.N. “Jay” Fisette, Jr.",2,at large,2002,1,2005,12,election,arlingtonelections2021 p.91,,White,assumed,,man,assumed,,Democratic,arlingtonelections2021 p.91,
Christopher E. Zimmerman,3,at large,2003,1,2006,12,election,arlingtonelections2021 p.91,,White,assumed,,man,assumed,,Democratic,arlingtonelections2021 p.91,
J. Walter Tejada,1,at large,2003,3,2003,12,special election,arlingtonelections2021 p.92,Elected in a special election in Mar 2003 to fill an unexpired term.,Hispanic,hjerpe2021 p.6,"one of the four members of color the passage names; it counts three Black men and one Hispanic man without saying which is which: “As of the writing of this piece, 3 black men, one Hispanic man, and no Asian American people have served on the Arlington County Board under the at-large system. It should also be noted that all four board members of color in the at-large era were elected in years where two county board seats were up for election, and only Christian Dorsey in 2015 managed to gain office by winning the most amount of votes, rather than the second amount of votes. Had William T. Neuman, Charles Monroe, or Walter Tejada ran in any other election cycle, they would have lost.”",man,assumed,,Democratic,arlingtonelections2021 p.92,
J. Walter Tejada,2,at large,2004,1,2007,12,election,arlingtonelections2021 p.94,,Hispanic,hjerpe2021 p.6,"one of the four members of color the passage names; it counts three Black men and one Hispanic man without saying which is which: “As of the writing of this piece, 3 black men, one Hispanic man, and no Asian American people have served on the Arlington County Board under the at-large system. It should also be noted that all four board members of color in the at-large era were elected in years where two county board seats were up for election, and only Christian Dorsey in 2015 managed to gain office by winning the most amount of votes, rather than the second amount of votes. Had William T. Neuman, Charles Monroe, or Walter Tejada ran in any other election cycle, they would have lost.”",man,assumed,,Democratic,arlingtonelections2021 p.92,
Paul F. Ferguson,3,at large,2004,1,2007,12,election,arlingtonelections2021 p.94,,White,assumed,,man,assumed,,Democratic,arlingtonelections2021 p.92,
Barbara A. Favola,3,at large,2005,1,2008,12,election,arlingtonelections2021 p.95,,White,assumed,,woman,arlingtonelections2021 p.85,inferred by Claude from name,Democratic,arlingtonelections2021 p.95,
"G.N. “Jay” Fisette, Jr.",3,at large,2006,1,2009,12,election,arlingtonelections2021 p.97,,White,assumed,,man,assumed,,Democratic,arlingtonelections2021 p.97,
Christopher E. Zimmerman,4,at large,2007,1,2010,12,election,arlingtonelections2021 p.97,,White,assumed,,man,assumed,,Democratic,arlingtonelections2021 p.97,
J. Walter Tejada,3,at large,2008,1,2011,12,election,arlingtonelections2021 p.100,,Hispanic,hjerpe2021 p.6,"one of the four members of color the passage names; it counts three Black men and one Hispanic man without saying which is which: “As of the writing of this piece, 3 black men, one Hispanic man, and no Asian American people have served on the Arlington County Board under the at-large system. It should also be noted that all four board members of color in the at-large era were elected in years where two county board seats were up for election, and only Christian Dorsey in 2015 managed to gain office by winning the most amount of votes, rather than the second amount of votes. Had William T. Neuman, Charles Monroe, or Walter Tejada ran in any other election cycle, they would have lost.”",man,assumed,,Democratic,arlingtonelections2021 p.100,
Mary H. Hynes,1,at large,2008,1,2011,12,election,arlingtonelections2021 p.100,,White,assumed,,woman,arlingtonelections2021 p.100,inferred by Claude from name,Democratic,arlingtonelections2021 p.100,
Barbara A. Favola,4,at large,2009,1,2012,3,election,arlingtonelections2021 p.101,Left the seat before the end of the term; filled by special election in Mar 2012.,White,assumed,,woman,arlingtonelections2021 p.85,inferred by Claude from name,Democratic,arlingtonelections2021 p.101,
"G.N. “Jay” Fisette, Jr.",4,at large,2010,1,2013,12,election,arlingtonelections2021 p.103,,White,assumed,,man,assumed,,Democratic,arlingtonelections2021 p.103,
Christopher E. Zimmerman,5,at large,2011,1,2014,4,election,arlingtonelections2021 p.103,Left the seat before the end of the term; filled by special election in Apr 2014.,White,assumed,,man,assumed,,Democratic,arlingtonelections2021 p.103,
J. Walter Tejada,4,at large,2012,1,2015,12,election,arlingtonelections2021 p.106,,Hispanic,hjerpe2021 p.6,"one of the four members of color the passage names; it counts three Black men and one Hispanic man without saying which is which: “As of the writing of this piece, 3 black men, one Hispanic man, and no Asian American people have served on the Arlington County Board under the at-large system. It should also be noted that all four board members of color in the at-large era were elected in years where two county board seats were up for election, and only Christian Dorsey in 2015 managed to gain office by winning the most amount of votes, rather than the second amount of votes. Had William T. Neuman, Charles Monroe, or Walter Tejada ran in any other election cycle, they would have lost.”",man,assumed,,Democratic,arlingtonelections2021 p.106,
Mary H. Hynes,2,at large,2012,1,2015,12,election,arlingtonelections2021 p.106,,White,assumed,,woman,arlingtonelections2021 p.100,inferred by Claude from name,Democratic,arlingtonelections2021 p.106,
Libby T. Garvey,1,at large,2012,3,2012,12,special election,arlingtonelections2021 p.106,Elected in a special election in Mar 2012 to fill an unexpired term.,White,assumed,,woman,arlingtonelections2021 p.106,inferred by Claude from name,Democratic,arlingtonelections2021 p.106,
Libby T. Garvey,2,at large,2013,1,2016,12,election,arlingtonelections2021 p.107,,White,assumed,,woman,arlingtonelections2021 p.106,inferred by Claude from name,Democratic,arlingtonelections2021 p.106,
"G.N. “Jay” Fisette, Jr.",5,at large,2014,1,2017,12,election,arlingtonelections2021 p.109,,White,assumed,,man,assumed,,Democratic,arlingtonelections2021 p.109,
John E. Vihstadt,1,at large,2014,4,2014,12,special election,arlingtonelections2021 p.109,Elected in a special election in Apr 2014 to fill an unexpired term.,White,assumed,,man,assumed,,Republican,mccaffrey2018,"county lists (I) | ran as an independent with the Republican committee's formal backing, which the coding rule reads as the party's candidate: “While four years ago, he ran as an independent but accepted formal backing from the Arlington County Republican Committee, this year he steered clear of any affiliation with Republicans.”"
John E. Vihstadt,2,at large,2015,1,2018,12,election,arlingtonelections2021 p.110,,White,assumed,,man,assumed,,Republican,mccaffrey2018,"county lists (I) | ran as an independent with the Republican committee's formal backing, which the coding rule reads as the party's candidate: “While four years ago, he ran as an independent but accepted formal backing from the Arlington County Republican Committee, this year he steered clear of any affiliation with Republicans.”"
Christian E. Dorsey,1,at large,2016,1,2019,12,election,arlingtonelections2021 p.112,,Black,hjerpe2021 p.6,"one of the four members of color the passage names; it counts three Black men and one Hispanic man without saying which is which: “As of the writing of this piece, 3 black men, one Hispanic man, and no Asian American people have served on the Arlington County Board under the at-large system. It should also be noted that all four board members of color in the at-large era were elected in years where two county board seats were up for election, and only Christian Dorsey in 2015 managed to gain office by winning the most amount of votes, rather than the second amount of votes. Had William T. Neuman, Charles Monroe, or Walter Tejada ran in any other election cycle, they would have lost.”",man,assumed,,Democratic,arlingtonelections2021 p.111,
"Kate A. ""Katie"" Cristol",1,at large,2016,1,2019,12,election,arlingtonelections2021 p.112,,White,assumed,,woman,arlingtonelections2021 p.112,inferred by Claude from name,Democratic,arlingtonelections2021 p.111,
Libby T. Garvey,3,at large,2017,1,2020,12,election,arlingtonelections2021 p.114,,White,assumed,,woman,arlingtonelections2021 p.106,inferred by Claude from name,Democratic,arlingtonelections2021 p.113,
Erik Gutshall,1,at large,2018,1,2020,7,election,arlingtonelections2021 p.116,Left the seat before the end of the term; filled by special election in Jul 2020.,White,assumed,,man,assumed,,Democratic,arlingtonelections2021 p.116,
"Matthew D. ""Matt"" de Ferranti",1,at large,2019,1,2022,12,election,arlingtonelections2021 p.116,,White,assumed,,man,assumed,,Democratic,arlingtonelections2021 p.116,
Christian E. Dorsey,2,at large,2020,1,2023,12,election,arlingtonelections2021 p.118,,Black,hjerpe2021 p.6,"one of the four members of color the passage names; it counts three Black men and one Hispanic man without saying which is which: “As of the writing of this piece, 3 black men, one Hispanic man, and no Asian American people have served on the Arlington County Board under the at-large system. It should also be noted that all four board members of color in the at-large era were elected in years where two county board seats were up for election, and only Christian Dorsey in 2015 managed to gain office by winning the most amount of votes, rather than the second amount of votes. Had William T. Neuman, Charles Monroe, or Walter Tejada ran in any other election cycle, they would have lost.”",man,assumed,,Democratic,arlingtonelections2021 p.118,
"Kate A. ""Katie"" Cristol",2,at large,2020,1,2023,12,election,arlingtonelections2021 p.118,,White,assumed,,woman,arlingtonelections2021 p.112,inferred by Claude from name,Democratic,arlingtonelections2021 p.118,
Takis P. Karantonis,1,at large,2020,7,2021,12,special election,arlingtonelections2021 p.119,Elected in a special election in Jul 2020 to fill an unexpired term.,White,assumed,,man,assumed,,Democratic,arlnow2020,"stated directly, of the 2020 special election: “Takis Karantonis Thursday morning became the Democratic Party nominee for the July 7 Arlington County Board special election”"
Libby T. Garvey,4,at large,2021,1,2024,12,election,arlingtonelections2021 p.120,,White,assumed,,woman,arlingtonelections2021 p.106,inferred by Claude from name,Democratic,arlingtonelections2021 p.120,
Takis P. Karantonis,2,at large,2022,1,2025,12,election,arlingtonelections2021 p.122,,White,assumed,,man,assumed,,Democratic,arlingtonelections2021 p.121,
"Matthew D. ""Matt"" de Ferranti",2,at large,2023,1,2026,12,election,vaelections contest 156359,,White,assumed,,man,assumed,,Democratic,vaelections contest 156359,
Maureen E. Coffey,1,at large,2024,1,2027,12,election,vaelections contest 163432,,White,assumed,,woman,vaelections contest 163432,inferred by Claude from name,Democratic,vaelections contest 160326,won the Democratic primary; the general election record carries no party
Susan R. Cunningham,1,at large,2024,1,2027,12,election,vaelections contest 163432,,White,assumed,,woman,vaelections contest 163432,inferred by Claude from name,Democratic,vaelections contest 160326,won the Democratic primary; the general election record carries no party
"Julius D. ""JD"" Spain, Sr.",1,at large,2025,1,2028,12,election,vaelections contest 161309,,Black,hudson2026,"stated directly by Sally Hudson, who knows him",man,assumed,,Democratic,vaelections contest 161227,won the Democratic primary; the general election record carries no party
Takis P. Karantonis,3,at large,2026,1,2029,12,election,vaelections contest 165040,,White,assumed,,man,assumed,,Democratic,vaelections contest 160947,won the Democratic primary; the general election record carries no party
