name,term_number,district,start_year,start_month,end_year,end_month,held_from,held_to,seated_by,election_year,source,note,race,race_source,race_note,gender,gender_source,gender_note,gender_evidence,birth_year,birth_year_source,birth_year_note,birth_year_precision,party,party_source,party_note
H. Dwight Smith,1,Arlington,1870,7,1871,7,22446,22458,election,1870,oleary2010 p.9,,White,assumed,,man,gazette1873smith,"press: Captain (""Captain H. Dwight Smith in the chair""), read on the page image, image 3: “Arlington Republicans.—A meeting of the Republicans of Arlington was held on Tuesday evening, Captain H. Dwight Smith in the chair, Mr. George W. Jackson, secretary.”",press,,unsourced,,,,,
Charles W. Payne,1,Washington,1870,7,1871,7,22446,22458,election,1870,oleary2010 p.9,,White,census1880paynecharles,"census listing; matched on the name, the middle initial and the Washington district, the district he sat for in 1870-71 and 1877-79; the only Charles W. Payne in the county in 1880: “Name Chas. W. Payne · Age 58 · Birth Date Abt 1822 · Birthplace Washington, D.c. · Home in 1880 Washington, Alexandria, Virginia, USA · Dwelling Number 6 · Race White · Gender Male · Relation to Head of House Self (Head) · Marital Status Married · Spouse's Name Virginia Payne · Occupation Carpenter · Household Members Chas. W. Payne 58 Self (Head), Virginia Payne 33 Wife”",man,census1880paynecharles,"census listing; matched on the name, the middle initial and the Washington district, the district he sat for in 1870-71 and 1877-79; the only Charles W. Payne in the county in 1880: “Name Chas. W. Payne · Age 58 · Birth Date Abt 1822 · Birthplace Washington, D.c. · Home in 1880 Washington, Alexandria, Virginia, USA · Dwelling Number 6 · Race White · Gender Male · Relation to Head of House Self (Head) · Marital Status Married · Spouse's Name Virginia Payne · Occupation Carpenter · Household Members Chas. W. Payne 58 Self (Head), Virginia Payne 33 Wife”",record,1822,census1880paynecharles,"census listing; matched on the name, the middle initial and the Washington district, the district he sat for in 1870-71 and 1877-79; the only Charles W. Payne in the county in 1880; the year is the census year less the age given, so within a year: “Name Chas. W. Payne · Age 58 · Birth Date Abt 1822 · Birthplace Washington, D.c. · Home in 1880 Washington, Alexandria, Virginia, USA · Dwelling Number 6 · Race White · Gender Male · Relation to Head of House Self (Head) · Marital Status Married · Spouse's Name Virginia Payne · Occupation Carpenter · Household Members Chas. W. Payne 58 Self (Head), Virginia Payne 33 Wife”",within a year,,,
James C. Roach,1,Jefferson,1870,9,1871,7,22448,22458,unrecorded,,oleary2010 p.9; arlhist1967officials,"Took the seat mid-term. Named in full by the article, from the Board's minute books, where O'Leary gives the surname alone (Sally, 27 September 2026).",White,census1870roach,"census listing; O'Leary gives the surname only for the Jefferson seat taken in September 1870; matched on the surname and the Jefferson district in the year he sat; the only Roach heading a household in the district in 1870, the other adult Roach there, John, 19, being in his household, and a farmer holding $40,000 in land; a weak match, the surname alone standing for the name: “Name Jame C Roach · Age in 1870 32 · Birth Date abt 1838 · Birthplace Virginia · Dwelling Number 175 · Home in 1870 Jefferson, Alexandria (Independent City), Virginia · Race White · Gender Male · Post Office Alexandria · Occupation Farmer · Male Citizen Over 21 Yes · Personal Estate Value 200 · Real Estate Value 40000 · Inferred Spouse Rebecca Roach · Household Members Jame C Roach 32, Rebecca Roach 25, Reberta Roach, Elizabeth Roach 3, John Roach 19, Townaf Cisson 14”",man,census1870roach,"census listing; O'Leary gives the surname only for the Jefferson seat taken in September 1870; matched on the surname and the Jefferson district in the year he sat; the only Roach heading a household in the district in 1870, the other adult Roach there, John, 19, being in his household, and a farmer holding $40,000 in land; a weak match, the surname alone standing for the name: “Name Jame C Roach · Age in 1870 32 · Birth Date abt 1838 · Birthplace Virginia · Dwelling Number 175 · Home in 1870 Jefferson, Alexandria (Independent City), Virginia · Race White · Gender Male · Post Office Alexandria · Occupation Farmer · Male Citizen Over 21 Yes · Personal Estate Value 200 · Real Estate Value 40000 · Inferred Spouse Rebecca Roach · Household Members Jame C Roach 32, Rebecca Roach 25, Reberta Roach, Elizabeth Roach 3, John Roach 19, Townaf Cisson 14”",record,1838,census1870roach,"census listing; O'Leary gives the surname only for the Jefferson seat taken in September 1870; matched on the surname and the Jefferson district in the year he sat; the only Roach heading a household in the district in 1870, the other adult Roach there, John, 19, being in his household, and a farmer holding $40,000 in land; a weak match, the surname alone standing for the name; the year is the census year less the age given, so within a year: “Name Jame C Roach · Age in 1870 32 · Birth Date abt 1838 · Birthplace Virginia · Dwelling Number 175 · Home in 1870 Jefferson, Alexandria (Independent City), Virginia · Race White · Gender Male · Post Office Alexandria · Occupation Farmer · Male Citizen Over 21 Yes · Personal Estate Value 200 · Real Estate Value 40000 · Inferred Spouse Rebecca Roach · Household Members Jame C Roach 32, Rebecca Roach 25, Reberta Roach, Elizabeth Roach 3, John Roach 19, Townaf Cisson 14”",within a year,,,
H. Dwight Smith,2,Arlington,1871,7,1872,7,22458,22470,election,1871,oleary2010 p.9,,White,assumed,,man,gazette1873smith,"press: Captain (""Captain H. Dwight Smith in the chair""), read on the page image, image 3: “Arlington Republicans.—A meeting of the Republicans of Arlington was held on Tuesday evening, Captain H. Dwight Smith in the chair, Mr. George W. Jackson, secretary.”",press,,unsourced,,,,,
William A. Rowe,1,Jefferson,1871,7,1872,7,22458,22470,election,1871,oleary2010 p.9,,Black,hjerpe2021 p.2; gazette1875schutt; census1880rowe,"stated directly: “The first such member, William A. Rowe, was Alexandria County's first black police officer.” | press: the paper's own parenthesis on the member's name, read on the page image, image 3; the Board paragraph of 6 December 1875 names the three supervisors and marks one of them, the first contemporary print naming of a Black member's race. The OCR renders the surname Howe; the next sentence of the same paragraph names him Rowe: “The new Board of Supervisors, for Alexandria, met at the court house this morning; present, Messers. F. C. Schutt, of Jefferson; Wm. A. Rowe, (colored,) of Arlington; and G. C. Vanderberg, of Washington District.” | census listing, read against the sheet, which agrees; the record reads Mulatto, coded Black as Pinn's 1880 record is; matched on the name and Alexandria County; the census's Arlington is the district he sat for at this term: “Name William A. Rowe · Age 46 · Birth Date Abt 1834 · Birthplace Virginia · Home in 1880 Arlington, Alexandria, Virginia, USA · Dwelling Number 149 · Race Mulatto · Gender Male · Relation to Head of House Self (Head) · Marital Status Married · Spouse's Name Ellen B. Rowe · Occupation Farmer · Household Members George K. Rowe 12 Son, Anna E. Rowe 11 Daughter, John B. Rowe 9 Son, Robert D. Rowe 7 Son, William A. Rowe 46 Self (Head), Ellen B. Rowe 44 Wife”",man,census1880rowe,"census listing, read against the sheet, which agrees; the record reads Mulatto, coded Black as Pinn's 1880 record is; matched on the name and Alexandria County; the census's Arlington is the district he sat for at this term: “Name William A. Rowe · Age 46 · Birth Date Abt 1834 · Birthplace Virginia · Home in 1880 Arlington, Alexandria, Virginia, USA · Dwelling Number 149 · Race Mulatto · Gender Male · Relation to Head of House Self (Head) · Marital Status Married · Spouse's Name Ellen B. Rowe · Occupation Farmer · Household Members George K. Rowe 12 Son, Anna E. Rowe 11 Daughter, John B. Rowe 9 Son, Robert D. Rowe 7 Son, William A. Rowe 46 Self (Head), Ellen B. Rowe 44 Wife”",record,1834,census1880rowe,"census listing, read against the sheet, which agrees; the record reads Mulatto, coded Black as Pinn's 1880 record is; matched on the name and Alexandria County; the census's Arlington is the district he sat for at this term; the year is the census year less the age given, so within a year: “Name William A. Rowe · Age 46 · Birth Date Abt 1834 · Birthplace Virginia · Home in 1880 Arlington, Alexandria, Virginia, USA · Dwelling Number 149 · Race Mulatto · Gender Male · Relation to Head of House Self (Head) · Marital Status Married · Spouse's Name Ellen B. Rowe · Occupation Farmer · Household Members George K. Rowe 12 Son, Anna E. Rowe 11 Daughter, John B. Rowe 9 Son, Robert D. Rowe 7 Son, William A. Rowe 46 Self (Head), Ellen B. Rowe 44 Wife”",within a year,,,
Edward Deeble,1,Washington,1871,7,1872,7,22458,22470,election,1871,oleary2010 p.9,,White,census1880deeble,"census listing; the sheet gives initials only, E. K. S., and the index adds Edward as an alternative; matched on the initial, the surname and the Washington district, the district he sat for in 1871-72; the only Deeble household in the county in 1880: “Name E. K. S. Deeble [Edward K S Deeble] · Age 69 · Birth Date Abt 1811 · Birthplace Virginia · Home in 1880 Washington, Alexandria, Virginia, USA · Dwelling Number 4 · Race White · Gender Male · Relation to Head of House Self (Head) · Marital Status Married · Spouse's Name Elizabeth Deeble · Occupation Farmer · Household Members E. K. S. Deeble 69 Self (Head), Elizabeth Deeble 60 Wife, Alice Deeble 29 Daughter, Fannie Deeble 25 Daughter, Mildred Deeble 21 Daughter”",man,census1880deeble,"census listing; the sheet gives initials only, E. K. S., and the index adds Edward as an alternative; matched on the initial, the surname and the Washington district, the district he sat for in 1871-72; the only Deeble household in the county in 1880: “Name E. K. S. Deeble [Edward K S Deeble] · Age 69 · Birth Date Abt 1811 · Birthplace Virginia · Home in 1880 Washington, Alexandria, Virginia, USA · Dwelling Number 4 · Race White · Gender Male · Relation to Head of House Self (Head) · Marital Status Married · Spouse's Name Elizabeth Deeble · Occupation Farmer · Household Members E. K. S. Deeble 69 Self (Head), Elizabeth Deeble 60 Wife, Alice Deeble 29 Daughter, Fannie Deeble 25 Daughter, Mildred Deeble 21 Daughter”",record,1811,census1880deeble,"census listing; the sheet gives initials only, E. K. S., and the index adds Edward as an alternative; matched on the initial, the surname and the Washington district, the district he sat for in 1871-72; the only Deeble household in the county in 1880; the year is the census year less the age given, so within a year: “Name E. K. S. Deeble [Edward K S Deeble] · Age 69 · Birth Date Abt 1811 · Birthplace Virginia · Home in 1880 Washington, Alexandria, Virginia, USA · Dwelling Number 4 · Race White · Gender Male · Relation to Head of House Self (Head) · Marital Status Married · Spouse's Name Elizabeth Deeble · Occupation Farmer · Household Members E. K. S. Deeble 69 Self (Head), Elizabeth Deeble 60 Wife, Alice Deeble 29 Daughter, Fannie Deeble 25 Daughter, Mildred Deeble 21 Daughter”",within a year,,,
John B. Syphax,1,Arlington,1872,7,1872,12,22470,22475,election,1872,oleary2010 p.10,,Black,hjerpe2021 title page; oleary2010 p.6; census1880syphax,"named in the author's own list of open questions: “In my research, I found census records which seemed to indicate that there were 5 Black members of the county board during the 1870s and 1880s: William A. Rowe, John B. Syphax, Travis B. Pinn, John W. Pendleton, and Tibbett Allen.” | photographic: “Yet, neither Henry Holmes nor John B. Syphax, whose photos clearly demonstrate that they were African Americans were so labeled.” | census listing, read against the sheet, which agrees; the record reads Mulatto, coded Black as Pinn's 1880 record is; matched on the name, Alexandria County and the occupation, justice of the peace: “Name John Syphax · Age 41 · Birth Date Abt 1839 · Birthplace Virginia · Home in 1880 Arlington, Alexandria, Virginia, USA · Dwelling Number 104 · Race Mulatto · Gender Male · Relation to Head of House Son · Marital Status Single · Mother's Name Maria Syphax · Occupation Justice of the peace · Household Members Maria Syphax 76 Self (Head), Austin Syphax 49 Son, Shorter Syphax 47 Son, John Syphax 41 Son”",man,census1880syphax,"census listing, read against the sheet, which agrees; the record reads Mulatto, coded Black as Pinn's 1880 record is; matched on the name, Alexandria County and the occupation, justice of the peace: “Name John Syphax · Age 41 · Birth Date Abt 1839 · Birthplace Virginia · Home in 1880 Arlington, Alexandria, Virginia, USA · Dwelling Number 104 · Race Mulatto · Gender Male · Relation to Head of House Son · Marital Status Single · Mother's Name Maria Syphax · Occupation Justice of the peace · Household Members Maria Syphax 76 Self (Head), Austin Syphax 49 Son, Shorter Syphax 47 Son, John Syphax 41 Son”",record,1839,census1880syphax,"census listing, read against the sheet, which agrees; the record reads Mulatto, coded Black as Pinn's 1880 record is; matched on the name, Alexandria County and the occupation, justice of the peace; the year is the census year less the age given, so within a year: “Name John Syphax · Age 41 · Birth Date Abt 1839 · Birthplace Virginia · Home in 1880 Arlington, Alexandria, Virginia, USA · Dwelling Number 104 · Race Mulatto · Gender Male · Relation to Head of House Son · Marital Status Single · Mother's Name Maria Syphax · Occupation Justice of the peace · Household Members Maria Syphax 76 Self (Head), Austin Syphax 49 Son, Shorter Syphax 47 Son, John Syphax 41 Son”",within a year,,,
William A. Rowe,2,Jefferson,1872,7,1873,7,22470,22482,election,1872,oleary2010 p.10,,Black,hjerpe2021 p.2; gazette1875schutt; census1880rowe,"stated directly: “The first such member, William A. Rowe, was Alexandria County's first black police officer.” | press: the paper's own parenthesis on the member's name, read on the page image, image 3; the Board paragraph of 6 December 1875 names the three supervisors and marks one of them, the first contemporary print naming of a Black member's race. The OCR renders the surname Howe; the next sentence of the same paragraph names him Rowe: “The new Board of Supervisors, for Alexandria, met at the court house this morning; present, Messers. F. C. Schutt, of Jefferson; Wm. A. Rowe, (colored,) of Arlington; and G. C. Vanderberg, of Washington District.” | census listing, read against the sheet, which agrees; the record reads Mulatto, coded Black as Pinn's 1880 record is; matched on the name and Alexandria County; the census's Arlington is the district he sat for at this term: “Name William A. Rowe · Age 46 · Birth Date Abt 1834 · Birthplace Virginia · Home in 1880 Arlington, Alexandria, Virginia, USA · Dwelling Number 149 · Race Mulatto · Gender Male · Relation to Head of House Self (Head) · Marital Status Married · Spouse's Name Ellen B. Rowe · Occupation Farmer · Household Members George K. Rowe 12 Son, Anna E. Rowe 11 Daughter, John B. Rowe 9 Son, Robert D. Rowe 7 Son, William A. Rowe 46 Self (Head), Ellen B. Rowe 44 Wife”",man,census1880rowe,"census listing, read against the sheet, which agrees; the record reads Mulatto, coded Black as Pinn's 1880 record is; matched on the name and Alexandria County; the census's Arlington is the district he sat for at this term: “Name William A. Rowe · Age 46 · Birth Date Abt 1834 · Birthplace Virginia · Home in 1880 Arlington, Alexandria, Virginia, USA · Dwelling Number 149 · Race Mulatto · Gender Male · Relation to Head of House Self (Head) · Marital Status Married · Spouse's Name Ellen B. Rowe · Occupation Farmer · Household Members George K. Rowe 12 Son, Anna E. Rowe 11 Daughter, John B. Rowe 9 Son, Robert D. Rowe 7 Son, William A. Rowe 46 Self (Head), Ellen B. Rowe 44 Wife”",record,1834,census1880rowe,"census listing, read against the sheet, which agrees; the record reads Mulatto, coded Black as Pinn's 1880 record is; matched on the name and Alexandria County; the census's Arlington is the district he sat for at this term; the year is the census year less the age given, so within a year: “Name William A. Rowe · Age 46 · Birth Date Abt 1834 · Birthplace Virginia · Home in 1880 Arlington, Alexandria, Virginia, USA · Dwelling Number 149 · Race Mulatto · Gender Male · Relation to Head of House Self (Head) · Marital Status Married · Spouse's Name Ellen B. Rowe · Occupation Farmer · Household Members George K. Rowe 12 Son, Anna E. Rowe 11 Daughter, John B. Rowe 9 Son, Robert D. Rowe 7 Son, William A. Rowe 46 Self (Head), Ellen B. Rowe 44 Wife”",within a year,,,
Henry W. Febrey,1,Washington,1872,7,1873,7,22470,22482,election,1872,oleary2010 p.10,,White,census1880febrey,"census listing; the index reads the surname as Febery and gives no middle initial; matched on the name and Alexandria County; the census's Washington District is the district he sat for: “Name Henry Febery [Henry Febrey] · Age 52 · Birth Date Abt 1828 · Birthplace Virginia · Home in 1880 Washington, Alexandria, Virginia, USA · Dwelling Number 8 · Race White · Gender Male · Relation to Head of House Self (Head) · Marital Status Married · Spouse's Name Margaret Febery · Occupation Farmer · Household Members Henry Febery 52 Self (Head), Margaret Febery 49 Wife, William Febery 29 Son, James Febery 27 Son, Lillie Febery 21 Daughter, Nettie Febery 20 Daughter”",man,census1880febrey,"census listing; the index reads the surname as Febery and gives no middle initial; matched on the name and Alexandria County; the census's Washington District is the district he sat for: “Name Henry Febery [Henry Febrey] · Age 52 · Birth Date Abt 1828 · Birthplace Virginia · Home in 1880 Washington, Alexandria, Virginia, USA · Dwelling Number 8 · Race White · Gender Male · Relation to Head of House Self (Head) · Marital Status Married · Spouse's Name Margaret Febery · Occupation Farmer · Household Members Henry Febery 52 Self (Head), Margaret Febery 49 Wife, William Febery 29 Son, James Febery 27 Son, Lillie Febery 21 Daughter, Nettie Febery 20 Daughter”",record,1828,census1880febrey,"census listing; the index reads the surname as Febery and gives no middle initial; matched on the name and Alexandria County; the census's Washington District is the district he sat for; the year is the census year less the age given, so within a year: “Name Henry Febery [Henry Febrey] · Age 52 · Birth Date Abt 1828 · Birthplace Virginia · Home in 1880 Washington, Alexandria, Virginia, USA · Dwelling Number 8 · Race White · Gender Male · Relation to Head of House Self (Head) · Marital Status Married · Spouse's Name Margaret Febery · Occupation Farmer · Household Members Henry Febery 52 Self (Head), Margaret Febery 49 Wife, William Febery 29 Son, James Febery 27 Son, Lillie Febery 21 Daughter, Nettie Febery 20 Daughter”",within a year,,,
H. Dwight Smith,3,Arlington,1872,12,1873,3,22475,22478,unrecorded,,oleary2010 p.10,Took the seat mid-term.,White,assumed,,man,gazette1873smith,"press: Captain (""Captain H. Dwight Smith in the chair""), read on the page image, image 3: “Arlington Republicans.—A meeting of the Republicans of Arlington was held on Tuesday evening, Captain H. Dwight Smith in the chair, Mr. George W. Jackson, secretary.”",press,,unsourced,,,,,
Lott W. Crocker,1,Arlington,1873,3,1873,4,22478,22479,unrecorded,,oleary2010 p.10,Took the seat mid-term.,White,assumed,,man,gazette1873crocker,"press: Mr. (""Mr. L. W. Crocker, President, in the chair""), read on the page image, image 4: “The annual meeting of the company was held last evening at the Columbia School building, Mr. L. W. Crocker, President, in the chair, James C. Roach, Secretary.”",press,,unsourced,,,,,
Francis G. Schutt,1,Arlington,1873,4,1873,7,22479,22482,unrecorded,,oleary2010 p.10; arlhist1967officials,"Took the seat mid-term. One man with the Francis G. Schutt who holds the same seat after him, from his July 1873 appointment to his May 1874 election with no gap. Three sources give three middle initials - D in O'Leary, G in the minute books, C in the Alexandria Gazette of 6 December 1875 (gazette1875schutt) - and an initial that unstable cannot be what distinguishes two men; his is the only Schutt household in the county in 1880 (census1880schutt). Sally, 27 September 2026.",White,census1880schutt,"census listing; the index reads the surname as Schult and the sheet reads Schutt; the given name is Frank with no initial; matched on the given name, the surname and the Washington district, the district he sat for in 1879-81; the only Schutt household in the county in 1880, so it fits the Francis D. Schutt of 1873-74 as well, and whether the roster's two Schutts are one man is not settled here: “Name Frank Schult [Frank Schutt] · Age 46 · Birth Date Abt 1834 · Birthplace New York · Home in 1880 Washington, Alexandria, Virginia, USA · Dwelling Number 16 · Race White · Gender Male · Relation to Head of House Self (Head) · Marital Status Married · Spouse's Name Elizabeth Schult · Occupation Farmer · Household Members Frank Schult 46 Self (Head), Elizabeth Schult 41 Wife, Frank Schult 16 Son, Blanch Schult 14 Daughter, Stella Schult 12 Daughter, Bettie T. Schult 10 Daughter, Mary Schult 8 Daughter, Nellie Schult 7 Daughter, Walace Schult 5 Son”",man,gazette1875schutt; census1880schutt,"press: Mr. (""Mr. Schutt was unanimously re-elected""), read on the page image, image 3; the piece names him F. C. Schutt of Jefferson on the Board of Supervisors, the only Schutt household in the county (census1880schutt, members.csv): “Mr. Rowe nominated Mr. Vanderberg for chairman, but upon his declining, Mr. Schutt was unanimously re-elected.” | census listing; the index reads the surname as Schult and the sheet reads Schutt; the given name is Frank with no initial; matched on the given name, the surname and the Washington district, the district he sat for in 1879-81; the only Schutt household in the county in 1880, so it fits the Francis D. Schutt of 1873-74 as well, and whether the roster's two Schutts are one man is not settled here: “Name Frank Schult [Frank Schutt] · Age 46 · Birth Date Abt 1834 · Birthplace New York · Home in 1880 Washington, Alexandria, Virginia, USA · Dwelling Number 16 · Race White · Gender Male · Relation to Head of House Self (Head) · Marital Status Married · Spouse's Name Elizabeth Schult · Occupation Farmer · Household Members Frank Schult 46 Self (Head), Elizabeth Schult 41 Wife, Frank Schult 16 Son, Blanch Schult 14 Daughter, Stella Schult 12 Daughter, Bettie T. Schult 10 Daughter, Mary Schult 8 Daughter, Nellie Schult 7 Daughter, Walace Schult 5 Son”",press; record,1834,census1880schutt,"census listing; the index reads the surname as Schult and the sheet reads Schutt; the given name is Frank with no initial; matched on the given name, the surname and the Washington district, the district he sat for in 1879-81; the only Schutt household in the county in 1880, so it fits the Francis D. Schutt of 1873-74 as well, and whether the roster's two Schutts are one man is not settled here; the year is the census year less the age given, so within a year: “Name Frank Schult [Frank Schutt] · Age 46 · Birth Date Abt 1834 · Birthplace New York · Home in 1880 Washington, Alexandria, Virginia, USA · Dwelling Number 16 · Race White · Gender Male · Relation to Head of House Self (Head) · Marital Status Married · Spouse's Name Elizabeth Schult · Occupation Farmer · Household Members Frank Schult 46 Self (Head), Elizabeth Schult 41 Wife, Frank Schult 16 Son, Blanch Schult 14 Daughter, Stella Schult 12 Daughter, Bettie T. Schult 10 Daughter, Mary Schult 8 Daughter, Nellie Schult 7 Daughter, Walace Schult 5 Son”",within a year,,,
Francis G. Schutt,2,Arlington,1873,7,1874,7,22482,22494,election,1873,oleary2010 p.10; arlhist1967officials,"One man with the Francis G. Schutt who holds the same seat after him, from his July 1873 appointment to his May 1874 election with no gap. Three sources give three middle initials - D in O'Leary, G in the minute books, C in the Alexandria Gazette of 6 December 1875 (gazette1875schutt) - and an initial that unstable cannot be what distinguishes two men; his is the only Schutt household in the county in 1880 (census1880schutt). Sally, 27 September 2026.",White,census1880schutt,"census listing; the index reads the surname as Schult and the sheet reads Schutt; the given name is Frank with no initial; matched on the given name, the surname and the Washington district, the district he sat for in 1879-81; the only Schutt household in the county in 1880, so it fits the Francis D. Schutt of 1873-74 as well, and whether the roster's two Schutts are one man is not settled here: “Name Frank Schult [Frank Schutt] · Age 46 · Birth Date Abt 1834 · Birthplace New York · Home in 1880 Washington, Alexandria, Virginia, USA · Dwelling Number 16 · Race White · Gender Male · Relation to Head of House Self (Head) · Marital Status Married · Spouse's Name Elizabeth Schult · Occupation Farmer · Household Members Frank Schult 46 Self (Head), Elizabeth Schult 41 Wife, Frank Schult 16 Son, Blanch Schult 14 Daughter, Stella Schult 12 Daughter, Bettie T. Schult 10 Daughter, Mary Schult 8 Daughter, Nellie Schult 7 Daughter, Walace Schult 5 Son”",man,gazette1875schutt; census1880schutt,"press: Mr. (""Mr. Schutt was unanimously re-elected""), read on the page image, image 3; the piece names him F. C. Schutt of Jefferson on the Board of Supervisors, the only Schutt household in the county (census1880schutt, members.csv): “Mr. Rowe nominated Mr. Vanderberg for chairman, but upon his declining, Mr. Schutt was unanimously re-elected.” | census listing; the index reads the surname as Schult and the sheet reads Schutt; the given name is Frank with no initial; matched on the given name, the surname and the Washington district, the district he sat for in 1879-81; the only Schutt household in the county in 1880, so it fits the Francis D. Schutt of 1873-74 as well, and whether the roster's two Schutts are one man is not settled here: “Name Frank Schult [Frank Schutt] · Age 46 · Birth Date Abt 1834 · Birthplace New York · Home in 1880 Washington, Alexandria, Virginia, USA · Dwelling Number 16 · Race White · Gender Male · Relation to Head of House Self (Head) · Marital Status Married · Spouse's Name Elizabeth Schult · Occupation Farmer · Household Members Frank Schult 46 Self (Head), Elizabeth Schult 41 Wife, Frank Schult 16 Son, Blanch Schult 14 Daughter, Stella Schult 12 Daughter, Bettie T. Schult 10 Daughter, Mary Schult 8 Daughter, Nellie Schult 7 Daughter, Walace Schult 5 Son”",press; record,1834,census1880schutt,"census listing; the index reads the surname as Schult and the sheet reads Schutt; the given name is Frank with no initial; matched on the given name, the surname and the Washington district, the district he sat for in 1879-81; the only Schutt household in the county in 1880, so it fits the Francis D. Schutt of 1873-74 as well, and whether the roster's two Schutts are one man is not settled here; the year is the census year less the age given, so within a year: “Name Frank Schult [Frank Schutt] · Age 46 · Birth Date Abt 1834 · Birthplace New York · Home in 1880 Washington, Alexandria, Virginia, USA · Dwelling Number 16 · Race White · Gender Male · Relation to Head of House Self (Head) · Marital Status Married · Spouse's Name Elizabeth Schult · Occupation Farmer · Household Members Frank Schult 46 Self (Head), Elizabeth Schult 41 Wife, Frank Schult 16 Son, Blanch Schult 14 Daughter, Stella Schult 12 Daughter, Bettie T. Schult 10 Daughter, Mary Schult 8 Daughter, Nellie Schult 7 Daughter, Walace Schult 5 Son”",within a year,,,
William A. Rowe,3,Jefferson,1873,7,1874,7,22482,22494,election,1873,oleary2010 p.10,,Black,hjerpe2021 p.2; gazette1875schutt; census1880rowe,"stated directly: “The first such member, William A. Rowe, was Alexandria County's first black police officer.” | press: the paper's own parenthesis on the member's name, read on the page image, image 3; the Board paragraph of 6 December 1875 names the three supervisors and marks one of them, the first contemporary print naming of a Black member's race. The OCR renders the surname Howe; the next sentence of the same paragraph names him Rowe: “The new Board of Supervisors, for Alexandria, met at the court house this morning; present, Messers. F. C. Schutt, of Jefferson; Wm. A. Rowe, (colored,) of Arlington; and G. C. Vanderberg, of Washington District.” | census listing, read against the sheet, which agrees; the record reads Mulatto, coded Black as Pinn's 1880 record is; matched on the name and Alexandria County; the census's Arlington is the district he sat for at this term: “Name William A. Rowe · Age 46 · Birth Date Abt 1834 · Birthplace Virginia · Home in 1880 Arlington, Alexandria, Virginia, USA · Dwelling Number 149 · Race Mulatto · Gender Male · Relation to Head of House Self (Head) · Marital Status Married · Spouse's Name Ellen B. Rowe · Occupation Farmer · Household Members George K. Rowe 12 Son, Anna E. Rowe 11 Daughter, John B. Rowe 9 Son, Robert D. Rowe 7 Son, William A. Rowe 46 Self (Head), Ellen B. Rowe 44 Wife”",man,census1880rowe,"census listing, read against the sheet, which agrees; the record reads Mulatto, coded Black as Pinn's 1880 record is; matched on the name and Alexandria County; the census's Arlington is the district he sat for at this term: “Name William A. Rowe · Age 46 · Birth Date Abt 1834 · Birthplace Virginia · Home in 1880 Arlington, Alexandria, Virginia, USA · Dwelling Number 149 · Race Mulatto · Gender Male · Relation to Head of House Self (Head) · Marital Status Married · Spouse's Name Ellen B. Rowe · Occupation Farmer · Household Members George K. Rowe 12 Son, Anna E. Rowe 11 Daughter, John B. Rowe 9 Son, Robert D. Rowe 7 Son, William A. Rowe 46 Self (Head), Ellen B. Rowe 44 Wife”",record,1834,census1880rowe,"census listing, read against the sheet, which agrees; the record reads Mulatto, coded Black as Pinn's 1880 record is; matched on the name and Alexandria County; the census's Arlington is the district he sat for at this term; the year is the census year less the age given, so within a year: “Name William A. Rowe · Age 46 · Birth Date Abt 1834 · Birthplace Virginia · Home in 1880 Arlington, Alexandria, Virginia, USA · Dwelling Number 149 · Race Mulatto · Gender Male · Relation to Head of House Self (Head) · Marital Status Married · Spouse's Name Ellen B. Rowe · Occupation Farmer · Household Members George K. Rowe 12 Son, Anna E. Rowe 11 Daughter, John B. Rowe 9 Son, Robert D. Rowe 7 Son, William A. Rowe 46 Self (Head), Ellen B. Rowe 44 Wife”",within a year,,,
Samuel Titus,1,Washington,1873,12,1874,7,22487,22494,appointment,,oleary2010 p.10,,White,census1880titus,"census listing, read against the sheet, which agrees; matched on the name and Alexandria County; the census's Washington District is the district he sat for: “Name Samuel Titus · Age 65 · Birth Date Abt 1815 · Birthplace Virginia · Home in 1880 Washington, Alexandria, Virginia, USA · Dwelling Number 8 · Race White · Gender Male · Relation to Head of House Self (Head) · Marital Status Married · Spouse's Name Martha Titus · Occupation Farmer · Household Members Samuel Titus 65 Self (Head), Martha Titus 65 Wife, Indianna Titus 24 Daughter, Bell Hitchcock 23 Niece”",man,census1880titus,"census listing, read against the sheet, which agrees; matched on the name and Alexandria County; the census's Washington District is the district he sat for: “Name Samuel Titus · Age 65 · Birth Date Abt 1815 · Birthplace Virginia · Home in 1880 Washington, Alexandria, Virginia, USA · Dwelling Number 8 · Race White · Gender Male · Relation to Head of House Self (Head) · Marital Status Married · Spouse's Name Martha Titus · Occupation Farmer · Household Members Samuel Titus 65 Self (Head), Martha Titus 65 Wife, Indianna Titus 24 Daughter, Bell Hitchcock 23 Niece”",record,1815,census1880titus,"census listing, read against the sheet, which agrees; matched on the name and Alexandria County; the census's Washington District is the district he sat for; the year is the census year less the age given, so within a year: “Name Samuel Titus · Age 65 · Birth Date Abt 1815 · Birthplace Virginia · Home in 1880 Washington, Alexandria, Virginia, USA · Dwelling Number 8 · Race White · Gender Male · Relation to Head of House Self (Head) · Marital Status Married · Spouse's Name Martha Titus · Occupation Farmer · Household Members Samuel Titus 65 Self (Head), Martha Titus 65 Wife, Indianna Titus 24 Daughter, Bell Hitchcock 23 Niece”",within a year,,,
Francis G. Schutt,3,Arlington,1874,7,1875,7,22494,22506,election,1874,oleary2010 p.11,,White,census1880schutt,"census listing; the index reads the surname as Schult and the sheet reads Schutt; the given name is Frank with no initial; matched on the given name, the surname and the Washington district, the district he sat for in 1879-81; the only Schutt household in the county in 1880, so it fits the Francis D. Schutt of 1873-74 as well, and whether the roster's two Schutts are one man is not settled here: “Name Frank Schult [Frank Schutt] · Age 46 · Birth Date Abt 1834 · Birthplace New York · Home in 1880 Washington, Alexandria, Virginia, USA · Dwelling Number 16 · Race White · Gender Male · Relation to Head of House Self (Head) · Marital Status Married · Spouse's Name Elizabeth Schult · Occupation Farmer · Household Members Frank Schult 46 Self (Head), Elizabeth Schult 41 Wife, Frank Schult 16 Son, Blanch Schult 14 Daughter, Stella Schult 12 Daughter, Bettie T. Schult 10 Daughter, Mary Schult 8 Daughter, Nellie Schult 7 Daughter, Walace Schult 5 Son”",man,gazette1875schutt; census1880schutt,"press: Mr. (""Mr. Schutt was unanimously re-elected""), read on the page image, image 3; the piece names him F. C. Schutt of Jefferson on the Board of Supervisors, the only Schutt household in the county (census1880schutt, members.csv): “Mr. Rowe nominated Mr. Vanderberg for chairman, but upon his declining, Mr. Schutt was unanimously re-elected.” | census listing; the index reads the surname as Schult and the sheet reads Schutt; the given name is Frank with no initial; matched on the given name, the surname and the Washington district, the district he sat for in 1879-81; the only Schutt household in the county in 1880, so it fits the Francis D. Schutt of 1873-74 as well, and whether the roster's two Schutts are one man is not settled here: “Name Frank Schult [Frank Schutt] · Age 46 · Birth Date Abt 1834 · Birthplace New York · Home in 1880 Washington, Alexandria, Virginia, USA · Dwelling Number 16 · Race White · Gender Male · Relation to Head of House Self (Head) · Marital Status Married · Spouse's Name Elizabeth Schult · Occupation Farmer · Household Members Frank Schult 46 Self (Head), Elizabeth Schult 41 Wife, Frank Schult 16 Son, Blanch Schult 14 Daughter, Stella Schult 12 Daughter, Bettie T. Schult 10 Daughter, Mary Schult 8 Daughter, Nellie Schult 7 Daughter, Walace Schult 5 Son”",press; record,1834,census1880schutt,"census listing; the index reads the surname as Schult and the sheet reads Schutt; the given name is Frank with no initial; matched on the given name, the surname and the Washington district, the district he sat for in 1879-81; the only Schutt household in the county in 1880, so it fits the Francis D. Schutt of 1873-74 as well, and whether the roster's two Schutts are one man is not settled here; the year is the census year less the age given, so within a year: “Name Frank Schult [Frank Schutt] · Age 46 · Birth Date Abt 1834 · Birthplace New York · Home in 1880 Washington, Alexandria, Virginia, USA · Dwelling Number 16 · Race White · Gender Male · Relation to Head of House Self (Head) · Marital Status Married · Spouse's Name Elizabeth Schult · Occupation Farmer · Household Members Frank Schult 46 Self (Head), Elizabeth Schult 41 Wife, Frank Schult 16 Son, Blanch Schult 14 Daughter, Stella Schult 12 Daughter, Bettie T. Schult 10 Daughter, Mary Schult 8 Daughter, Nellie Schult 7 Daughter, Walace Schult 5 Son”",within a year,,,
William A. Rowe,4,Jefferson,1874,7,1875,7,22494,22506,election,1874,oleary2010 p.11,,Black,hjerpe2021 p.2; gazette1875schutt; census1880rowe,"stated directly: “The first such member, William A. Rowe, was Alexandria County's first black police officer.” | press: the paper's own parenthesis on the member's name, read on the page image, image 3; the Board paragraph of 6 December 1875 names the three supervisors and marks one of them, the first contemporary print naming of a Black member's race. The OCR renders the surname Howe; the next sentence of the same paragraph names him Rowe: “The new Board of Supervisors, for Alexandria, met at the court house this morning; present, Messers. F. C. Schutt, of Jefferson; Wm. A. Rowe, (colored,) of Arlington; and G. C. Vanderberg, of Washington District.” | census listing, read against the sheet, which agrees; the record reads Mulatto, coded Black as Pinn's 1880 record is; matched on the name and Alexandria County; the census's Arlington is the district he sat for at this term: “Name William A. Rowe · Age 46 · Birth Date Abt 1834 · Birthplace Virginia · Home in 1880 Arlington, Alexandria, Virginia, USA · Dwelling Number 149 · Race Mulatto · Gender Male · Relation to Head of House Self (Head) · Marital Status Married · Spouse's Name Ellen B. Rowe · Occupation Farmer · Household Members George K. Rowe 12 Son, Anna E. Rowe 11 Daughter, John B. Rowe 9 Son, Robert D. Rowe 7 Son, William A. Rowe 46 Self (Head), Ellen B. Rowe 44 Wife”",man,census1880rowe,"census listing, read against the sheet, which agrees; the record reads Mulatto, coded Black as Pinn's 1880 record is; matched on the name and Alexandria County; the census's Arlington is the district he sat for at this term: “Name William A. Rowe · Age 46 · Birth Date Abt 1834 · Birthplace Virginia · Home in 1880 Arlington, Alexandria, Virginia, USA · Dwelling Number 149 · Race Mulatto · Gender Male · Relation to Head of House Self (Head) · Marital Status Married · Spouse's Name Ellen B. Rowe · Occupation Farmer · Household Members George K. Rowe 12 Son, Anna E. Rowe 11 Daughter, John B. Rowe 9 Son, Robert D. Rowe 7 Son, William A. Rowe 46 Self (Head), Ellen B. Rowe 44 Wife”",record,1834,census1880rowe,"census listing, read against the sheet, which agrees; the record reads Mulatto, coded Black as Pinn's 1880 record is; matched on the name and Alexandria County; the census's Arlington is the district he sat for at this term; the year is the census year less the age given, so within a year: “Name William A. Rowe · Age 46 · Birth Date Abt 1834 · Birthplace Virginia · Home in 1880 Arlington, Alexandria, Virginia, USA · Dwelling Number 149 · Race Mulatto · Gender Male · Relation to Head of House Self (Head) · Marital Status Married · Spouse's Name Ellen B. Rowe · Occupation Farmer · Household Members George K. Rowe 12 Son, Anna E. Rowe 11 Daughter, John B. Rowe 9 Son, Robert D. Rowe 7 Son, William A. Rowe 46 Self (Head), Ellen B. Rowe 44 Wife”",within a year,,,
Gilbert Vandenberg,1,Washington,1874,7,1875,7,22494,22506,election,1874,oleary2010 p.11,,White,census1880vandenberg,"census listing; the index and the sheet give the initial G. only and spell the surname Vandenburgh; matched on the initial, the surname and the Washington district, the district he sat for in 1874-77; he is George N. Saegmuller's father-in-law, in the household of another member of the Board; a weak match, the initial alone standing for the given name: “Name G. Vandenburgh · Age 60 · Birth Date Abt 1820 · Birthplace New York · Home in 1880 Washington, Alexandria, Virginia, USA · Dwelling Number 6 · Race White · Gender Male · Relation to Head of House Father-in-law · Marital Status Married · Spouse's Name Sarah Vandenburgh · Household Members Geo. N. Sagmuller 33 Self (Head), Mariah J. Sagmuller 25 Wife, John L. Sagmuller 5 Son, Fred. Sagmuller 2 Son, G. Vandenburgh 60 Father-in-law, Sarah Vandenburgh 56 Mother-in-law”",man,census1880vandenberg,"census listing; the index and the sheet give the initial G. only and spell the surname Vandenburgh; matched on the initial, the surname and the Washington district, the district he sat for in 1874-77; he is George N. Saegmuller's father-in-law, in the household of another member of the Board; a weak match, the initial alone standing for the given name: “Name G. Vandenburgh · Age 60 · Birth Date Abt 1820 · Birthplace New York · Home in 1880 Washington, Alexandria, Virginia, USA · Dwelling Number 6 · Race White · Gender Male · Relation to Head of House Father-in-law · Marital Status Married · Spouse's Name Sarah Vandenburgh · Household Members Geo. N. Sagmuller 33 Self (Head), Mariah J. Sagmuller 25 Wife, John L. Sagmuller 5 Son, Fred. Sagmuller 2 Son, G. Vandenburgh 60 Father-in-law, Sarah Vandenburgh 56 Mother-in-law”",record,1820,census1880vandenberg,"census listing; the index and the sheet give the initial G. only and spell the surname Vandenburgh; matched on the initial, the surname and the Washington district, the district he sat for in 1874-77; he is George N. Saegmuller's father-in-law, in the household of another member of the Board; a weak match, the initial alone standing for the given name; the year is the census year less the age given, so within a year: “Name G. Vandenburgh · Age 60 · Birth Date Abt 1820 · Birthplace New York · Home in 1880 Washington, Alexandria, Virginia, USA · Dwelling Number 6 · Race White · Gender Male · Relation to Head of House Father-in-law · Marital Status Married · Spouse's Name Sarah Vandenburgh · Household Members Geo. N. Sagmuller 33 Self (Head), Mariah J. Sagmuller 25 Wife, John L. Sagmuller 5 Son, Fred. Sagmuller 2 Son, G. Vandenburgh 60 Father-in-law, Sarah Vandenburgh 56 Mother-in-law”",within a year,,,
Francis G. Schutt,4,Arlington,1875,7,1877,7,22506,22530,election,1875,oleary2010 p.12,,White,census1880schutt,"census listing; the index reads the surname as Schult and the sheet reads Schutt; the given name is Frank with no initial; matched on the given name, the surname and the Washington district, the district he sat for in 1879-81; the only Schutt household in the county in 1880, so it fits the Francis D. Schutt of 1873-74 as well, and whether the roster's two Schutts are one man is not settled here: “Name Frank Schult [Frank Schutt] · Age 46 · Birth Date Abt 1834 · Birthplace New York · Home in 1880 Washington, Alexandria, Virginia, USA · Dwelling Number 16 · Race White · Gender Male · Relation to Head of House Self (Head) · Marital Status Married · Spouse's Name Elizabeth Schult · Occupation Farmer · Household Members Frank Schult 46 Self (Head), Elizabeth Schult 41 Wife, Frank Schult 16 Son, Blanch Schult 14 Daughter, Stella Schult 12 Daughter, Bettie T. Schult 10 Daughter, Mary Schult 8 Daughter, Nellie Schult 7 Daughter, Walace Schult 5 Son”",man,gazette1875schutt; census1880schutt,"press: Mr. (""Mr. Schutt was unanimously re-elected""), read on the page image, image 3; the piece names him F. C. Schutt of Jefferson on the Board of Supervisors, the only Schutt household in the county (census1880schutt, members.csv): “Mr. Rowe nominated Mr. Vanderberg for chairman, but upon his declining, Mr. Schutt was unanimously re-elected.” | census listing; the index reads the surname as Schult and the sheet reads Schutt; the given name is Frank with no initial; matched on the given name, the surname and the Washington district, the district he sat for in 1879-81; the only Schutt household in the county in 1880, so it fits the Francis D. Schutt of 1873-74 as well, and whether the roster's two Schutts are one man is not settled here: “Name Frank Schult [Frank Schutt] · Age 46 · Birth Date Abt 1834 · Birthplace New York · Home in 1880 Washington, Alexandria, Virginia, USA · Dwelling Number 16 · Race White · Gender Male · Relation to Head of House Self (Head) · Marital Status Married · Spouse's Name Elizabeth Schult · Occupation Farmer · Household Members Frank Schult 46 Self (Head), Elizabeth Schult 41 Wife, Frank Schult 16 Son, Blanch Schult 14 Daughter, Stella Schult 12 Daughter, Bettie T. Schult 10 Daughter, Mary Schult 8 Daughter, Nellie Schult 7 Daughter, Walace Schult 5 Son”",press; record,1834,census1880schutt,"census listing; the index reads the surname as Schult and the sheet reads Schutt; the given name is Frank with no initial; matched on the given name, the surname and the Washington district, the district he sat for in 1879-81; the only Schutt household in the county in 1880, so it fits the Francis D. Schutt of 1873-74 as well, and whether the roster's two Schutts are one man is not settled here; the year is the census year less the age given, so within a year: “Name Frank Schult [Frank Schutt] · Age 46 · Birth Date Abt 1834 · Birthplace New York · Home in 1880 Washington, Alexandria, Virginia, USA · Dwelling Number 16 · Race White · Gender Male · Relation to Head of House Self (Head) · Marital Status Married · Spouse's Name Elizabeth Schult · Occupation Farmer · Household Members Frank Schult 46 Self (Head), Elizabeth Schult 41 Wife, Frank Schult 16 Son, Blanch Schult 14 Daughter, Stella Schult 12 Daughter, Bettie T. Schult 10 Daughter, Mary Schult 8 Daughter, Nellie Schult 7 Daughter, Walace Schult 5 Son”",within a year,,,
William A. Rowe,5,Jefferson,1875,7,1877,7,22506,22530,election,1875,oleary2010 p.12,,Black,hjerpe2021 p.2; gazette1875schutt; census1880rowe,"stated directly: “The first such member, William A. Rowe, was Alexandria County's first black police officer.” | press: the paper's own parenthesis on the member's name, read on the page image, image 3; the Board paragraph of 6 December 1875 names the three supervisors and marks one of them, the first contemporary print naming of a Black member's race. The OCR renders the surname Howe; the next sentence of the same paragraph names him Rowe: “The new Board of Supervisors, for Alexandria, met at the court house this morning; present, Messers. F. C. Schutt, of Jefferson; Wm. A. Rowe, (colored,) of Arlington; and G. C. Vanderberg, of Washington District.” | census listing, read against the sheet, which agrees; the record reads Mulatto, coded Black as Pinn's 1880 record is; matched on the name and Alexandria County; the census's Arlington is the district he sat for at this term: “Name William A. Rowe · Age 46 · Birth Date Abt 1834 · Birthplace Virginia · Home in 1880 Arlington, Alexandria, Virginia, USA · Dwelling Number 149 · Race Mulatto · Gender Male · Relation to Head of House Self (Head) · Marital Status Married · Spouse's Name Ellen B. Rowe · Occupation Farmer · Household Members George K. Rowe 12 Son, Anna E. Rowe 11 Daughter, John B. Rowe 9 Son, Robert D. Rowe 7 Son, William A. Rowe 46 Self (Head), Ellen B. Rowe 44 Wife”",man,census1880rowe,"census listing, read against the sheet, which agrees; the record reads Mulatto, coded Black as Pinn's 1880 record is; matched on the name and Alexandria County; the census's Arlington is the district he sat for at this term: “Name William A. Rowe · Age 46 · Birth Date Abt 1834 · Birthplace Virginia · Home in 1880 Arlington, Alexandria, Virginia, USA · Dwelling Number 149 · Race Mulatto · Gender Male · Relation to Head of House Self (Head) · Marital Status Married · Spouse's Name Ellen B. Rowe · Occupation Farmer · Household Members George K. Rowe 12 Son, Anna E. Rowe 11 Daughter, John B. Rowe 9 Son, Robert D. Rowe 7 Son, William A. Rowe 46 Self (Head), Ellen B. Rowe 44 Wife”",record,1834,census1880rowe,"census listing, read against the sheet, which agrees; the record reads Mulatto, coded Black as Pinn's 1880 record is; matched on the name and Alexandria County; the census's Arlington is the district he sat for at this term; the year is the census year less the age given, so within a year: “Name William A. Rowe · Age 46 · Birth Date Abt 1834 · Birthplace Virginia · Home in 1880 Arlington, Alexandria, Virginia, USA · Dwelling Number 149 · Race Mulatto · Gender Male · Relation to Head of House Self (Head) · Marital Status Married · Spouse's Name Ellen B. Rowe · Occupation Farmer · Household Members George K. Rowe 12 Son, Anna E. Rowe 11 Daughter, John B. Rowe 9 Son, Robert D. Rowe 7 Son, William A. Rowe 46 Self (Head), Ellen B. Rowe 44 Wife”",within a year,,,
Gilbert Vandenberg,2,Washington,1875,7,1877,7,22506,22530,election,1875,oleary2010 p.12,,White,census1880vandenberg,"census listing; the index and the sheet give the initial G. only and spell the surname Vandenburgh; matched on the initial, the surname and the Washington district, the district he sat for in 1874-77; he is George N. Saegmuller's father-in-law, in the household of another member of the Board; a weak match, the initial alone standing for the given name: “Name G. Vandenburgh · Age 60 · Birth Date Abt 1820 · Birthplace New York · Home in 1880 Washington, Alexandria, Virginia, USA · Dwelling Number 6 · Race White · Gender Male · Relation to Head of House Father-in-law · Marital Status Married · Spouse's Name Sarah Vandenburgh · Household Members Geo. N. Sagmuller 33 Self (Head), Mariah J. Sagmuller 25 Wife, John L. Sagmuller 5 Son, Fred. Sagmuller 2 Son, G. Vandenburgh 60 Father-in-law, Sarah Vandenburgh 56 Mother-in-law”",man,census1880vandenberg,"census listing; the index and the sheet give the initial G. only and spell the surname Vandenburgh; matched on the initial, the surname and the Washington district, the district he sat for in 1874-77; he is George N. Saegmuller's father-in-law, in the household of another member of the Board; a weak match, the initial alone standing for the given name: “Name G. Vandenburgh · Age 60 · Birth Date Abt 1820 · Birthplace New York · Home in 1880 Washington, Alexandria, Virginia, USA · Dwelling Number 6 · Race White · Gender Male · Relation to Head of House Father-in-law · Marital Status Married · Spouse's Name Sarah Vandenburgh · Household Members Geo. N. Sagmuller 33 Self (Head), Mariah J. Sagmuller 25 Wife, John L. Sagmuller 5 Son, Fred. Sagmuller 2 Son, G. Vandenburgh 60 Father-in-law, Sarah Vandenburgh 56 Mother-in-law”",record,1820,census1880vandenberg,"census listing; the index and the sheet give the initial G. only and spell the surname Vandenburgh; matched on the initial, the surname and the Washington district, the district he sat for in 1874-77; he is George N. Saegmuller's father-in-law, in the household of another member of the Board; a weak match, the initial alone standing for the given name; the year is the census year less the age given, so within a year: “Name G. Vandenburgh · Age 60 · Birth Date Abt 1820 · Birthplace New York · Home in 1880 Washington, Alexandria, Virginia, USA · Dwelling Number 6 · Race White · Gender Male · Relation to Head of House Father-in-law · Marital Status Married · Spouse's Name Sarah Vandenburgh · Household Members Geo. N. Sagmuller 33 Self (Head), Mariah J. Sagmuller 25 Wife, John L. Sagmuller 5 Son, Fred. Sagmuller 2 Son, G. Vandenburgh 60 Father-in-law, Sarah Vandenburgh 56 Mother-in-law”",within a year,,,
William H. Robinson,1,Arlington,1877,7,1879,7,22530,22554,election,1877,oleary2010 p.13,,White,assumed,,man,assumed,,none,,unsourced,,,,,
William A. Rowe,6,Jefferson,1877,7,1879,4,22530,22551,election,1877,oleary2010 p.13; arlhist1967officials p.40,"Resigned 2 April 1879, having moved from Jefferson into Arlington District, and the seat stood empty until Travis B. Pinn's term began on 1 July. O'Leary records no departure and gives the whole term to him (Sally, 27 September 2026; docs/members.md).",Black,hjerpe2021 p.2; gazette1875schutt; census1880rowe,"stated directly: “The first such member, William A. Rowe, was Alexandria County's first black police officer.” | press: the paper's own parenthesis on the member's name, read on the page image, image 3; the Board paragraph of 6 December 1875 names the three supervisors and marks one of them, the first contemporary print naming of a Black member's race. The OCR renders the surname Howe; the next sentence of the same paragraph names him Rowe: “The new Board of Supervisors, for Alexandria, met at the court house this morning; present, Messers. F. C. Schutt, of Jefferson; Wm. A. Rowe, (colored,) of Arlington; and G. C. Vanderberg, of Washington District.” | census listing, read against the sheet, which agrees; the record reads Mulatto, coded Black as Pinn's 1880 record is; matched on the name and Alexandria County; the census's Arlington is the district he sat for at this term: “Name William A. Rowe · Age 46 · Birth Date Abt 1834 · Birthplace Virginia · Home in 1880 Arlington, Alexandria, Virginia, USA · Dwelling Number 149 · Race Mulatto · Gender Male · Relation to Head of House Self (Head) · Marital Status Married · Spouse's Name Ellen B. Rowe · Occupation Farmer · Household Members George K. Rowe 12 Son, Anna E. Rowe 11 Daughter, John B. Rowe 9 Son, Robert D. Rowe 7 Son, William A. Rowe 46 Self (Head), Ellen B. Rowe 44 Wife”",man,census1880rowe,"census listing, read against the sheet, which agrees; the record reads Mulatto, coded Black as Pinn's 1880 record is; matched on the name and Alexandria County; the census's Arlington is the district he sat for at this term: “Name William A. Rowe · Age 46 · Birth Date Abt 1834 · Birthplace Virginia · Home in 1880 Arlington, Alexandria, Virginia, USA · Dwelling Number 149 · Race Mulatto · Gender Male · Relation to Head of House Self (Head) · Marital Status Married · Spouse's Name Ellen B. Rowe · Occupation Farmer · Household Members George K. Rowe 12 Son, Anna E. Rowe 11 Daughter, John B. Rowe 9 Son, Robert D. Rowe 7 Son, William A. Rowe 46 Self (Head), Ellen B. Rowe 44 Wife”",record,1834,census1880rowe,"census listing, read against the sheet, which agrees; the record reads Mulatto, coded Black as Pinn's 1880 record is; matched on the name and Alexandria County; the census's Arlington is the district he sat for at this term; the year is the census year less the age given, so within a year: “Name William A. Rowe · Age 46 · Birth Date Abt 1834 · Birthplace Virginia · Home in 1880 Arlington, Alexandria, Virginia, USA · Dwelling Number 149 · Race Mulatto · Gender Male · Relation to Head of House Self (Head) · Marital Status Married · Spouse's Name Ellen B. Rowe · Occupation Farmer · Household Members George K. Rowe 12 Son, Anna E. Rowe 11 Daughter, John B. Rowe 9 Son, Robert D. Rowe 7 Son, William A. Rowe 46 Self (Head), Ellen B. Rowe 44 Wife”",within a year,,,
Charles W. Payne,2,Washington,1877,7,1879,7,22530,22554,election,1877,oleary2010 p.13,,White,census1880paynecharles,"census listing; matched on the name, the middle initial and the Washington district, the district he sat for in 1870-71 and 1877-79; the only Charles W. Payne in the county in 1880: “Name Chas. W. Payne · Age 58 · Birth Date Abt 1822 · Birthplace Washington, D.c. · Home in 1880 Washington, Alexandria, Virginia, USA · Dwelling Number 6 · Race White · Gender Male · Relation to Head of House Self (Head) · Marital Status Married · Spouse's Name Virginia Payne · Occupation Carpenter · Household Members Chas. W. Payne 58 Self (Head), Virginia Payne 33 Wife”",man,census1880paynecharles,"census listing; matched on the name, the middle initial and the Washington district, the district he sat for in 1870-71 and 1877-79; the only Charles W. Payne in the county in 1880: “Name Chas. W. Payne · Age 58 · Birth Date Abt 1822 · Birthplace Washington, D.c. · Home in 1880 Washington, Alexandria, Virginia, USA · Dwelling Number 6 · Race White · Gender Male · Relation to Head of House Self (Head) · Marital Status Married · Spouse's Name Virginia Payne · Occupation Carpenter · Household Members Chas. W. Payne 58 Self (Head), Virginia Payne 33 Wife”",record,1822,census1880paynecharles,"census listing; matched on the name, the middle initial and the Washington district, the district he sat for in 1870-71 and 1877-79; the only Charles W. Payne in the county in 1880; the year is the census year less the age given, so within a year: “Name Chas. W. Payne · Age 58 · Birth Date Abt 1822 · Birthplace Washington, D.c. · Home in 1880 Washington, Alexandria, Virginia, USA · Dwelling Number 6 · Race White · Gender Male · Relation to Head of House Self (Head) · Marital Status Married · Spouse's Name Virginia Payne · Occupation Carpenter · Household Members Chas. W. Payne 58 Self (Head), Virginia Payne 33 Wife”",within a year,,,
William A. Rowe,7,Arlington,1879,7,1881,7,22554,22578,election,1879,oleary2010 p.14,,Black,hjerpe2021 p.2; gazette1875schutt; census1880rowe,"stated directly: “The first such member, William A. Rowe, was Alexandria County's first black police officer.” | press: the paper's own parenthesis on the member's name, read on the page image, image 3; the Board paragraph of 6 December 1875 names the three supervisors and marks one of them, the first contemporary print naming of a Black member's race. The OCR renders the surname Howe; the next sentence of the same paragraph names him Rowe: “The new Board of Supervisors, for Alexandria, met at the court house this morning; present, Messers. F. C. Schutt, of Jefferson; Wm. A. Rowe, (colored,) of Arlington; and G. C. Vanderberg, of Washington District.” | census listing, read against the sheet, which agrees; the record reads Mulatto, coded Black as Pinn's 1880 record is; matched on the name and Alexandria County; the census's Arlington is the district he sat for at this term: “Name William A. Rowe · Age 46 · Birth Date Abt 1834 · Birthplace Virginia · Home in 1880 Arlington, Alexandria, Virginia, USA · Dwelling Number 149 · Race Mulatto · Gender Male · Relation to Head of House Self (Head) · Marital Status Married · Spouse's Name Ellen B. Rowe · Occupation Farmer · Household Members George K. Rowe 12 Son, Anna E. Rowe 11 Daughter, John B. Rowe 9 Son, Robert D. Rowe 7 Son, William A. Rowe 46 Self (Head), Ellen B. Rowe 44 Wife”",man,census1880rowe,"census listing, read against the sheet, which agrees; the record reads Mulatto, coded Black as Pinn's 1880 record is; matched on the name and Alexandria County; the census's Arlington is the district he sat for at this term: “Name William A. Rowe · Age 46 · Birth Date Abt 1834 · Birthplace Virginia · Home in 1880 Arlington, Alexandria, Virginia, USA · Dwelling Number 149 · Race Mulatto · Gender Male · Relation to Head of House Self (Head) · Marital Status Married · Spouse's Name Ellen B. Rowe · Occupation Farmer · Household Members George K. Rowe 12 Son, Anna E. Rowe 11 Daughter, John B. Rowe 9 Son, Robert D. Rowe 7 Son, William A. Rowe 46 Self (Head), Ellen B. Rowe 44 Wife”",record,1834,census1880rowe,"census listing, read against the sheet, which agrees; the record reads Mulatto, coded Black as Pinn's 1880 record is; matched on the name and Alexandria County; the census's Arlington is the district he sat for at this term; the year is the census year less the age given, so within a year: “Name William A. Rowe · Age 46 · Birth Date Abt 1834 · Birthplace Virginia · Home in 1880 Arlington, Alexandria, Virginia, USA · Dwelling Number 149 · Race Mulatto · Gender Male · Relation to Head of House Self (Head) · Marital Status Married · Spouse's Name Ellen B. Rowe · Occupation Farmer · Household Members George K. Rowe 12 Son, Anna E. Rowe 11 Daughter, John B. Rowe 9 Son, Robert D. Rowe 7 Son, William A. Rowe 46 Self (Head), Ellen B. Rowe 44 Wife”",within a year,,,
Travis B. Pinn,1,Jefferson,1879,7,1881,7,22554,22578,election,1879,oleary2010 p.14,,Black,"hjerpe2021 p.7, Appendix 1; census1880pinn","1880 census record: “1880 US Census Document listing Travis B Pinn, Mixed Race resident of Jefferson Township, Alexandria County” | census listing, read against the sheet, which agrees; the index reads the name as Travres B Pinn and the race as Mulatto, coded Black as Hjerpe's reading of the same record is; matched on the name and Alexandria County; the census's Jefferson Township is the district he sat for: “Name Travres B Pinn · Age 39 · Birth Date Abt 1841 · Birthplace Virginia · Home in 1880 Jefferson, Alexandria, Virginia, USA · Dwelling Number 37 · Race Mulatto · Gender Male · Relation to Head of House Self (Head) · Spouse's Name Susie Pinn · Occupation Farmer · Household Members Travers B. Pinn 7 Son, Centenniel Pinn 3 Daughter, Nancy Beckley 70 Mother-in-law, Travres B Pinn 39 Self (Head), Susie Pinn 33 Wife, Kowson W.t. Pinn 9 Son”",man,census1880pinn,"census listing, read against the sheet, which agrees; the index reads the name as Travres B Pinn and the race as Mulatto, coded Black as Hjerpe's reading of the same record is; matched on the name and Alexandria County; the census's Jefferson Township is the district he sat for: “Name Travres B Pinn · Age 39 · Birth Date Abt 1841 · Birthplace Virginia · Home in 1880 Jefferson, Alexandria, Virginia, USA · Dwelling Number 37 · Race Mulatto · Gender Male · Relation to Head of House Self (Head) · Spouse's Name Susie Pinn · Occupation Farmer · Household Members Travers B. Pinn 7 Son, Centenniel Pinn 3 Daughter, Nancy Beckley 70 Mother-in-law, Travres B Pinn 39 Self (Head), Susie Pinn 33 Wife, Kowson W.t. Pinn 9 Son”",record,1841,census1880pinn,"census listing, read against the sheet, which agrees; the index reads the name as Travres B Pinn and the race as Mulatto, coded Black as Hjerpe's reading of the same record is; matched on the name and Alexandria County; the census's Jefferson Township is the district he sat for; the year is the census year less the age given, so within a year: “Name Travres B Pinn · Age 39 · Birth Date Abt 1841 · Birthplace Virginia · Home in 1880 Jefferson, Alexandria, Virginia, USA · Dwelling Number 37 · Race Mulatto · Gender Male · Relation to Head of House Self (Head) · Spouse's Name Susie Pinn · Occupation Farmer · Household Members Travers B. Pinn 7 Son, Centenniel Pinn 3 Daughter, Nancy Beckley 70 Mother-in-law, Travres B Pinn 39 Self (Head), Susie Pinn 33 Wife, Kowson W.t. Pinn 9 Son”",within a year,,,
Francis G. Schutt,5,Washington,1879,7,1881,7,22554,22578,election,1879,oleary2010 p.14,,White,census1880schutt,"census listing; the index reads the surname as Schult and the sheet reads Schutt; the given name is Frank with no initial; matched on the given name, the surname and the Washington district, the district he sat for in 1879-81; the only Schutt household in the county in 1880, so it fits the Francis D. Schutt of 1873-74 as well, and whether the roster's two Schutts are one man is not settled here: “Name Frank Schult [Frank Schutt] · Age 46 · Birth Date Abt 1834 · Birthplace New York · Home in 1880 Washington, Alexandria, Virginia, USA · Dwelling Number 16 · Race White · Gender Male · Relation to Head of House Self (Head) · Marital Status Married · Spouse's Name Elizabeth Schult · Occupation Farmer · Household Members Frank Schult 46 Self (Head), Elizabeth Schult 41 Wife, Frank Schult 16 Son, Blanch Schult 14 Daughter, Stella Schult 12 Daughter, Bettie T. Schult 10 Daughter, Mary Schult 8 Daughter, Nellie Schult 7 Daughter, Walace Schult 5 Son”",man,gazette1875schutt; census1880schutt,"press: Mr. (""Mr. Schutt was unanimously re-elected""), read on the page image, image 3; the piece names him F. C. Schutt of Jefferson on the Board of Supervisors, the only Schutt household in the county (census1880schutt, members.csv): “Mr. Rowe nominated Mr. Vanderberg for chairman, but upon his declining, Mr. Schutt was unanimously re-elected.” | census listing; the index reads the surname as Schult and the sheet reads Schutt; the given name is Frank with no initial; matched on the given name, the surname and the Washington district, the district he sat for in 1879-81; the only Schutt household in the county in 1880, so it fits the Francis D. Schutt of 1873-74 as well, and whether the roster's two Schutts are one man is not settled here: “Name Frank Schult [Frank Schutt] · Age 46 · Birth Date Abt 1834 · Birthplace New York · Home in 1880 Washington, Alexandria, Virginia, USA · Dwelling Number 16 · Race White · Gender Male · Relation to Head of House Self (Head) · Marital Status Married · Spouse's Name Elizabeth Schult · Occupation Farmer · Household Members Frank Schult 46 Self (Head), Elizabeth Schult 41 Wife, Frank Schult 16 Son, Blanch Schult 14 Daughter, Stella Schult 12 Daughter, Bettie T. Schult 10 Daughter, Mary Schult 8 Daughter, Nellie Schult 7 Daughter, Walace Schult 5 Son”",press; record,1834,census1880schutt,"census listing; the index reads the surname as Schult and the sheet reads Schutt; the given name is Frank with no initial; matched on the given name, the surname and the Washington district, the district he sat for in 1879-81; the only Schutt household in the county in 1880, so it fits the Francis D. Schutt of 1873-74 as well, and whether the roster's two Schutts are one man is not settled here; the year is the census year less the age given, so within a year: “Name Frank Schult [Frank Schutt] · Age 46 · Birth Date Abt 1834 · Birthplace New York · Home in 1880 Washington, Alexandria, Virginia, USA · Dwelling Number 16 · Race White · Gender Male · Relation to Head of House Self (Head) · Marital Status Married · Spouse's Name Elizabeth Schult · Occupation Farmer · Household Members Frank Schult 46 Self (Head), Elizabeth Schult 41 Wife, Frank Schult 16 Son, Blanch Schult 14 Daughter, Stella Schult 12 Daughter, Bettie T. Schult 10 Daughter, Mary Schult 8 Daughter, Nellie Schult 7 Daughter, Walace Schult 5 Son”",within a year,,,
William A. Rowe,8,Arlington,1881,7,1883,7,22578,22602,election,1881,oleary2010 p.14,,Black,hjerpe2021 p.2; gazette1875schutt; census1880rowe,"stated directly: “The first such member, William A. Rowe, was Alexandria County's first black police officer.” | press: the paper's own parenthesis on the member's name, read on the page image, image 3; the Board paragraph of 6 December 1875 names the three supervisors and marks one of them, the first contemporary print naming of a Black member's race. The OCR renders the surname Howe; the next sentence of the same paragraph names him Rowe: “The new Board of Supervisors, for Alexandria, met at the court house this morning; present, Messers. F. C. Schutt, of Jefferson; Wm. A. Rowe, (colored,) of Arlington; and G. C. Vanderberg, of Washington District.” | census listing, read against the sheet, which agrees; the record reads Mulatto, coded Black as Pinn's 1880 record is; matched on the name and Alexandria County; the census's Arlington is the district he sat for at this term: “Name William A. Rowe · Age 46 · Birth Date Abt 1834 · Birthplace Virginia · Home in 1880 Arlington, Alexandria, Virginia, USA · Dwelling Number 149 · Race Mulatto · Gender Male · Relation to Head of House Self (Head) · Marital Status Married · Spouse's Name Ellen B. Rowe · Occupation Farmer · Household Members George K. Rowe 12 Son, Anna E. Rowe 11 Daughter, John B. Rowe 9 Son, Robert D. Rowe 7 Son, William A. Rowe 46 Self (Head), Ellen B. Rowe 44 Wife”",man,census1880rowe,"census listing, read against the sheet, which agrees; the record reads Mulatto, coded Black as Pinn's 1880 record is; matched on the name and Alexandria County; the census's Arlington is the district he sat for at this term: “Name William A. Rowe · Age 46 · Birth Date Abt 1834 · Birthplace Virginia · Home in 1880 Arlington, Alexandria, Virginia, USA · Dwelling Number 149 · Race Mulatto · Gender Male · Relation to Head of House Self (Head) · Marital Status Married · Spouse's Name Ellen B. Rowe · Occupation Farmer · Household Members George K. Rowe 12 Son, Anna E. Rowe 11 Daughter, John B. Rowe 9 Son, Robert D. Rowe 7 Son, William A. Rowe 46 Self (Head), Ellen B. Rowe 44 Wife”",record,1834,census1880rowe,"census listing, read against the sheet, which agrees; the record reads Mulatto, coded Black as Pinn's 1880 record is; matched on the name and Alexandria County; the census's Arlington is the district he sat for at this term; the year is the census year less the age given, so within a year: “Name William A. Rowe · Age 46 · Birth Date Abt 1834 · Birthplace Virginia · Home in 1880 Arlington, Alexandria, Virginia, USA · Dwelling Number 149 · Race Mulatto · Gender Male · Relation to Head of House Self (Head) · Marital Status Married · Spouse's Name Ellen B. Rowe · Occupation Farmer · Household Members George K. Rowe 12 Son, Anna E. Rowe 11 Daughter, John B. Rowe 9 Son, Robert D. Rowe 7 Son, William A. Rowe 46 Self (Head), Ellen B. Rowe 44 Wife”",within a year,,,
Travis B. Pinn,2,Jefferson,1881,7,1881,8,22578,22579,election,1881,oleary2010 p.14; arlhist1967officials p.41,"The end is the article's, from the Board's minute books, which put Francis M. Mills in this district from the same date; O'Leary records no departure and gives the whole term to one man (Sally, 27 September 2026).",Black,"hjerpe2021 p.7, Appendix 1; census1880pinn","1880 census record: “1880 US Census Document listing Travis B Pinn, Mixed Race resident of Jefferson Township, Alexandria County” | census listing, read against the sheet, which agrees; the index reads the name as Travres B Pinn and the race as Mulatto, coded Black as Hjerpe's reading of the same record is; matched on the name and Alexandria County; the census's Jefferson Township is the district he sat for: “Name Travres B Pinn · Age 39 · Birth Date Abt 1841 · Birthplace Virginia · Home in 1880 Jefferson, Alexandria, Virginia, USA · Dwelling Number 37 · Race Mulatto · Gender Male · Relation to Head of House Self (Head) · Spouse's Name Susie Pinn · Occupation Farmer · Household Members Travers B. Pinn 7 Son, Centenniel Pinn 3 Daughter, Nancy Beckley 70 Mother-in-law, Travres B Pinn 39 Self (Head), Susie Pinn 33 Wife, Kowson W.t. Pinn 9 Son”",man,census1880pinn,"census listing, read against the sheet, which agrees; the index reads the name as Travres B Pinn and the race as Mulatto, coded Black as Hjerpe's reading of the same record is; matched on the name and Alexandria County; the census's Jefferson Township is the district he sat for: “Name Travres B Pinn · Age 39 · Birth Date Abt 1841 · Birthplace Virginia · Home in 1880 Jefferson, Alexandria, Virginia, USA · Dwelling Number 37 · Race Mulatto · Gender Male · Relation to Head of House Self (Head) · Spouse's Name Susie Pinn · Occupation Farmer · Household Members Travers B. Pinn 7 Son, Centenniel Pinn 3 Daughter, Nancy Beckley 70 Mother-in-law, Travres B Pinn 39 Self (Head), Susie Pinn 33 Wife, Kowson W.t. Pinn 9 Son”",record,1841,census1880pinn,"census listing, read against the sheet, which agrees; the index reads the name as Travres B Pinn and the race as Mulatto, coded Black as Hjerpe's reading of the same record is; matched on the name and Alexandria County; the census's Jefferson Township is the district he sat for; the year is the census year less the age given, so within a year: “Name Travres B Pinn · Age 39 · Birth Date Abt 1841 · Birthplace Virginia · Home in 1880 Jefferson, Alexandria, Virginia, USA · Dwelling Number 37 · Race Mulatto · Gender Male · Relation to Head of House Self (Head) · Spouse's Name Susie Pinn · Occupation Farmer · Household Members Travers B. Pinn 7 Son, Centenniel Pinn 3 Daughter, Nancy Beckley 70 Mother-in-law, Travres B Pinn 39 Self (Head), Susie Pinn 33 Wife, Kowson W.t. Pinn 9 Son”",within a year,,,
Christopher Costello,1,Washington,1881,7,1883,7,22578,22602,election,1881,oleary2010 p.14,,White,census1880costello,"census listing, read against the sheet, which agrees; the head of the household, aged 48; his son of the same name, aged 14, fits the Christopher J. Costello seated in 1901; matched on the name and Alexandria County: “Name Christopher Costello [Christopher Costolow] · Age 48 · Birth Date Abt 1832 · Birthplace Ireland · Home in 1880 Washington, Alexandria, Virginia, USA · Dwelling Number 4 · Race White · Gender Male · Relation to Head of House Self (Head) · Marital Status Married · Spouse's Name Elizabeth Costello · Occupation Farmer · Household Members Christopher Costello 48 Self (Head), Elizabeth Costello 40 Wife, Christopher Costello 14 Son, Ellen Costello 12 Daughter, John Costello 10 Son”",man,census1880costello,"census listing, read against the sheet, which agrees; the head of the household, aged 48; his son of the same name, aged 14, fits the Christopher J. Costello seated in 1901; matched on the name and Alexandria County: “Name Christopher Costello [Christopher Costolow] · Age 48 · Birth Date Abt 1832 · Birthplace Ireland · Home in 1880 Washington, Alexandria, Virginia, USA · Dwelling Number 4 · Race White · Gender Male · Relation to Head of House Self (Head) · Marital Status Married · Spouse's Name Elizabeth Costello · Occupation Farmer · Household Members Christopher Costello 48 Self (Head), Elizabeth Costello 40 Wife, Christopher Costello 14 Son, Ellen Costello 12 Daughter, John Costello 10 Son”",record,1832,census1880costello,"census listing, read against the sheet, which agrees; the head of the household, aged 48; his son of the same name, aged 14, fits the Christopher J. Costello seated in 1901; matched on the name and Alexandria County; the year is the census year less the age given, so within a year: “Name Christopher Costello [Christopher Costolow] · Age 48 · Birth Date Abt 1832 · Birthplace Ireland · Home in 1880 Washington, Alexandria, Virginia, USA · Dwelling Number 4 · Race White · Gender Male · Relation to Head of House Self (Head) · Marital Status Married · Spouse's Name Elizabeth Costello · Occupation Farmer · Household Members Christopher Costello 48 Self (Head), Elizabeth Costello 40 Wife, Christopher Costello 14 Son, Ellen Costello 12 Daughter, John Costello 10 Son”",within a year,,,
Francis M. Mills,1,Jefferson,1881,8,1883,6,22579,22602,appointment,,arlhist1967officials p.41,"Printed ""(Appointed 8/15/81)""; Mills is in no O'Leary row, which gives Pinn the whole 1881-1883 term (oleary2010 p.9). A term no other source records. O'Leary lists elections and their winners and names a departure only where his prose happens to, recording five handovers in the 1870s and none at all from 1880 through 1911, so he is silent here rather than contradicting; the article is the Board's own minute books (Sally, 27 September 2026; docs/members.md).",White,census1880mills,"census listing; matched on the name and the Jefferson district, the district he sat for in 1881-83; the only Francis M. Mills household in the county in 1880: “Name Francis M. Mills · Age 69 · Birth Date Abt 1811 · Birthplace Virginia · Home in 1880 Jefferson, Alexandria, Virginia, USA · Dwelling Number 182 · Race White · Gender Male · Relation to Head of House Self (Head) · Marital Status Married · Spouse's Name Mary H. Mills · Father's Birthplace New Jersey · Mother's Birthplace Virginia · Occupation Farmer · Household Members Francis M. Mills 69 Self (Head), Mary H. Mills 67 Wife, Mary H. Mills 32 Daughter, Francis L. Mills 27 Daughter”",man,census1880mills,"census listing; matched on the name and the Jefferson district, the district he sat for in 1881-83; the only Francis M. Mills household in the county in 1880: “Name Francis M. Mills · Age 69 · Birth Date Abt 1811 · Birthplace Virginia · Home in 1880 Jefferson, Alexandria, Virginia, USA · Dwelling Number 182 · Race White · Gender Male · Relation to Head of House Self (Head) · Marital Status Married · Spouse's Name Mary H. Mills · Father's Birthplace New Jersey · Mother's Birthplace Virginia · Occupation Farmer · Household Members Francis M. Mills 69 Self (Head), Mary H. Mills 67 Wife, Mary H. Mills 32 Daughter, Francis L. Mills 27 Daughter”",record,1811,census1880mills,"census listing; matched on the name and the Jefferson district, the district he sat for in 1881-83; the only Francis M. Mills household in the county in 1880; the birth year as the census recorded it: “Name Francis M. Mills · Age 69 · Birth Date Abt 1811 · Birthplace Virginia · Home in 1880 Jefferson, Alexandria, Virginia, USA · Dwelling Number 182 · Race White · Gender Male · Relation to Head of House Self (Head) · Marital Status Married · Spouse's Name Mary H. Mills · Father's Birthplace New Jersey · Mother's Birthplace Virginia · Occupation Farmer · Household Members Francis M. Mills 69 Self (Head), Mary H. Mills 67 Wife, Mary H. Mills 32 Daughter, Francis L. Mills 27 Daughter”",exact,,,
Perkins W. Squier,1,Arlington,1883,7,1884,4,22602,22611,election,1883,oleary2010 p.15; arlhist1967officials p.41,"The end is the article's, from the Board's minute books, which put Curtis B. Graham, Jr. in this district from the same date; O'Leary records no departure and gives the whole term to one man (Sally, 27 September 2026).",White,census1880squier,"census listing, read against the sheet, which agrees; the index reads the surname as Squires; matched on the name and Alexandria County; the census's Arlington is the district he sat for: “Name Perkins Squires · Age 29 · Birth Date Abt 1851 · Birthplace New York · Home in 1880 Arlington, Alexandria, Virginia, USA · Dwelling Number 273 · Race White · Gender Male · Relation to Head of House Self (Head) · Marital Status Single · Occupation Postmaster · Household Members Perkins Squires 29 Self (Head)”",man,census1880squier,"census listing, read against the sheet, which agrees; the index reads the surname as Squires; matched on the name and Alexandria County; the census's Arlington is the district he sat for: “Name Perkins Squires · Age 29 · Birth Date Abt 1851 · Birthplace New York · Home in 1880 Arlington, Alexandria, Virginia, USA · Dwelling Number 273 · Race White · Gender Male · Relation to Head of House Self (Head) · Marital Status Single · Occupation Postmaster · Household Members Perkins Squires 29 Self (Head)”",record,1851,census1880squier,"census listing, read against the sheet, which agrees; the index reads the surname as Squires; matched on the name and Alexandria County; the census's Arlington is the district he sat for; the year is the census year less the age given, so within a year: “Name Perkins Squires · Age 29 · Birth Date Abt 1851 · Birthplace New York · Home in 1880 Arlington, Alexandria, Virginia, USA · Dwelling Number 273 · Race White · Gender Male · Relation to Head of House Self (Head) · Marital Status Single · Occupation Postmaster · Household Members Perkins Squires 29 Self (Head)”",within a year,,,
John W. Pendleton,1,Jefferson,1883,7,1884,11,22602,22618,election,1883,oleary2010 p.15; arlhist1967officials p.41,"The end is the article's, from the Board's minute books, which put George W. Saulisbury in this district from the same date; O'Leary records no departure and gives the whole term to one man (Sally, 27 September 2026).",Black,"hjerpe2021 p.8, Appendix 2; census1880pendleton","1880 census record: “1880 US Census document listing John W Pendleton, Black resident of Jefferson Township, Alexandria County” | census listing; matched on the name, the middle initial and the Jefferson district, the district he sat for in 1883-85; the occupation, justice of the peace, is a county office: “Name John W. Pendleton · Age 32 · Birth Date Abt 1848 · Birthplace Virginia · Home in 1880 Jefferson, Alexandria, Virginia, USA · Dwelling Number 128 · Race Black · Gender Male · Relation to Head of House Self (Head) · Marital Status Married · Spouse's Name Eliza J. Pendleton · Occupation Justice of the Peace Brickyard Hand · Household Members John W. Pendleton 32 Self (Head), Eliza J. Pendleton 26 Wife, Elizabeth Penn 11 Daughter”",man,census1880pendleton,"census listing; matched on the name, the middle initial and the Jefferson district, the district he sat for in 1883-85; the occupation, justice of the peace, is a county office: “Name John W. Pendleton · Age 32 · Birth Date Abt 1848 · Birthplace Virginia · Home in 1880 Jefferson, Alexandria, Virginia, USA · Dwelling Number 128 · Race Black · Gender Male · Relation to Head of House Self (Head) · Marital Status Married · Spouse's Name Eliza J. Pendleton · Occupation Justice of the Peace Brickyard Hand · Household Members John W. Pendleton 32 Self (Head), Eliza J. Pendleton 26 Wife, Elizabeth Penn 11 Daughter”",record,1848,census1880pendleton,"census listing; matched on the name, the middle initial and the Jefferson district, the district he sat for in 1883-85; the occupation, justice of the peace, is a county office; the year is the census year less the age given, so within a year: “Name John W. Pendleton · Age 32 · Birth Date Abt 1848 · Birthplace Virginia · Home in 1880 Jefferson, Alexandria, Virginia, USA · Dwelling Number 128 · Race Black · Gender Male · Relation to Head of House Self (Head) · Marital Status Married · Spouse's Name Eliza J. Pendleton · Occupation Justice of the Peace Brickyard Hand · Household Members John W. Pendleton 32 Self (Head), Eliza J. Pendleton 26 Wife, Elizabeth Penn 11 Daughter”",within a year,,,
Christopher Costello,2,Washington,1883,7,1885,7,22602,22626,election,1883,oleary2010 p.15,,White,census1880costello,"census listing, read against the sheet, which agrees; the head of the household, aged 48; his son of the same name, aged 14, fits the Christopher J. Costello seated in 1901; matched on the name and Alexandria County: “Name Christopher Costello [Christopher Costolow] · Age 48 · Birth Date Abt 1832 · Birthplace Ireland · Home in 1880 Washington, Alexandria, Virginia, USA · Dwelling Number 4 · Race White · Gender Male · Relation to Head of House Self (Head) · Marital Status Married · Spouse's Name Elizabeth Costello · Occupation Farmer · Household Members Christopher Costello 48 Self (Head), Elizabeth Costello 40 Wife, Christopher Costello 14 Son, Ellen Costello 12 Daughter, John Costello 10 Son”",man,census1880costello,"census listing, read against the sheet, which agrees; the head of the household, aged 48; his son of the same name, aged 14, fits the Christopher J. Costello seated in 1901; matched on the name and Alexandria County: “Name Christopher Costello [Christopher Costolow] · Age 48 · Birth Date Abt 1832 · Birthplace Ireland · Home in 1880 Washington, Alexandria, Virginia, USA · Dwelling Number 4 · Race White · Gender Male · Relation to Head of House Self (Head) · Marital Status Married · Spouse's Name Elizabeth Costello · Occupation Farmer · Household Members Christopher Costello 48 Self (Head), Elizabeth Costello 40 Wife, Christopher Costello 14 Son, Ellen Costello 12 Daughter, John Costello 10 Son”",record,1832,census1880costello,"census listing, read against the sheet, which agrees; the head of the household, aged 48; his son of the same name, aged 14, fits the Christopher J. Costello seated in 1901; matched on the name and Alexandria County; the year is the census year less the age given, so within a year: “Name Christopher Costello [Christopher Costolow] · Age 48 · Birth Date Abt 1832 · Birthplace Ireland · Home in 1880 Washington, Alexandria, Virginia, USA · Dwelling Number 4 · Race White · Gender Male · Relation to Head of House Self (Head) · Marital Status Married · Spouse's Name Elizabeth Costello · Occupation Farmer · Household Members Christopher Costello 48 Self (Head), Elizabeth Costello 40 Wife, Christopher Costello 14 Son, Ellen Costello 12 Daughter, John Costello 10 Son”",within a year,,,
"Curtis B. Graham, Jr.",1,Arlington,1884,4,1885,6,22611,22626,appointment,,arlhist1967officials p.41,"Printed ""(Appointed 4/1/84)""; Graham is in no O'Leary row, which gives Squier the whole 1883-1885 term (oleary2010 p.9). A term no other source records. O'Leary lists elections and their winners and names a departure only where his prose happens to, recording five handovers in the 1870s and none at all from 1880 through 1911, so he is silent here rather than contradicting; the article is the Board's own minute books (Sally, 27 September 2026; docs/members.md).",White,census1880graham,"census listing; this Curtis B. Graham is the son of the household's head, also Curtis B. Graham, so “Jr.”; matched on the name and the Arlington district, the district he sat for in 1884-85: “Name Curtis B. Graham · Age 31 · Birth Date Abt 1849 · Birthplace Wash D.C. · Home in 1880 Arlington, Alexandria, Virginia, USA · Dwelling Number 214 · Race White · Gender Male · Relation to Head of House Son · Marital Status Single · Father's Name Curtis B. Graham · Father's Birthplace New York · Mother's Name Hannah M. Graham · Mother's Birthplace New York · Occupation Lithographer · Household Members Curtis B. Graham 69 Self (Head), Hannah M. Graham 67 Wife, Cecelia A. Graham 33 Daughter, Curtis B. Graham 31 Son, Euphemia Graham 27 Daughter, Andrew Graham 25 Son, Saraah Graham 22 Daughter, Frederick Graham 17 Son, Ottie Graham 15 Daughter”",man,census1880graham,"census listing; this Curtis B. Graham is the son of the household's head, also Curtis B. Graham, so “Jr.”; matched on the name and the Arlington district, the district he sat for in 1884-85: “Name Curtis B. Graham · Age 31 · Birth Date Abt 1849 · Birthplace Wash D.C. · Home in 1880 Arlington, Alexandria, Virginia, USA · Dwelling Number 214 · Race White · Gender Male · Relation to Head of House Son · Marital Status Single · Father's Name Curtis B. Graham · Father's Birthplace New York · Mother's Name Hannah M. Graham · Mother's Birthplace New York · Occupation Lithographer · Household Members Curtis B. Graham 69 Self (Head), Hannah M. Graham 67 Wife, Cecelia A. Graham 33 Daughter, Curtis B. Graham 31 Son, Euphemia Graham 27 Daughter, Andrew Graham 25 Son, Saraah Graham 22 Daughter, Frederick Graham 17 Son, Ottie Graham 15 Daughter”",record,1849,census1880graham,"census listing; this Curtis B. Graham is the son of the household's head, also Curtis B. Graham, so “Jr.”; matched on the name and the Arlington district, the district he sat for in 1884-85; the birth year as the census recorded it: “Name Curtis B. Graham · Age 31 · Birth Date Abt 1849 · Birthplace Wash D.C. · Home in 1880 Arlington, Alexandria, Virginia, USA · Dwelling Number 214 · Race White · Gender Male · Relation to Head of House Son · Marital Status Single · Father's Name Curtis B. Graham · Father's Birthplace New York · Mother's Name Hannah M. Graham · Mother's Birthplace New York · Occupation Lithographer · Household Members Curtis B. Graham 69 Self (Head), Hannah M. Graham 67 Wife, Cecelia A. Graham 33 Daughter, Curtis B. Graham 31 Son, Euphemia Graham 27 Daughter, Andrew Graham 25 Son, Saraah Graham 22 Daughter, Frederick Graham 17 Son, Ottie Graham 15 Daughter”",exact,,,
George W. Saulisbury,1,Jefferson,1884,11,1885,6,22618,22626,unrecorded,,arlhist1967officials p.41,"Footnote: ""Nothing in the record shows why Saulisbury took Pendleton's place, nor exactly when; the meeting of 11/15/84 is the first in which he is shown as 'present.'"" Saulisbury is in no O'Leary row, which gives Pendleton the whole 1883-1885 term (oleary2010 p.9). A term no other source records. O'Leary lists elections and their winners and names a departure only where his prose happens to, recording five handovers in the 1870s and none at all from 1880 through 1911, so he is silent here rather than contradicting; the article is the Board's own minute books (Sally, 27 September 2026; docs/members.md).",White,census1880salisbury,"census listing; the index reads the surname Salisbury where the article reads Saulisbury; matched on the given name, middle initial and the Jefferson district, the district he sat for in 1884-85: “Name George W. Salisbury · Age 31 · Birth Date Abt 1849 · Birthplace New York · Home in 1880 Jefferson, Alexandria, Virginia, USA · Dwelling Number 90 · Race White · Gender Male · Relation to Head of House Son · Marital Status Married · Spouse's Name Mary Salisbury · Father's Name Phillip Salisbury · Father's Birthplace New York · Mother's Name Edith Salisbury · Mother's Birthplace New York · Occupation Farmer · Household Members Phillip Salisbury 57 Self (Head), Edith Salisbury 57 Wife, George W. Salisbury 31 Son, Mary Salisbury 25 Daughter-in-law”",man,census1880salisbury,"census listing; the index reads the surname Salisbury where the article reads Saulisbury; matched on the given name, middle initial and the Jefferson district, the district he sat for in 1884-85: “Name George W. Salisbury · Age 31 · Birth Date Abt 1849 · Birthplace New York · Home in 1880 Jefferson, Alexandria, Virginia, USA · Dwelling Number 90 · Race White · Gender Male · Relation to Head of House Son · Marital Status Married · Spouse's Name Mary Salisbury · Father's Name Phillip Salisbury · Father's Birthplace New York · Mother's Name Edith Salisbury · Mother's Birthplace New York · Occupation Farmer · Household Members Phillip Salisbury 57 Self (Head), Edith Salisbury 57 Wife, George W. Salisbury 31 Son, Mary Salisbury 25 Daughter-in-law”",record,1849,census1880salisbury,"census listing; the index reads the surname Salisbury where the article reads Saulisbury; matched on the given name, middle initial and the Jefferson district, the district he sat for in 1884-85; the birth year as the census recorded it: “Name George W. Salisbury · Age 31 · Birth Date Abt 1849 · Birthplace New York · Home in 1880 Jefferson, Alexandria, Virginia, USA · Dwelling Number 90 · Race White · Gender Male · Relation to Head of House Son · Marital Status Married · Spouse's Name Mary Salisbury · Father's Name Phillip Salisbury · Father's Birthplace New York · Mother's Name Edith Salisbury · Mother's Birthplace New York · Occupation Farmer · Household Members Phillip Salisbury 57 Self (Head), Edith Salisbury 57 Wife, George W. Salisbury 31 Son, Mary Salisbury 25 Daughter-in-law”",exact,,,
George W. Veitch,1,Arlington,1885,7,1887,7,22626,22650,election,1885,oleary2010 p.16,,White,census1880veitch,"census listing, read against the sheet, which agrees; the index gives no middle initial; matched on the name and Alexandria County; the census's Arlington is the district he sat for: “Name George Veitch · Age 44 · Birth Date Abt 1836 · Birthplace Virginia · Home in 1880 Arlington, Alexandria, Virginia, USA · Dwelling Number 135 · Race White · Gender Male · Relation to Head of House Self (Head) · Marital Status Married · Spouse's Name Margaret J. Veitch · Occupation Farmer · Household Members George Veitch 44 Self (Head), Margaret J. Veitch 38 Wife, Arthur W. Veitch 10 Son, Jesse Veitch 8 Son, George A. Veitch 7 Son, Harry C. Veitch 5 Son, Morgan E. Veitch”",man,census1880veitch,"census listing, read against the sheet, which agrees; the index gives no middle initial; matched on the name and Alexandria County; the census's Arlington is the district he sat for: “Name George Veitch · Age 44 · Birth Date Abt 1836 · Birthplace Virginia · Home in 1880 Arlington, Alexandria, Virginia, USA · Dwelling Number 135 · Race White · Gender Male · Relation to Head of House Self (Head) · Marital Status Married · Spouse's Name Margaret J. Veitch · Occupation Farmer · Household Members George Veitch 44 Self (Head), Margaret J. Veitch 38 Wife, Arthur W. Veitch 10 Son, Jesse Veitch 8 Son, George A. Veitch 7 Son, Harry C. Veitch 5 Son, Morgan E. Veitch”",record,1836,census1880veitch,"census listing, read against the sheet, which agrees; the index gives no middle initial; matched on the name and Alexandria County; the census's Arlington is the district he sat for; the year is the census year less the age given, so within a year: “Name George Veitch · Age 44 · Birth Date Abt 1836 · Birthplace Virginia · Home in 1880 Arlington, Alexandria, Virginia, USA · Dwelling Number 135 · Race White · Gender Male · Relation to Head of House Self (Head) · Marital Status Married · Spouse's Name Margaret J. Veitch · Occupation Farmer · Household Members George Veitch 44 Self (Head), Margaret J. Veitch 38 Wife, Arthur W. Veitch 10 Son, Jesse Veitch 8 Son, George A. Veitch 7 Son, Harry C. Veitch 5 Son, Morgan E. Veitch”",within a year,,,
Richard W. Johnston,1,Jefferson,1885,7,1887,7,22626,22650,election,1885,oleary2010 p.16,,White,census1880johnston,"census listing; matched on the name, the middle initial and the Jefferson district, the district he sat for in 1885-87; a 23-year-old in 1880 would be 28 when seated: “Name Richd. W. Johnston · Age 23 · Birth Date Abt 1857 · Birthplace Washington, D.c. · Home in 1880 Jefferson, Alexandria, Virginia, USA · Dwelling Number 131 · Race White · Gender Male · Relation to Head of House Self (Head) · Marital Status Married · Spouse's Name Maggie L. Johnston · Occupation Farmer · Household Members Richd. W. Johnston 23 Self (Head), Maggie L. Johnston 23 Wife, Morgan Johnston 2 Son”",man,census1880johnston,"census listing; matched on the name, the middle initial and the Jefferson district, the district he sat for in 1885-87; a 23-year-old in 1880 would be 28 when seated: “Name Richd. W. Johnston · Age 23 · Birth Date Abt 1857 · Birthplace Washington, D.c. · Home in 1880 Jefferson, Alexandria, Virginia, USA · Dwelling Number 131 · Race White · Gender Male · Relation to Head of House Self (Head) · Marital Status Married · Spouse's Name Maggie L. Johnston · Occupation Farmer · Household Members Richd. W. Johnston 23 Self (Head), Maggie L. Johnston 23 Wife, Morgan Johnston 2 Son”",record,1857,census1880johnston,"census listing; matched on the name, the middle initial and the Jefferson district, the district he sat for in 1885-87; a 23-year-old in 1880 would be 28 when seated; the year is the census year less the age given, so within a year: “Name Richd. W. Johnston · Age 23 · Birth Date Abt 1857 · Birthplace Washington, D.c. · Home in 1880 Jefferson, Alexandria, Virginia, USA · Dwelling Number 131 · Race White · Gender Male · Relation to Head of House Self (Head) · Marital Status Married · Spouse's Name Maggie L. Johnston · Occupation Farmer · Household Members Richd. W. Johnston 23 Self (Head), Maggie L. Johnston 23 Wife, Morgan Johnston 2 Son”",within a year,,,
John D. Payne,1,Washington,1885,7,1887,7,22626,22650,election,1885,oleary2010 p.16,,White,census1880paynejohn,"census listing; matched on the name, the middle initial and Alexandria County; the record is in the Arlington district and he sat for Washington in 1885-87, so the match rests on the name alone: “Name John D. Payne · Age 25 · Birth Date Abt 1855 · Birthplace Virginia · Home in 1880 Arlington, Alexandria, Virginia, USA · Dwelling Number 241 · Race White · Gender Male · Relation to Head of House Self (Head) · Marital Status Married · Spouse's Name Louiza Payne · Occupation Worker · Household Members John D. Payne 25 Self (Head), Louiza Payne 20 Wife, Bertha S. Payne 8/12 Daughter, William Payne 17 Brother, Freddy Payne 13 Sister”",man,census1880paynejohn,"census listing; matched on the name, the middle initial and Alexandria County; the record is in the Arlington district and he sat for Washington in 1885-87, so the match rests on the name alone: “Name John D. Payne · Age 25 · Birth Date Abt 1855 · Birthplace Virginia · Home in 1880 Arlington, Alexandria, Virginia, USA · Dwelling Number 241 · Race White · Gender Male · Relation to Head of House Self (Head) · Marital Status Married · Spouse's Name Louiza Payne · Occupation Worker · Household Members John D. Payne 25 Self (Head), Louiza Payne 20 Wife, Bertha S. Payne 8/12 Daughter, William Payne 17 Brother, Freddy Payne 13 Sister”",record,1855,census1880paynejohn,"census listing; matched on the name, the middle initial and Alexandria County; the record is in the Arlington district and he sat for Washington in 1885-87, so the match rests on the name alone; the year is the census year less the age given, so within a year: “Name John D. Payne · Age 25 · Birth Date Abt 1855 · Birthplace Virginia · Home in 1880 Arlington, Alexandria, Virginia, USA · Dwelling Number 241 · Race White · Gender Male · Relation to Head of House Self (Head) · Marital Status Married · Spouse's Name Louiza Payne · Occupation Worker · Household Members John D. Payne 25 Self (Head), Louiza Payne 20 Wife, Bertha S. Payne 8/12 Daughter, William Payne 17 Brother, Freddy Payne 13 Sister”",within a year,,,
Horatio Ball,1,Arlington,1887,7,1889,7,22650,22674,election,1887,oleary2010 p.17,,White,census1880ball,"census listing, read against the sheet, which agrees; matched on the name and Alexandria County; the census's Arlington is the district he sat for: “Name Horatio Ball · Age 53 · Birth Date Abt 1827 · Birthplace Virginia · Home in 1880 Arlington, Alexandria, Virginia, USA · Dwelling Number 190 · Race White · Gender Male · Relation to Head of House Self (Head) · Marital Status Married · Spouse's Name Mary Ball · Occupation Farmer · Household Members Horatio Ball 53 Self (Head), Mary Ball 41 Wife, Artimicia Ball 19 Daughter, William M. Ball 15 Son, Alonzo B. Ball 13 Son”",man,census1880ball,"census listing, read against the sheet, which agrees; matched on the name and Alexandria County; the census's Arlington is the district he sat for: “Name Horatio Ball · Age 53 · Birth Date Abt 1827 · Birthplace Virginia · Home in 1880 Arlington, Alexandria, Virginia, USA · Dwelling Number 190 · Race White · Gender Male · Relation to Head of House Self (Head) · Marital Status Married · Spouse's Name Mary Ball · Occupation Farmer · Household Members Horatio Ball 53 Self (Head), Mary Ball 41 Wife, Artimicia Ball 19 Daughter, William M. Ball 15 Son, Alonzo B. Ball 13 Son”",record,1827,census1880ball,"census listing, read against the sheet, which agrees; matched on the name and Alexandria County; the census's Arlington is the district he sat for; the year is the census year less the age given, so within a year: “Name Horatio Ball · Age 53 · Birth Date Abt 1827 · Birthplace Virginia · Home in 1880 Arlington, Alexandria, Virginia, USA · Dwelling Number 190 · Race White · Gender Male · Relation to Head of House Self (Head) · Marital Status Married · Spouse's Name Mary Ball · Occupation Farmer · Household Members Horatio Ball 53 Self (Head), Mary Ball 41 Wife, Artimicia Ball 19 Daughter, William M. Ball 15 Son, Alonzo B. Ball 13 Son”",within a year,,,
Tibbett Allen,1,Jefferson,1887,7,1888,11,22650,22666,election,1887,oleary2010 p.17; arlhist1967officials p.41-42,"The end is the article's, from the Board's minute books, which put Frank Hume in this district from the same date; O'Leary records no departure and gives the whole term to one man (Sally, 27 September 2026).",Black,"hjerpe2021 p.9, Appendix 3; hjerpe2021 p.3; census1880allen","1880 census record: “1880 US Census Document listing Tibbett Allen, black resident of Jefferson Township, Alexandria County” | stated directly: “The last black man to serve on the Magisterial Board, Tibbett Allen, was the first Senior Warden of Arlington Lodge #58, a long-running black Free Masons organization which still exists today.” | census listing, read against the sheet, which agrees; matched on the name and Alexandria County; the census's Jefferson Township is the district he sat for: “Name Tibbett Allen · Age 40 · Birth Date Abt 1840 · Birthplace Maryland · Home in 1880 Jefferson, Alexandria, Virginia, USA · Dwelling Number 122 · Race Black · Gender Male · Relation to Head of House Self (Head) · Marital Status Married · Spouse's Name Catharina Allen · Occupation Brickyard hand · Household Members Tibbett Allen 40 Self (Head), Catharina Allen 30 Wife, Laura V. Allen 2 Daughter, Ellen Chase 60 Mother-in-law, Chatham Gilbert 21 Brother-in-law”",man,census1880allen,"census listing, read against the sheet, which agrees; matched on the name and Alexandria County; the census's Jefferson Township is the district he sat for: “Name Tibbett Allen · Age 40 · Birth Date Abt 1840 · Birthplace Maryland · Home in 1880 Jefferson, Alexandria, Virginia, USA · Dwelling Number 122 · Race Black · Gender Male · Relation to Head of House Self (Head) · Marital Status Married · Spouse's Name Catharina Allen · Occupation Brickyard hand · Household Members Tibbett Allen 40 Self (Head), Catharina Allen 30 Wife, Laura V. Allen 2 Daughter, Ellen Chase 60 Mother-in-law, Chatham Gilbert 21 Brother-in-law”",record,1840,census1880allen,"census listing, read against the sheet, which agrees; matched on the name and Alexandria County; the census's Jefferson Township is the district he sat for; the year is the census year less the age given, so within a year: “Name Tibbett Allen · Age 40 · Birth Date Abt 1840 · Birthplace Maryland · Home in 1880 Jefferson, Alexandria, Virginia, USA · Dwelling Number 122 · Race Black · Gender Male · Relation to Head of House Self (Head) · Marital Status Married · Spouse's Name Catharina Allen · Occupation Brickyard hand · Household Members Tibbett Allen 40 Self (Head), Catharina Allen 30 Wife, Laura V. Allen 2 Daughter, Ellen Chase 60 Mother-in-law, Chatham Gilbert 21 Brother-in-law”",within a year,,,
A. B. Grunwell,1,Washington,1887,7,1889,7,22650,22674,election,1887,oleary2010 p.17,,White,census1880grunwell,"census listing, read against the sheet, which agrees; the index reads the surname as Grumwell; matched on the initials, the surname and Alexandria County; the census's Washington District is the district he sat for: “Name A. B. Grumwell [A. B. Grunwell] · Age 46 · Birth Date Abt 1834 · Birthplace England · Home in 1880 Washington, Alexandria, Virginia, USA · Dwelling Number 6 · Race White · Gender Male · Relation to Head of House Self (Head) · Marital Status Married · Spouse's Name Jane E. Grumwell · Occupation Farmer · Household Members A. B. Grumwell 46 Self (Head), Jane E. Grumwell 35 Wife, Susan E. Grumwell 11 Daughter, Gilbert Grumwell 7 Son, Mary L. Grumwell 1 Daughter”",man,census1880grunwell,"census listing, read against the sheet, which agrees; the index reads the surname as Grumwell; matched on the initials, the surname and Alexandria County; the census's Washington District is the district he sat for: “Name A. B. Grumwell [A. B. Grunwell] · Age 46 · Birth Date Abt 1834 · Birthplace England · Home in 1880 Washington, Alexandria, Virginia, USA · Dwelling Number 6 · Race White · Gender Male · Relation to Head of House Self (Head) · Marital Status Married · Spouse's Name Jane E. Grumwell · Occupation Farmer · Household Members A. B. Grumwell 46 Self (Head), Jane E. Grumwell 35 Wife, Susan E. Grumwell 11 Daughter, Gilbert Grumwell 7 Son, Mary L. Grumwell 1 Daughter”",record,1834,census1880grunwell,"census listing, read against the sheet, which agrees; the index reads the surname as Grumwell; matched on the initials, the surname and Alexandria County; the census's Washington District is the district he sat for; the year is the census year less the age given, so within a year: “Name A. B. Grumwell [A. B. Grunwell] · Age 46 · Birth Date Abt 1834 · Birthplace England · Home in 1880 Washington, Alexandria, Virginia, USA · Dwelling Number 6 · Race White · Gender Male · Relation to Head of House Self (Head) · Marital Status Married · Spouse's Name Jane E. Grumwell · Occupation Farmer · Household Members A. B. Grumwell 46 Self (Head), Jane E. Grumwell 35 Wife, Susan E. Grumwell 11 Daughter, Gilbert Grumwell 7 Son, Mary L. Grumwell 1 Daughter”",within a year,,,
Frank Hume,1,Jefferson,1888,11,1889,7,22666,22674,appointment,,arlhist1967officials p.41-42,"Printed ""(Appointed; date ?)""; O'Leary gives Hume no part of the 1887-1889 term (oleary2010 p.9). Footnote: ""Hume was also Delegate to the General Assembly in 1890 as he was 1899-1900."" A term no other source records. O'Leary lists elections and their winners and names a departure only where his prose happens to, recording five handovers in the 1870s and none at all from 1880 through 1911, so he is silent here rather than contradicting; the article is the Board's own minute books (Sally, 27 September 2026; docs/members.md). The county court appointed him on 2 October 1888 (alexandriagazette1888hume); 13 November is the first record of him sitting, and the Gazette's Local Matters column of that evening lists him among the supervisors present (alexandriagazette1888supervisors). The article dates a term from the minute books' first record of a man sitting, not from the instrument that named him, so the two dates answer different questions (docs/members.md).",White,hjerpe2021 p.7; census1880hume,"described as a former Confederate soldier: “All else that the author could find was a listing from the next month's edition announcing Allen's resignation and the appointment of Frank Hume, a former confederate soldier and the namesake for the Hume School on Arlington Ridge Road, to the seat.” | census listing, read against the sheet, which agrees; matched on the name and Alexandria County; the census's Jefferson Township is the district he sat for: “Name Frank Hume · Age 35 · Birth Date Abt 1845 · Birthplace Virginia · Home in 1880 Jefferson, Alexandria, Virginia, USA · Dwelling Number 97 · Race White · Gender Male · Relation to Head of House Self (Head) · Marital Status Married · Spouse's Name Emma P. Hume · Household Members Frank Hume 35 Self (Head), Emma P. Hume 30 Wife, Alice Hume 7 Daughter, Frank Hume 6 Son, Emma N. Hume 4 Daughter, Robert S. Hume 3 Son, Nanny G. Hume 1 Daughter, May Hume 1/12 Daughter”",man,census1880hume,"census listing, read against the sheet, which agrees; matched on the name and Alexandria County; the census's Jefferson Township is the district he sat for: “Name Frank Hume · Age 35 · Birth Date Abt 1845 · Birthplace Virginia · Home in 1880 Jefferson, Alexandria, Virginia, USA · Dwelling Number 97 · Race White · Gender Male · Relation to Head of House Self (Head) · Marital Status Married · Spouse's Name Emma P. Hume · Household Members Frank Hume 35 Self (Head), Emma P. Hume 30 Wife, Alice Hume 7 Daughter, Frank Hume 6 Son, Emma N. Hume 4 Daughter, Robert S. Hume 3 Son, Nanny G. Hume 1 Daughter, May Hume 1/12 Daughter”",record,1845,census1880hume,"census listing, read against the sheet, which agrees; matched on the name and Alexandria County; the census's Jefferson Township is the district he sat for; the year is the census year less the age given, so within a year: “Name Frank Hume · Age 35 · Birth Date Abt 1845 · Birthplace Virginia · Home in 1880 Jefferson, Alexandria, Virginia, USA · Dwelling Number 97 · Race White · Gender Male · Relation to Head of House Self (Head) · Marital Status Married · Spouse's Name Emma P. Hume · Household Members Frank Hume 35 Self (Head), Emma P. Hume 30 Wife, Alice Hume 7 Daughter, Frank Hume 6 Son, Emma N. Hume 4 Daughter, Robert S. Hume 3 Son, Nanny G. Hume 1 Daughter, May Hume 1/12 Daughter”",within a year,,,
Frederick S. Corbett,1,Arlington,1889,7,1891,7,22674,22698,election,1889,oleary2010 p.18,,White,census1880corbett; census1910corbett,"census listing, read against the sheet, which agrees; matched on the name, Alexandria County and the occupation, sheriff: “Name Frederick S. Corbett · Age 24 · Birth Date Abt 1856 · Birthplace Virginia · Home in 1880 Arlington, Alexandria, Virginia, USA · Dwelling Number 146 · Race White · Gender Male · Relation to Head of House Self (Head) · Marital Status Married · Spouse's Name Ida C. Corbett · Occupation Sheriff · Household Members Frederick S. Corbett 24 Self (Head), Ida C. Corbett 24 Wife, Edith S. Corbett 2 Daughter” | census listing; O'Leary gives the surname only for the Arlington seat of 1908-12; matched on the surname, the Arlington district and the occupation, Supervisor, County, which is the office; the household is Frederick S. Corbett's, the member of 1889-1901, thirty years on from his 1880 record: “Name Fredrick S Corbett · Age in 1910 46 · Birth Date 1856 · Birthplace Virginia · Home in 1910 Arlington, Alexandria, Virginia, USA · Sheet Number 6b · Street 6 Ld Glebe Road · Race White · Gender Male · Relation to Head of House Head · Marital Status Married · Occupation Supervisor · Industry County · Home Owned or Rented Own · Farm or House Farm · Years Married 33 · Household Members Fredrick S Corbett 46 Head, Ida S Corbett 53 Wife, Edith L Corbett 32 Daughter, Marguerite R Corbett 22 Daughter, Margeret R Wibirt 74 Mother-in-law, Edward C Cryer 43 Boarder, Rubie H Cryer 36 Boarder, Fredrick V Cryer 3 Boarder, Euphenia L Watton 28 Boarder, Lizzie C Jackson 26 Servant, Frank Brocks 25 Servant, William T Hodges 28 Boarder”",man,census1880corbett; census1910corbett,"census listing, read against the sheet, which agrees; matched on the name, Alexandria County and the occupation, sheriff: “Name Frederick S. Corbett · Age 24 · Birth Date Abt 1856 · Birthplace Virginia · Home in 1880 Arlington, Alexandria, Virginia, USA · Dwelling Number 146 · Race White · Gender Male · Relation to Head of House Self (Head) · Marital Status Married · Spouse's Name Ida C. Corbett · Occupation Sheriff · Household Members Frederick S. Corbett 24 Self (Head), Ida C. Corbett 24 Wife, Edith S. Corbett 2 Daughter” | census listing; O'Leary gives the surname only for the Arlington seat of 1908-12; matched on the surname, the Arlington district and the occupation, Supervisor, County, which is the office; the household is Frederick S. Corbett's, the member of 1889-1901, thirty years on from his 1880 record: “Name Fredrick S Corbett · Age in 1910 46 · Birth Date 1856 · Birthplace Virginia · Home in 1910 Arlington, Alexandria, Virginia, USA · Sheet Number 6b · Street 6 Ld Glebe Road · Race White · Gender Male · Relation to Head of House Head · Marital Status Married · Occupation Supervisor · Industry County · Home Owned or Rented Own · Farm or House Farm · Years Married 33 · Household Members Fredrick S Corbett 46 Head, Ida S Corbett 53 Wife, Edith L Corbett 32 Daughter, Marguerite R Corbett 22 Daughter, Margeret R Wibirt 74 Mother-in-law, Edward C Cryer 43 Boarder, Rubie H Cryer 36 Boarder, Fredrick V Cryer 3 Boarder, Euphenia L Watton 28 Boarder, Lizzie C Jackson 26 Servant, Frank Brocks 25 Servant, William T Hodges 28 Boarder”",record,1856,census1880corbett; census1910corbett,"census listing, read against the sheet, which agrees; matched on the name, Alexandria County and the occupation, sheriff; the year is the census year less the age given, so within a year: “Name Frederick S. Corbett · Age 24 · Birth Date Abt 1856 · Birthplace Virginia · Home in 1880 Arlington, Alexandria, Virginia, USA · Dwelling Number 146 · Race White · Gender Male · Relation to Head of House Self (Head) · Marital Status Married · Spouse's Name Ida C. Corbett · Occupation Sheriff · Household Members Frederick S. Corbett 24 Self (Head), Ida C. Corbett 24 Wife, Edith S. Corbett 2 Daughter” | census listing; O'Leary gives the surname only for the Arlington seat of 1908-12; matched on the surname, the Arlington district and the occupation, Supervisor, County, which is the office; the household is Frederick S. Corbett's, the member of 1889-1901, thirty years on from his 1880 record; the birth year as the census recorded it: “Name Fredrick S Corbett · Age in 1910 46 · Birth Date 1856 · Birthplace Virginia · Home in 1910 Arlington, Alexandria, Virginia, USA · Sheet Number 6b · Street 6 Ld Glebe Road · Race White · Gender Male · Relation to Head of House Head · Marital Status Married · Occupation Supervisor · Industry County · Home Owned or Rented Own · Farm or House Farm · Years Married 33 · Household Members Fredrick S Corbett 46 Head, Ida S Corbett 53 Wife, Edith L Corbett 32 Daughter, Marguerite R Corbett 22 Daughter, Margeret R Wibirt 74 Mother-in-law, Edward C Cryer 43 Boarder, Rubie H Cryer 36 Boarder, Fredrick V Cryer 3 Boarder, Euphenia L Watton 28 Boarder, Lizzie C Jackson 26 Servant, Frank Brocks 25 Servant, William T Hodges 28 Boarder”",exact,,,
Frank Hume,2,Jefferson,1889,7,1891,7,22674,22698,election,1889,oleary2010 p.18,,White,hjerpe2021 p.7; census1880hume,"described as a former Confederate soldier: “All else that the author could find was a listing from the next month's edition announcing Allen's resignation and the appointment of Frank Hume, a former confederate soldier and the namesake for the Hume School on Arlington Ridge Road, to the seat.” | census listing, read against the sheet, which agrees; matched on the name and Alexandria County; the census's Jefferson Township is the district he sat for: “Name Frank Hume · Age 35 · Birth Date Abt 1845 · Birthplace Virginia · Home in 1880 Jefferson, Alexandria, Virginia, USA · Dwelling Number 97 · Race White · Gender Male · Relation to Head of House Self (Head) · Marital Status Married · Spouse's Name Emma P. Hume · Household Members Frank Hume 35 Self (Head), Emma P. Hume 30 Wife, Alice Hume 7 Daughter, Frank Hume 6 Son, Emma N. Hume 4 Daughter, Robert S. Hume 3 Son, Nanny G. Hume 1 Daughter, May Hume 1/12 Daughter”",man,census1880hume,"census listing, read against the sheet, which agrees; matched on the name and Alexandria County; the census's Jefferson Township is the district he sat for: “Name Frank Hume · Age 35 · Birth Date Abt 1845 · Birthplace Virginia · Home in 1880 Jefferson, Alexandria, Virginia, USA · Dwelling Number 97 · Race White · Gender Male · Relation to Head of House Self (Head) · Marital Status Married · Spouse's Name Emma P. Hume · Household Members Frank Hume 35 Self (Head), Emma P. Hume 30 Wife, Alice Hume 7 Daughter, Frank Hume 6 Son, Emma N. Hume 4 Daughter, Robert S. Hume 3 Son, Nanny G. Hume 1 Daughter, May Hume 1/12 Daughter”",record,1845,census1880hume,"census listing, read against the sheet, which agrees; matched on the name and Alexandria County; the census's Jefferson Township is the district he sat for; the year is the census year less the age given, so within a year: “Name Frank Hume · Age 35 · Birth Date Abt 1845 · Birthplace Virginia · Home in 1880 Jefferson, Alexandria, Virginia, USA · Dwelling Number 97 · Race White · Gender Male · Relation to Head of House Self (Head) · Marital Status Married · Spouse's Name Emma P. Hume · Household Members Frank Hume 35 Self (Head), Emma P. Hume 30 Wife, Alice Hume 7 Daughter, Frank Hume 6 Son, Emma N. Hume 4 Daughter, Robert S. Hume 3 Son, Nanny G. Hume 1 Daughter, May Hume 1/12 Daughter”",within a year,,,
Walter G. Willson,1,Washington,1889,7,1891,7,22674,22698,election,1889,oleary2010 p.18,,White,assumed,,man,assumed,,none,,unsourced,,,,,
Millard F. Birch,1,Arlington,1891,7,1893,7,22698,22722,election,1891,oleary2010 p.18; arlhist1967officials,"Spelled Birch by the article, from the Board's minute books, and by both the 1900 census index and its sheet (census1900birth); O'Leary alone reads Birth (Sally, 27 September 2026).",White,census1900birth,"census listing; the index reads the surname as Birch, and so does the sheet, where the roster (O'Leary) prints Birth; matched on the given name, the middle initial and the Arlington district, the district he sat for in 1891-93; no Birth is in the county in 1880, 1900 or 1910, so the roster's surname is taken as a misprint of this one, a weak match until a second source spells it: “Name Millard Birch [Milliard H Birch] [Millard F. Birch] · Age 45 · Birth Date Nov 1853 · Birthplace Virginia, USA · Home in 1900 Arlington, Alexandria, Virginia · House Number 3 · Sheet Number 19 · Race White · Gender Male · Relation to Head of House Head · Marital Status Married · Spouse's Name Mary Birch · Marriage Year 1875 · Occupation Farmer · House Owned or Rented Own · Household Members Millard Birch 45 Head, Mary Birch 40 Wife, Susie Birch 16 Daughter, Bertha Birch 15 Daughter, Claude Birch 22 Son, Bowie T Birch 20 Son, Ida Birch 21 Daughter-in-law, Allen Birch 1 Grandson, John Walker 60 Boarder”",man,census1900birth,"census listing; the index reads the surname as Birch, and so does the sheet, where the roster (O'Leary) prints Birth; matched on the given name, the middle initial and the Arlington district, the district he sat for in 1891-93; no Birth is in the county in 1880, 1900 or 1910, so the roster's surname is taken as a misprint of this one, a weak match until a second source spells it: “Name Millard Birch [Milliard H Birch] [Millard F. Birch] · Age 45 · Birth Date Nov 1853 · Birthplace Virginia, USA · Home in 1900 Arlington, Alexandria, Virginia · House Number 3 · Sheet Number 19 · Race White · Gender Male · Relation to Head of House Head · Marital Status Married · Spouse's Name Mary Birch · Marriage Year 1875 · Occupation Farmer · House Owned or Rented Own · Household Members Millard Birch 45 Head, Mary Birch 40 Wife, Susie Birch 16 Daughter, Bertha Birch 15 Daughter, Claude Birch 22 Son, Bowie T Birch 20 Son, Ida Birch 21 Daughter-in-law, Allen Birch 1 Grandson, John Walker 60 Boarder”",record,1853,census1900birth,"census listing; the index reads the surname as Birch, and so does the sheet, where the roster (O'Leary) prints Birth; matched on the given name, the middle initial and the Arlington district, the district he sat for in 1891-93; no Birth is in the county in 1880, 1900 or 1910, so the roster's surname is taken as a misprint of this one, a weak match until a second source spells it; the birth year as the census recorded it: “Name Millard Birch [Milliard H Birch] [Millard F. Birch] · Age 45 · Birth Date Nov 1853 · Birthplace Virginia, USA · Home in 1900 Arlington, Alexandria, Virginia · House Number 3 · Sheet Number 19 · Race White · Gender Male · Relation to Head of House Head · Marital Status Married · Spouse's Name Mary Birch · Marriage Year 1875 · Occupation Farmer · House Owned or Rented Own · Household Members Millard Birch 45 Head, Mary Birch 40 Wife, Susie Birch 16 Daughter, Bertha Birch 15 Daughter, Claude Birch 22 Son, Bowie T Birch 20 Son, Ida Birch 21 Daughter-in-law, Allen Birch 1 Grandson, John Walker 60 Boarder”",exact,,,
Frank Hume,3,Jefferson,1891,7,1893,7,22698,22722,election,1891,oleary2010 p.18,,White,hjerpe2021 p.7; census1880hume,"described as a former Confederate soldier: “All else that the author could find was a listing from the next month's edition announcing Allen's resignation and the appointment of Frank Hume, a former confederate soldier and the namesake for the Hume School on Arlington Ridge Road, to the seat.” | census listing, read against the sheet, which agrees; matched on the name and Alexandria County; the census's Jefferson Township is the district he sat for: “Name Frank Hume · Age 35 · Birth Date Abt 1845 · Birthplace Virginia · Home in 1880 Jefferson, Alexandria, Virginia, USA · Dwelling Number 97 · Race White · Gender Male · Relation to Head of House Self (Head) · Marital Status Married · Spouse's Name Emma P. Hume · Household Members Frank Hume 35 Self (Head), Emma P. Hume 30 Wife, Alice Hume 7 Daughter, Frank Hume 6 Son, Emma N. Hume 4 Daughter, Robert S. Hume 3 Son, Nanny G. Hume 1 Daughter, May Hume 1/12 Daughter”",man,census1880hume,"census listing, read against the sheet, which agrees; matched on the name and Alexandria County; the census's Jefferson Township is the district he sat for: “Name Frank Hume · Age 35 · Birth Date Abt 1845 · Birthplace Virginia · Home in 1880 Jefferson, Alexandria, Virginia, USA · Dwelling Number 97 · Race White · Gender Male · Relation to Head of House Self (Head) · Marital Status Married · Spouse's Name Emma P. Hume · Household Members Frank Hume 35 Self (Head), Emma P. Hume 30 Wife, Alice Hume 7 Daughter, Frank Hume 6 Son, Emma N. Hume 4 Daughter, Robert S. Hume 3 Son, Nanny G. Hume 1 Daughter, May Hume 1/12 Daughter”",record,1845,census1880hume,"census listing, read against the sheet, which agrees; matched on the name and Alexandria County; the census's Jefferson Township is the district he sat for; the year is the census year less the age given, so within a year: “Name Frank Hume · Age 35 · Birth Date Abt 1845 · Birthplace Virginia · Home in 1880 Jefferson, Alexandria, Virginia, USA · Dwelling Number 97 · Race White · Gender Male · Relation to Head of House Self (Head) · Marital Status Married · Spouse's Name Emma P. Hume · Household Members Frank Hume 35 Self (Head), Emma P. Hume 30 Wife, Alice Hume 7 Daughter, Frank Hume 6 Son, Emma N. Hume 4 Daughter, Robert S. Hume 3 Son, Nanny G. Hume 1 Daughter, May Hume 1/12 Daughter”",within a year,,,
Walter G. Willson,2,Washington,1891,7,1892,6,22698,22710,election,1891,oleary2010 p.18; arlhist1967officials p.42,"The end is the article's, from the Board's minute books, which put William N. Febrey in this district from the same date; O'Leary records no departure and gives the whole term to one man (Sally, 27 September 2026).",White,assumed,,man,assumed,,none,,unsourced,,,,,
William N. Febrey,1,Washington,1892,7,1893,6,22710,22722,unrecorded,,arlhist1967officials p.42,"Footnote: ""The record does not show why Febrey succeeded Willson who presumably had been elected for the two year term in May 1891."" O'Leary gives Willson the whole 1891-1893 term and names no Febrey here (oleary2010 p.9). A term no other source records. O'Leary lists elections and their winners and names a departure only where his prose happens to, recording five handovers in the 1870s and none at all from 1880 through 1911, so he is silent here rather than contradicting; the article is the Board's own minute books (Sally, 27 September 2026; docs/members.md).",White,assumed,,man,gazette1893febrey p.3,"press: Mr. (""Mr. W. N. Febrey""), read on the page image, p. 3: “The action of the convention caused much dissatisfaction among the members of the county committee who were in the city, and this evening they held a meeting, deposed Mr. C. B. Graham as chairman and elected Mr. W. N. Febrey in his stead.”",press,,unsourced,,,,,
John W. Clark,1,Arlington,1893,7,1895,7,22722,22746,election,1893,oleary2010 p.19,,White,census1900clark,"census listing; matched on the name, the middle initial and the Arlington district, the district he sat for in 1893-95; the only John W. Clark heading a household in the county in 1900: “Name John W Clark [John M Clark] · Age 56 · Birth Date Mar 1843 · Birthplace New York, USA · Home in 1900 Arlington, Alexandria, Virginia · House Number 1 · Sheet Number 14 · Race White · Gender Male · Relation to Head of House Head · Marital Status Married · Spouse's Name Julia M Clark · Marriage Year 1887 · Occupation Hotel Prop · House Owned or Rented Own · Household Members John W Clark 56 Head, Julia M Clark 38 Wife, John H Clark 11 Son, Julia W Clark 9 Daughter, Walter P Clark 7 Son, Lawrence Parks 60 Servant, Henretta Parks 50 Servant, George Parks 22 Servant, Ludonia Parks 20 Servant, Cora Parks 18 Servant, Jennie Parks 16 Servant, Henretta Parks 12 Servant”",man,census1900clark,"census listing; matched on the name, the middle initial and the Arlington district, the district he sat for in 1893-95; the only John W. Clark heading a household in the county in 1900: “Name John W Clark [John M Clark] · Age 56 · Birth Date Mar 1843 · Birthplace New York, USA · Home in 1900 Arlington, Alexandria, Virginia · House Number 1 · Sheet Number 14 · Race White · Gender Male · Relation to Head of House Head · Marital Status Married · Spouse's Name Julia M Clark · Marriage Year 1887 · Occupation Hotel Prop · House Owned or Rented Own · Household Members John W Clark 56 Head, Julia M Clark 38 Wife, John H Clark 11 Son, Julia W Clark 9 Daughter, Walter P Clark 7 Son, Lawrence Parks 60 Servant, Henretta Parks 50 Servant, George Parks 22 Servant, Ludonia Parks 20 Servant, Cora Parks 18 Servant, Jennie Parks 16 Servant, Henretta Parks 12 Servant”",record,1843,census1900clark,"census listing; matched on the name, the middle initial and the Arlington district, the district he sat for in 1893-95; the only John W. Clark heading a household in the county in 1900; the birth year as the census recorded it: “Name John W Clark [John M Clark] · Age 56 · Birth Date Mar 1843 · Birthplace New York, USA · Home in 1900 Arlington, Alexandria, Virginia · House Number 1 · Sheet Number 14 · Race White · Gender Male · Relation to Head of House Head · Marital Status Married · Spouse's Name Julia M Clark · Marriage Year 1887 · Occupation Hotel Prop · House Owned or Rented Own · Household Members John W Clark 56 Head, Julia M Clark 38 Wife, John H Clark 11 Son, Julia W Clark 9 Daughter, Walter P Clark 7 Son, Lawrence Parks 60 Servant, Henretta Parks 50 Servant, George Parks 22 Servant, Ludonia Parks 20 Servant, Cora Parks 18 Servant, Jennie Parks 16 Servant, Henretta Parks 12 Servant”",exact,,,
Frank Hume,4,Jefferson,1893,7,1895,7,22722,22746,election,1893,oleary2010 p.19,,White,hjerpe2021 p.7; census1880hume,"described as a former Confederate soldier: “All else that the author could find was a listing from the next month's edition announcing Allen's resignation and the appointment of Frank Hume, a former confederate soldier and the namesake for the Hume School on Arlington Ridge Road, to the seat.” | census listing, read against the sheet, which agrees; matched on the name and Alexandria County; the census's Jefferson Township is the district he sat for: “Name Frank Hume · Age 35 · Birth Date Abt 1845 · Birthplace Virginia · Home in 1880 Jefferson, Alexandria, Virginia, USA · Dwelling Number 97 · Race White · Gender Male · Relation to Head of House Self (Head) · Marital Status Married · Spouse's Name Emma P. Hume · Household Members Frank Hume 35 Self (Head), Emma P. Hume 30 Wife, Alice Hume 7 Daughter, Frank Hume 6 Son, Emma N. Hume 4 Daughter, Robert S. Hume 3 Son, Nanny G. Hume 1 Daughter, May Hume 1/12 Daughter”",man,census1880hume,"census listing, read against the sheet, which agrees; matched on the name and Alexandria County; the census's Jefferson Township is the district he sat for: “Name Frank Hume · Age 35 · Birth Date Abt 1845 · Birthplace Virginia · Home in 1880 Jefferson, Alexandria, Virginia, USA · Dwelling Number 97 · Race White · Gender Male · Relation to Head of House Self (Head) · Marital Status Married · Spouse's Name Emma P. Hume · Household Members Frank Hume 35 Self (Head), Emma P. Hume 30 Wife, Alice Hume 7 Daughter, Frank Hume 6 Son, Emma N. Hume 4 Daughter, Robert S. Hume 3 Son, Nanny G. Hume 1 Daughter, May Hume 1/12 Daughter”",record,1845,census1880hume,"census listing, read against the sheet, which agrees; matched on the name and Alexandria County; the census's Jefferson Township is the district he sat for; the year is the census year less the age given, so within a year: “Name Frank Hume · Age 35 · Birth Date Abt 1845 · Birthplace Virginia · Home in 1880 Jefferson, Alexandria, Virginia, USA · Dwelling Number 97 · Race White · Gender Male · Relation to Head of House Self (Head) · Marital Status Married · Spouse's Name Emma P. Hume · Household Members Frank Hume 35 Self (Head), Emma P. Hume 30 Wife, Alice Hume 7 Daughter, Frank Hume 6 Son, Emma N. Hume 4 Daughter, Robert S. Hume 3 Son, Nanny G. Hume 1 Daughter, May Hume 1/12 Daughter”",within a year,,,
R. Henry Phillips,1,Washington,1893,7,1895,7,22722,22746,election,1893,oleary2010 p.19,,White,assumed,,man,assumed,,none,,unsourced,,,,,
Frederick S. Corbett,2,Arlington,1895,7,1897,7,22746,22770,election,1895,oleary2010 p.20,,White,census1880corbett; census1910corbett,"census listing, read against the sheet, which agrees; matched on the name, Alexandria County and the occupation, sheriff: “Name Frederick S. Corbett · Age 24 · Birth Date Abt 1856 · Birthplace Virginia · Home in 1880 Arlington, Alexandria, Virginia, USA · Dwelling Number 146 · Race White · Gender Male · Relation to Head of House Self (Head) · Marital Status Married · Spouse's Name Ida C. Corbett · Occupation Sheriff · Household Members Frederick S. Corbett 24 Self (Head), Ida C. Corbett 24 Wife, Edith S. Corbett 2 Daughter” | census listing; O'Leary gives the surname only for the Arlington seat of 1908-12; matched on the surname, the Arlington district and the occupation, Supervisor, County, which is the office; the household is Frederick S. Corbett's, the member of 1889-1901, thirty years on from his 1880 record: “Name Fredrick S Corbett · Age in 1910 46 · Birth Date 1856 · Birthplace Virginia · Home in 1910 Arlington, Alexandria, Virginia, USA · Sheet Number 6b · Street 6 Ld Glebe Road · Race White · Gender Male · Relation to Head of House Head · Marital Status Married · Occupation Supervisor · Industry County · Home Owned or Rented Own · Farm or House Farm · Years Married 33 · Household Members Fredrick S Corbett 46 Head, Ida S Corbett 53 Wife, Edith L Corbett 32 Daughter, Marguerite R Corbett 22 Daughter, Margeret R Wibirt 74 Mother-in-law, Edward C Cryer 43 Boarder, Rubie H Cryer 36 Boarder, Fredrick V Cryer 3 Boarder, Euphenia L Watton 28 Boarder, Lizzie C Jackson 26 Servant, Frank Brocks 25 Servant, William T Hodges 28 Boarder”",man,census1880corbett; census1910corbett,"census listing, read against the sheet, which agrees; matched on the name, Alexandria County and the occupation, sheriff: “Name Frederick S. Corbett · Age 24 · Birth Date Abt 1856 · Birthplace Virginia · Home in 1880 Arlington, Alexandria, Virginia, USA · Dwelling Number 146 · Race White · Gender Male · Relation to Head of House Self (Head) · Marital Status Married · Spouse's Name Ida C. Corbett · Occupation Sheriff · Household Members Frederick S. Corbett 24 Self (Head), Ida C. Corbett 24 Wife, Edith S. Corbett 2 Daughter” | census listing; O'Leary gives the surname only for the Arlington seat of 1908-12; matched on the surname, the Arlington district and the occupation, Supervisor, County, which is the office; the household is Frederick S. Corbett's, the member of 1889-1901, thirty years on from his 1880 record: “Name Fredrick S Corbett · Age in 1910 46 · Birth Date 1856 · Birthplace Virginia · Home in 1910 Arlington, Alexandria, Virginia, USA · Sheet Number 6b · Street 6 Ld Glebe Road · Race White · Gender Male · Relation to Head of House Head · Marital Status Married · Occupation Supervisor · Industry County · Home Owned or Rented Own · Farm or House Farm · Years Married 33 · Household Members Fredrick S Corbett 46 Head, Ida S Corbett 53 Wife, Edith L Corbett 32 Daughter, Marguerite R Corbett 22 Daughter, Margeret R Wibirt 74 Mother-in-law, Edward C Cryer 43 Boarder, Rubie H Cryer 36 Boarder, Fredrick V Cryer 3 Boarder, Euphenia L Watton 28 Boarder, Lizzie C Jackson 26 Servant, Frank Brocks 25 Servant, William T Hodges 28 Boarder”",record,1856,census1880corbett; census1910corbett,"census listing, read against the sheet, which agrees; matched on the name, Alexandria County and the occupation, sheriff; the year is the census year less the age given, so within a year: “Name Frederick S. Corbett · Age 24 · Birth Date Abt 1856 · Birthplace Virginia · Home in 1880 Arlington, Alexandria, Virginia, USA · Dwelling Number 146 · Race White · Gender Male · Relation to Head of House Self (Head) · Marital Status Married · Spouse's Name Ida C. Corbett · Occupation Sheriff · Household Members Frederick S. Corbett 24 Self (Head), Ida C. Corbett 24 Wife, Edith S. Corbett 2 Daughter” | census listing; O'Leary gives the surname only for the Arlington seat of 1908-12; matched on the surname, the Arlington district and the occupation, Supervisor, County, which is the office; the household is Frederick S. Corbett's, the member of 1889-1901, thirty years on from his 1880 record; the birth year as the census recorded it: “Name Fredrick S Corbett · Age in 1910 46 · Birth Date 1856 · Birthplace Virginia · Home in 1910 Arlington, Alexandria, Virginia, USA · Sheet Number 6b · Street 6 Ld Glebe Road · Race White · Gender Male · Relation to Head of House Head · Marital Status Married · Occupation Supervisor · Industry County · Home Owned or Rented Own · Farm or House Farm · Years Married 33 · Household Members Fredrick S Corbett 46 Head, Ida S Corbett 53 Wife, Edith L Corbett 32 Daughter, Marguerite R Corbett 22 Daughter, Margeret R Wibirt 74 Mother-in-law, Edward C Cryer 43 Boarder, Rubie H Cryer 36 Boarder, Fredrick V Cryer 3 Boarder, Euphenia L Watton 28 Boarder, Lizzie C Jackson 26 Servant, Frank Brocks 25 Servant, William T Hodges 28 Boarder”",exact,,,
William Duncan,1,Jefferson,1895,7,1897,7,22746,22770,election,1895,oleary2010 p.20,,White,census1900duncan,"census listing; matched on the name and the Jefferson district, the district he sat for in 1895-99 and 1901-04; the sheet gives a middle initial, J., that the roster does not; the same household is on the 1910 sheet beside Edward Duncan's: “Name William Duncan · Birth Date Aug 1854 · Birthplace Virginia, USA · Home in 1900 Jefferson, Alexandria, Virginia · Sheet Number 13 · Race White · Gender Male · Relation to Head of House Head · Marital Status Married · Spouse's Name Emelia Duncan · Marriage Year 1882 · Father's Birthplace Ireland · Mother's Birthplace Ireland · Occupation Telegraph Operator · House Owned or Rented Own · Household Members William Duncan 40 Head, Emelia Duncan 38 Wife, Nellie A Duncan 15 Daughter, James A Duncan 11 Son, George M Duncan 9 Son, William H Duncan 2 Son, Clarence A Duncan 2 Son”",man,census1900duncan,"census listing; matched on the name and the Jefferson district, the district he sat for in 1895-99 and 1901-04; the sheet gives a middle initial, J., that the roster does not; the same household is on the 1910 sheet beside Edward Duncan's: “Name William Duncan · Birth Date Aug 1854 · Birthplace Virginia, USA · Home in 1900 Jefferson, Alexandria, Virginia · Sheet Number 13 · Race White · Gender Male · Relation to Head of House Head · Marital Status Married · Spouse's Name Emelia Duncan · Marriage Year 1882 · Father's Birthplace Ireland · Mother's Birthplace Ireland · Occupation Telegraph Operator · House Owned or Rented Own · Household Members William Duncan 40 Head, Emelia Duncan 38 Wife, Nellie A Duncan 15 Daughter, James A Duncan 11 Son, George M Duncan 9 Son, William H Duncan 2 Son, Clarence A Duncan 2 Son”",record,1854,census1900duncan,"census listing; matched on the name and the Jefferson district, the district he sat for in 1895-99 and 1901-04; the sheet gives a middle initial, J., that the roster does not; the same household is on the 1910 sheet beside Edward Duncan's; the birth year as the census recorded it: “Name William Duncan · Birth Date Aug 1854 · Birthplace Virginia, USA · Home in 1900 Jefferson, Alexandria, Virginia · Sheet Number 13 · Race White · Gender Male · Relation to Head of House Head · Marital Status Married · Spouse's Name Emelia Duncan · Marriage Year 1882 · Father's Birthplace Ireland · Mother's Birthplace Ireland · Occupation Telegraph Operator · House Owned or Rented Own · Household Members William Duncan 40 Head, Emelia Duncan 38 Wife, Nellie A Duncan 15 Daughter, James A Duncan 11 Son, George M Duncan 9 Son, William H Duncan 2 Son, Clarence A Duncan 2 Son”",exact,,,
A. B. Grunwell,2,Washington,1895,7,1897,7,22746,22770,election,1895,oleary2010 p.20,,White,census1880grunwell,"census listing, read against the sheet, which agrees; the index reads the surname as Grumwell; matched on the initials, the surname and Alexandria County; the census's Washington District is the district he sat for: “Name A. B. Grumwell [A. B. Grunwell] · Age 46 · Birth Date Abt 1834 · Birthplace England · Home in 1880 Washington, Alexandria, Virginia, USA · Dwelling Number 6 · Race White · Gender Male · Relation to Head of House Self (Head) · Marital Status Married · Spouse's Name Jane E. Grumwell · Occupation Farmer · Household Members A. B. Grumwell 46 Self (Head), Jane E. Grumwell 35 Wife, Susan E. Grumwell 11 Daughter, Gilbert Grumwell 7 Son, Mary L. Grumwell 1 Daughter”",man,census1880grunwell,"census listing, read against the sheet, which agrees; the index reads the surname as Grumwell; matched on the initials, the surname and Alexandria County; the census's Washington District is the district he sat for: “Name A. B. Grumwell [A. B. Grunwell] · Age 46 · Birth Date Abt 1834 · Birthplace England · Home in 1880 Washington, Alexandria, Virginia, USA · Dwelling Number 6 · Race White · Gender Male · Relation to Head of House Self (Head) · Marital Status Married · Spouse's Name Jane E. Grumwell · Occupation Farmer · Household Members A. B. Grumwell 46 Self (Head), Jane E. Grumwell 35 Wife, Susan E. Grumwell 11 Daughter, Gilbert Grumwell 7 Son, Mary L. Grumwell 1 Daughter”",record,1834,census1880grunwell,"census listing, read against the sheet, which agrees; the index reads the surname as Grumwell; matched on the initials, the surname and Alexandria County; the census's Washington District is the district he sat for; the year is the census year less the age given, so within a year: “Name A. B. Grumwell [A. B. Grunwell] · Age 46 · Birth Date Abt 1834 · Birthplace England · Home in 1880 Washington, Alexandria, Virginia, USA · Dwelling Number 6 · Race White · Gender Male · Relation to Head of House Self (Head) · Marital Status Married · Spouse's Name Jane E. Grumwell · Occupation Farmer · Household Members A. B. Grumwell 46 Self (Head), Jane E. Grumwell 35 Wife, Susan E. Grumwell 11 Daughter, Gilbert Grumwell 7 Son, Mary L. Grumwell 1 Daughter”",within a year,,,
A. D. Torreyson,1,Arlington,1897,7,1897,10,22770,22773,election,1897,oleary2010 p.20; arlhist1967officials p.42,"Election successfully contested; the seat passed to Frederick S. Corbett. The Arlington election of 1897 gave A. D. Torreyson and Frederick S. Corbett 209 votes each on the first count; the county court found for Corbett and declared him a member from 1 July, by which time Torreyson had been sitting, and he sat on until 11 October. The roster records who held a seat, not who held title to it, so the court's finding is a note on both rows rather than a second term (Sally, 27 September 2026; docs/members.md).",White,census1900torreyson,"census listing; the index reads the given name as Hoke, with A Duke and Andrew Duke Torreyson as alternatives, and the sheet reads A. Duke; matched on the initials, the surname and the Arlington district; the only Torreyson household in the county in 1900: “Name Hoke Torreyson [Duke Torreyson] [A Duke Torreyson] [Andrew Duke Torreyson] · Age 33 · Birth Date Oct 1866 · Birthplace Virginia, USA · Home in 1900 Arlington, Alexandria, Virginia · House Number 3 · Sheet Number 20 · Race White · Gender Male · Relation to Head of House Head · Marital Status Married · Spouse's Name Blanche Torreyson · Marriage Year 1888 · Occupation Farmer · House Owned or Rented Own · Farm or House F · Household Members Hoke Torreyson 33 Head, Blanche Torreyson 34 Wife, Emily Torreyson 10 Daughter, Maude Torreyson 5 Daughter, Francis Torreyson 2 Son, Samuel Hunter 23 Servant”",man,census1900torreyson,"census listing; the index reads the given name as Hoke, with A Duke and Andrew Duke Torreyson as alternatives, and the sheet reads A. Duke; matched on the initials, the surname and the Arlington district; the only Torreyson household in the county in 1900: “Name Hoke Torreyson [Duke Torreyson] [A Duke Torreyson] [Andrew Duke Torreyson] · Age 33 · Birth Date Oct 1866 · Birthplace Virginia, USA · Home in 1900 Arlington, Alexandria, Virginia · House Number 3 · Sheet Number 20 · Race White · Gender Male · Relation to Head of House Head · Marital Status Married · Spouse's Name Blanche Torreyson · Marriage Year 1888 · Occupation Farmer · House Owned or Rented Own · Farm or House F · Household Members Hoke Torreyson 33 Head, Blanche Torreyson 34 Wife, Emily Torreyson 10 Daughter, Maude Torreyson 5 Daughter, Francis Torreyson 2 Son, Samuel Hunter 23 Servant”",record,1866,census1900torreyson,"census listing; the index reads the given name as Hoke, with A Duke and Andrew Duke Torreyson as alternatives, and the sheet reads A. Duke; matched on the initials, the surname and the Arlington district; the only Torreyson household in the county in 1900; the birth year as the census recorded it: “Name Hoke Torreyson [Duke Torreyson] [A Duke Torreyson] [Andrew Duke Torreyson] · Age 33 · Birth Date Oct 1866 · Birthplace Virginia, USA · Home in 1900 Arlington, Alexandria, Virginia · House Number 3 · Sheet Number 20 · Race White · Gender Male · Relation to Head of House Head · Marital Status Married · Spouse's Name Blanche Torreyson · Marriage Year 1888 · Occupation Farmer · House Owned or Rented Own · Farm or House F · Household Members Hoke Torreyson 33 Head, Blanche Torreyson 34 Wife, Emily Torreyson 10 Daughter, Maude Torreyson 5 Daughter, Francis Torreyson 2 Son, Samuel Hunter 23 Servant”",exact,,,
William Duncan,2,Jefferson,1897,7,1899,7,22770,22794,election,1897,oleary2010 p.20,,White,census1900duncan,"census listing; matched on the name and the Jefferson district, the district he sat for in 1895-99 and 1901-04; the sheet gives a middle initial, J., that the roster does not; the same household is on the 1910 sheet beside Edward Duncan's: “Name William Duncan · Birth Date Aug 1854 · Birthplace Virginia, USA · Home in 1900 Jefferson, Alexandria, Virginia · Sheet Number 13 · Race White · Gender Male · Relation to Head of House Head · Marital Status Married · Spouse's Name Emelia Duncan · Marriage Year 1882 · Father's Birthplace Ireland · Mother's Birthplace Ireland · Occupation Telegraph Operator · House Owned or Rented Own · Household Members William Duncan 40 Head, Emelia Duncan 38 Wife, Nellie A Duncan 15 Daughter, James A Duncan 11 Son, George M Duncan 9 Son, William H Duncan 2 Son, Clarence A Duncan 2 Son”",man,census1900duncan,"census listing; matched on the name and the Jefferson district, the district he sat for in 1895-99 and 1901-04; the sheet gives a middle initial, J., that the roster does not; the same household is on the 1910 sheet beside Edward Duncan's: “Name William Duncan · Birth Date Aug 1854 · Birthplace Virginia, USA · Home in 1900 Jefferson, Alexandria, Virginia · Sheet Number 13 · Race White · Gender Male · Relation to Head of House Head · Marital Status Married · Spouse's Name Emelia Duncan · Marriage Year 1882 · Father's Birthplace Ireland · Mother's Birthplace Ireland · Occupation Telegraph Operator · House Owned or Rented Own · Household Members William Duncan 40 Head, Emelia Duncan 38 Wife, Nellie A Duncan 15 Daughter, James A Duncan 11 Son, George M Duncan 9 Son, William H Duncan 2 Son, Clarence A Duncan 2 Son”",record,1854,census1900duncan,"census listing; matched on the name and the Jefferson district, the district he sat for in 1895-99 and 1901-04; the sheet gives a middle initial, J., that the roster does not; the same household is on the 1910 sheet beside Edward Duncan's; the birth year as the census recorded it: “Name William Duncan · Birth Date Aug 1854 · Birthplace Virginia, USA · Home in 1900 Jefferson, Alexandria, Virginia · Sheet Number 13 · Race White · Gender Male · Relation to Head of House Head · Marital Status Married · Spouse's Name Emelia Duncan · Marriage Year 1882 · Father's Birthplace Ireland · Mother's Birthplace Ireland · Occupation Telegraph Operator · House Owned or Rented Own · Household Members William Duncan 40 Head, Emelia Duncan 38 Wife, Nellie A Duncan 15 Daughter, James A Duncan 11 Son, George M Duncan 9 Son, William H Duncan 2 Son, Clarence A Duncan 2 Son”",exact,,,
George N. Saegmuller,1,Washington,1897,7,1899,7,22770,22794,election,1897,oleary2010 p.20; arlhist1967officials p.39,"The article puts Saegmuller in the Washington seat from 1 July 1897, where O'Leary keeps Grunwell to 1899. The minute books name the man who sat, so Grunwell's service ends with his 1895-97 term and Saegmuller holds the seat from July 1897 (Sally, 27 September 2026).",White,census1880saegmuller; census1900saegmuller,"census listing; the index and the sheet spell the surname Sagmuller where O'Leary prints Saegmulller; matched on the given name, the middle initial, the surname and the Washington district, the district he sat for in 1899-1901: “Name Geo. N. Sagmuller · Age 33 · Birth Date Abt 1847 · Birthplace Bavaria · Home in 1880 Washington, Alexandria, Virginia, USA · Dwelling Number 6 · Race White · Gender Male · Relation to Head of House Self (Head) · Marital Status Married · Spouse's Name Mariah J. Sagmuller · Occupation Astronomical Inst. Maker · Household Members Geo. N. Sagmuller 33 Self (Head), Mariah J. Sagmuller 25 Wife, John L. Sagmuller 5 Son, Fred. Sagmuller 2 Son, G. Vandenburgh 60 Father-in-law, Sarah Vandenburgh 56 Mother-in-law” | census listing; a record outside the county, in Washington City, in the year he sat for the Washington district; matched on the name, the birth, February 1847 in Germany, and the occupation, instrument maker, which agree with the 1880 record in Alexandria County, and on the sons Lee and George born in Virginia; no Saegmuller is in the county's 1900 schedule: “Name Geo Saegmuller [Geo Saeymullar] · Age 53 · Birth Date Feb 1847 · Birthplace Germany · Home in 1900 Washington, Washington, District of Columbia · Street Maryland Ave SW · House Number 134 · Sheet Number 16 · Race White · Gender Male · Immigration Year 1874 · Relation to Head of House Head · Marital Status Married · Spouse's Name R J Saegmuller · Marriage Year 1874 · Occupation Mfg Instrument · House Owned or Rented Own · Household Members Geo Saegmuller 53 Head, R J Saegmuller 48 Wife, Lee J Saegmuller 24 Son, George Saegmuller Jr 16 Son, Elsa Richmann 19 Niece, Fannie Chinn 15 Servant”",man,census1880saegmuller; census1900saegmuller,"census listing; the index and the sheet spell the surname Sagmuller where O'Leary prints Saegmulller; matched on the given name, the middle initial, the surname and the Washington district, the district he sat for in 1899-1901: “Name Geo. N. Sagmuller · Age 33 · Birth Date Abt 1847 · Birthplace Bavaria · Home in 1880 Washington, Alexandria, Virginia, USA · Dwelling Number 6 · Race White · Gender Male · Relation to Head of House Self (Head) · Marital Status Married · Spouse's Name Mariah J. Sagmuller · Occupation Astronomical Inst. Maker · Household Members Geo. N. Sagmuller 33 Self (Head), Mariah J. Sagmuller 25 Wife, John L. Sagmuller 5 Son, Fred. Sagmuller 2 Son, G. Vandenburgh 60 Father-in-law, Sarah Vandenburgh 56 Mother-in-law” | census listing; a record outside the county, in Washington City, in the year he sat for the Washington district; matched on the name, the birth, February 1847 in Germany, and the occupation, instrument maker, which agree with the 1880 record in Alexandria County, and on the sons Lee and George born in Virginia; no Saegmuller is in the county's 1900 schedule: “Name Geo Saegmuller [Geo Saeymullar] · Age 53 · Birth Date Feb 1847 · Birthplace Germany · Home in 1900 Washington, Washington, District of Columbia · Street Maryland Ave SW · House Number 134 · Sheet Number 16 · Race White · Gender Male · Immigration Year 1874 · Relation to Head of House Head · Marital Status Married · Spouse's Name R J Saegmuller · Marriage Year 1874 · Occupation Mfg Instrument · House Owned or Rented Own · Household Members Geo Saegmuller 53 Head, R J Saegmuller 48 Wife, Lee J Saegmuller 24 Son, George Saegmuller Jr 16 Son, Elsa Richmann 19 Niece, Fannie Chinn 15 Servant”",record,1847,census1880saegmuller; census1900saegmuller,"census listing; the index and the sheet spell the surname Sagmuller where O'Leary prints Saegmulller; matched on the given name, the middle initial, the surname and the Washington district, the district he sat for in 1899-1901; the year is the census year less the age given, so within a year: “Name Geo. N. Sagmuller · Age 33 · Birth Date Abt 1847 · Birthplace Bavaria · Home in 1880 Washington, Alexandria, Virginia, USA · Dwelling Number 6 · Race White · Gender Male · Relation to Head of House Self (Head) · Marital Status Married · Spouse's Name Mariah J. Sagmuller · Occupation Astronomical Inst. Maker · Household Members Geo. N. Sagmuller 33 Self (Head), Mariah J. Sagmuller 25 Wife, John L. Sagmuller 5 Son, Fred. Sagmuller 2 Son, G. Vandenburgh 60 Father-in-law, Sarah Vandenburgh 56 Mother-in-law” | census listing; a record outside the county, in Washington City, in the year he sat for the Washington district; matched on the name, the birth, February 1847 in Germany, and the occupation, instrument maker, which agree with the 1880 record in Alexandria County, and on the sons Lee and George born in Virginia; no Saegmuller is in the county's 1900 schedule; the birth year as the census recorded it: “Name Geo Saegmuller [Geo Saeymullar] · Age 53 · Birth Date Feb 1847 · Birthplace Germany · Home in 1900 Washington, Washington, District of Columbia · Street Maryland Ave SW · House Number 134 · Sheet Number 16 · Race White · Gender Male · Immigration Year 1874 · Relation to Head of House Head · Marital Status Married · Spouse's Name R J Saegmuller · Marriage Year 1874 · Occupation Mfg Instrument · House Owned or Rented Own · Household Members Geo Saegmuller 53 Head, R J Saegmuller 48 Wife, Lee J Saegmuller 24 Son, George Saegmuller Jr 16 Son, Elsa Richmann 19 Niece, Fannie Chinn 15 Servant”",exact,,,
Frederick S. Corbett,3,Arlington,1897,10,1899,7,22773,22794,election,1897,oleary2010 p.20; arlhist1967officials p.42,"Took the seat after successfully contesting the election. The Arlington election of 1897 gave A. D. Torreyson and Frederick S. Corbett 209 votes each on the first count; the county court found for Corbett and declared him a member from 1 July, by which time Torreyson had been sitting, and he sat on until 11 October. The roster records who held a seat, not who held title to it, so the court's finding is a note on both rows rather than a second term (Sally, 27 September 2026; docs/members.md).",White,census1880corbett; census1910corbett,"census listing, read against the sheet, which agrees; matched on the name, Alexandria County and the occupation, sheriff: “Name Frederick S. Corbett · Age 24 · Birth Date Abt 1856 · Birthplace Virginia · Home in 1880 Arlington, Alexandria, Virginia, USA · Dwelling Number 146 · Race White · Gender Male · Relation to Head of House Self (Head) · Marital Status Married · Spouse's Name Ida C. Corbett · Occupation Sheriff · Household Members Frederick S. Corbett 24 Self (Head), Ida C. Corbett 24 Wife, Edith S. Corbett 2 Daughter” | census listing; O'Leary gives the surname only for the Arlington seat of 1908-12; matched on the surname, the Arlington district and the occupation, Supervisor, County, which is the office; the household is Frederick S. Corbett's, the member of 1889-1901, thirty years on from his 1880 record: “Name Fredrick S Corbett · Age in 1910 46 · Birth Date 1856 · Birthplace Virginia · Home in 1910 Arlington, Alexandria, Virginia, USA · Sheet Number 6b · Street 6 Ld Glebe Road · Race White · Gender Male · Relation to Head of House Head · Marital Status Married · Occupation Supervisor · Industry County · Home Owned or Rented Own · Farm or House Farm · Years Married 33 · Household Members Fredrick S Corbett 46 Head, Ida S Corbett 53 Wife, Edith L Corbett 32 Daughter, Marguerite R Corbett 22 Daughter, Margeret R Wibirt 74 Mother-in-law, Edward C Cryer 43 Boarder, Rubie H Cryer 36 Boarder, Fredrick V Cryer 3 Boarder, Euphenia L Watton 28 Boarder, Lizzie C Jackson 26 Servant, Frank Brocks 25 Servant, William T Hodges 28 Boarder”",man,census1880corbett; census1910corbett,"census listing, read against the sheet, which agrees; matched on the name, Alexandria County and the occupation, sheriff: “Name Frederick S. Corbett · Age 24 · Birth Date Abt 1856 · Birthplace Virginia · Home in 1880 Arlington, Alexandria, Virginia, USA · Dwelling Number 146 · Race White · Gender Male · Relation to Head of House Self (Head) · Marital Status Married · Spouse's Name Ida C. Corbett · Occupation Sheriff · Household Members Frederick S. Corbett 24 Self (Head), Ida C. Corbett 24 Wife, Edith S. Corbett 2 Daughter” | census listing; O'Leary gives the surname only for the Arlington seat of 1908-12; matched on the surname, the Arlington district and the occupation, Supervisor, County, which is the office; the household is Frederick S. Corbett's, the member of 1889-1901, thirty years on from his 1880 record: “Name Fredrick S Corbett · Age in 1910 46 · Birth Date 1856 · Birthplace Virginia · Home in 1910 Arlington, Alexandria, Virginia, USA · Sheet Number 6b · Street 6 Ld Glebe Road · Race White · Gender Male · Relation to Head of House Head · Marital Status Married · Occupation Supervisor · Industry County · Home Owned or Rented Own · Farm or House Farm · Years Married 33 · Household Members Fredrick S Corbett 46 Head, Ida S Corbett 53 Wife, Edith L Corbett 32 Daughter, Marguerite R Corbett 22 Daughter, Margeret R Wibirt 74 Mother-in-law, Edward C Cryer 43 Boarder, Rubie H Cryer 36 Boarder, Fredrick V Cryer 3 Boarder, Euphenia L Watton 28 Boarder, Lizzie C Jackson 26 Servant, Frank Brocks 25 Servant, William T Hodges 28 Boarder”",record,1856,census1880corbett; census1910corbett,"census listing, read against the sheet, which agrees; matched on the name, Alexandria County and the occupation, sheriff; the year is the census year less the age given, so within a year: “Name Frederick S. Corbett · Age 24 · Birth Date Abt 1856 · Birthplace Virginia · Home in 1880 Arlington, Alexandria, Virginia, USA · Dwelling Number 146 · Race White · Gender Male · Relation to Head of House Self (Head) · Marital Status Married · Spouse's Name Ida C. Corbett · Occupation Sheriff · Household Members Frederick S. Corbett 24 Self (Head), Ida C. Corbett 24 Wife, Edith S. Corbett 2 Daughter” | census listing; O'Leary gives the surname only for the Arlington seat of 1908-12; matched on the surname, the Arlington district and the occupation, Supervisor, County, which is the office; the household is Frederick S. Corbett's, the member of 1889-1901, thirty years on from his 1880 record; the birth year as the census recorded it: “Name Fredrick S Corbett · Age in 1910 46 · Birth Date 1856 · Birthplace Virginia · Home in 1910 Arlington, Alexandria, Virginia, USA · Sheet Number 6b · Street 6 Ld Glebe Road · Race White · Gender Male · Relation to Head of House Head · Marital Status Married · Occupation Supervisor · Industry County · Home Owned or Rented Own · Farm or House Farm · Years Married 33 · Household Members Fredrick S Corbett 46 Head, Ida S Corbett 53 Wife, Edith L Corbett 32 Daughter, Marguerite R Corbett 22 Daughter, Margeret R Wibirt 74 Mother-in-law, Edward C Cryer 43 Boarder, Rubie H Cryer 36 Boarder, Fredrick V Cryer 3 Boarder, Euphenia L Watton 28 Boarder, Lizzie C Jackson 26 Servant, Frank Brocks 25 Servant, William T Hodges 28 Boarder”",exact,,,
Frederick S. Corbett,4,Arlington,1899,7,1901,7,22794,22818,election,1899,oleary2010 p.21,,White,census1880corbett; census1910corbett,"census listing, read against the sheet, which agrees; matched on the name, Alexandria County and the occupation, sheriff: “Name Frederick S. Corbett · Age 24 · Birth Date Abt 1856 · Birthplace Virginia · Home in 1880 Arlington, Alexandria, Virginia, USA · Dwelling Number 146 · Race White · Gender Male · Relation to Head of House Self (Head) · Marital Status Married · Spouse's Name Ida C. Corbett · Occupation Sheriff · Household Members Frederick S. Corbett 24 Self (Head), Ida C. Corbett 24 Wife, Edith S. Corbett 2 Daughter” | census listing; O'Leary gives the surname only for the Arlington seat of 1908-12; matched on the surname, the Arlington district and the occupation, Supervisor, County, which is the office; the household is Frederick S. Corbett's, the member of 1889-1901, thirty years on from his 1880 record: “Name Fredrick S Corbett · Age in 1910 46 · Birth Date 1856 · Birthplace Virginia · Home in 1910 Arlington, Alexandria, Virginia, USA · Sheet Number 6b · Street 6 Ld Glebe Road · Race White · Gender Male · Relation to Head of House Head · Marital Status Married · Occupation Supervisor · Industry County · Home Owned or Rented Own · Farm or House Farm · Years Married 33 · Household Members Fredrick S Corbett 46 Head, Ida S Corbett 53 Wife, Edith L Corbett 32 Daughter, Marguerite R Corbett 22 Daughter, Margeret R Wibirt 74 Mother-in-law, Edward C Cryer 43 Boarder, Rubie H Cryer 36 Boarder, Fredrick V Cryer 3 Boarder, Euphenia L Watton 28 Boarder, Lizzie C Jackson 26 Servant, Frank Brocks 25 Servant, William T Hodges 28 Boarder”",man,census1880corbett; census1910corbett,"census listing, read against the sheet, which agrees; matched on the name, Alexandria County and the occupation, sheriff: “Name Frederick S. Corbett · Age 24 · Birth Date Abt 1856 · Birthplace Virginia · Home in 1880 Arlington, Alexandria, Virginia, USA · Dwelling Number 146 · Race White · Gender Male · Relation to Head of House Self (Head) · Marital Status Married · Spouse's Name Ida C. Corbett · Occupation Sheriff · Household Members Frederick S. Corbett 24 Self (Head), Ida C. Corbett 24 Wife, Edith S. Corbett 2 Daughter” | census listing; O'Leary gives the surname only for the Arlington seat of 1908-12; matched on the surname, the Arlington district and the occupation, Supervisor, County, which is the office; the household is Frederick S. Corbett's, the member of 1889-1901, thirty years on from his 1880 record: “Name Fredrick S Corbett · Age in 1910 46 · Birth Date 1856 · Birthplace Virginia · Home in 1910 Arlington, Alexandria, Virginia, USA · Sheet Number 6b · Street 6 Ld Glebe Road · Race White · Gender Male · Relation to Head of House Head · Marital Status Married · Occupation Supervisor · Industry County · Home Owned or Rented Own · Farm or House Farm · Years Married 33 · Household Members Fredrick S Corbett 46 Head, Ida S Corbett 53 Wife, Edith L Corbett 32 Daughter, Marguerite R Corbett 22 Daughter, Margeret R Wibirt 74 Mother-in-law, Edward C Cryer 43 Boarder, Rubie H Cryer 36 Boarder, Fredrick V Cryer 3 Boarder, Euphenia L Watton 28 Boarder, Lizzie C Jackson 26 Servant, Frank Brocks 25 Servant, William T Hodges 28 Boarder”",record,1856,census1880corbett; census1910corbett,"census listing, read against the sheet, which agrees; matched on the name, Alexandria County and the occupation, sheriff; the year is the census year less the age given, so within a year: “Name Frederick S. Corbett · Age 24 · Birth Date Abt 1856 · Birthplace Virginia · Home in 1880 Arlington, Alexandria, Virginia, USA · Dwelling Number 146 · Race White · Gender Male · Relation to Head of House Self (Head) · Marital Status Married · Spouse's Name Ida C. Corbett · Occupation Sheriff · Household Members Frederick S. Corbett 24 Self (Head), Ida C. Corbett 24 Wife, Edith S. Corbett 2 Daughter” | census listing; O'Leary gives the surname only for the Arlington seat of 1908-12; matched on the surname, the Arlington district and the occupation, Supervisor, County, which is the office; the household is Frederick S. Corbett's, the member of 1889-1901, thirty years on from his 1880 record; the birth year as the census recorded it: “Name Fredrick S Corbett · Age in 1910 46 · Birth Date 1856 · Birthplace Virginia · Home in 1910 Arlington, Alexandria, Virginia, USA · Sheet Number 6b · Street 6 Ld Glebe Road · Race White · Gender Male · Relation to Head of House Head · Marital Status Married · Occupation Supervisor · Industry County · Home Owned or Rented Own · Farm or House Farm · Years Married 33 · Household Members Fredrick S Corbett 46 Head, Ida S Corbett 53 Wife, Edith L Corbett 32 Daughter, Marguerite R Corbett 22 Daughter, Margeret R Wibirt 74 Mother-in-law, Edward C Cryer 43 Boarder, Rubie H Cryer 36 Boarder, Fredrick V Cryer 3 Boarder, Euphenia L Watton 28 Boarder, Lizzie C Jackson 26 Servant, Frank Brocks 25 Servant, William T Hodges 28 Boarder”",exact,,,
D. N. Rust,1,Jefferson,1899,7,1901,7,22794,22818,election,1899,oleary2010 p.21,,White,census1900rust,"census listing; matched on the initials, the surname and the Jefferson district, the district he sat for in 1899-1901 and 1904-08; the only Rust household in the county in 1900; a son of the same name, aged 19, is in the household: “Name David N Rust · Age 49 · Birth Date Oct 1850 · Birthplace Delaware, USA · Home in 1900 Jefferson, Alexandria, Virginia · Sheet Number 17 · Race White · Gender Male · Relation to Head of House Head · Marital Status Married · Spouse's Name Mary L Rust · Marriage Year 1877 · Occupation Dentist · House Owned or Rented Own · Home Free or Mortgaged Mortgaged · Household Members David N Rust 49 Head, Mary L Rust 48 Wife, Thomas L Rust 22 Son, Sue K Rust 20 Daughter, David N Rust 19 Son, John Rust 15 Son, Lucy N Rust 14 Daughter, James S Rust 13 Son, Robert N Rust 11 Son, Mary E Rust 7 Daughter, Andrew Turner 15 Servant”",man,census1900rust,"census listing; matched on the initials, the surname and the Jefferson district, the district he sat for in 1899-1901 and 1904-08; the only Rust household in the county in 1900; a son of the same name, aged 19, is in the household: “Name David N Rust · Age 49 · Birth Date Oct 1850 · Birthplace Delaware, USA · Home in 1900 Jefferson, Alexandria, Virginia · Sheet Number 17 · Race White · Gender Male · Relation to Head of House Head · Marital Status Married · Spouse's Name Mary L Rust · Marriage Year 1877 · Occupation Dentist · House Owned or Rented Own · Home Free or Mortgaged Mortgaged · Household Members David N Rust 49 Head, Mary L Rust 48 Wife, Thomas L Rust 22 Son, Sue K Rust 20 Daughter, David N Rust 19 Son, John Rust 15 Son, Lucy N Rust 14 Daughter, James S Rust 13 Son, Robert N Rust 11 Son, Mary E Rust 7 Daughter, Andrew Turner 15 Servant”",record,1850,census1900rust,"census listing; matched on the initials, the surname and the Jefferson district, the district he sat for in 1899-1901 and 1904-08; the only Rust household in the county in 1900; a son of the same name, aged 19, is in the household; the birth year as the census recorded it: “Name David N Rust · Age 49 · Birth Date Oct 1850 · Birthplace Delaware, USA · Home in 1900 Jefferson, Alexandria, Virginia · Sheet Number 17 · Race White · Gender Male · Relation to Head of House Head · Marital Status Married · Spouse's Name Mary L Rust · Marriage Year 1877 · Occupation Dentist · House Owned or Rented Own · Home Free or Mortgaged Mortgaged · Household Members David N Rust 49 Head, Mary L Rust 48 Wife, Thomas L Rust 22 Son, Sue K Rust 20 Daughter, David N Rust 19 Son, John Rust 15 Son, Lucy N Rust 14 Daughter, James S Rust 13 Son, Robert N Rust 11 Son, Mary E Rust 7 Daughter, Andrew Turner 15 Servant”",exact,,,
George N. Saegmuller,2,Washington,1899,7,1901,7,22794,22818,election,1899,oleary2010 p.21; arlhist1967officials,"Spelled Saegmuller by the article, from the Board's minute books, and by the 1880 and 1900 census sheets; O'Leary's triple l is a typo on its face (Sally, 27 September 2026).",White,census1880saegmuller; census1900saegmuller,"census listing; the index and the sheet spell the surname Sagmuller where O'Leary prints Saegmulller; matched on the given name, the middle initial, the surname and the Washington district, the district he sat for in 1899-1901: “Name Geo. N. Sagmuller · Age 33 · Birth Date Abt 1847 · Birthplace Bavaria · Home in 1880 Washington, Alexandria, Virginia, USA · Dwelling Number 6 · Race White · Gender Male · Relation to Head of House Self (Head) · Marital Status Married · Spouse's Name Mariah J. Sagmuller · Occupation Astronomical Inst. Maker · Household Members Geo. N. Sagmuller 33 Self (Head), Mariah J. Sagmuller 25 Wife, John L. Sagmuller 5 Son, Fred. Sagmuller 2 Son, G. Vandenburgh 60 Father-in-law, Sarah Vandenburgh 56 Mother-in-law” | census listing; a record outside the county, in Washington City, in the year he sat for the Washington district; matched on the name, the birth, February 1847 in Germany, and the occupation, instrument maker, which agree with the 1880 record in Alexandria County, and on the sons Lee and George born in Virginia; no Saegmuller is in the county's 1900 schedule: “Name Geo Saegmuller [Geo Saeymullar] · Age 53 · Birth Date Feb 1847 · Birthplace Germany · Home in 1900 Washington, Washington, District of Columbia · Street Maryland Ave SW · House Number 134 · Sheet Number 16 · Race White · Gender Male · Immigration Year 1874 · Relation to Head of House Head · Marital Status Married · Spouse's Name R J Saegmuller · Marriage Year 1874 · Occupation Mfg Instrument · House Owned or Rented Own · Household Members Geo Saegmuller 53 Head, R J Saegmuller 48 Wife, Lee J Saegmuller 24 Son, George Saegmuller Jr 16 Son, Elsa Richmann 19 Niece, Fannie Chinn 15 Servant”",man,census1880saegmuller; census1900saegmuller,"census listing; the index and the sheet spell the surname Sagmuller where O'Leary prints Saegmulller; matched on the given name, the middle initial, the surname and the Washington district, the district he sat for in 1899-1901: “Name Geo. N. Sagmuller · Age 33 · Birth Date Abt 1847 · Birthplace Bavaria · Home in 1880 Washington, Alexandria, Virginia, USA · Dwelling Number 6 · Race White · Gender Male · Relation to Head of House Self (Head) · Marital Status Married · Spouse's Name Mariah J. Sagmuller · Occupation Astronomical Inst. Maker · Household Members Geo. N. Sagmuller 33 Self (Head), Mariah J. Sagmuller 25 Wife, John L. Sagmuller 5 Son, Fred. Sagmuller 2 Son, G. Vandenburgh 60 Father-in-law, Sarah Vandenburgh 56 Mother-in-law” | census listing; a record outside the county, in Washington City, in the year he sat for the Washington district; matched on the name, the birth, February 1847 in Germany, and the occupation, instrument maker, which agree with the 1880 record in Alexandria County, and on the sons Lee and George born in Virginia; no Saegmuller is in the county's 1900 schedule: “Name Geo Saegmuller [Geo Saeymullar] · Age 53 · Birth Date Feb 1847 · Birthplace Germany · Home in 1900 Washington, Washington, District of Columbia · Street Maryland Ave SW · House Number 134 · Sheet Number 16 · Race White · Gender Male · Immigration Year 1874 · Relation to Head of House Head · Marital Status Married · Spouse's Name R J Saegmuller · Marriage Year 1874 · Occupation Mfg Instrument · House Owned or Rented Own · Household Members Geo Saegmuller 53 Head, R J Saegmuller 48 Wife, Lee J Saegmuller 24 Son, George Saegmuller Jr 16 Son, Elsa Richmann 19 Niece, Fannie Chinn 15 Servant”",record,1847,census1880saegmuller; census1900saegmuller,"census listing; the index and the sheet spell the surname Sagmuller where O'Leary prints Saegmulller; matched on the given name, the middle initial, the surname and the Washington district, the district he sat for in 1899-1901; the year is the census year less the age given, so within a year: “Name Geo. N. Sagmuller · Age 33 · Birth Date Abt 1847 · Birthplace Bavaria · Home in 1880 Washington, Alexandria, Virginia, USA · Dwelling Number 6 · Race White · Gender Male · Relation to Head of House Self (Head) · Marital Status Married · Spouse's Name Mariah J. Sagmuller · Occupation Astronomical Inst. Maker · Household Members Geo. N. Sagmuller 33 Self (Head), Mariah J. Sagmuller 25 Wife, John L. Sagmuller 5 Son, Fred. Sagmuller 2 Son, G. Vandenburgh 60 Father-in-law, Sarah Vandenburgh 56 Mother-in-law” | census listing; a record outside the county, in Washington City, in the year he sat for the Washington district; matched on the name, the birth, February 1847 in Germany, and the occupation, instrument maker, which agree with the 1880 record in Alexandria County, and on the sons Lee and George born in Virginia; no Saegmuller is in the county's 1900 schedule; the birth year as the census recorded it: “Name Geo Saegmuller [Geo Saeymullar] · Age 53 · Birth Date Feb 1847 · Birthplace Germany · Home in 1900 Washington, Washington, District of Columbia · Street Maryland Ave SW · House Number 134 · Sheet Number 16 · Race White · Gender Male · Immigration Year 1874 · Relation to Head of House Head · Marital Status Married · Spouse's Name R J Saegmuller · Marriage Year 1874 · Occupation Mfg Instrument · House Owned or Rented Own · Household Members Geo Saegmuller 53 Head, R J Saegmuller 48 Wife, Lee J Saegmuller 24 Son, George Saegmuller Jr 16 Son, Elsa Richmann 19 Niece, Fannie Chinn 15 Servant”",exact,,,
Rezin W. Darbey,1,Arlington,1901,7,1904,1,22818,22848,election,1901,oleary2010 p.22,,White,census1900darbey,"census listing; the index reads the name as Rezi? W Darby; matched on the name and Alexandria County; the census's Arlington District is the district he sat for: “Name Rezi? W Darby [Rezin W Darby] · Age 50 · Birth Date Mar 1850 · Birthplace Maryland, USA · Home in 1900 Arlington, Alexandria, Virginia · House Number 3 · Sheet Number 22 · Race White · Gender Male · Relation to Head of House Head · Marital Status Married · Spouse's Name Clara M Darby · Marriage Year 1879 · Occupation Contractor Builder”",man,census1900darbey,"census listing; the index reads the name as Rezi? W Darby; matched on the name and Alexandria County; the census's Arlington District is the district he sat for: “Name Rezi? W Darby [Rezin W Darby] · Age 50 · Birth Date Mar 1850 · Birthplace Maryland, USA · Home in 1900 Arlington, Alexandria, Virginia · House Number 3 · Sheet Number 22 · Race White · Gender Male · Relation to Head of House Head · Marital Status Married · Spouse's Name Clara M Darby · Marriage Year 1879 · Occupation Contractor Builder”",record,1850,census1900darbey,"census listing; the index reads the name as Rezi? W Darby; matched on the name and Alexandria County; the census's Arlington District is the district he sat for; the birth year as the census recorded it: “Name Rezi? W Darby [Rezin W Darby] · Age 50 · Birth Date Mar 1850 · Birthplace Maryland, USA · Home in 1900 Arlington, Alexandria, Virginia · House Number 3 · Sheet Number 22 · Race White · Gender Male · Relation to Head of House Head · Marital Status Married · Spouse's Name Clara M Darby · Marriage Year 1879 · Occupation Contractor Builder”",exact,,,
William Duncan,3,Jefferson,1901,7,1904,1,22818,22848,election,1901,oleary2010 p.22,,White,census1900duncan,"census listing; matched on the name and the Jefferson district, the district he sat for in 1895-99 and 1901-04; the sheet gives a middle initial, J., that the roster does not; the same household is on the 1910 sheet beside Edward Duncan's: “Name William Duncan · Birth Date Aug 1854 · Birthplace Virginia, USA · Home in 1900 Jefferson, Alexandria, Virginia · Sheet Number 13 · Race White · Gender Male · Relation to Head of House Head · Marital Status Married · Spouse's Name Emelia Duncan · Marriage Year 1882 · Father's Birthplace Ireland · Mother's Birthplace Ireland · Occupation Telegraph Operator · House Owned or Rented Own · Household Members William Duncan 40 Head, Emelia Duncan 38 Wife, Nellie A Duncan 15 Daughter, James A Duncan 11 Son, George M Duncan 9 Son, William H Duncan 2 Son, Clarence A Duncan 2 Son”",man,census1900duncan,"census listing; matched on the name and the Jefferson district, the district he sat for in 1895-99 and 1901-04; the sheet gives a middle initial, J., that the roster does not; the same household is on the 1910 sheet beside Edward Duncan's: “Name William Duncan · Birth Date Aug 1854 · Birthplace Virginia, USA · Home in 1900 Jefferson, Alexandria, Virginia · Sheet Number 13 · Race White · Gender Male · Relation to Head of House Head · Marital Status Married · Spouse's Name Emelia Duncan · Marriage Year 1882 · Father's Birthplace Ireland · Mother's Birthplace Ireland · Occupation Telegraph Operator · House Owned or Rented Own · Household Members William Duncan 40 Head, Emelia Duncan 38 Wife, Nellie A Duncan 15 Daughter, James A Duncan 11 Son, George M Duncan 9 Son, William H Duncan 2 Son, Clarence A Duncan 2 Son”",record,1854,census1900duncan,"census listing; matched on the name and the Jefferson district, the district he sat for in 1895-99 and 1901-04; the sheet gives a middle initial, J., that the roster does not; the same household is on the 1910 sheet beside Edward Duncan's; the birth year as the census recorded it: “Name William Duncan · Birth Date Aug 1854 · Birthplace Virginia, USA · Home in 1900 Jefferson, Alexandria, Virginia · Sheet Number 13 · Race White · Gender Male · Relation to Head of House Head · Marital Status Married · Spouse's Name Emelia Duncan · Marriage Year 1882 · Father's Birthplace Ireland · Mother's Birthplace Ireland · Occupation Telegraph Operator · House Owned or Rented Own · Household Members William Duncan 40 Head, Emelia Duncan 38 Wife, Nellie A Duncan 15 Daughter, James A Duncan 11 Son, George M Duncan 9 Son, William H Duncan 2 Son, Clarence A Duncan 2 Son”",exact,,,
Christopher J. Costello,1,Washington,1901,7,1904,1,22818,22848,election,1901,oleary2010 p.22,,White,census1900costello,"census listing, read against the sheet, which agrees; the index reads the surname as Costalow; matched on the name, the middle initial and Alexandria County; the son of the Christopher Costello seated in 1881: “Name Christopher J Costalow [Christoper Costalow] · Age 34 · Birth Date Oct 1865 · Birthplace Virginia, USA · Home in 1900 Washington, Alexandria, Virginia · Street Sl Cherydale · Sheet Number 9 · Race White · Gender Male · Relation to Head of House Head · Marital Status Married · Spouse's Name Elizabeth S Costalow · Marriage Year 1896 · Occupation Farm Laborer”",man,census1900costello,"census listing, read against the sheet, which agrees; the index reads the surname as Costalow; matched on the name, the middle initial and Alexandria County; the son of the Christopher Costello seated in 1881: “Name Christopher J Costalow [Christoper Costalow] · Age 34 · Birth Date Oct 1865 · Birthplace Virginia, USA · Home in 1900 Washington, Alexandria, Virginia · Street Sl Cherydale · Sheet Number 9 · Race White · Gender Male · Relation to Head of House Head · Marital Status Married · Spouse's Name Elizabeth S Costalow · Marriage Year 1896 · Occupation Farm Laborer”",record,1865,census1900costello,"census listing, read against the sheet, which agrees; the index reads the surname as Costalow; matched on the name, the middle initial and Alexandria County; the son of the Christopher Costello seated in 1881; the birth year as the census recorded it: “Name Christopher J Costalow [Christoper Costalow] · Age 34 · Birth Date Oct 1865 · Birthplace Virginia, USA · Home in 1900 Washington, Alexandria, Virginia · Street Sl Cherydale · Sheet Number 9 · Race White · Gender Male · Relation to Head of House Head · Marital Status Married · Spouse's Name Elizabeth S Costalow · Marriage Year 1896 · Occupation Farm Laborer”",exact,,,
W.W. Douglas,1,Arlington,1904,1,1908,1,22848,22896,election,1903,oleary2010 p.23,,White,census1910douglas,"census listing; matched on the initials, the surname and the Arlington district, the district he sat for in 1904-08; the only W. W. Douglas in the county in 1910, the other Douglas head there being Millard F.: “Name Will W Douglas · Age in 1910 49 · Birth Date 1861 · Birthplace Washington, D.C. · Home in 1910 Arlington, Alexandria, Virginia, USA · Sheet Number 32a · Race White · Gender Male · Relation to Head of House Head · Marital Status Married · Occupation Lawyer · Industry General Trader · Home Owned or Rented Own · Years Married 10 · Household Members Will W Douglas 49 Head, Mary E Douglas 41 Wife, Bessie L Chappelear 23 Stepdaughter, Lawrence W Douglas 9 Son, Everett Lee Douglas 7 Son, Ruth Douglas 4 Daughter”",man,census1910douglas,"census listing; matched on the initials, the surname and the Arlington district, the district he sat for in 1904-08; the only W. W. Douglas in the county in 1910, the other Douglas head there being Millard F.: “Name Will W Douglas · Age in 1910 49 · Birth Date 1861 · Birthplace Washington, D.C. · Home in 1910 Arlington, Alexandria, Virginia, USA · Sheet Number 32a · Race White · Gender Male · Relation to Head of House Head · Marital Status Married · Occupation Lawyer · Industry General Trader · Home Owned or Rented Own · Years Married 10 · Household Members Will W Douglas 49 Head, Mary E Douglas 41 Wife, Bessie L Chappelear 23 Stepdaughter, Lawrence W Douglas 9 Son, Everett Lee Douglas 7 Son, Ruth Douglas 4 Daughter”",record,1861,census1910douglas,"census listing; matched on the initials, the surname and the Arlington district, the district he sat for in 1904-08; the only W. W. Douglas in the county in 1910, the other Douglas head there being Millard F.; the birth year as the census recorded it: “Name Will W Douglas · Age in 1910 49 · Birth Date 1861 · Birthplace Washington, D.C. · Home in 1910 Arlington, Alexandria, Virginia, USA · Sheet Number 32a · Race White · Gender Male · Relation to Head of House Head · Marital Status Married · Occupation Lawyer · Industry General Trader · Home Owned or Rented Own · Years Married 10 · Household Members Will W Douglas 49 Head, Mary E Douglas 41 Wife, Bessie L Chappelear 23 Stepdaughter, Lawrence W Douglas 9 Son, Everett Lee Douglas 7 Son, Ruth Douglas 4 Daughter”",exact,,,
D. N. Rust,2,Jefferson,1904,1,1908,1,22848,22896,election,1903,oleary2010 p.23,,White,census1900rust,"census listing; matched on the initials, the surname and the Jefferson district, the district he sat for in 1899-1901 and 1904-08; the only Rust household in the county in 1900; a son of the same name, aged 19, is in the household: “Name David N Rust · Age 49 · Birth Date Oct 1850 · Birthplace Delaware, USA · Home in 1900 Jefferson, Alexandria, Virginia · Sheet Number 17 · Race White · Gender Male · Relation to Head of House Head · Marital Status Married · Spouse's Name Mary L Rust · Marriage Year 1877 · Occupation Dentist · House Owned or Rented Own · Home Free or Mortgaged Mortgaged · Household Members David N Rust 49 Head, Mary L Rust 48 Wife, Thomas L Rust 22 Son, Sue K Rust 20 Daughter, David N Rust 19 Son, John Rust 15 Son, Lucy N Rust 14 Daughter, James S Rust 13 Son, Robert N Rust 11 Son, Mary E Rust 7 Daughter, Andrew Turner 15 Servant”",man,census1900rust,"census listing; matched on the initials, the surname and the Jefferson district, the district he sat for in 1899-1901 and 1904-08; the only Rust household in the county in 1900; a son of the same name, aged 19, is in the household: “Name David N Rust · Age 49 · Birth Date Oct 1850 · Birthplace Delaware, USA · Home in 1900 Jefferson, Alexandria, Virginia · Sheet Number 17 · Race White · Gender Male · Relation to Head of House Head · Marital Status Married · Spouse's Name Mary L Rust · Marriage Year 1877 · Occupation Dentist · House Owned or Rented Own · Home Free or Mortgaged Mortgaged · Household Members David N Rust 49 Head, Mary L Rust 48 Wife, Thomas L Rust 22 Son, Sue K Rust 20 Daughter, David N Rust 19 Son, John Rust 15 Son, Lucy N Rust 14 Daughter, James S Rust 13 Son, Robert N Rust 11 Son, Mary E Rust 7 Daughter, Andrew Turner 15 Servant”",record,1850,census1900rust,"census listing; matched on the initials, the surname and the Jefferson district, the district he sat for in 1899-1901 and 1904-08; the only Rust household in the county in 1900; a son of the same name, aged 19, is in the household; the birth year as the census recorded it: “Name David N Rust · Age 49 · Birth Date Oct 1850 · Birthplace Delaware, USA · Home in 1900 Jefferson, Alexandria, Virginia · Sheet Number 17 · Race White · Gender Male · Relation to Head of House Head · Marital Status Married · Spouse's Name Mary L Rust · Marriage Year 1877 · Occupation Dentist · House Owned or Rented Own · Home Free or Mortgaged Mortgaged · Household Members David N Rust 49 Head, Mary L Rust 48 Wife, Thomas L Rust 22 Son, Sue K Rust 20 Daughter, David N Rust 19 Son, John Rust 15 Son, Lucy N Rust 14 Daughter, James S Rust 13 Son, Robert N Rust 11 Son, Mary E Rust 7 Daughter, Andrew Turner 15 Servant”",exact,,,
W. N. Febrey,1,Washington,1904,1,1908,1,22848,22896,election,1903,oleary2010 p.23,,White,census1910febrey; census1900febrey; census1920febrey,"census listing, read against the sheet, which agrees; the index reads the name as William N Foberg, with William W Febery as an alternative, where the sheet reads Febrey, William N.; matched on the initials, the surname and the Washington district, the district he sat for; the one William N. Febrey household in the county's 1900, 1910, 1920 and 1930 schedules: the three records give the same marriage year, 1882, a wife born in the District of Columbia about 1860, and the daughter Annie Louise, and no second household of the name stands beside them in any of those years; the sheet's age of 51 does not agree with the November 1851 of census1900febrey and no birth year is read from it: “Name William N Foberg [William W Foberg] [William W Febery] · Age in 1910 51 · Birth Date 1859 · Birthplace Virginia · Home in 1910 Washington, Alexandria, Virginia, USA · Sheet Number 15a · Race White · Gender Male · Relation to Head of House Head · Marital Status Married · Occupation Farmer · Industry General Farm · Enumeration District Number 0014 · Years Married 28” | census listing, read against the sheet, which agrees; matched on the initials, the surname and the Washington district, the district he sat for; the one William N. Febrey household in the county's 1900, 1910, 1920 and 1930 schedules: the three records give the same marriage year, 1882, a wife born in the District of Columbia about 1860, and the daughter Annie Louise, and no second household of the name stands beside them in any of those years; the William, 29, of census1880febrey, the son of Henry W. Febrey, who sat for the same district in 1872: “Name William N Febrey [William M Tebrey] · Age 48 · Birth Date Nov 1851 · Birthplace Virginia, USA · Home in 1900 Washington, Alexandria, Virginia · Street Brown Avenue · Sheet Number 3 · Number of Dwelling in Order of Visitation 44 · Family Number 44 · Race White · Gender Male · Relation to Head of House Head · Marital Status Married · Spouse's Name Eliza F Febrey · Marriage Year 1882 · Years Married 18 · House Owned or Rented Own · Home Free or Mortgaged F · Household Members William N Febrey 48 Head, Eliza F Febrey 40 Wife, Henry W Febrey 9 Son, Annie L Febrey 5 Daughter, Lizzie Graves 22 Servant” | census listing, read against the sheet, which agrees; the index reads the name as William W Felrey, where the sheet reads Febrey, William N.; the household of census1900febrey twenty years on, the wife Eliza F. and the daughter Annie married to Ira H. Arnold, their son named Walter Febrey Arnold; the one William N. Febrey household in the county's 1900, 1910, 1920 and 1930 schedules: the three records give the same marriage year, 1882, a wife born in the District of Columbia about 1860, and the daughter Annie Louise, and no second household of the name stands beside them in any of those years: “Name William W Felrey [William W Febrey] · Age 66 · Birth Year abt 1854 · Birthplace Virginia · Home in 1920 Arlington, Alexandria, Virginia · Street Villa Road · House Number 108 · Race White · Gender Male · Relation to Head of House Head · Marital Status Married · Spouse's Name Eliser F Felrey · Occupation Laborer · Industry m Storage House · Home Owned or Rented Owned · Household Members William W Felrey 66 Head, Eliser F Felrey 55 Wife, Iri H Arnold 28 Son-in-law, Annie E Arnold 24 Wife, Walter Febrey Arnold 0 Son”",man,census1910febrey; census1900febrey; census1920febrey,"census listing, read against the sheet, which agrees; the index reads the name as William N Foberg, with William W Febery as an alternative, where the sheet reads Febrey, William N.; matched on the initials, the surname and the Washington district, the district he sat for; the one William N. Febrey household in the county's 1900, 1910, 1920 and 1930 schedules: the three records give the same marriage year, 1882, a wife born in the District of Columbia about 1860, and the daughter Annie Louise, and no second household of the name stands beside them in any of those years; the sheet's age of 51 does not agree with the November 1851 of census1900febrey and no birth year is read from it: “Name William N Foberg [William W Foberg] [William W Febery] · Age in 1910 51 · Birth Date 1859 · Birthplace Virginia · Home in 1910 Washington, Alexandria, Virginia, USA · Sheet Number 15a · Race White · Gender Male · Relation to Head of House Head · Marital Status Married · Occupation Farmer · Industry General Farm · Enumeration District Number 0014 · Years Married 28” | census listing, read against the sheet, which agrees; matched on the initials, the surname and the Washington district, the district he sat for; the one William N. Febrey household in the county's 1900, 1910, 1920 and 1930 schedules: the three records give the same marriage year, 1882, a wife born in the District of Columbia about 1860, and the daughter Annie Louise, and no second household of the name stands beside them in any of those years; the William, 29, of census1880febrey, the son of Henry W. Febrey, who sat for the same district in 1872: “Name William N Febrey [William M Tebrey] · Age 48 · Birth Date Nov 1851 · Birthplace Virginia, USA · Home in 1900 Washington, Alexandria, Virginia · Street Brown Avenue · Sheet Number 3 · Number of Dwelling in Order of Visitation 44 · Family Number 44 · Race White · Gender Male · Relation to Head of House Head · Marital Status Married · Spouse's Name Eliza F Febrey · Marriage Year 1882 · Years Married 18 · House Owned or Rented Own · Home Free or Mortgaged F · Household Members William N Febrey 48 Head, Eliza F Febrey 40 Wife, Henry W Febrey 9 Son, Annie L Febrey 5 Daughter, Lizzie Graves 22 Servant” | census listing, read against the sheet, which agrees; the index reads the name as William W Felrey, where the sheet reads Febrey, William N.; the household of census1900febrey twenty years on, the wife Eliza F. and the daughter Annie married to Ira H. Arnold, their son named Walter Febrey Arnold; the one William N. Febrey household in the county's 1900, 1910, 1920 and 1930 schedules: the three records give the same marriage year, 1882, a wife born in the District of Columbia about 1860, and the daughter Annie Louise, and no second household of the name stands beside them in any of those years: “Name William W Felrey [William W Febrey] · Age 66 · Birth Year abt 1854 · Birthplace Virginia · Home in 1920 Arlington, Alexandria, Virginia · Street Villa Road · House Number 108 · Race White · Gender Male · Relation to Head of House Head · Marital Status Married · Spouse's Name Eliser F Felrey · Occupation Laborer · Industry m Storage House · Home Owned or Rented Owned · Household Members William W Felrey 66 Head, Eliser F Felrey 55 Wife, Iri H Arnold 28 Son-in-law, Annie E Arnold 24 Wife, Walter Febrey Arnold 0 Son”",record,1851,census1900febrey,"census listing, read against the sheet, which agrees; matched on the initials, the surname and the Washington district, the district he sat for; the one William N. Febrey household in the county's 1900, 1910, 1920 and 1930 schedules: the three records give the same marriage year, 1882, a wife born in the District of Columbia about 1860, and the daughter Annie Louise, and no second household of the name stands beside them in any of those years; the William, 29, of census1880febrey, the son of Henry W. Febrey, who sat for the same district in 1872; the birth year as the census recorded it: “Name William N Febrey [William M Tebrey] · Age 48 · Birth Date Nov 1851 · Birthplace Virginia, USA · Home in 1900 Washington, Alexandria, Virginia · Street Brown Avenue · Sheet Number 3 · Number of Dwelling in Order of Visitation 44 · Family Number 44 · Race White · Gender Male · Relation to Head of House Head · Marital Status Married · Spouse's Name Eliza F Febrey · Marriage Year 1882 · Years Married 18 · House Owned or Rented Own · Home Free or Mortgaged F · Household Members William N Febrey 48 Head, Eliza F Febrey 40 Wife, Henry W Febrey 9 Son, Annie L Febrey 5 Daughter, Lizzie Graves 22 Servant”",exact,,,
Frederick S. Corbett,5,Arlington,1908,1,1912,1,22896,22944,election,1907,oleary2010 p.25; arlhist1967officials,"Term ends by statute (Va. Const. 1902 sec. 112); no source records the departure. Named in full by the article, from the Board's minute books, where O'Leary gives the surname alone from 1907. The article gives the same full name to the Arlington member of 1889-91, 1895-97, October 1897-99 and 1899-1901, and the censuses agree on a birth year - the 1880 sheet an age of 24, the 1910 sheet 1856 - so the five terms are one man (Sally, 27 September 2026).",White,census1880corbett; census1910corbett,"census listing, read against the sheet, which agrees; matched on the name, Alexandria County and the occupation, sheriff: “Name Frederick S. Corbett · Age 24 · Birth Date Abt 1856 · Birthplace Virginia · Home in 1880 Arlington, Alexandria, Virginia, USA · Dwelling Number 146 · Race White · Gender Male · Relation to Head of House Self (Head) · Marital Status Married · Spouse's Name Ida C. Corbett · Occupation Sheriff · Household Members Frederick S. Corbett 24 Self (Head), Ida C. Corbett 24 Wife, Edith S. Corbett 2 Daughter” | census listing; O'Leary gives the surname only for the Arlington seat of 1908-12; matched on the surname, the Arlington district and the occupation, Supervisor, County, which is the office; the household is Frederick S. Corbett's, the member of 1889-1901, thirty years on from his 1880 record: “Name Fredrick S Corbett · Age in 1910 46 · Birth Date 1856 · Birthplace Virginia · Home in 1910 Arlington, Alexandria, Virginia, USA · Sheet Number 6b · Street 6 Ld Glebe Road · Race White · Gender Male · Relation to Head of House Head · Marital Status Married · Occupation Supervisor · Industry County · Home Owned or Rented Own · Farm or House Farm · Years Married 33 · Household Members Fredrick S Corbett 46 Head, Ida S Corbett 53 Wife, Edith L Corbett 32 Daughter, Marguerite R Corbett 22 Daughter, Margeret R Wibirt 74 Mother-in-law, Edward C Cryer 43 Boarder, Rubie H Cryer 36 Boarder, Fredrick V Cryer 3 Boarder, Euphenia L Watton 28 Boarder, Lizzie C Jackson 26 Servant, Frank Brocks 25 Servant, William T Hodges 28 Boarder”",man,census1880corbett; census1910corbett,"census listing, read against the sheet, which agrees; matched on the name, Alexandria County and the occupation, sheriff: “Name Frederick S. Corbett · Age 24 · Birth Date Abt 1856 · Birthplace Virginia · Home in 1880 Arlington, Alexandria, Virginia, USA · Dwelling Number 146 · Race White · Gender Male · Relation to Head of House Self (Head) · Marital Status Married · Spouse's Name Ida C. Corbett · Occupation Sheriff · Household Members Frederick S. Corbett 24 Self (Head), Ida C. Corbett 24 Wife, Edith S. Corbett 2 Daughter” | census listing; O'Leary gives the surname only for the Arlington seat of 1908-12; matched on the surname, the Arlington district and the occupation, Supervisor, County, which is the office; the household is Frederick S. Corbett's, the member of 1889-1901, thirty years on from his 1880 record: “Name Fredrick S Corbett · Age in 1910 46 · Birth Date 1856 · Birthplace Virginia · Home in 1910 Arlington, Alexandria, Virginia, USA · Sheet Number 6b · Street 6 Ld Glebe Road · Race White · Gender Male · Relation to Head of House Head · Marital Status Married · Occupation Supervisor · Industry County · Home Owned or Rented Own · Farm or House Farm · Years Married 33 · Household Members Fredrick S Corbett 46 Head, Ida S Corbett 53 Wife, Edith L Corbett 32 Daughter, Marguerite R Corbett 22 Daughter, Margeret R Wibirt 74 Mother-in-law, Edward C Cryer 43 Boarder, Rubie H Cryer 36 Boarder, Fredrick V Cryer 3 Boarder, Euphenia L Watton 28 Boarder, Lizzie C Jackson 26 Servant, Frank Brocks 25 Servant, William T Hodges 28 Boarder”",record,1856,census1880corbett; census1910corbett,"census listing, read against the sheet, which agrees; matched on the name, Alexandria County and the occupation, sheriff; the year is the census year less the age given, so within a year: “Name Frederick S. Corbett · Age 24 · Birth Date Abt 1856 · Birthplace Virginia · Home in 1880 Arlington, Alexandria, Virginia, USA · Dwelling Number 146 · Race White · Gender Male · Relation to Head of House Self (Head) · Marital Status Married · Spouse's Name Ida C. Corbett · Occupation Sheriff · Household Members Frederick S. Corbett 24 Self (Head), Ida C. Corbett 24 Wife, Edith S. Corbett 2 Daughter” | census listing; O'Leary gives the surname only for the Arlington seat of 1908-12; matched on the surname, the Arlington district and the occupation, Supervisor, County, which is the office; the household is Frederick S. Corbett's, the member of 1889-1901, thirty years on from his 1880 record; the birth year as the census recorded it: “Name Fredrick S Corbett · Age in 1910 46 · Birth Date 1856 · Birthplace Virginia · Home in 1910 Arlington, Alexandria, Virginia, USA · Sheet Number 6b · Street 6 Ld Glebe Road · Race White · Gender Male · Relation to Head of House Head · Marital Status Married · Occupation Supervisor · Industry County · Home Owned or Rented Own · Farm or House Farm · Years Married 33 · Household Members Fredrick S Corbett 46 Head, Ida S Corbett 53 Wife, Edith L Corbett 32 Daughter, Marguerite R Corbett 22 Daughter, Margeret R Wibirt 74 Mother-in-law, Edward C Cryer 43 Boarder, Rubie H Cryer 36 Boarder, Fredrick V Cryer 3 Boarder, Euphenia L Watton 28 Boarder, Lizzie C Jackson 26 Servant, Frank Brocks 25 Servant, William T Hodges 28 Boarder”",exact,,,
Edward Duncan,1,Jefferson,1908,1,1932,1,22896,23185,election,1907,oleary2010 p.25; arlhist1967officials p.42-43; alexandriagazette1913duncan; alexandriagazette1914duncan; oleary2010 p.27; alexandriagazette1915duncan; alexandriagazette1919duncan; arlingtonelections2021 p.2; alexandriagazette1921duncan; arlingtonelections2021 p.4; washingtontimes1930duncan; washingtontimes1931duncan,"One continuous term, not four: the roster's E. Duncan (1908-12), Duncan (1916-20) and Edward Duncan (1924-28, two terms) are one man. Elections are recorded for 1908, 1916, 1920 and 1924; the Alexandria Gazette also shows him in office, as chairman, from 1913 through 1915 and again from 1919 through 1921, covering both stretches the roster otherwise leaves blank. He did not seek re-election in 1931, running instead for sheriff and losing, in a piece giving the same 24 years' service as his 1938 obituary (not yet filed): 1908 to 1932. The 1912 and 1928 renewals are known only by that continuity, not by a recorded election win (docs/members.md).",White,census1910duncan; census1920duncan,"census listing; the index reads the surname as Dancan; matched on the initial, the surname and the Jefferson district, the district he sat for in 1908-12; the only Duncan household in the county whose head's given name begins with E in 1910, and the household next to William Duncan's: “Name Edward Dancan [Edward Duncan] · Age in 1910 38 · Birth Date 1872 · Birthplace Virginia · Home in 1910 Jefferson, Alexandria, Virginia, USA · Sheet Number 8a · Street Washington Avenue · Race White · Gender Male · Relation to Head of House Head · Marital Status Married · Father's Birthplace Ireland · Mother's Birthplace Ireland · Occupation Engineer · Industry Locomotive · Home Owned or Rented Own · Years Married 5 · Household Members Edward Dancan 38 Head, Lizzie Duncan 34 Wife, Lizzie Duncan 2 Son, Morton C Duncan 1 Son, Martha Duncan 80 Mother” | census listing, read against the sheet, which agrees; matched on the surname, the Jefferson district, the district he sat for, and the household of census1910duncan ten years on: the same son Morton, the same trade, engineer on the railroad, and Irish parents; the only Edward Duncan in the county that year; the roster's E. Duncan of 1908-12 and Edward Duncan of 1924-28 are very likely the same man (duncan-one-member-or-three): “Name Edward Duncan · Age 50 · Birth Year abt 1870 · Birthplace Virginia · Home in 1920 Jefferson, Alexandria, Virginia · Street Duncan Lane · House Number x · Race White · Gender Male · Relation to Head of House Head · Marital Status Married · Spouse's Name Katie I Duncan · Father's Birthplace Ireland · Mother's Birthplace Ireland · Occupation Engineer · Industry Railroad · Home Owned or Rented Owned · Household Members Edward Duncan 50 Head, Katie I Duncan 43 Wife, Edward Duncan 13 Son, Morton Duncan 10 Son, Katie Duncan 9 Daughter, Charles Duncan 7 Son, Elizabeth Duncan 5 Daughter, Virginia Duncan 5 Daughter, Westmoreland Duncan 2 Son”",man,census1910duncan; census1920duncan,"census listing; the index reads the surname as Dancan; matched on the initial, the surname and the Jefferson district, the district he sat for in 1908-12; the only Duncan household in the county whose head's given name begins with E in 1910, and the household next to William Duncan's: “Name Edward Dancan [Edward Duncan] · Age in 1910 38 · Birth Date 1872 · Birthplace Virginia · Home in 1910 Jefferson, Alexandria, Virginia, USA · Sheet Number 8a · Street Washington Avenue · Race White · Gender Male · Relation to Head of House Head · Marital Status Married · Father's Birthplace Ireland · Mother's Birthplace Ireland · Occupation Engineer · Industry Locomotive · Home Owned or Rented Own · Years Married 5 · Household Members Edward Dancan 38 Head, Lizzie Duncan 34 Wife, Lizzie Duncan 2 Son, Morton C Duncan 1 Son, Martha Duncan 80 Mother” | census listing, read against the sheet, which agrees; matched on the surname, the Jefferson district, the district he sat for, and the household of census1910duncan ten years on: the same son Morton, the same trade, engineer on the railroad, and Irish parents; the only Edward Duncan in the county that year; the roster's E. Duncan of 1908-12 and Edward Duncan of 1924-28 are very likely the same man (duncan-one-member-or-three): “Name Edward Duncan · Age 50 · Birth Year abt 1870 · Birthplace Virginia · Home in 1920 Jefferson, Alexandria, Virginia · Street Duncan Lane · House Number x · Race White · Gender Male · Relation to Head of House Head · Marital Status Married · Spouse's Name Katie I Duncan · Father's Birthplace Ireland · Mother's Birthplace Ireland · Occupation Engineer · Industry Railroad · Home Owned or Rented Owned · Household Members Edward Duncan 50 Head, Katie I Duncan 43 Wife, Edward Duncan 13 Son, Morton Duncan 10 Son, Katie Duncan 9 Daughter, Charles Duncan 7 Son, Elizabeth Duncan 5 Daughter, Virginia Duncan 5 Daughter, Westmoreland Duncan 2 Son”",record,,unsourced,,,,,
W. N. Febrey,2,Washington,1908,1,1912,1,22896,22944,election,1907,oleary2010 p.25,"The county's list names this term's winner W.M. Febrey; the Alexandria Gazette's independent read of the same three vote tallies gives W. N. Febrey (alexandriagazette1907election), read as one man with the 1904-08 term (docs/members.md). Term ends by statute (Va. Const. 1902 sec. 112); no source records the departure.",White,census1910febrey; census1900febrey; census1920febrey,"census listing, read against the sheet, which agrees; the index reads the name as William N Foberg, with William W Febery as an alternative, where the sheet reads Febrey, William N.; matched on the initials, the surname and the Washington district, the district he sat for; the one William N. Febrey household in the county's 1900, 1910, 1920 and 1930 schedules: the three records give the same marriage year, 1882, a wife born in the District of Columbia about 1860, and the daughter Annie Louise, and no second household of the name stands beside them in any of those years; the sheet's age of 51 does not agree with the November 1851 of census1900febrey and no birth year is read from it: “Name William N Foberg [William W Foberg] [William W Febery] · Age in 1910 51 · Birth Date 1859 · Birthplace Virginia · Home in 1910 Washington, Alexandria, Virginia, USA · Sheet Number 15a · Race White · Gender Male · Relation to Head of House Head · Marital Status Married · Occupation Farmer · Industry General Farm · Enumeration District Number 0014 · Years Married 28” | census listing, read against the sheet, which agrees; matched on the initials, the surname and the Washington district, the district he sat for; the one William N. Febrey household in the county's 1900, 1910, 1920 and 1930 schedules: the three records give the same marriage year, 1882, a wife born in the District of Columbia about 1860, and the daughter Annie Louise, and no second household of the name stands beside them in any of those years; the William, 29, of census1880febrey, the son of Henry W. Febrey, who sat for the same district in 1872: “Name William N Febrey [William M Tebrey] · Age 48 · Birth Date Nov 1851 · Birthplace Virginia, USA · Home in 1900 Washington, Alexandria, Virginia · Street Brown Avenue · Sheet Number 3 · Number of Dwelling in Order of Visitation 44 · Family Number 44 · Race White · Gender Male · Relation to Head of House Head · Marital Status Married · Spouse's Name Eliza F Febrey · Marriage Year 1882 · Years Married 18 · House Owned or Rented Own · Home Free or Mortgaged F · Household Members William N Febrey 48 Head, Eliza F Febrey 40 Wife, Henry W Febrey 9 Son, Annie L Febrey 5 Daughter, Lizzie Graves 22 Servant” | census listing, read against the sheet, which agrees; the index reads the name as William W Felrey, where the sheet reads Febrey, William N.; the household of census1900febrey twenty years on, the wife Eliza F. and the daughter Annie married to Ira H. Arnold, their son named Walter Febrey Arnold; the one William N. Febrey household in the county's 1900, 1910, 1920 and 1930 schedules: the three records give the same marriage year, 1882, a wife born in the District of Columbia about 1860, and the daughter Annie Louise, and no second household of the name stands beside them in any of those years: “Name William W Felrey [William W Febrey] · Age 66 · Birth Year abt 1854 · Birthplace Virginia · Home in 1920 Arlington, Alexandria, Virginia · Street Villa Road · House Number 108 · Race White · Gender Male · Relation to Head of House Head · Marital Status Married · Spouse's Name Eliser F Felrey · Occupation Laborer · Industry m Storage House · Home Owned or Rented Owned · Household Members William W Felrey 66 Head, Eliser F Felrey 55 Wife, Iri H Arnold 28 Son-in-law, Annie E Arnold 24 Wife, Walter Febrey Arnold 0 Son”",man,census1910febrey; census1900febrey; census1920febrey,"census listing, read against the sheet, which agrees; the index reads the name as William N Foberg, with William W Febery as an alternative, where the sheet reads Febrey, William N.; matched on the initials, the surname and the Washington district, the district he sat for; the one William N. Febrey household in the county's 1900, 1910, 1920 and 1930 schedules: the three records give the same marriage year, 1882, a wife born in the District of Columbia about 1860, and the daughter Annie Louise, and no second household of the name stands beside them in any of those years; the sheet's age of 51 does not agree with the November 1851 of census1900febrey and no birth year is read from it: “Name William N Foberg [William W Foberg] [William W Febery] · Age in 1910 51 · Birth Date 1859 · Birthplace Virginia · Home in 1910 Washington, Alexandria, Virginia, USA · Sheet Number 15a · Race White · Gender Male · Relation to Head of House Head · Marital Status Married · Occupation Farmer · Industry General Farm · Enumeration District Number 0014 · Years Married 28” | census listing, read against the sheet, which agrees; matched on the initials, the surname and the Washington district, the district he sat for; the one William N. Febrey household in the county's 1900, 1910, 1920 and 1930 schedules: the three records give the same marriage year, 1882, a wife born in the District of Columbia about 1860, and the daughter Annie Louise, and no second household of the name stands beside them in any of those years; the William, 29, of census1880febrey, the son of Henry W. Febrey, who sat for the same district in 1872: “Name William N Febrey [William M Tebrey] · Age 48 · Birth Date Nov 1851 · Birthplace Virginia, USA · Home in 1900 Washington, Alexandria, Virginia · Street Brown Avenue · Sheet Number 3 · Number of Dwelling in Order of Visitation 44 · Family Number 44 · Race White · Gender Male · Relation to Head of House Head · Marital Status Married · Spouse's Name Eliza F Febrey · Marriage Year 1882 · Years Married 18 · House Owned or Rented Own · Home Free or Mortgaged F · Household Members William N Febrey 48 Head, Eliza F Febrey 40 Wife, Henry W Febrey 9 Son, Annie L Febrey 5 Daughter, Lizzie Graves 22 Servant” | census listing, read against the sheet, which agrees; the index reads the name as William W Felrey, where the sheet reads Febrey, William N.; the household of census1900febrey twenty years on, the wife Eliza F. and the daughter Annie married to Ira H. Arnold, their son named Walter Febrey Arnold; the one William N. Febrey household in the county's 1900, 1910, 1920 and 1930 schedules: the three records give the same marriage year, 1882, a wife born in the District of Columbia about 1860, and the daughter Annie Louise, and no second household of the name stands beside them in any of those years: “Name William W Felrey [William W Febrey] · Age 66 · Birth Year abt 1854 · Birthplace Virginia · Home in 1920 Arlington, Alexandria, Virginia · Street Villa Road · House Number 108 · Race White · Gender Male · Relation to Head of House Head · Marital Status Married · Spouse's Name Eliser F Felrey · Occupation Laborer · Industry m Storage House · Home Owned or Rented Owned · Household Members William W Felrey 66 Head, Eliser F Felrey 55 Wife, Iri H Arnold 28 Son-in-law, Annie E Arnold 24 Wife, Walter Febrey Arnold 0 Son”",record,1851,census1900febrey,"census listing, read against the sheet, which agrees; matched on the initials, the surname and the Washington district, the district he sat for; the one William N. Febrey household in the county's 1900, 1910, 1920 and 1930 schedules: the three records give the same marriage year, 1882, a wife born in the District of Columbia about 1860, and the daughter Annie Louise, and no second household of the name stands beside them in any of those years; the William, 29, of census1880febrey, the son of Henry W. Febrey, who sat for the same district in 1872; the birth year as the census recorded it: “Name William N Febrey [William M Tebrey] · Age 48 · Birth Date Nov 1851 · Birthplace Virginia, USA · Home in 1900 Washington, Alexandria, Virginia · Street Brown Avenue · Sheet Number 3 · Number of Dwelling in Order of Visitation 44 · Family Number 44 · Race White · Gender Male · Relation to Head of House Head · Marital Status Married · Spouse's Name Eliza F Febrey · Marriage Year 1882 · Years Married 18 · House Owned or Rented Own · Home Free or Mortgaged F · Household Members William N Febrey 48 Head, Eliza F Febrey 40 Wife, Henry W Febrey 9 Son, Annie L Febrey 5 Daughter, Lizzie Graves 22 Servant”",exact,,,
W. C. Wibirt,1,Arlington,1912,1,1916,1,22944,22992,unrecorded,,arlhist1967officials p.42,,White,census1920wibirt,"census listing; matched on the full name the Alexandria Gazette gives him (gazette1915wibirtwalker), ""W. C."" or ""William C. Wibirt,"" and the Arlington district he sat for in 1916-20; the older of the two Wibirt households in the district that year, William C. born about 1855 against Clarence born about 1865: “Name William C Wibirt · Age 65 · Birth Year abt 1855 · Birthplace Virginia · Home in 1920 Arlington, Alexandria, Virginia · Street Glebe Road · House Number x · Residence Date 1920 · Race White · Gender Male · Relation to Head of House Head · Marital Status Single · Father's Birthplace New York · Mother's Birthplace New York · Able to Speak English Yes · Home Owned or Rented Owned · Home Free or Mortgaged Free · Attended School No · Able to Read Yes · Able to Write Yes · Household Members William C Wibirt 65 Head”",man,census1920wibirt,"census listing; matched on the full name the Alexandria Gazette gives him (gazette1915wibirtwalker), ""W. C."" or ""William C. Wibirt,"" and the Arlington district he sat for in 1916-20; the older of the two Wibirt households in the district that year, William C. born about 1855 against Clarence born about 1865: “Name William C Wibirt · Age 65 · Birth Year abt 1855 · Birthplace Virginia · Home in 1920 Arlington, Alexandria, Virginia · Street Glebe Road · House Number x · Residence Date 1920 · Race White · Gender Male · Relation to Head of House Head · Marital Status Single · Father's Birthplace New York · Mother's Birthplace New York · Able to Speak English Yes · Home Owned or Rented Owned · Home Free or Mortgaged Free · Attended School No · Able to Read Yes · Able to Write Yes · Household Members William C Wibirt 65 Head”",record,1855,census1920wibirt,"census listing; matched on the full name the Alexandria Gazette gives him (gazette1915wibirtwalker), ""W. C."" or ""William C. Wibirt,"" and the Arlington district he sat for in 1916-20; the older of the two Wibirt households in the district that year, William C. born about 1855 against Clarence born about 1865; the year is the census year less the age given, so within a year: “Name William C Wibirt · Age 65 · Birth Year abt 1855 · Birthplace Virginia · Home in 1920 Arlington, Alexandria, Virginia · Street Glebe Road · House Number x · Residence Date 1920 · Race White · Gender Male · Relation to Head of House Head · Marital Status Single · Father's Birthplace New York · Mother's Birthplace New York · Able to Speak English Yes · Home Owned or Rented Owned · Home Free or Mortgaged Free · Attended School No · Able to Read Yes · Able to Write Yes · Household Members William C Wibirt 65 Head”",within a year,,,
Robert L. Walker,1,Washington,1912,1,1916,1,22944,22992,unrecorded,,arlhist1967officials p.42,,White,census1920walker,"census listing; matched on the full name the Alexandria Gazette gives him (gazette1915wibirtwalker), ""Robert L. Walker,"" and the Washington district he sat for in 1916-20; the only Robert L. Walker in that district: “Name Robert L Walker · Age 44 · Birth Year abt 1876 · Birthplace Virginia · Home in 1920 Washington, Alexandria, Virginia · Street Chain Bridge Road · House Number x · Residence Date 1920 · Race White · Gender Male · Relation to Head of House Head · Marital Status Married · Spouse's Name Annie E Walker · Father's Birthplace Virginia · Mother's Birthplace Maryland · Able to Speak English Yes · Occupation Inspector · Industry Sanitary · Employment Field Wage or Salary · Home Owned or Rented Rented · Able to Read Yes · Able to Write Yes · Household Members Robert L Walker 44 Head, Annie E Walker 46 Wife, Robert E Walker 21 Son, Elizabeth M Walker 19 Daughter, Edith A Walker 15 Daughter, Margaret T Walker 13 Daughter, Ethel L Walker 11 Daughter, Barbara Walker 8 Daughter”",man,census1920walker,"census listing; matched on the full name the Alexandria Gazette gives him (gazette1915wibirtwalker), ""Robert L. Walker,"" and the Washington district he sat for in 1916-20; the only Robert L. Walker in that district: “Name Robert L Walker · Age 44 · Birth Year abt 1876 · Birthplace Virginia · Home in 1920 Washington, Alexandria, Virginia · Street Chain Bridge Road · House Number x · Residence Date 1920 · Race White · Gender Male · Relation to Head of House Head · Marital Status Married · Spouse's Name Annie E Walker · Father's Birthplace Virginia · Mother's Birthplace Maryland · Able to Speak English Yes · Occupation Inspector · Industry Sanitary · Employment Field Wage or Salary · Home Owned or Rented Rented · Able to Read Yes · Able to Write Yes · Household Members Robert L Walker 44 Head, Annie E Walker 46 Wife, Robert E Walker 21 Son, Elizabeth M Walker 19 Daughter, Edith A Walker 15 Daughter, Margaret T Walker 13 Daughter, Ethel L Walker 11 Daughter, Barbara Walker 8 Daughter”",record,1876,census1920walker,"census listing; matched on the full name the Alexandria Gazette gives him (gazette1915wibirtwalker), ""Robert L. Walker,"" and the Washington district he sat for in 1916-20; the only Robert L. Walker in that district; the year is the census year less the age given, so within a year: “Name Robert L Walker · Age 44 · Birth Year abt 1876 · Birthplace Virginia · Home in 1920 Washington, Alexandria, Virginia · Street Chain Bridge Road · House Number x · Residence Date 1920 · Race White · Gender Male · Relation to Head of House Head · Marital Status Married · Spouse's Name Annie E Walker · Father's Birthplace Virginia · Mother's Birthplace Maryland · Able to Speak English Yes · Occupation Inspector · Industry Sanitary · Employment Field Wage or Salary · Home Owned or Rented Rented · Able to Read Yes · Able to Write Yes · Household Members Robert L Walker 44 Head, Annie E Walker 46 Wife, Robert E Walker 21 Son, Elizabeth M Walker 19 Daughter, Edith A Walker 15 Daughter, Margaret T Walker 13 Daughter, Ethel L Walker 11 Daughter, Barbara Walker 8 Daughter”",within a year,,,
W. C. Wibirt,2,Arlington,1916,1,1919,12,22992,23040,election,1915,oleary2010 p.27; arlhist1967officials; arlhist1967officials p.43,"Named in full by the article, from the Board's minute books, where O'Leary gives the surname alone (Sally, 27 September 2026). Printed ""March ?, 1919""; the exact date of Walker's replacement as chairman is not given.",White,census1920wibirt,"census listing; matched on the full name the Alexandria Gazette gives him (gazette1915wibirtwalker), ""W. C."" or ""William C. Wibirt,"" and the Arlington district he sat for in 1916-20; the older of the two Wibirt households in the district that year, William C. born about 1855 against Clarence born about 1865: “Name William C Wibirt · Age 65 · Birth Year abt 1855 · Birthplace Virginia · Home in 1920 Arlington, Alexandria, Virginia · Street Glebe Road · House Number x · Residence Date 1920 · Race White · Gender Male · Relation to Head of House Head · Marital Status Single · Father's Birthplace New York · Mother's Birthplace New York · Able to Speak English Yes · Home Owned or Rented Owned · Home Free or Mortgaged Free · Attended School No · Able to Read Yes · Able to Write Yes · Household Members William C Wibirt 65 Head”",man,census1920wibirt,"census listing; matched on the full name the Alexandria Gazette gives him (gazette1915wibirtwalker), ""W. C."" or ""William C. Wibirt,"" and the Arlington district he sat for in 1916-20; the older of the two Wibirt households in the district that year, William C. born about 1855 against Clarence born about 1865: “Name William C Wibirt · Age 65 · Birth Year abt 1855 · Birthplace Virginia · Home in 1920 Arlington, Alexandria, Virginia · Street Glebe Road · House Number x · Residence Date 1920 · Race White · Gender Male · Relation to Head of House Head · Marital Status Single · Father's Birthplace New York · Mother's Birthplace New York · Able to Speak English Yes · Home Owned or Rented Owned · Home Free or Mortgaged Free · Attended School No · Able to Read Yes · Able to Write Yes · Household Members William C Wibirt 65 Head”",record,1855,census1920wibirt,"census listing; matched on the full name the Alexandria Gazette gives him (gazette1915wibirtwalker), ""W. C."" or ""William C. Wibirt,"" and the Arlington district he sat for in 1916-20; the older of the two Wibirt households in the district that year, William C. born about 1855 against Clarence born about 1865; the year is the census year less the age given, so within a year: “Name William C Wibirt · Age 65 · Birth Year abt 1855 · Birthplace Virginia · Home in 1920 Arlington, Alexandria, Virginia · Street Glebe Road · House Number x · Residence Date 1920 · Race White · Gender Male · Relation to Head of House Head · Marital Status Single · Father's Birthplace New York · Mother's Birthplace New York · Able to Speak English Yes · Home Owned or Rented Owned · Home Free or Mortgaged Free · Attended School No · Able to Read Yes · Able to Write Yes · Household Members William C Wibirt 65 Head”",within a year,,,
Robert L. Walker,2,Washington,1916,1,1919,3,22992,23030,election,1915,oleary2010 p.27; arlhist1967officials; arlhist1967officials p.43,"Named in full by the article, from the Board's minute books, where O'Leary gives the surname alone (Sally, 27 September 2026). Resigned 27 March 1919 to take the post of Sanitary Inspector for the County. The resignation and its date are the article's, from the Board's minute books; O'Leary records no departure, so this term would otherwise run to January 1920 by statute and Ahalt's appointment would not exist (roster-walker-end-date).",White,census1920walker,"census listing; matched on the full name the Alexandria Gazette gives him (gazette1915wibirtwalker), ""Robert L. Walker,"" and the Washington district he sat for in 1916-20; the only Robert L. Walker in that district: “Name Robert L Walker · Age 44 · Birth Year abt 1876 · Birthplace Virginia · Home in 1920 Washington, Alexandria, Virginia · Street Chain Bridge Road · House Number x · Residence Date 1920 · Race White · Gender Male · Relation to Head of House Head · Marital Status Married · Spouse's Name Annie E Walker · Father's Birthplace Virginia · Mother's Birthplace Maryland · Able to Speak English Yes · Occupation Inspector · Industry Sanitary · Employment Field Wage or Salary · Home Owned or Rented Rented · Able to Read Yes · Able to Write Yes · Household Members Robert L Walker 44 Head, Annie E Walker 46 Wife, Robert E Walker 21 Son, Elizabeth M Walker 19 Daughter, Edith A Walker 15 Daughter, Margaret T Walker 13 Daughter, Ethel L Walker 11 Daughter, Barbara Walker 8 Daughter”",man,census1920walker,"census listing; matched on the full name the Alexandria Gazette gives him (gazette1915wibirtwalker), ""Robert L. Walker,"" and the Washington district he sat for in 1916-20; the only Robert L. Walker in that district: “Name Robert L Walker · Age 44 · Birth Year abt 1876 · Birthplace Virginia · Home in 1920 Washington, Alexandria, Virginia · Street Chain Bridge Road · House Number x · Residence Date 1920 · Race White · Gender Male · Relation to Head of House Head · Marital Status Married · Spouse's Name Annie E Walker · Father's Birthplace Virginia · Mother's Birthplace Maryland · Able to Speak English Yes · Occupation Inspector · Industry Sanitary · Employment Field Wage or Salary · Home Owned or Rented Rented · Able to Read Yes · Able to Write Yes · Household Members Robert L Walker 44 Head, Annie E Walker 46 Wife, Robert E Walker 21 Son, Elizabeth M Walker 19 Daughter, Edith A Walker 15 Daughter, Margaret T Walker 13 Daughter, Ethel L Walker 11 Daughter, Barbara Walker 8 Daughter”",record,1876,census1920walker,"census listing; matched on the full name the Alexandria Gazette gives him (gazette1915wibirtwalker), ""Robert L. Walker,"" and the Washington district he sat for in 1916-20; the only Robert L. Walker in that district; the year is the census year less the age given, so within a year: “Name Robert L Walker · Age 44 · Birth Year abt 1876 · Birthplace Virginia · Home in 1920 Washington, Alexandria, Virginia · Street Chain Bridge Road · House Number x · Residence Date 1920 · Race White · Gender Male · Relation to Head of House Head · Marital Status Married · Spouse's Name Annie E Walker · Father's Birthplace Virginia · Mother's Birthplace Maryland · Able to Speak English Yes · Occupation Inspector · Industry Sanitary · Employment Field Wage or Salary · Home Owned or Rented Rented · Able to Read Yes · Able to Write Yes · Household Members Robert L Walker 44 Head, Annie E Walker 46 Wife, Robert E Walker 21 Son, Elizabeth M Walker 19 Daughter, Edith A Walker 15 Daughter, Margaret T Walker 13 Daughter, Ethel L Walker 11 Daughter, Barbara Walker 8 Daughter”",within a year,,,
Clarence R. Ahalt,1,Washington,1919,3,1919,12,23030,23040,appointment,,arlhist1967officials p.43,Appointed to the vacancy left by Walker's resignation; the source does not give the date.,White,assumed,,man,assumed,,none,,unsourced,,,,,
Thomas J. DeLashmutt,1,Arlington,1920,1,1923,12,23040,23088,unrecorded,,arlhist1967officials p.43,"A different man from the Basil M. DeLashmutt of the 1932-62 cohort, and his father: his 1920 household holds a son, Basil N., 17, born about 1903, the birth year of that cohort's 1930 match (census1930delashmutt), whose row cites the household as well as the occupation. docs/members.md.",White,census1920delashmutt,"census listing; matched on the surname, the given initials and the Arlington district, the district he sat for in 1920-23; the only Thomas J. Delashmutt in the county: “Name Thomas J Delashmutt · Age 54 · Birth Year abt 1866 · Birthplace Maryland · Home in 1920 Arlington, Alexandria, Virginia · Residence Date 1920 · Race White · Gender Male · Relation to Head of House Head · Marital Status Married · Spouse's Name Margret A Delashmutt · Father's Birthplace Maryland · Mother's Birthplace Maryland · Able to Speak English Yes · Occupation Insurance · Industry Broker · Employment Field Wage or Salary · Home Owned or Rented Owned · Home Free or Mortgaged Free · Able to Read Yes · Able to Write Yes · Household Members Thomas J Delashmutt 54 Head, Margret A Delashmutt 50 Wife, Thomas N Delashmutt 21 Son, Margret E Delashmutt 19 Daughter, Basil N Delashmutt 17 Son, Charles M Delashmutt 12 Son, John E Delashmutt 9 Son, Anna K Delashmutt 7 Daughter, Kate V Munson 85 Mother-in-law, Louella Waller 22 Boarder, Ruby Brooking 20 Boarder, Gertrude Jackson 26 Servant”",man,census1920delashmutt,"census listing; matched on the surname, the given initials and the Arlington district, the district he sat for in 1920-23; the only Thomas J. Delashmutt in the county: “Name Thomas J Delashmutt · Age 54 · Birth Year abt 1866 · Birthplace Maryland · Home in 1920 Arlington, Alexandria, Virginia · Residence Date 1920 · Race White · Gender Male · Relation to Head of House Head · Marital Status Married · Spouse's Name Margret A Delashmutt · Father's Birthplace Maryland · Mother's Birthplace Maryland · Able to Speak English Yes · Occupation Insurance · Industry Broker · Employment Field Wage or Salary · Home Owned or Rented Owned · Home Free or Mortgaged Free · Able to Read Yes · Able to Write Yes · Household Members Thomas J Delashmutt 54 Head, Margret A Delashmutt 50 Wife, Thomas N Delashmutt 21 Son, Margret E Delashmutt 19 Daughter, Basil N Delashmutt 17 Son, Charles M Delashmutt 12 Son, John E Delashmutt 9 Son, Anna K Delashmutt 7 Daughter, Kate V Munson 85 Mother-in-law, Louella Waller 22 Boarder, Ruby Brooking 20 Boarder, Gertrude Jackson 26 Servant”",record,1866,census1920delashmutt,"census listing; matched on the surname, the given initials and the Arlington district, the district he sat for in 1920-23; the only Thomas J. Delashmutt in the county; the year is the census year less the age given, so within a year: “Name Thomas J Delashmutt · Age 54 · Birth Year abt 1866 · Birthplace Maryland · Home in 1920 Arlington, Alexandria, Virginia · Residence Date 1920 · Race White · Gender Male · Relation to Head of House Head · Marital Status Married · Spouse's Name Margret A Delashmutt · Father's Birthplace Maryland · Mother's Birthplace Maryland · Able to Speak English Yes · Occupation Insurance · Industry Broker · Employment Field Wage or Salary · Home Owned or Rented Owned · Home Free or Mortgaged Free · Able to Read Yes · Able to Write Yes · Household Members Thomas J Delashmutt 54 Head, Margret A Delashmutt 50 Wife, Thomas N Delashmutt 21 Son, Margret E Delashmutt 19 Daughter, Basil N Delashmutt 17 Son, Charles M Delashmutt 12 Son, John E Delashmutt 9 Son, Anna K Delashmutt 7 Daughter, Kate V Munson 85 Mother-in-law, Louella Waller 22 Boarder, Ruby Brooking 20 Boarder, Gertrude Jackson 26 Servant”",within a year,,,
Frank Upman,1,Washington,1920,2,1920,4,23041,23043,appointment,,arlhist1967officials p.43,Appointed; the source does not give the date.,White,census1920upman,"census listing; matched on the given name, the surname and the Washington district, the district he was appointed for in February-April 1920; the only Frank Upman in the county: “Name Frank Upman · Age 47 · Birth Year abt 1873 · Birthplace Minnesota · Home in 1920 Washington, Alexandria, Virginia · House Number x · Residence Date 1920 · Race White · Gender Male · Relation to Head of House Head · Marital Status Married · Spouse's Name Clara E Upman · Father's Birthplace South Carolina · Mother's Birthplace Massachusetts · Able to Speak English Yes · Occupation Architect · Employment Field Employer · Home Owned or Rented Owned · Home Free or Mortgaged Mortgaged · Able to Read Yes · Able to Write Yes · Household Members Frank Upman 47 Head, Clara E Upman 37 Wife, Frank Upman 14 Son”",man,census1920upman,"census listing; matched on the given name, the surname and the Washington district, the district he was appointed for in February-April 1920; the only Frank Upman in the county: “Name Frank Upman · Age 47 · Birth Year abt 1873 · Birthplace Minnesota · Home in 1920 Washington, Alexandria, Virginia · House Number x · Residence Date 1920 · Race White · Gender Male · Relation to Head of House Head · Marital Status Married · Spouse's Name Clara E Upman · Father's Birthplace South Carolina · Mother's Birthplace Massachusetts · Able to Speak English Yes · Occupation Architect · Employment Field Employer · Home Owned or Rented Owned · Home Free or Mortgaged Mortgaged · Able to Read Yes · Able to Write Yes · Household Members Frank Upman 47 Head, Clara E Upman 37 Wife, Frank Upman 14 Son”",record,1873,census1920upman,"census listing; matched on the given name, the surname and the Washington district, the district he was appointed for in February-April 1920; the only Frank Upman in the county; the year is the census year less the age given, so within a year: “Name Frank Upman · Age 47 · Birth Year abt 1873 · Birthplace Minnesota · Home in 1920 Washington, Alexandria, Virginia · House Number x · Residence Date 1920 · Race White · Gender Male · Relation to Head of House Head · Marital Status Married · Spouse's Name Clara E Upman · Father's Birthplace South Carolina · Mother's Birthplace Massachusetts · Able to Speak English Yes · Occupation Architect · Employment Field Employer · Home Owned or Rented Owned · Home Free or Mortgaged Mortgaged · Able to Read Yes · Able to Write Yes · Household Members Frank Upman 47 Head, Clara E Upman 37 Wife, Frank Upman 14 Son”",within a year,,,
W. T. Weaver,1,Washington,1920,4,1923,12,23043,23088,appointment,,arlhist1967officials p.43,"Appointed; the source does not say why, or exactly how long, Upman served before him.",White,census1920weaver,"census listing; matched on the initials, the surname and the Washington district, the district he sat for in 1920-23; the only Walter T. Weaver in the county; the sheet gives the name in full as Walter T. Weaver: “Name Walter T Weaver · Age 53 · Birth Year abt 1867 · Birthplace District of Columbia · Home in 1920 Washington, Alexandria, Virginia · House Number Farm · Residence Date 1920 · Race White · Gender Male · Relation to Head of House Head · Marital Status Married · Spouse's Name Mary D Weaver · Father's Birthplace District of Columbia · Mother's Birthplace Maryland · Able to Speak English Yes · Occupation Retail Merchant · Industry Hardware · Employment Field Employer · Home Owned or Rented Owned · Home Free or Mortgaged Free · Able to Read Yes · Able to Write Yes · Household Members Walter T Weaver 53 Head, Mary D Weaver 52 Wife, Carl R Weaver 23 Son, Frances L Weaver 16 Daughter, James B Weaver 12 Son, Walter T Weaver 29 Son, Lawrence Maus 18 Boarder”",man,census1920weaver,"census listing; matched on the initials, the surname and the Washington district, the district he sat for in 1920-23; the only Walter T. Weaver in the county; the sheet gives the name in full as Walter T. Weaver: “Name Walter T Weaver · Age 53 · Birth Year abt 1867 · Birthplace District of Columbia · Home in 1920 Washington, Alexandria, Virginia · House Number Farm · Residence Date 1920 · Race White · Gender Male · Relation to Head of House Head · Marital Status Married · Spouse's Name Mary D Weaver · Father's Birthplace District of Columbia · Mother's Birthplace Maryland · Able to Speak English Yes · Occupation Retail Merchant · Industry Hardware · Employment Field Employer · Home Owned or Rented Owned · Home Free or Mortgaged Free · Able to Read Yes · Able to Write Yes · Household Members Walter T Weaver 53 Head, Mary D Weaver 52 Wife, Carl R Weaver 23 Son, Frances L Weaver 16 Daughter, James B Weaver 12 Son, Walter T Weaver 29 Son, Lawrence Maus 18 Boarder”",record,1867,census1920weaver,"census listing; matched on the initials, the surname and the Washington district, the district he sat for in 1920-23; the only Walter T. Weaver in the county; the sheet gives the name in full as Walter T. Weaver; the year is the census year less the age given, so within a year: “Name Walter T Weaver · Age 53 · Birth Year abt 1867 · Birthplace District of Columbia · Home in 1920 Washington, Alexandria, Virginia · House Number Farm · Residence Date 1920 · Race White · Gender Male · Relation to Head of House Head · Marital Status Married · Spouse's Name Mary D Weaver · Father's Birthplace District of Columbia · Mother's Birthplace Maryland · Able to Speak English Yes · Occupation Retail Merchant · Industry Hardware · Employment Field Employer · Home Owned or Rented Owned · Home Free or Mortgaged Free · Able to Read Yes · Able to Write Yes · Household Members Walter T Weaver 53 Head, Mary D Weaver 52 Wife, Carl R Weaver 23 Son, Frances L Weaver 16 Daughter, James B Weaver 12 Son, Walter T Weaver 29 Son, Lawrence Maus 18 Boarder”",within a year,,,
W. J. Ingram,1,Arlington,1924,1,1928,1,23088,23136,election,1923,arlingtonelections2021 p.2; arlhist1967officials p.43,"Printed under the heading ""Arlington District:"" for 6 November 1923, ""W. J. Ingram (inc.)"", the only name listed, so read as unopposed.",White,census1920ingram,"census listing, read against the sheet, which agrees; the index reads the surname as Ingrim, where the sheet reads Ingram; matched on the initials, the surname and the Arlington district, the district he sat for in 1924; the only W. J. Ingram in the county, and the household his widow Julia keeps in 1930 with their son William: “Name William J Ingrim [William J Ingram] [William J Ingran] · Age 53 · Birth Year abt 1867 · Birthplace Ohio · Home in 1920 Arlington, Alexandria, Virginia · Street Virginia Ave · House Number 204 · Race White · Gender Male · Relation to Head of House Head · Marital Status Married · Spouse's Name Julia Ingrim · Father's Birthplace Scotland · Mother's Birthplace Virginia · Occupation Salesman · Industry Hardware · Home Owned or Rented Owned · Household Members William J Ingrim 53 Head, Julia Ingrim 37 Wife, William Ingrim 2 Son”",man,census1920ingram,"census listing, read against the sheet, which agrees; the index reads the surname as Ingrim, where the sheet reads Ingram; matched on the initials, the surname and the Arlington district, the district he sat for in 1924; the only W. J. Ingram in the county, and the household his widow Julia keeps in 1930 with their son William: “Name William J Ingrim [William J Ingram] [William J Ingran] · Age 53 · Birth Year abt 1867 · Birthplace Ohio · Home in 1920 Arlington, Alexandria, Virginia · Street Virginia Ave · House Number 204 · Race White · Gender Male · Relation to Head of House Head · Marital Status Married · Spouse's Name Julia Ingrim · Father's Birthplace Scotland · Mother's Birthplace Virginia · Occupation Salesman · Industry Hardware · Home Owned or Rented Owned · Household Members William J Ingrim 53 Head, Julia Ingrim 37 Wife, William Ingrim 2 Son”",record,1867,census1920ingram,"census listing, read against the sheet, which agrees; the index reads the surname as Ingrim, where the sheet reads Ingram; matched on the initials, the surname and the Arlington district, the district he sat for in 1924; the only W. J. Ingram in the county, and the household his widow Julia keeps in 1930 with their son William; the year is the census year less the age given, so within a year: “Name William J Ingrim [William J Ingram] [William J Ingran] · Age 53 · Birth Year abt 1867 · Birthplace Ohio · Home in 1920 Arlington, Alexandria, Virginia · Street Virginia Ave · House Number 204 · Race White · Gender Male · Relation to Head of House Head · Marital Status Married · Spouse's Name Julia Ingrim · Father's Birthplace Scotland · Mother's Birthplace Virginia · Occupation Salesman · Industry Hardware · Home Owned or Rented Owned · Household Members William J Ingrim 53 Head, Julia Ingrim 37 Wife, William Ingrim 2 Son”",within a year,,,
E.C. Turnburke,1,Washington,1924,1,1928,1,23088,23136,election,1923,arlingtonelections2021 p.2; arlhist1967officials; arlhist1967officials p.43,"Printed under the heading ""Washington District:"" for 6 November 1923, ""E.C. Thornburke (inc.)"", the only name listed, so read as unopposed. Spelled Turnburke by the article, from the Board's minute books, by the 1920 census index and sheet (census1920thornburke) and by the Alexandria Gazette, which prints Turnburke in 1923 and no Thornburke anywhere in its run (gazette1923turnburke). The county's candidate history and Novack print Thornburke; that is a recorded variant of the name rather than the name (Sally, 27 September 2026). Printed ""Turnburke""; the county's candidate history and Novack's roster both give ""Thornburke"" for this Washington-district seat in the same years (arlingtonelections2021; novack1994), so read as the same misprint the county's records do not repeat.",White,census1920thornburke,"census listing, read against the sheet, which agrees; the index and the sheet read the surname Turnburke, where the county's list reads Thornburke; matched on the initials, the surname and the Washington district, the district he sat for in 1924-28; the only E. C. Turnburke in the county: “Name Eugene C Turnburke · Age 56 · Birth Year abt 1864 · Birthplace District of Columbia · Home in 1920 Washington, Alexandria, Virginia · Street Preston Avenue · House Number 35 · Race White · Gender Male · Relation to Head of House Head · Marital Status Married · Spouse's Name Martha E Turnburke · Father's Birthplace Portugal · Mother's Birthplace District of Columbia · Occupation Painter (house) · Industry Govt Service · Home Owned or Rented Owned · Household Members Eugene C Turnburke 56 Head, Martha E Turnburke 49 Wife, Leon K Turnburke 25 Son, Ola M Turnburke 24 Daughter-in-law, Leon K Turnburke 1 Grandson”",man,census1920thornburke,"census listing, read against the sheet, which agrees; the index and the sheet read the surname Turnburke, where the county's list reads Thornburke; matched on the initials, the surname and the Washington district, the district he sat for in 1924-28; the only E. C. Turnburke in the county: “Name Eugene C Turnburke · Age 56 · Birth Year abt 1864 · Birthplace District of Columbia · Home in 1920 Washington, Alexandria, Virginia · Street Preston Avenue · House Number 35 · Race White · Gender Male · Relation to Head of House Head · Marital Status Married · Spouse's Name Martha E Turnburke · Father's Birthplace Portugal · Mother's Birthplace District of Columbia · Occupation Painter (house) · Industry Govt Service · Home Owned or Rented Owned · Household Members Eugene C Turnburke 56 Head, Martha E Turnburke 49 Wife, Leon K Turnburke 25 Son, Ola M Turnburke 24 Daughter-in-law, Leon K Turnburke 1 Grandson”",record,1864,census1920thornburke,"census listing, read against the sheet, which agrees; the index and the sheet read the surname Turnburke, where the county's list reads Thornburke; matched on the initials, the surname and the Washington district, the district he sat for in 1924-28; the only E. C. Turnburke in the county; the year is the census year less the age given, so within a year: “Name Eugene C Turnburke · Age 56 · Birth Year abt 1864 · Birthplace District of Columbia · Home in 1920 Washington, Alexandria, Virginia · Street Preston Avenue · House Number 35 · Race White · Gender Male · Relation to Head of House Head · Marital Status Married · Spouse's Name Martha E Turnburke · Father's Birthplace Portugal · Mother's Birthplace District of Columbia · Occupation Painter (house) · Industry Govt Service · Home Owned or Rented Owned · Household Members Eugene C Turnburke 56 Head, Martha E Turnburke 49 Wife, Leon K Turnburke 25 Son, Ola M Turnburke 24 Daughter-in-law, Leon K Turnburke 1 Grandson”",within a year,,,
B. M. Hedrick,1,Arlington,1928,1,1932,1,23136,23185,unrecorded,,arlhist1967officials p.43,,White,census1930hedrick,"census listing; matched on the initials, the surname and the Arlington district, the district he sat for in 1928-31; the only Benjamin M. Hedrick in the county; the sheet gives the name in full as Benjamin M. Hedrick; the index and the sheet both print the street as Lawrel: “Name Benjamin M Hedrick · Birth Year abt 1897 · Gender Male · Race White · Age in 1930 33 · Birthplace Virginia · Marital Status Married · Relation to Head of House Head · Home in 1930 Arlington, Arlington, Virginia, USA · Street Address Lawrel Street · Dwelling Number 239 · Family Number 240 · Home Owned or Rented Owned · Home Value 7,000 · Radio Set Yes · Lives on Farm No · Age at First Marriage 23 · Attended School No · Able to Read and Write Yes · Father's Birthplace District of Columbia · Mother's Birthplace New York · Able to Speak English Yes · Occupation Attorney · Industry Office · Class of Worker Working on own account · Employment Yes · Veteran Yes · War WW · Household Members Benjamin M Hedrick 33 Head, Anna E Hedrick 29 Wife, Benjamin S Hedrick 2 Son, Betty Mace Hedrick 2 Daughter”",man,census1930hedrick,"census listing; matched on the initials, the surname and the Arlington district, the district he sat for in 1928-31; the only Benjamin M. Hedrick in the county; the sheet gives the name in full as Benjamin M. Hedrick; the index and the sheet both print the street as Lawrel: “Name Benjamin M Hedrick · Birth Year abt 1897 · Gender Male · Race White · Age in 1930 33 · Birthplace Virginia · Marital Status Married · Relation to Head of House Head · Home in 1930 Arlington, Arlington, Virginia, USA · Street Address Lawrel Street · Dwelling Number 239 · Family Number 240 · Home Owned or Rented Owned · Home Value 7,000 · Radio Set Yes · Lives on Farm No · Age at First Marriage 23 · Attended School No · Able to Read and Write Yes · Father's Birthplace District of Columbia · Mother's Birthplace New York · Able to Speak English Yes · Occupation Attorney · Industry Office · Class of Worker Working on own account · Employment Yes · Veteran Yes · War WW · Household Members Benjamin M Hedrick 33 Head, Anna E Hedrick 29 Wife, Benjamin S Hedrick 2 Son, Betty Mace Hedrick 2 Daughter”",record,1897,census1930hedrick,"census listing; matched on the initials, the surname and the Arlington district, the district he sat for in 1928-31; the only Benjamin M. Hedrick in the county; the sheet gives the name in full as Benjamin M. Hedrick; the index and the sheet both print the street as Lawrel; the birth year as the census recorded it: “Name Benjamin M Hedrick · Birth Year abt 1897 · Gender Male · Race White · Age in 1930 33 · Birthplace Virginia · Marital Status Married · Relation to Head of House Head · Home in 1930 Arlington, Arlington, Virginia, USA · Street Address Lawrel Street · Dwelling Number 239 · Family Number 240 · Home Owned or Rented Owned · Home Value 7,000 · Radio Set Yes · Lives on Farm No · Age at First Marriage 23 · Attended School No · Able to Read and Write Yes · Father's Birthplace District of Columbia · Mother's Birthplace New York · Able to Speak English Yes · Occupation Attorney · Industry Office · Class of Worker Working on own account · Employment Yes · Veteran Yes · War WW · Household Members Benjamin M Hedrick 33 Head, Anna E Hedrick 29 Wife, Benjamin S Hedrick 2 Son, Betty Mace Hedrick 2 Daughter”",exact,,,
E.C. Turnburke,2,Washington,1928,1,1932,1,23136,23185,election,1927,arlingtonelections2021 p.4; arlhist1967officials; arlhist1967officials p.43,"Printed under ""Supervisor Washington District:"" for 8 November 1927 with 484 votes to Fellows 400 and Donaldson 234; the highest vote. Spelled Turnburke by the article, from the Board's minute books, by the 1920 census index and sheet (census1920thornburke) and by the Alexandria Gazette, which prints Turnburke in 1923 and no Thornburke anywhere in its run (gazette1923turnburke). The county's candidate history and Novack print Thornburke; that is a recorded variant of the name rather than the name (Sally, 27 September 2026). Printed ""Turnburke""; see the 1924-1927 note.",White,census1920thornburke,"census listing, read against the sheet, which agrees; the index and the sheet read the surname Turnburke, where the county's list reads Thornburke; matched on the initials, the surname and the Washington district, the district he sat for in 1924-28; the only E. C. Turnburke in the county: “Name Eugene C Turnburke · Age 56 · Birth Year abt 1864 · Birthplace District of Columbia · Home in 1920 Washington, Alexandria, Virginia · Street Preston Avenue · House Number 35 · Race White · Gender Male · Relation to Head of House Head · Marital Status Married · Spouse's Name Martha E Turnburke · Father's Birthplace Portugal · Mother's Birthplace District of Columbia · Occupation Painter (house) · Industry Govt Service · Home Owned or Rented Owned · Household Members Eugene C Turnburke 56 Head, Martha E Turnburke 49 Wife, Leon K Turnburke 25 Son, Ola M Turnburke 24 Daughter-in-law, Leon K Turnburke 1 Grandson”",man,census1920thornburke,"census listing, read against the sheet, which agrees; the index and the sheet read the surname Turnburke, where the county's list reads Thornburke; matched on the initials, the surname and the Washington district, the district he sat for in 1924-28; the only E. C. Turnburke in the county: “Name Eugene C Turnburke · Age 56 · Birth Year abt 1864 · Birthplace District of Columbia · Home in 1920 Washington, Alexandria, Virginia · Street Preston Avenue · House Number 35 · Race White · Gender Male · Relation to Head of House Head · Marital Status Married · Spouse's Name Martha E Turnburke · Father's Birthplace Portugal · Mother's Birthplace District of Columbia · Occupation Painter (house) · Industry Govt Service · Home Owned or Rented Owned · Household Members Eugene C Turnburke 56 Head, Martha E Turnburke 49 Wife, Leon K Turnburke 25 Son, Ola M Turnburke 24 Daughter-in-law, Leon K Turnburke 1 Grandson”",record,1864,census1920thornburke,"census listing, read against the sheet, which agrees; the index and the sheet read the surname Turnburke, where the county's list reads Thornburke; matched on the initials, the surname and the Washington district, the district he sat for in 1924-28; the only E. C. Turnburke in the county; the year is the census year less the age given, so within a year: “Name Eugene C Turnburke · Age 56 · Birth Year abt 1864 · Birthplace District of Columbia · Home in 1920 Washington, Alexandria, Virginia · Street Preston Avenue · House Number 35 · Race White · Gender Male · Relation to Head of House Head · Marital Status Married · Spouse's Name Martha E Turnburke · Father's Birthplace Portugal · Mother's Birthplace District of Columbia · Occupation Painter (house) · Industry Govt Service · Home Owned or Rented Owned · Household Members Eugene C Turnburke 56 Head, Martha E Turnburke 49 Wife, Leon K Turnburke 25 Son, Ola M Turnburke 24 Daughter-in-law, Leon K Turnburke 1 Grandson”",within a year,,,
Elizabeth B. Magruder,1,at large,1932,1,1935,12,23184,23232,election,1931,novack1994 p.5; term boundaries from arlingtonelections2021,,White,census1940magruder; census1950magruder,"census listing; read against the sheet, which agrees: “Name Elizabeth B Magruder · Age 62 · Estimated Birth Year abt 1878 · Gender Female · Race White · Birthplace Virginia · Marital Status Widowed · Relation to Head of House Head · Home in 1940 Arlington, Virginia · Street 10th St North · House Number 3727 · Farm No · Inferred Residence in 1935 Arlington, Virginia · Sheet Number 2B · Number of Household in Order of Visitation 42 · Occupation County Board Member” | census listing; read against the sheet, which agrees; the only Elizabeth B Magruder in the county's 1950 index: “Name Elizabeth B Magruder · Age 72 · Birth Date abt 1878 · Gender Female · Race White · Birth Place Virginia · Marital Status Widowed · Relation to Head of House Head · Residence Date 1950 · Home in 1950 All Places, Arlington, Virginia, USA · Street Name N. 10th St. · Apartment Number 3727 · Dwelling Number 30 · Occupation Category Keeping House”",woman,inskeep1931 p.A-5; census1940magruder; census1950magruder,"press: Mrs. (""Mrs. Elizabeth Barron Magruder""), read on the page image, p. A-5: “They are Mrs. Elizabeth Barron Magruder and Lyman M. Kelly.” | census listing; read against the sheet, which agrees: “Name Elizabeth B Magruder · Age 62 · Estimated Birth Year abt 1878 · Gender Female · Race White · Birthplace Virginia · Marital Status Widowed · Relation to Head of House Head · Home in 1940 Arlington, Virginia · Street 10th St North · House Number 3727 · Farm No · Inferred Residence in 1935 Arlington, Virginia · Sheet Number 2B · Number of Household in Order of Visitation 42 · Occupation County Board Member” | census listing; read against the sheet, which agrees; the only Elizabeth B Magruder in the county's 1950 index: “Name Elizabeth B Magruder · Age 72 · Birth Date abt 1878 · Gender Female · Race White · Birth Place Virginia · Marital Status Widowed · Relation to Head of House Head · Residence Date 1950 · Home in 1950 All Places, Arlington, Virginia, USA · Street Name N. 10th St. · Apartment Number 3727 · Dwelling Number 30 · Occupation Category Keeping House”",press; record,1878,census1940magruder; census1950magruder,"census listing; read against the sheet, which agrees; the year is the census year less the age given, so within a year: “Name Elizabeth B Magruder · Age 62 · Estimated Birth Year abt 1878 · Gender Female · Race White · Birthplace Virginia · Marital Status Widowed · Relation to Head of House Head · Home in 1940 Arlington, Virginia · Street 10th St North · House Number 3727 · Farm No · Inferred Residence in 1935 Arlington, Virginia · Sheet Number 2B · Number of Household in Order of Visitation 42 · Occupation County Board Member” | census listing; read against the sheet, which agrees; the only Elizabeth B Magruder in the county's 1950 index; the year is the census year less the age given, so within a year: “Name Elizabeth B Magruder · Age 72 · Birth Date abt 1878 · Gender Female · Race White · Birth Place Virginia · Marital Status Widowed · Relation to Head of House Head · Residence Date 1950 · Home in 1950 All Places, Arlington, Virginia, USA · Street Name N. 10th St. · Apartment Number 3727 · Dwelling Number 30 · Occupation Category Keeping House”",within a year,,unsourced,
"Fred A. Gosnell, Sr.",1,at large,1932,1,1933,12,23184,23207,election,1931,novack1994 p.4,"Resigned on Dec. 11, 1933.",White,census1940gosnell,"census listing; read against the sheet, which agrees; the only Fred A Gosnell in the county's 1940 index: “Name Fred A Gosnell · Age 48 · Estimated Birth Year abt 1892 · Gender Male · Race White · Birthplace South Carolina · Marital Status Married · Relation to Head of House Head · Home in 1940 Arlington, Virginia · Street N Glebe Road · House Number 1239 · Farm No · Inferred Residence in 1935 Arlington, Virginia · Sheet Number 28B · Number of Household in Order of Visitation 564 · Occupation Stautician · House Owned or Rented Owned · Value of Home 12000”",man,census1940gosnell,"census listing; read against the sheet, which agrees; the only Fred A Gosnell in the county's 1940 index: “Name Fred A Gosnell · Age 48 · Estimated Birth Year abt 1892 · Gender Male · Race White · Birthplace South Carolina · Marital Status Married · Relation to Head of House Head · Home in 1940 Arlington, Virginia · Street N Glebe Road · House Number 1239 · Farm No · Inferred Residence in 1935 Arlington, Virginia · Sheet Number 28B · Number of Household in Order of Visitation 564 · Occupation Stautician · House Owned or Rented Owned · Value of Home 12000”",record,1892,census1940gosnell,"census listing; read against the sheet, which agrees; the only Fred A Gosnell in the county's 1940 index; the year is the census year less the age given, so within a year: “Name Fred A Gosnell · Age 48 · Estimated Birth Year abt 1892 · Gender Male · Race White · Birthplace South Carolina · Marital Status Married · Relation to Head of House Head · Home in 1940 Arlington, Virginia · Street N Glebe Road · House Number 1239 · Farm No · Inferred Residence in 1935 Arlington, Virginia · Sheet Number 28B · Number of Household in Order of Visitation 564 · Occupation Stautician · House Owned or Rented Owned · Value of Home 12000”",within a year,Republican,arlingtonelections2021 p.6,
Harry A. Fellows,1,at large,1932,1,1935,12,23184,23232,election,1931,novack1994 p.3,,White,census1930fellows,"census listing; the household holds a father and a son both named Harry A Fellows, and the row takes the head, a lawyer aged 64; the son, aged 26, reads the same: “Name Harry A Fellows · Birth Year abt 1866 · Gender Male · Race White · Age in 1930 64 · Birthplace Alabama · Marital Status Married · Relation to Head of House Head · Home in 1930 Falls Church, Arlington, Virginia, USA · Street Address Memorial Drive · Dwelling Number 44 · Family Number 45 · Occupation Lawyer · Industry Law Office · Household Members Harry A Fellows 64 Head, Alice M Fellows 60 Wife, Harry A Fellows 26 Son”",man,census1930fellows,"census listing; the household holds a father and a son both named Harry A Fellows, and the row takes the head, a lawyer aged 64; the son, aged 26, reads the same: “Name Harry A Fellows · Birth Year abt 1866 · Gender Male · Race White · Age in 1930 64 · Birthplace Alabama · Marital Status Married · Relation to Head of House Head · Home in 1930 Falls Church, Arlington, Virginia, USA · Street Address Memorial Drive · Dwelling Number 44 · Family Number 45 · Occupation Lawyer · Industry Law Office · Household Members Harry A Fellows 64 Head, Alice M Fellows 60 Wife, Harry A Fellows 26 Son”",record,1866,census1930fellows,"census listing; the household holds a father and a son both named Harry A Fellows, and the row takes the head, a lawyer aged 64; the son, aged 26, reads the same; the year is the census year less the age given, so within a year: “Name Harry A Fellows · Birth Year abt 1866 · Gender Male · Race White · Age in 1930 64 · Birthplace Alabama · Marital Status Married · Relation to Head of House Head · Home in 1930 Falls Church, Arlington, Virginia, USA · Street Address Memorial Drive · Dwelling Number 44 · Family Number 45 · Occupation Lawyer · Industry Law Office · Household Members Harry A Fellows 64 Head, Alice M Fellows 60 Wife, Harry A Fellows 26 Son”",within a year,,unsourced,
John C. Gall,1,at large,1932,1,1933,5,23184,23201,election,1931,novack1994 p.4,"Resigned on May 31, 1933.",White,census1940gall,"census listing; read against the sheet, which agrees; the only John C Gall in the county's 1940 index: “Name John C Gall · Age 39 · Estimated Birth Year abt 1901 · Gender Male · Race White · Birthplace North Carolina · Marital Status Married · Relation to Head of House Head · Home in 1940 Arlington, Virginia · Street No Vermont · House Number 4521 · Farm No · Inferred Residence in 1935 Arlington, Virginia · Sheet Number 8A · Number of Household in Order of Visitation 151 · Occupation Lawyer · House Owned or Rented Owned”",man,census1940gall,"census listing; read against the sheet, which agrees; the only John C Gall in the county's 1940 index: “Name John C Gall · Age 39 · Estimated Birth Year abt 1901 · Gender Male · Race White · Birthplace North Carolina · Marital Status Married · Relation to Head of House Head · Home in 1940 Arlington, Virginia · Street No Vermont · House Number 4521 · Farm No · Inferred Residence in 1935 Arlington, Virginia · Sheet Number 8A · Number of Household in Order of Visitation 151 · Occupation Lawyer · House Owned or Rented Owned”",record,1901,census1940gall,"census listing; read against the sheet, which agrees; the only John C Gall in the county's 1940 index; the year is the census year less the age given, so within a year: “Name John C Gall · Age 39 · Estimated Birth Year abt 1901 · Gender Male · Race White · Birthplace North Carolina · Marital Status Married · Relation to Head of House Head · Home in 1940 Arlington, Virginia · Street No Vermont · House Number 4521 · Farm No · Inferred Residence in 1935 Arlington, Virginia · Sheet Number 8A · Number of Household in Order of Visitation 151 · Occupation Lawyer · House Owned or Rented Owned”",within a year,,unsourced,
Lyman M. Kelley,1,at large,1932,1,1934,11,23184,23218,election,1931,novack1994 p.4,"Removed by court order on Nov. 3, 1934.",White,census1940kelley,"census listing; read against the sheet, which agrees; the only Lyman Kelley in the county's 1940 index: “Name Lyman Kelley · Age 38 · Estimated Birth Year abt 1902 · Gender Male · Race White · Birthplace Virginia · Marital Status Married · Relation to Head of House Head · Home in 1940 Arlington, Virginia · Street North Quincy Street · House Number 937 · Farm No · Inferred Residence in 1935 Arlington, Virginia · Sheet Number 1A · Number of Household in Order of Visitation 11 · Occupation Broker-Insurance”",man,census1940kelley,"census listing; read against the sheet, which agrees; the only Lyman Kelley in the county's 1940 index: “Name Lyman Kelley · Age 38 · Estimated Birth Year abt 1902 · Gender Male · Race White · Birthplace Virginia · Marital Status Married · Relation to Head of House Head · Home in 1940 Arlington, Virginia · Street North Quincy Street · House Number 937 · Farm No · Inferred Residence in 1935 Arlington, Virginia · Sheet Number 1A · Number of Household in Order of Visitation 11 · Occupation Broker-Insurance”",record,1902,census1940kelley,"census listing; read against the sheet, which agrees; the only Lyman Kelley in the county's 1940 index; the year is the census year less the age given, so within a year: “Name Lyman Kelley · Age 38 · Estimated Birth Year abt 1902 · Gender Male · Race White · Birthplace Virginia · Marital Status Married · Relation to Head of House Head · Home in 1940 Arlington, Virginia · Street North Quincy Street · House Number 937 · Farm No · Inferred Residence in 1935 Arlington, Virginia · Sheet Number 1A · Number of Household in Order of Visitation 11 · Occupation Broker-Insurance”",within a year,,unsourced,
B. M. Smith,1,at large,1933,6,1935,12,23201,23232,appointment,,novack1994 p.6,"Appointed on June 1, 1933.",White,census1930smith; census1940smith,"census listing, read against the sheet, which agrees; matched on the initials, Arlington and the trade: the Evening Star's B. M. Smith is a real-estate dealer with an office at 443 Columbia Pike, and this man is the one B. M. Smith in the county's index in either year who deals in real estate, living on Columbia Pike himself: “Name Benjamin M Smith · Birth Year abt 1885 · Gender Male · Race White · Age in 1930 45 · Birthplace Virginia · Marital Status Married · Relation to Head of House Head · Home in 1930 Arlington, Arlington, Virginia, USA · Street Address Columbia Pike · House Number 439 · Dwelling Number 99 · Family Number 105 · Home Owned or Rented Owned · Home Value 10, 000 · Radio Set Yes · Age at First Marriage 24 · Father's Birthplace Canada · Mother's Birthplace Virginia · Occupation Salesman · Industry Real Estate · Class of Worker Working on own account · Household Members Benjamin M Smith 45 Head, Charlotte M Smith 38 Wife, Edward M Smith 16 Son, Margaret E Smith 4 Daughter, Benjamin M Smith 0 Son” | census listing, read against the sheet, which agrees; the household of census1930smith ten years on, the wife Charlotte and the children Edward M., Margaret E. and Benjamin; matched on the initials, Arlington and the trade: the Evening Star's B. M. Smith is a real-estate dealer with an office at 443 Columbia Pike, and this man is the one B. M. Smith in the county's index in either year who deals in real estate, living on Columbia Pike himself: “Name B M Smith · Age 55 · Estimated Birth Year abt 1885 · Gender Male · Race White · Birthplace Virginia · Marital Status Married · Relation to Head of House Head · Home in 1940 Arlington, Virginia · Street Columbia Pike · House Number 2908 · Inferred Residence in 1935 Arlington, Virginia · Sheet Number 9B · Number of Household in Order of Visitation 278 · Occupation Broker · House Owned or Rented Owned · Value of Home 10,000 · Highest Grade Completed College, 2nd year · Class of Worker Working on own account · Weeks Worked in 1939 52 · Household Members B M Smith 55 Head, Charles Smith 48 Wife, Edward M Smith 25 Son, Margaret E Smith 14 Daughter, Benjamon Smith 10 Son, Charette Smith 7 Daughter”",man,census1930smith; census1940smith,"census listing, read against the sheet, which agrees; matched on the initials, Arlington and the trade: the Evening Star's B. M. Smith is a real-estate dealer with an office at 443 Columbia Pike, and this man is the one B. M. Smith in the county's index in either year who deals in real estate, living on Columbia Pike himself: “Name Benjamin M Smith · Birth Year abt 1885 · Gender Male · Race White · Age in 1930 45 · Birthplace Virginia · Marital Status Married · Relation to Head of House Head · Home in 1930 Arlington, Arlington, Virginia, USA · Street Address Columbia Pike · House Number 439 · Dwelling Number 99 · Family Number 105 · Home Owned or Rented Owned · Home Value 10, 000 · Radio Set Yes · Age at First Marriage 24 · Father's Birthplace Canada · Mother's Birthplace Virginia · Occupation Salesman · Industry Real Estate · Class of Worker Working on own account · Household Members Benjamin M Smith 45 Head, Charlotte M Smith 38 Wife, Edward M Smith 16 Son, Margaret E Smith 4 Daughter, Benjamin M Smith 0 Son” | census listing, read against the sheet, which agrees; the household of census1930smith ten years on, the wife Charlotte and the children Edward M., Margaret E. and Benjamin; matched on the initials, Arlington and the trade: the Evening Star's B. M. Smith is a real-estate dealer with an office at 443 Columbia Pike, and this man is the one B. M. Smith in the county's index in either year who deals in real estate, living on Columbia Pike himself: “Name B M Smith · Age 55 · Estimated Birth Year abt 1885 · Gender Male · Race White · Birthplace Virginia · Marital Status Married · Relation to Head of House Head · Home in 1940 Arlington, Virginia · Street Columbia Pike · House Number 2908 · Inferred Residence in 1935 Arlington, Virginia · Sheet Number 9B · Number of Household in Order of Visitation 278 · Occupation Broker · House Owned or Rented Owned · Value of Home 10,000 · Highest Grade Completed College, 2nd year · Class of Worker Working on own account · Weeks Worked in 1939 52 · Household Members B M Smith 55 Head, Charles Smith 48 Wife, Edward M Smith 25 Son, Margaret E Smith 14 Daughter, Benjamon Smith 10 Son, Charette Smith 7 Daughter”",record,1885,census1930smith; census1940smith,"census listing, read against the sheet, which agrees; matched on the initials, Arlington and the trade: the Evening Star's B. M. Smith is a real-estate dealer with an office at 443 Columbia Pike, and this man is the one B. M. Smith in the county's index in either year who deals in real estate, living on Columbia Pike himself; the year is the census year less the age given, so within a year: “Name Benjamin M Smith · Birth Year abt 1885 · Gender Male · Race White · Age in 1930 45 · Birthplace Virginia · Marital Status Married · Relation to Head of House Head · Home in 1930 Arlington, Arlington, Virginia, USA · Street Address Columbia Pike · House Number 439 · Dwelling Number 99 · Family Number 105 · Home Owned or Rented Owned · Home Value 10, 000 · Radio Set Yes · Age at First Marriage 24 · Father's Birthplace Canada · Mother's Birthplace Virginia · Occupation Salesman · Industry Real Estate · Class of Worker Working on own account · Household Members Benjamin M Smith 45 Head, Charlotte M Smith 38 Wife, Edward M Smith 16 Son, Margaret E Smith 4 Daughter, Benjamin M Smith 0 Son” | census listing, read against the sheet, which agrees; the household of census1930smith ten years on, the wife Charlotte and the children Edward M., Margaret E. and Benjamin; matched on the initials, Arlington and the trade: the Evening Star's B. M. Smith is a real-estate dealer with an office at 443 Columbia Pike, and this man is the one B. M. Smith in the county's index in either year who deals in real estate, living on Columbia Pike himself; the year is the census year less the age given, so within a year: “Name B M Smith · Age 55 · Estimated Birth Year abt 1885 · Gender Male · Race White · Birthplace Virginia · Marital Status Married · Relation to Head of House Head · Home in 1940 Arlington, Virginia · Street Columbia Pike · House Number 2908 · Inferred Residence in 1935 Arlington, Virginia · Sheet Number 9B · Number of Household in Order of Visitation 278 · Occupation Broker · House Owned or Rented Owned · Value of Home 10,000 · Highest Grade Completed College, 2nd year · Class of Worker Working on own account · Weeks Worked in 1939 52 · Household Members B M Smith 55 Head, Charles Smith 48 Wife, Edward M Smith 25 Son, Margaret E Smith 14 Daughter, Benjamon Smith 10 Son, Charette Smith 7 Daughter”",within a year,,unsourced,
Christopher B. Garnett,1,at large,1933,12,1935,12,23207,23232,appointment,,novack1994 p.4,"Appointed on Dec. 11, 1933.",White,census1940garnett,"census listing; read against the sheet, which agrees; the only Christopher B Garnett in the county's 1940 index: “Name Christopher B Garnett · Age 64 · Estimated Birth Year abt 1876 · Gender Male · Race White · Birthplace Virginia · Marital Status Married · Relation to Head of House Head · Home in 1940 Arlington, Virginia · Street Rock Spring Road · House Number 4503 · Farm No · Inferred Residence in 1935 Arlington, Virginia · Sheet Number 8B · Number of Household in Order of Visitation 147 · Occupation Lawyer · House Owned or Rented Owned”",man,census1940garnett,"census listing; read against the sheet, which agrees; the only Christopher B Garnett in the county's 1940 index: “Name Christopher B Garnett · Age 64 · Estimated Birth Year abt 1876 · Gender Male · Race White · Birthplace Virginia · Marital Status Married · Relation to Head of House Head · Home in 1940 Arlington, Virginia · Street Rock Spring Road · House Number 4503 · Farm No · Inferred Residence in 1935 Arlington, Virginia · Sheet Number 8B · Number of Household in Order of Visitation 147 · Occupation Lawyer · House Owned or Rented Owned”",record,1876,census1940garnett,"census listing; read against the sheet, which agrees; the only Christopher B Garnett in the county's 1940 index; the year is the census year less the age given, so within a year: “Name Christopher B Garnett · Age 64 · Estimated Birth Year abt 1876 · Gender Male · Race White · Birthplace Virginia · Marital Status Married · Relation to Head of House Head · Home in 1940 Arlington, Virginia · Street Rock Spring Road · House Number 4503 · Farm No · Inferred Residence in 1935 Arlington, Virginia · Sheet Number 8B · Number of Household in Order of Visitation 147 · Occupation Lawyer · House Owned or Rented Owned”",within a year,Democratic,star1933garnett,"stated directly, of the December 1933 appointment: “Judge Walter T. McCarthy of Circuit Court immediately announced the appointment of Christopher B. Garnett, a Democrat and former State official, as his successor.”"
W. A. E. McShea,1,at large,1934,11,1935,12,23218,23232,appointment,,novack1994 p.5; term boundaries from arlingtonelections2021,"Appointed on Nov. 8, 1934.",White,census1930mcshea,"census listing; the index gives William Mc Shea, the only W. McShea in Arlington in 1930; matched on the initial, the surname and Arlington: “Name William Mc Shea [William Mcshea] · Birth Year abt 1865 · Gender Male · Race White · Age in 1930 65 · Birthplace District of Columbia · Marital Status Married · Relation to Head of House Head · Home in 1930 Arlington, Arlington, Virginia, USA · Street Address York Street · House Number 100 · Dwelling Number 231 · Family Number 231 · Occupation Machinist · Industry U S Govt · Household Members William Mc Shea 65 Head, Margaret Mc Shea 64 Wife”",man,census1930mcshea,"census listing; the index gives William Mc Shea, the only W. McShea in Arlington in 1930; matched on the initial, the surname and Arlington: “Name William Mc Shea [William Mcshea] · Birth Year abt 1865 · Gender Male · Race White · Age in 1930 65 · Birthplace District of Columbia · Marital Status Married · Relation to Head of House Head · Home in 1930 Arlington, Arlington, Virginia, USA · Street Address York Street · House Number 100 · Dwelling Number 231 · Family Number 231 · Occupation Machinist · Industry U S Govt · Household Members William Mc Shea 65 Head, Margaret Mc Shea 64 Wife”",record,1865,census1930mcshea,"census listing; the index gives William Mc Shea, the only W. McShea in Arlington in 1930; matched on the initial, the surname and Arlington; the year is the census year less the age given, so within a year: “Name William Mc Shea [William Mcshea] · Birth Year abt 1865 · Gender Male · Race White · Age in 1930 65 · Birthplace District of Columbia · Marital Status Married · Relation to Head of House Head · Home in 1930 Arlington, Arlington, Virginia, USA · Street Address York Street · House Number 100 · Dwelling Number 231 · Family Number 231 · Occupation Machinist · Industry U S Govt · Household Members William Mc Shea 65 Head, Margaret Mc Shea 64 Wife”",within a year,,unsourced,
Elizabeth B. Magruder,2,at large,1936,1,1939,12,23232,23280,election,1935,novack1994 p.5; term boundaries from arlingtonelections2021,,White,census1940magruder; census1950magruder,"census listing; read against the sheet, which agrees: “Name Elizabeth B Magruder · Age 62 · Estimated Birth Year abt 1878 · Gender Female · Race White · Birthplace Virginia · Marital Status Widowed · Relation to Head of House Head · Home in 1940 Arlington, Virginia · Street 10th St North · House Number 3727 · Farm No · Inferred Residence in 1935 Arlington, Virginia · Sheet Number 2B · Number of Household in Order of Visitation 42 · Occupation County Board Member” | census listing; read against the sheet, which agrees; the only Elizabeth B Magruder in the county's 1950 index: “Name Elizabeth B Magruder · Age 72 · Birth Date abt 1878 · Gender Female · Race White · Birth Place Virginia · Marital Status Widowed · Relation to Head of House Head · Residence Date 1950 · Home in 1950 All Places, Arlington, Virginia, USA · Street Name N. 10th St. · Apartment Number 3727 · Dwelling Number 30 · Occupation Category Keeping House”",woman,inskeep1931 p.A-5; census1940magruder; census1950magruder,"press: Mrs. (""Mrs. Elizabeth Barron Magruder""), read on the page image, p. A-5: “They are Mrs. Elizabeth Barron Magruder and Lyman M. Kelly.” | census listing; read against the sheet, which agrees: “Name Elizabeth B Magruder · Age 62 · Estimated Birth Year abt 1878 · Gender Female · Race White · Birthplace Virginia · Marital Status Widowed · Relation to Head of House Head · Home in 1940 Arlington, Virginia · Street 10th St North · House Number 3727 · Farm No · Inferred Residence in 1935 Arlington, Virginia · Sheet Number 2B · Number of Household in Order of Visitation 42 · Occupation County Board Member” | census listing; read against the sheet, which agrees; the only Elizabeth B Magruder in the county's 1950 index: “Name Elizabeth B Magruder · Age 72 · Birth Date abt 1878 · Gender Female · Race White · Birth Place Virginia · Marital Status Widowed · Relation to Head of House Head · Residence Date 1950 · Home in 1950 All Places, Arlington, Virginia, USA · Street Name N. 10th St. · Apartment Number 3727 · Dwelling Number 30 · Occupation Category Keeping House”",press; record,1878,census1940magruder; census1950magruder,"census listing; read against the sheet, which agrees; the year is the census year less the age given, so within a year: “Name Elizabeth B Magruder · Age 62 · Estimated Birth Year abt 1878 · Gender Female · Race White · Birthplace Virginia · Marital Status Widowed · Relation to Head of House Head · Home in 1940 Arlington, Virginia · Street 10th St North · House Number 3727 · Farm No · Inferred Residence in 1935 Arlington, Virginia · Sheet Number 2B · Number of Household in Order of Visitation 42 · Occupation County Board Member” | census listing; read against the sheet, which agrees; the only Elizabeth B Magruder in the county's 1950 index; the year is the census year less the age given, so within a year: “Name Elizabeth B Magruder · Age 72 · Birth Date abt 1878 · Gender Female · Race White · Birth Place Virginia · Marital Status Widowed · Relation to Head of House Head · Residence Date 1950 · Home in 1950 All Places, Arlington, Virginia, USA · Street Name N. 10th St. · Apartment Number 3727 · Dwelling Number 30 · Occupation Category Keeping House”",within a year,,unsourced,
F. Freeland Chew,1,at large,1936,1,1939,12,23232,23280,election,1935,novack1994 p.2; term boundaries from arlingtonelections2021,,White,census1940chew; census1950chew,"census listing; read against the sheet, which agrees; the only F Freeland Chew in the county's 1940 index: “Name F Freeland Chew [F Treeland Chew] · Respondent Yes · Age 42 · Estimated Birth Year abt 1898 · Gender Male · Race White · Birthplace District of Columbia · Marital Status Married · Relation to Head of House Head · Home in 1940 Arlington, Virginia · Street Troy St (North) · Farm No · Inferred Residence in 1935 Arlington, Virginia · Sheet Number 21B · Number of Household in Order of Visitation 693 · Occupation Clerk · House Owned or Rented Rented” | census listing; read against the sheet, which agrees; the only Freeland Chew in the county's 1950 index: “Name Freeland Chew · Age 52 · Birth Date abt 1898 · Gender Male · Race White · Birth Place District of Columbia · Marital Status Married · Relation to Head of House Head · Residence Date 1950 · Home in 1950 All Places, Arlington, Virginia, USA · Street Name N Edison · House Number 1502 · Dwelling Number 18 · Occupation Reporter · Industry Senate · Worker Class Government”",man,census1940chew; census1950chew,"census listing; read against the sheet, which agrees; the only F Freeland Chew in the county's 1940 index: “Name F Freeland Chew [F Treeland Chew] · Respondent Yes · Age 42 · Estimated Birth Year abt 1898 · Gender Male · Race White · Birthplace District of Columbia · Marital Status Married · Relation to Head of House Head · Home in 1940 Arlington, Virginia · Street Troy St (North) · Farm No · Inferred Residence in 1935 Arlington, Virginia · Sheet Number 21B · Number of Household in Order of Visitation 693 · Occupation Clerk · House Owned or Rented Rented” | census listing; read against the sheet, which agrees; the only Freeland Chew in the county's 1950 index: “Name Freeland Chew · Age 52 · Birth Date abt 1898 · Gender Male · Race White · Birth Place District of Columbia · Marital Status Married · Relation to Head of House Head · Residence Date 1950 · Home in 1950 All Places, Arlington, Virginia, USA · Street Name N Edison · House Number 1502 · Dwelling Number 18 · Occupation Reporter · Industry Senate · Worker Class Government”",record,1898,census1940chew; census1950chew,"census listing; read against the sheet, which agrees; the only F Freeland Chew in the county's 1940 index; the year is the census year less the age given, so within a year: “Name F Freeland Chew [F Treeland Chew] · Respondent Yes · Age 42 · Estimated Birth Year abt 1898 · Gender Male · Race White · Birthplace District of Columbia · Marital Status Married · Relation to Head of House Head · Home in 1940 Arlington, Virginia · Street Troy St (North) · Farm No · Inferred Residence in 1935 Arlington, Virginia · Sheet Number 21B · Number of Household in Order of Visitation 693 · Occupation Clerk · House Owned or Rented Rented” | census listing; read against the sheet, which agrees; the only Freeland Chew in the county's 1950 index; the year is the census year less the age given, so within a year: “Name Freeland Chew · Age 52 · Birth Date abt 1898 · Gender Male · Race White · Birth Place District of Columbia · Marital Status Married · Relation to Head of House Head · Residence Date 1950 · Home in 1950 All Places, Arlington, Virginia, USA · Street Name N Edison · House Number 1502 · Dwelling Number 18 · Occupation Reporter · Industry Senate · Worker Class Government”",within a year,,unsourced,
George M. Yeatman,1,at large,1936,1,1939,12,23232,23280,election,1935,novack1994 p.6,,White,census1940yeatman,"census listing; read against the sheet, which agrees; the only George M Yeatman in the county's 1940 index: “Name George M Yeatman · Age 54 · Estimated Birth Year abt 1886 · Gender Male · Race White · Birthplace District of Columbia · Marital Status Married · Relation to Head of House Head · Home in 1940 Arlington, Virginia · Street N Pershing · House Number 3113 · Farm No · Inferred Residence in 1935 Arlington, Virginia · Sheet Number 12A · Number of Household in Order of Visitation 224 · Occupation Manager”",man,census1940yeatman,"census listing; read against the sheet, which agrees; the only George M Yeatman in the county's 1940 index: “Name George M Yeatman · Age 54 · Estimated Birth Year abt 1886 · Gender Male · Race White · Birthplace District of Columbia · Marital Status Married · Relation to Head of House Head · Home in 1940 Arlington, Virginia · Street N Pershing · House Number 3113 · Farm No · Inferred Residence in 1935 Arlington, Virginia · Sheet Number 12A · Number of Household in Order of Visitation 224 · Occupation Manager”",record,1886,census1940yeatman,"census listing; read against the sheet, which agrees; the only George M Yeatman in the county's 1940 index; the year is the census year less the age given, so within a year: “Name George M Yeatman · Age 54 · Estimated Birth Year abt 1886 · Gender Male · Race White · Birthplace District of Columbia · Marital Status Married · Relation to Head of House Head · Home in 1940 Arlington, Virginia · Street N Pershing · House Number 3113 · Farm No · Inferred Residence in 1935 Arlington, Virginia · Sheet Number 12A · Number of Household in Order of Visitation 224 · Occupation Manager”",within a year,,unsourced,
W. A. E. McShea,2,at large,1936,1,1939,12,23232,23280,election,1935,novack1994 p.5; term boundaries from arlingtonelections2021,,White,census1930mcshea,"census listing; the index gives William Mc Shea, the only W. McShea in Arlington in 1930; matched on the initial, the surname and Arlington: “Name William Mc Shea [William Mcshea] · Birth Year abt 1865 · Gender Male · Race White · Age in 1930 65 · Birthplace District of Columbia · Marital Status Married · Relation to Head of House Head · Home in 1930 Arlington, Arlington, Virginia, USA · Street Address York Street · House Number 100 · Dwelling Number 231 · Family Number 231 · Occupation Machinist · Industry U S Govt · Household Members William Mc Shea 65 Head, Margaret Mc Shea 64 Wife”",man,census1930mcshea,"census listing; the index gives William Mc Shea, the only W. McShea in Arlington in 1930; matched on the initial, the surname and Arlington: “Name William Mc Shea [William Mcshea] · Birth Year abt 1865 · Gender Male · Race White · Age in 1930 65 · Birthplace District of Columbia · Marital Status Married · Relation to Head of House Head · Home in 1930 Arlington, Arlington, Virginia, USA · Street Address York Street · House Number 100 · Dwelling Number 231 · Family Number 231 · Occupation Machinist · Industry U S Govt · Household Members William Mc Shea 65 Head, Margaret Mc Shea 64 Wife”",record,1865,census1930mcshea,"census listing; the index gives William Mc Shea, the only W. McShea in Arlington in 1930; matched on the initial, the surname and Arlington; the year is the census year less the age given, so within a year: “Name William Mc Shea [William Mcshea] · Birth Year abt 1865 · Gender Male · Race White · Age in 1930 65 · Birthplace District of Columbia · Marital Status Married · Relation to Head of House Head · Home in 1930 Arlington, Arlington, Virginia, USA · Street Address York Street · House Number 100 · Dwelling Number 231 · Family Number 231 · Occupation Machinist · Industry U S Govt · Household Members William Mc Shea 65 Head, Margaret Mc Shea 64 Wife”",within a year,,unsourced,
W. P. Ames,1,at large,1936,1,1939,12,23232,23280,election,1935,novack1994 p.2,,White,assumed,,man,assumed,,none,,unsourced,,,Republican,arlingtonelections2021 p.10,county lists (Rep.)
Basil M. DeLashmutt,1,at large,1940,1,1941,12,23280,23304,election,1939,novack1994 p.3; term boundaries from arlingtonelections2021,,White,census1930delashmutt,"census listing; matched on the name, Arlington and the occupation, civil engineer for Arlington County; born about 1903, the same year as Basil N. Delashmutt, 17, in Thomas J. DeLashmutt's 1920 household (census1920delashmutt) — the Arlington member of 1920-23, this Basil his son, not a different DeLashmutt: “Name Basil M Delashmutt · Birth Year abt 1903 · Gender Male · Race White · Age in 1930 27 · Birthplace Virginia · Marital Status Married · Relation to Head of House Head · Home in 1930 Washington, Arlington, Virginia, USA · Street Address Roch Spring Rd Jewell Station · House Number 201 · Dwelling Number 195 · Family Number 197 · Occupation Civil engineer · Industry Arlington County · Household Members Basil M Delashmutt 27 Head, Mary G Delashmutt 24 Wife”",man,census1930delashmutt,"census listing; matched on the name, Arlington and the occupation, civil engineer for Arlington County; born about 1903, the same year as Basil N. Delashmutt, 17, in Thomas J. DeLashmutt's 1920 household (census1920delashmutt) — the Arlington member of 1920-23, this Basil his son, not a different DeLashmutt: “Name Basil M Delashmutt · Birth Year abt 1903 · Gender Male · Race White · Age in 1930 27 · Birthplace Virginia · Marital Status Married · Relation to Head of House Head · Home in 1930 Washington, Arlington, Virginia, USA · Street Address Roch Spring Rd Jewell Station · House Number 201 · Dwelling Number 195 · Family Number 197 · Occupation Civil engineer · Industry Arlington County · Household Members Basil M Delashmutt 27 Head, Mary G Delashmutt 24 Wife”",record,1903,census1930delashmutt,"census listing; matched on the name, Arlington and the occupation, civil engineer for Arlington County; born about 1903, the same year as Basil N. Delashmutt, 17, in Thomas J. DeLashmutt's 1920 household (census1920delashmutt) — the Arlington member of 1920-23, this Basil his son, not a different DeLashmutt; the year is the census year less the age given, so within a year: “Name Basil M Delashmutt · Birth Year abt 1903 · Gender Male · Race White · Age in 1930 27 · Birthplace Virginia · Marital Status Married · Relation to Head of House Head · Home in 1930 Washington, Arlington, Virginia, USA · Street Address Roch Spring Rd Jewell Station · House Number 201 · Dwelling Number 195 · Family Number 197 · Occupation Civil engineer · Industry Arlington County · Household Members Basil M Delashmutt 27 Head, Mary G Delashmutt 24 Wife”",within a year,Democratic,arlingtonelections2021 p.12,
Edmund D. Campbell,1,at large,1940,1,1942,12,23280,23316,election,1939,novack1994 p.2; term boundaries from arlingtonelections2021,,White,census1940campbell; census1950campbell,"census listing; read against the sheet, which agrees; the Evening Star of 1947 prints the same street, North Glebe Road (field1947): “Name Edmund D Campbell · Age 41 · Estimated Birth Year abt 1899 · Gender Male · Race White · Birthplace Virginia · Marital Status Married · Relation to Head of House Head · Home in 1940 Arlington, Virginia · Street N Glebe Road · House Number 2912 · Farm No · Inferred Residence in 1935 Arlington, Virginia · Sheet Number 1A · Number of Household in Order of Visitation 3 · Occupation Lawyer · House Owned or Rented Rented” | census listing; read against the sheet, which agrees; the only Edmund D Campbell in the county's 1950 index: “Name Edmund D Campbell · Age 51 · Birth Date abt 1899 · Gender Male · Race White · Birth Place Virginia · Marital Status Married · Relation to Head of House Head · Residence Date 1950 · Home in 1950 All Places, Arlington, Virginia, USA · Street Name N Lake · House Number 2912 · Dwelling Number 18 · Occupation Lawyer · Industry Private Practice · Worker Class Private”",man,census1940campbell; census1950campbell,"census listing; read against the sheet, which agrees; the Evening Star of 1947 prints the same street, North Glebe Road (field1947): “Name Edmund D Campbell · Age 41 · Estimated Birth Year abt 1899 · Gender Male · Race White · Birthplace Virginia · Marital Status Married · Relation to Head of House Head · Home in 1940 Arlington, Virginia · Street N Glebe Road · House Number 2912 · Farm No · Inferred Residence in 1935 Arlington, Virginia · Sheet Number 1A · Number of Household in Order of Visitation 3 · Occupation Lawyer · House Owned or Rented Rented” | census listing; read against the sheet, which agrees; the only Edmund D Campbell in the county's 1950 index: “Name Edmund D Campbell · Age 51 · Birth Date abt 1899 · Gender Male · Race White · Birth Place Virginia · Marital Status Married · Relation to Head of House Head · Residence Date 1950 · Home in 1950 All Places, Arlington, Virginia, USA · Street Name N Lake · House Number 2912 · Dwelling Number 18 · Occupation Lawyer · Industry Private Practice · Worker Class Private”",record,1899,census1940campbell; census1950campbell,"census listing; read against the sheet, which agrees; the Evening Star of 1947 prints the same street, North Glebe Road (field1947); the year is the census year less the age given, so within a year: “Name Edmund D Campbell · Age 41 · Estimated Birth Year abt 1899 · Gender Male · Race White · Birthplace Virginia · Marital Status Married · Relation to Head of House Head · Home in 1940 Arlington, Virginia · Street N Glebe Road · House Number 2912 · Farm No · Inferred Residence in 1935 Arlington, Virginia · Sheet Number 1A · Number of Household in Order of Visitation 3 · Occupation Lawyer · House Owned or Rented Rented” | census listing; read against the sheet, which agrees; the only Edmund D Campbell in the county's 1950 index; the year is the census year less the age given, so within a year: “Name Edmund D Campbell · Age 51 · Birth Date abt 1899 · Gender Male · Race White · Birth Place Virginia · Marital Status Married · Relation to Head of House Head · Residence Date 1950 · Home in 1950 All Places, Arlington, Virginia, USA · Street Name N Lake · House Number 2912 · Dwelling Number 18 · Occupation Lawyer · Industry Private Practice · Worker Class Private”",within a year,Democratic,arlingtonelections2021 p.12,
Elizabeth B. Magruder,3,at large,1940,1,1943,12,23280,23328,election,1939,novack1994 p.5; term boundaries from arlingtonelections2021,,White,census1940magruder; census1950magruder,"census listing; read against the sheet, which agrees: “Name Elizabeth B Magruder · Age 62 · Estimated Birth Year abt 1878 · Gender Female · Race White · Birthplace Virginia · Marital Status Widowed · Relation to Head of House Head · Home in 1940 Arlington, Virginia · Street 10th St North · House Number 3727 · Farm No · Inferred Residence in 1935 Arlington, Virginia · Sheet Number 2B · Number of Household in Order of Visitation 42 · Occupation County Board Member” | census listing; read against the sheet, which agrees; the only Elizabeth B Magruder in the county's 1950 index: “Name Elizabeth B Magruder · Age 72 · Birth Date abt 1878 · Gender Female · Race White · Birth Place Virginia · Marital Status Widowed · Relation to Head of House Head · Residence Date 1950 · Home in 1950 All Places, Arlington, Virginia, USA · Street Name N. 10th St. · Apartment Number 3727 · Dwelling Number 30 · Occupation Category Keeping House”",woman,inskeep1931 p.A-5; census1940magruder; census1950magruder,"press: Mrs. (""Mrs. Elizabeth Barron Magruder""), read on the page image, p. A-5: “They are Mrs. Elizabeth Barron Magruder and Lyman M. Kelly.” | census listing; read against the sheet, which agrees: “Name Elizabeth B Magruder · Age 62 · Estimated Birth Year abt 1878 · Gender Female · Race White · Birthplace Virginia · Marital Status Widowed · Relation to Head of House Head · Home in 1940 Arlington, Virginia · Street 10th St North · House Number 3727 · Farm No · Inferred Residence in 1935 Arlington, Virginia · Sheet Number 2B · Number of Household in Order of Visitation 42 · Occupation County Board Member” | census listing; read against the sheet, which agrees; the only Elizabeth B Magruder in the county's 1950 index: “Name Elizabeth B Magruder · Age 72 · Birth Date abt 1878 · Gender Female · Race White · Birth Place Virginia · Marital Status Widowed · Relation to Head of House Head · Residence Date 1950 · Home in 1950 All Places, Arlington, Virginia, USA · Street Name N. 10th St. · Apartment Number 3727 · Dwelling Number 30 · Occupation Category Keeping House”",press; record,1878,census1940magruder; census1950magruder,"census listing; read against the sheet, which agrees; the year is the census year less the age given, so within a year: “Name Elizabeth B Magruder · Age 62 · Estimated Birth Year abt 1878 · Gender Female · Race White · Birthplace Virginia · Marital Status Widowed · Relation to Head of House Head · Home in 1940 Arlington, Virginia · Street 10th St North · House Number 3727 · Farm No · Inferred Residence in 1935 Arlington, Virginia · Sheet Number 2B · Number of Household in Order of Visitation 42 · Occupation County Board Member” | census listing; read against the sheet, which agrees; the only Elizabeth B Magruder in the county's 1950 index; the year is the census year less the age given, so within a year: “Name Elizabeth B Magruder · Age 72 · Birth Date abt 1878 · Gender Female · Race White · Birth Place Virginia · Marital Status Widowed · Relation to Head of House Head · Residence Date 1950 · Home in 1950 All Places, Arlington, Virginia, USA · Street Name N. 10th St. · Apartment Number 3727 · Dwelling Number 30 · Occupation Category Keeping House”",within a year,Democratic,arlingtonelections2021 p.12,
F. Freeland Chew,2,at large,1940,1,1943,12,23280,23328,election,1939,novack1994 p.2; term boundaries from arlingtonelections2021,,White,census1940chew; census1950chew,"census listing; read against the sheet, which agrees; the only F Freeland Chew in the county's 1940 index: “Name F Freeland Chew [F Treeland Chew] · Respondent Yes · Age 42 · Estimated Birth Year abt 1898 · Gender Male · Race White · Birthplace District of Columbia · Marital Status Married · Relation to Head of House Head · Home in 1940 Arlington, Virginia · Street Troy St (North) · Farm No · Inferred Residence in 1935 Arlington, Virginia · Sheet Number 21B · Number of Household in Order of Visitation 693 · Occupation Clerk · House Owned or Rented Rented” | census listing; read against the sheet, which agrees; the only Freeland Chew in the county's 1950 index: “Name Freeland Chew · Age 52 · Birth Date abt 1898 · Gender Male · Race White · Birth Place District of Columbia · Marital Status Married · Relation to Head of House Head · Residence Date 1950 · Home in 1950 All Places, Arlington, Virginia, USA · Street Name N Edison · House Number 1502 · Dwelling Number 18 · Occupation Reporter · Industry Senate · Worker Class Government”",man,census1940chew; census1950chew,"census listing; read against the sheet, which agrees; the only F Freeland Chew in the county's 1940 index: “Name F Freeland Chew [F Treeland Chew] · Respondent Yes · Age 42 · Estimated Birth Year abt 1898 · Gender Male · Race White · Birthplace District of Columbia · Marital Status Married · Relation to Head of House Head · Home in 1940 Arlington, Virginia · Street Troy St (North) · Farm No · Inferred Residence in 1935 Arlington, Virginia · Sheet Number 21B · Number of Household in Order of Visitation 693 · Occupation Clerk · House Owned or Rented Rented” | census listing; read against the sheet, which agrees; the only Freeland Chew in the county's 1950 index: “Name Freeland Chew · Age 52 · Birth Date abt 1898 · Gender Male · Race White · Birth Place District of Columbia · Marital Status Married · Relation to Head of House Head · Residence Date 1950 · Home in 1950 All Places, Arlington, Virginia, USA · Street Name N Edison · House Number 1502 · Dwelling Number 18 · Occupation Reporter · Industry Senate · Worker Class Government”",record,1898,census1940chew; census1950chew,"census listing; read against the sheet, which agrees; the only F Freeland Chew in the county's 1940 index; the year is the census year less the age given, so within a year: “Name F Freeland Chew [F Treeland Chew] · Respondent Yes · Age 42 · Estimated Birth Year abt 1898 · Gender Male · Race White · Birthplace District of Columbia · Marital Status Married · Relation to Head of House Head · Home in 1940 Arlington, Virginia · Street Troy St (North) · Farm No · Inferred Residence in 1935 Arlington, Virginia · Sheet Number 21B · Number of Household in Order of Visitation 693 · Occupation Clerk · House Owned or Rented Rented” | census listing; read against the sheet, which agrees; the only Freeland Chew in the county's 1950 index; the year is the census year less the age given, so within a year: “Name Freeland Chew · Age 52 · Birth Date abt 1898 · Gender Male · Race White · Birth Place District of Columbia · Marital Status Married · Relation to Head of House Head · Residence Date 1950 · Home in 1950 All Places, Arlington, Virginia, USA · Street Name N Edison · House Number 1502 · Dwelling Number 18 · Occupation Reporter · Industry Senate · Worker Class Government”",within a year,Democratic,arlingtonelections2021 p.12,
Leo C. Lloyd,1,at large,1940,1,1940,12,23280,23292,election,1939,novack1994 p.5; term boundaries from arlingtonelections2021,,White,census1940lloyd,"census listing; read against the sheet, which agrees; the only Leo C Lloyd in the county's 1940 index: “Name Leo C Lloyd · Respondent Yes · Age 50 · Estimated Birth Year abt 1890 · Gender Male · Race White · Birthplace District of Columbia · Marital Status Married · Relation to Head of House Head · Home in 1940 Arlington, Virginia · Street N Fillmore · House Number 1414 · Farm No · Inferred Residence in 1935 Arlington, Virginia · Residence in 1935 Virginia · Sheet Number 14A · Number of Household in Order of Visitation 28”",man,census1940lloyd,"census listing; read against the sheet, which agrees; the only Leo C Lloyd in the county's 1940 index: “Name Leo C Lloyd · Respondent Yes · Age 50 · Estimated Birth Year abt 1890 · Gender Male · Race White · Birthplace District of Columbia · Marital Status Married · Relation to Head of House Head · Home in 1940 Arlington, Virginia · Street N Fillmore · House Number 1414 · Farm No · Inferred Residence in 1935 Arlington, Virginia · Residence in 1935 Virginia · Sheet Number 14A · Number of Household in Order of Visitation 28”",record,1890,census1940lloyd,"census listing; read against the sheet, which agrees; the only Leo C Lloyd in the county's 1940 index; the year is the census year less the age given, so within a year: “Name Leo C Lloyd · Respondent Yes · Age 50 · Estimated Birth Year abt 1890 · Gender Male · Race White · Birthplace District of Columbia · Marital Status Married · Relation to Head of House Head · Home in 1940 Arlington, Virginia · Street N Fillmore · House Number 1414 · Farm No · Inferred Residence in 1935 Arlington, Virginia · Residence in 1935 Virginia · Sheet Number 14A · Number of Household in Order of Visitation 28”",within a year,Democratic,arlingtonelections2021 p.12,
Leo C. Lloyd,2,at large,1941,1,1944,12,23292,23340,election,1940,novack1994 p.5; term boundaries from arlingtonelections2021,,White,census1940lloyd,"census listing; read against the sheet, which agrees; the only Leo C Lloyd in the county's 1940 index: “Name Leo C Lloyd · Respondent Yes · Age 50 · Estimated Birth Year abt 1890 · Gender Male · Race White · Birthplace District of Columbia · Marital Status Married · Relation to Head of House Head · Home in 1940 Arlington, Virginia · Street N Fillmore · House Number 1414 · Farm No · Inferred Residence in 1935 Arlington, Virginia · Residence in 1935 Virginia · Sheet Number 14A · Number of Household in Order of Visitation 28”",man,census1940lloyd,"census listing; read against the sheet, which agrees; the only Leo C Lloyd in the county's 1940 index: “Name Leo C Lloyd · Respondent Yes · Age 50 · Estimated Birth Year abt 1890 · Gender Male · Race White · Birthplace District of Columbia · Marital Status Married · Relation to Head of House Head · Home in 1940 Arlington, Virginia · Street N Fillmore · House Number 1414 · Farm No · Inferred Residence in 1935 Arlington, Virginia · Residence in 1935 Virginia · Sheet Number 14A · Number of Household in Order of Visitation 28”",record,1890,census1940lloyd,"census listing; read against the sheet, which agrees; the only Leo C Lloyd in the county's 1940 index; the year is the census year less the age given, so within a year: “Name Leo C Lloyd · Respondent Yes · Age 50 · Estimated Birth Year abt 1890 · Gender Male · Race White · Birthplace District of Columbia · Marital Status Married · Relation to Head of House Head · Home in 1940 Arlington, Virginia · Street N Fillmore · House Number 1414 · Farm No · Inferred Residence in 1935 Arlington, Virginia · Residence in 1935 Virginia · Sheet Number 14A · Number of Household in Order of Visitation 28”",within a year,Democratic,arlingtonelections2021 p.12,
Basil M. DeLashmutt,2,at large,1942,1,1945,12,23304,23352,election,1941,novack1994 p.3; term boundaries from arlingtonelections2021,,White,census1930delashmutt,"census listing; matched on the name, Arlington and the occupation, civil engineer for Arlington County; born about 1903, the same year as Basil N. Delashmutt, 17, in Thomas J. DeLashmutt's 1920 household (census1920delashmutt) — the Arlington member of 1920-23, this Basil his son, not a different DeLashmutt: “Name Basil M Delashmutt · Birth Year abt 1903 · Gender Male · Race White · Age in 1930 27 · Birthplace Virginia · Marital Status Married · Relation to Head of House Head · Home in 1930 Washington, Arlington, Virginia, USA · Street Address Roch Spring Rd Jewell Station · House Number 201 · Dwelling Number 195 · Family Number 197 · Occupation Civil engineer · Industry Arlington County · Household Members Basil M Delashmutt 27 Head, Mary G Delashmutt 24 Wife”",man,census1930delashmutt,"census listing; matched on the name, Arlington and the occupation, civil engineer for Arlington County; born about 1903, the same year as Basil N. Delashmutt, 17, in Thomas J. DeLashmutt's 1920 household (census1920delashmutt) — the Arlington member of 1920-23, this Basil his son, not a different DeLashmutt: “Name Basil M Delashmutt · Birth Year abt 1903 · Gender Male · Race White · Age in 1930 27 · Birthplace Virginia · Marital Status Married · Relation to Head of House Head · Home in 1930 Washington, Arlington, Virginia, USA · Street Address Roch Spring Rd Jewell Station · House Number 201 · Dwelling Number 195 · Family Number 197 · Occupation Civil engineer · Industry Arlington County · Household Members Basil M Delashmutt 27 Head, Mary G Delashmutt 24 Wife”",record,1903,census1930delashmutt,"census listing; matched on the name, Arlington and the occupation, civil engineer for Arlington County; born about 1903, the same year as Basil N. Delashmutt, 17, in Thomas J. DeLashmutt's 1920 household (census1920delashmutt) — the Arlington member of 1920-23, this Basil his son, not a different DeLashmutt; the year is the census year less the age given, so within a year: “Name Basil M Delashmutt · Birth Year abt 1903 · Gender Male · Race White · Age in 1930 27 · Birthplace Virginia · Marital Status Married · Relation to Head of House Head · Home in 1930 Washington, Arlington, Virginia, USA · Street Address Roch Spring Rd Jewell Station · House Number 201 · Dwelling Number 195 · Family Number 197 · Occupation Civil engineer · Industry Arlington County · Household Members Basil M Delashmutt 27 Head, Mary G Delashmutt 24 Wife”",within a year,Democratic,sun1941delashmutt,"stated directly, of the 1941 election: “To date Basil M. DeLashmutt, Democratic incumbent, is unopposed for the county board.”"
Edmund D. Campbell,2,at large,1943,1,1946,12,23316,23364,election,1942,novack1994 p.2; term boundaries from arlingtonelections2021,,White,census1940campbell; census1950campbell,"census listing; read against the sheet, which agrees; the Evening Star of 1947 prints the same street, North Glebe Road (field1947): “Name Edmund D Campbell · Age 41 · Estimated Birth Year abt 1899 · Gender Male · Race White · Birthplace Virginia · Marital Status Married · Relation to Head of House Head · Home in 1940 Arlington, Virginia · Street N Glebe Road · House Number 2912 · Farm No · Inferred Residence in 1935 Arlington, Virginia · Sheet Number 1A · Number of Household in Order of Visitation 3 · Occupation Lawyer · House Owned or Rented Rented” | census listing; read against the sheet, which agrees; the only Edmund D Campbell in the county's 1950 index: “Name Edmund D Campbell · Age 51 · Birth Date abt 1899 · Gender Male · Race White · Birth Place Virginia · Marital Status Married · Relation to Head of House Head · Residence Date 1950 · Home in 1950 All Places, Arlington, Virginia, USA · Street Name N Lake · House Number 2912 · Dwelling Number 18 · Occupation Lawyer · Industry Private Practice · Worker Class Private”",man,census1940campbell; census1950campbell,"census listing; read against the sheet, which agrees; the Evening Star of 1947 prints the same street, North Glebe Road (field1947): “Name Edmund D Campbell · Age 41 · Estimated Birth Year abt 1899 · Gender Male · Race White · Birthplace Virginia · Marital Status Married · Relation to Head of House Head · Home in 1940 Arlington, Virginia · Street N Glebe Road · House Number 2912 · Farm No · Inferred Residence in 1935 Arlington, Virginia · Sheet Number 1A · Number of Household in Order of Visitation 3 · Occupation Lawyer · House Owned or Rented Rented” | census listing; read against the sheet, which agrees; the only Edmund D Campbell in the county's 1950 index: “Name Edmund D Campbell · Age 51 · Birth Date abt 1899 · Gender Male · Race White · Birth Place Virginia · Marital Status Married · Relation to Head of House Head · Residence Date 1950 · Home in 1950 All Places, Arlington, Virginia, USA · Street Name N Lake · House Number 2912 · Dwelling Number 18 · Occupation Lawyer · Industry Private Practice · Worker Class Private”",record,1899,census1940campbell; census1950campbell,"census listing; read against the sheet, which agrees; the Evening Star of 1947 prints the same street, North Glebe Road (field1947); the year is the census year less the age given, so within a year: “Name Edmund D Campbell · Age 41 · Estimated Birth Year abt 1899 · Gender Male · Race White · Birthplace Virginia · Marital Status Married · Relation to Head of House Head · Home in 1940 Arlington, Virginia · Street N Glebe Road · House Number 2912 · Farm No · Inferred Residence in 1935 Arlington, Virginia · Sheet Number 1A · Number of Household in Order of Visitation 3 · Occupation Lawyer · House Owned or Rented Rented” | census listing; read against the sheet, which agrees; the only Edmund D Campbell in the county's 1950 index; the year is the census year less the age given, so within a year: “Name Edmund D Campbell · Age 51 · Birth Date abt 1899 · Gender Male · Race White · Birth Place Virginia · Marital Status Married · Relation to Head of House Head · Residence Date 1950 · Home in 1950 All Places, Arlington, Virginia, USA · Street Name N Lake · House Number 2912 · Dwelling Number 18 · Occupation Lawyer · Industry Private Practice · Worker Class Private”",within a year,Democratic,sun1942campbell,"stated directly: the Democratic filing closed with Campbell the only filer, of the 1942 election: “Though as yet no one has announced his candidacy for the seat on the County Board for which Edmund D. Campbell has no opposition in the forthcoming Democratic Primary … Mr. Campbell … had no Democratic opposition when the deadline for filing at midnight June 5 passed.”"
Elizabeth B. Magruder,4,at large,1944,1,1947,5,23328,23368,election,1943,novack1994 p.5; term boundaries from arlingtonelections2021,Left during 1947; the month is that of the appointment that filled the seat.,White,census1940magruder; census1950magruder,"census listing; read against the sheet, which agrees: “Name Elizabeth B Magruder · Age 62 · Estimated Birth Year abt 1878 · Gender Female · Race White · Birthplace Virginia · Marital Status Widowed · Relation to Head of House Head · Home in 1940 Arlington, Virginia · Street 10th St North · House Number 3727 · Farm No · Inferred Residence in 1935 Arlington, Virginia · Sheet Number 2B · Number of Household in Order of Visitation 42 · Occupation County Board Member” | census listing; read against the sheet, which agrees; the only Elizabeth B Magruder in the county's 1950 index: “Name Elizabeth B Magruder · Age 72 · Birth Date abt 1878 · Gender Female · Race White · Birth Place Virginia · Marital Status Widowed · Relation to Head of House Head · Residence Date 1950 · Home in 1950 All Places, Arlington, Virginia, USA · Street Name N. 10th St. · Apartment Number 3727 · Dwelling Number 30 · Occupation Category Keeping House”",woman,inskeep1931 p.A-5; census1940magruder; census1950magruder,"press: Mrs. (""Mrs. Elizabeth Barron Magruder""), read on the page image, p. A-5: “They are Mrs. Elizabeth Barron Magruder and Lyman M. Kelly.” | census listing; read against the sheet, which agrees: “Name Elizabeth B Magruder · Age 62 · Estimated Birth Year abt 1878 · Gender Female · Race White · Birthplace Virginia · Marital Status Widowed · Relation to Head of House Head · Home in 1940 Arlington, Virginia · Street 10th St North · House Number 3727 · Farm No · Inferred Residence in 1935 Arlington, Virginia · Sheet Number 2B · Number of Household in Order of Visitation 42 · Occupation County Board Member” | census listing; read against the sheet, which agrees; the only Elizabeth B Magruder in the county's 1950 index: “Name Elizabeth B Magruder · Age 72 · Birth Date abt 1878 · Gender Female · Race White · Birth Place Virginia · Marital Status Widowed · Relation to Head of House Head · Residence Date 1950 · Home in 1950 All Places, Arlington, Virginia, USA · Street Name N. 10th St. · Apartment Number 3727 · Dwelling Number 30 · Occupation Category Keeping House”",press; record,1878,census1940magruder; census1950magruder,"census listing; read against the sheet, which agrees; the year is the census year less the age given, so within a year: “Name Elizabeth B Magruder · Age 62 · Estimated Birth Year abt 1878 · Gender Female · Race White · Birthplace Virginia · Marital Status Widowed · Relation to Head of House Head · Home in 1940 Arlington, Virginia · Street 10th St North · House Number 3727 · Farm No · Inferred Residence in 1935 Arlington, Virginia · Sheet Number 2B · Number of Household in Order of Visitation 42 · Occupation County Board Member” | census listing; read against the sheet, which agrees; the only Elizabeth B Magruder in the county's 1950 index; the year is the census year less the age given, so within a year: “Name Elizabeth B Magruder · Age 72 · Birth Date abt 1878 · Gender Female · Race White · Birth Place Virginia · Marital Status Widowed · Relation to Head of House Head · Residence Date 1950 · Home in 1950 All Places, Arlington, Virginia, USA · Street Name N. 10th St. · Apartment Number 3727 · Dwelling Number 30 · Occupation Category Keeping House”",within a year,Democratic,arlingtonelections2021 p.13,
F. Freeland Chew,3,at large,1944,1,1947,12,23328,23376,election,1943,novack1994 p.2; term boundaries from arlingtonelections2021,,White,census1940chew; census1950chew,"census listing; read against the sheet, which agrees; the only F Freeland Chew in the county's 1940 index: “Name F Freeland Chew [F Treeland Chew] · Respondent Yes · Age 42 · Estimated Birth Year abt 1898 · Gender Male · Race White · Birthplace District of Columbia · Marital Status Married · Relation to Head of House Head · Home in 1940 Arlington, Virginia · Street Troy St (North) · Farm No · Inferred Residence in 1935 Arlington, Virginia · Sheet Number 21B · Number of Household in Order of Visitation 693 · Occupation Clerk · House Owned or Rented Rented” | census listing; read against the sheet, which agrees; the only Freeland Chew in the county's 1950 index: “Name Freeland Chew · Age 52 · Birth Date abt 1898 · Gender Male · Race White · Birth Place District of Columbia · Marital Status Married · Relation to Head of House Head · Residence Date 1950 · Home in 1950 All Places, Arlington, Virginia, USA · Street Name N Edison · House Number 1502 · Dwelling Number 18 · Occupation Reporter · Industry Senate · Worker Class Government”",man,census1940chew; census1950chew,"census listing; read against the sheet, which agrees; the only F Freeland Chew in the county's 1940 index: “Name F Freeland Chew [F Treeland Chew] · Respondent Yes · Age 42 · Estimated Birth Year abt 1898 · Gender Male · Race White · Birthplace District of Columbia · Marital Status Married · Relation to Head of House Head · Home in 1940 Arlington, Virginia · Street Troy St (North) · Farm No · Inferred Residence in 1935 Arlington, Virginia · Sheet Number 21B · Number of Household in Order of Visitation 693 · Occupation Clerk · House Owned or Rented Rented” | census listing; read against the sheet, which agrees; the only Freeland Chew in the county's 1950 index: “Name Freeland Chew · Age 52 · Birth Date abt 1898 · Gender Male · Race White · Birth Place District of Columbia · Marital Status Married · Relation to Head of House Head · Residence Date 1950 · Home in 1950 All Places, Arlington, Virginia, USA · Street Name N Edison · House Number 1502 · Dwelling Number 18 · Occupation Reporter · Industry Senate · Worker Class Government”",record,1898,census1940chew; census1950chew,"census listing; read against the sheet, which agrees; the only F Freeland Chew in the county's 1940 index; the year is the census year less the age given, so within a year: “Name F Freeland Chew [F Treeland Chew] · Respondent Yes · Age 42 · Estimated Birth Year abt 1898 · Gender Male · Race White · Birthplace District of Columbia · Marital Status Married · Relation to Head of House Head · Home in 1940 Arlington, Virginia · Street Troy St (North) · Farm No · Inferred Residence in 1935 Arlington, Virginia · Sheet Number 21B · Number of Household in Order of Visitation 693 · Occupation Clerk · House Owned or Rented Rented” | census listing; read against the sheet, which agrees; the only Freeland Chew in the county's 1950 index; the year is the census year less the age given, so within a year: “Name Freeland Chew · Age 52 · Birth Date abt 1898 · Gender Male · Race White · Birth Place District of Columbia · Marital Status Married · Relation to Head of House Head · Residence Date 1950 · Home in 1950 All Places, Arlington, Virginia, USA · Street Name N Edison · House Number 1502 · Dwelling Number 18 · Occupation Reporter · Industry Senate · Worker Class Government”",within a year,Democratic,arlingtonelections2021 p.13,
Leo C. Lloyd,3,at large,1945,1,1947,11,23340,23374,election,1944,novack1994 p.5; term boundaries from arlingtonelections2021,"Died in office on Nov. 3, 1947.",White,census1940lloyd,"census listing; read against the sheet, which agrees; the only Leo C Lloyd in the county's 1940 index: “Name Leo C Lloyd · Respondent Yes · Age 50 · Estimated Birth Year abt 1890 · Gender Male · Race White · Birthplace District of Columbia · Marital Status Married · Relation to Head of House Head · Home in 1940 Arlington, Virginia · Street N Fillmore · House Number 1414 · Farm No · Inferred Residence in 1935 Arlington, Virginia · Residence in 1935 Virginia · Sheet Number 14A · Number of Household in Order of Visitation 28”",man,census1940lloyd,"census listing; read against the sheet, which agrees; the only Leo C Lloyd in the county's 1940 index: “Name Leo C Lloyd · Respondent Yes · Age 50 · Estimated Birth Year abt 1890 · Gender Male · Race White · Birthplace District of Columbia · Marital Status Married · Relation to Head of House Head · Home in 1940 Arlington, Virginia · Street N Fillmore · House Number 1414 · Farm No · Inferred Residence in 1935 Arlington, Virginia · Residence in 1935 Virginia · Sheet Number 14A · Number of Household in Order of Visitation 28”",record,1890,census1940lloyd,"census listing; read against the sheet, which agrees; the only Leo C Lloyd in the county's 1940 index; the year is the census year less the age given, so within a year: “Name Leo C Lloyd · Respondent Yes · Age 50 · Estimated Birth Year abt 1890 · Gender Male · Race White · Birthplace District of Columbia · Marital Status Married · Relation to Head of House Head · Home in 1940 Arlington, Virginia · Street N Fillmore · House Number 1414 · Farm No · Inferred Residence in 1935 Arlington, Virginia · Residence in 1935 Virginia · Sheet Number 14A · Number of Household in Order of Visitation 28”",within a year,Democratic,sun1944lloyd,"stated directly, of the 1944 election: “Leo Lloyd, Incumbent, won the Democratic nomination Tuesday for the County Board.”"
Basil M. DeLashmutt,3,at large,1946,1,1949,12,23352,23400,election,1945,novack1994 p.3; term boundaries from arlingtonelections2021,,White,census1930delashmutt,"census listing; matched on the name, Arlington and the occupation, civil engineer for Arlington County; born about 1903, the same year as Basil N. Delashmutt, 17, in Thomas J. DeLashmutt's 1920 household (census1920delashmutt) — the Arlington member of 1920-23, this Basil his son, not a different DeLashmutt: “Name Basil M Delashmutt · Birth Year abt 1903 · Gender Male · Race White · Age in 1930 27 · Birthplace Virginia · Marital Status Married · Relation to Head of House Head · Home in 1930 Washington, Arlington, Virginia, USA · Street Address Roch Spring Rd Jewell Station · House Number 201 · Dwelling Number 195 · Family Number 197 · Occupation Civil engineer · Industry Arlington County · Household Members Basil M Delashmutt 27 Head, Mary G Delashmutt 24 Wife”",man,census1930delashmutt,"census listing; matched on the name, Arlington and the occupation, civil engineer for Arlington County; born about 1903, the same year as Basil N. Delashmutt, 17, in Thomas J. DeLashmutt's 1920 household (census1920delashmutt) — the Arlington member of 1920-23, this Basil his son, not a different DeLashmutt: “Name Basil M Delashmutt · Birth Year abt 1903 · Gender Male · Race White · Age in 1930 27 · Birthplace Virginia · Marital Status Married · Relation to Head of House Head · Home in 1930 Washington, Arlington, Virginia, USA · Street Address Roch Spring Rd Jewell Station · House Number 201 · Dwelling Number 195 · Family Number 197 · Occupation Civil engineer · Industry Arlington County · Household Members Basil M Delashmutt 27 Head, Mary G Delashmutt 24 Wife”",record,1903,census1930delashmutt,"census listing; matched on the name, Arlington and the occupation, civil engineer for Arlington County; born about 1903, the same year as Basil N. Delashmutt, 17, in Thomas J. DeLashmutt's 1920 household (census1920delashmutt) — the Arlington member of 1920-23, this Basil his son, not a different DeLashmutt; the year is the census year less the age given, so within a year: “Name Basil M Delashmutt · Birth Year abt 1903 · Gender Male · Race White · Age in 1930 27 · Birthplace Virginia · Marital Status Married · Relation to Head of House Head · Home in 1930 Washington, Arlington, Virginia, USA · Street Address Roch Spring Rd Jewell Station · House Number 201 · Dwelling Number 195 · Family Number 197 · Occupation Civil engineer · Industry Arlington County · Household Members Basil M Delashmutt 27 Head, Mary G Delashmutt 24 Wife”",within a year,Democratic,arlingtonelections2021 p.14,
Daniel A. Dugan,1,at large,1947,1,1950,12,23364,23412,election,1946,novack1994 p.3; term boundaries from arlingtonelections2021,,White,census1940dugan,"census listing; the index reads the name as Dan A Dugan, aged 23; matched on the name and Arlington; the only Dan A Dugan in the county's 1940 index: “Name Dan A Dugan · Respondent Yes · Age 23 · Estimated Birth Year abt 1917 · Gender Male · Race White · Birthplace District of Columbia · Marital Status Single · Relation to Head of House Son · Home in 1940 Arlington, Virginia · Street N Green Broad Street · House Number 708 · Inferred Residence in 1935 Arlington, Virginia · Sheet Number 10B · Occupation Artist · Usual Industry Legal Services · Household Members Jeremiah Dugan 51 Head, Esther A Dugan 45 Wife, Dan A Dugan 23 Son, Mary J Dugan 14 Daughter, Gayle Mathews 22 Son-in-law, Dorothy Mathews 18 Daughter”",man,census1940dugan,"census listing; the index reads the name as Dan A Dugan, aged 23; matched on the name and Arlington; the only Dan A Dugan in the county's 1940 index: “Name Dan A Dugan · Respondent Yes · Age 23 · Estimated Birth Year abt 1917 · Gender Male · Race White · Birthplace District of Columbia · Marital Status Single · Relation to Head of House Son · Home in 1940 Arlington, Virginia · Street N Green Broad Street · House Number 708 · Inferred Residence in 1935 Arlington, Virginia · Sheet Number 10B · Occupation Artist · Usual Industry Legal Services · Household Members Jeremiah Dugan 51 Head, Esther A Dugan 45 Wife, Dan A Dugan 23 Son, Mary J Dugan 14 Daughter, Gayle Mathews 22 Son-in-law, Dorothy Mathews 18 Daughter”",record,1917,census1940dugan,"census listing; the index reads the name as Dan A Dugan, aged 23; matched on the name and Arlington; the only Dan A Dugan in the county's 1940 index; the year is the census year less the age given, so within a year: “Name Dan A Dugan · Respondent Yes · Age 23 · Estimated Birth Year abt 1917 · Gender Male · Race White · Birthplace District of Columbia · Marital Status Single · Relation to Head of House Son · Home in 1940 Arlington, Virginia · Street N Green Broad Street · House Number 708 · Inferred Residence in 1935 Arlington, Virginia · Sheet Number 10B · Occupation Artist · Usual Industry Legal Services · Household Members Jeremiah Dugan 51 Head, Esther A Dugan 45 Wife, Dan A Dugan 23 Son, Mary J Dugan 14 Daughter, Gayle Mathews 22 Son-in-law, Dorothy Mathews 18 Daughter”",within a year,Republican,mccaffrey2026a,"county lists (I) | ran as an independent; the Republican committee fielded no candidate and endorsed him: “Arlington's GOP had not fielded a candidate but, in shades of John Vihstadt's 2014 campaign, opted to endorse Dugan's independent candidacy.”"
Harry W. Cuppett,1,at large,1947,5,1947,12,23368,23376,appointment,,novack1994 p.3,"Appointed on May 17, 1947.",White,census1950cuppett,"census listing; read against the sheet, which agrees; the Daily Sun and the Sun of 1947 print the same house, 1011 North Stafford Street (tad1947cuppett, sun1947candidates): “Name Harry W Cuppett · Age 58 · Birth Date abt 1892 · Gender Male · Race White · Birth Place District of Columbia · Marital Status Married · Relation to Head of House Head · Residence Date 1950 · Home in 1950 All Places, Arlington, Virginia, USA · Street Name Stafford · House Number 1011 · Dwelling Number 108 · Inferred Previous Residence Place All Places, Arlington, Virginia · Occupation Owner and Manager · Industry Retail Hardware Store”",man,census1950cuppett,"census listing; read against the sheet, which agrees; the Daily Sun and the Sun of 1947 print the same house, 1011 North Stafford Street (tad1947cuppett, sun1947candidates): “Name Harry W Cuppett · Age 58 · Birth Date abt 1892 · Gender Male · Race White · Birth Place District of Columbia · Marital Status Married · Relation to Head of House Head · Residence Date 1950 · Home in 1950 All Places, Arlington, Virginia, USA · Street Name Stafford · House Number 1011 · Dwelling Number 108 · Inferred Previous Residence Place All Places, Arlington, Virginia · Occupation Owner and Manager · Industry Retail Hardware Store”",record,1892,census1950cuppett,"census listing; read against the sheet, which agrees; the Daily Sun and the Sun of 1947 print the same house, 1011 North Stafford Street (tad1947cuppett, sun1947candidates); the year is the census year less the age given, so within a year: “Name Harry W Cuppett · Age 58 · Birth Date abt 1892 · Gender Male · Race White · Birth Place District of Columbia · Marital Status Married · Relation to Head of House Head · Residence Date 1950 · Home in 1950 All Places, Arlington, Virginia, USA · Street Name Stafford · House Number 1011 · Dwelling Number 108 · Inferred Previous Residence Place All Places, Arlington, Virginia · Occupation Owner and Manager · Industry Retail Hardware Store”",within a year,Democratic,sun1947cuppett,"stated directly, of the appointee's own party; he was appointed in May 1947 and announced for the November election: “A member of the Democratic Party, Mr. Cuppett said the appointment came as a ‘complete surprise.’”"
Alfred E. Frisbie,1,at large,1947,11,1947,12,23374,23376,appointment,,novack1994 p.4; term boundaries from arlingtonelections2021,"Appointed on Nov. 26, 1947.",White,census1950frisbie,"census listing; read against the sheet, which agrees; the Daily Sun of 1947 prints the same house, 636 25th Street South (tad1947frisbie): “Name Alfred E Frisbie · Age 38 · Birth Date abt 1912 · Gender Male · Race White · Birth Place New York · Marital Status Married · Relation to Head of House Head · Residence Date 1950 · Home in 1950 All Places, Arlington, Virginia, USA · Street Name South 25th Street · House Number 636 · Dwelling Number 146 · Occupation Stock Broker · Industry Stock Book Company · Household Members Alfred E Frisbie 38 Head, Minnie D Frisbie 38 Wife”",man,census1950frisbie,"census listing; read against the sheet, which agrees; the Daily Sun of 1947 prints the same house, 636 25th Street South (tad1947frisbie): “Name Alfred E Frisbie · Age 38 · Birth Date abt 1912 · Gender Male · Race White · Birth Place New York · Marital Status Married · Relation to Head of House Head · Residence Date 1950 · Home in 1950 All Places, Arlington, Virginia, USA · Street Name South 25th Street · House Number 636 · Dwelling Number 146 · Occupation Stock Broker · Industry Stock Book Company · Household Members Alfred E Frisbie 38 Head, Minnie D Frisbie 38 Wife”",record,1912,census1950frisbie,"census listing; read against the sheet, which agrees; the Daily Sun of 1947 prints the same house, 636 25th Street South (tad1947frisbie); the year is the census year less the age given, so within a year: “Name Alfred E Frisbie · Age 38 · Birth Date abt 1912 · Gender Male · Race White · Birth Place New York · Marital Status Married · Relation to Head of House Head · Residence Date 1950 · Home in 1950 All Places, Arlington, Virginia, USA · Street Name South 25th Street · House Number 636 · Dwelling Number 146 · Occupation Stock Broker · Industry Stock Book Company · Household Members Alfred E Frisbie 38 Head, Minnie D Frisbie 38 Wife”",within a year,Democratic,sun1947frisbie,"stated directly, of the November 1947 appointment: “He is a member of the Arlington Democratic Executive Committee, a member of the Jefferson Civic League, which endorsed his appointment …”"
Alfred E. Frisbie,2,at large,1948,1,1948,12,23376,23388,appointment,,novack1994 p.4; term boundaries from arlingtonelections2021,,White,census1950frisbie,"census listing; read against the sheet, which agrees; the Daily Sun of 1947 prints the same house, 636 25th Street South (tad1947frisbie): “Name Alfred E Frisbie · Age 38 · Birth Date abt 1912 · Gender Male · Race White · Birth Place New York · Marital Status Married · Relation to Head of House Head · Residence Date 1950 · Home in 1950 All Places, Arlington, Virginia, USA · Street Name South 25th Street · House Number 636 · Dwelling Number 146 · Occupation Stock Broker · Industry Stock Book Company · Household Members Alfred E Frisbie 38 Head, Minnie D Frisbie 38 Wife”",man,census1950frisbie,"census listing; read against the sheet, which agrees; the Daily Sun of 1947 prints the same house, 636 25th Street South (tad1947frisbie): “Name Alfred E Frisbie · Age 38 · Birth Date abt 1912 · Gender Male · Race White · Birth Place New York · Marital Status Married · Relation to Head of House Head · Residence Date 1950 · Home in 1950 All Places, Arlington, Virginia, USA · Street Name South 25th Street · House Number 636 · Dwelling Number 146 · Occupation Stock Broker · Industry Stock Book Company · Household Members Alfred E Frisbie 38 Head, Minnie D Frisbie 38 Wife”",record,1912,census1950frisbie,"census listing; read against the sheet, which agrees; the Daily Sun of 1947 prints the same house, 636 25th Street South (tad1947frisbie); the year is the census year less the age given, so within a year: “Name Alfred E Frisbie · Age 38 · Birth Date abt 1912 · Gender Male · Race White · Birth Place New York · Marital Status Married · Relation to Head of House Head · Residence Date 1950 · Home in 1950 All Places, Arlington, Virginia, USA · Street Name South 25th Street · House Number 636 · Dwelling Number 146 · Occupation Stock Broker · Industry Stock Book Company · Household Members Alfred E Frisbie 38 Head, Minnie D Frisbie 38 Wife”",within a year,Democratic,sun1947frisbie,"stated directly, of the November 1947 appointment, which he held through 1948: “He is a member of the Arlington Democratic Executive Committee, a member of the Jefferson Civic League, which endorsed his appointment …”"
F. Freeland Chew,4,at large,1948,1,1951,12,23376,23424,election,1947,novack1994 p.2; term boundaries from arlingtonelections2021,,White,census1940chew; census1950chew,"census listing; read against the sheet, which agrees; the only F Freeland Chew in the county's 1940 index: “Name F Freeland Chew [F Treeland Chew] · Respondent Yes · Age 42 · Estimated Birth Year abt 1898 · Gender Male · Race White · Birthplace District of Columbia · Marital Status Married · Relation to Head of House Head · Home in 1940 Arlington, Virginia · Street Troy St (North) · Farm No · Inferred Residence in 1935 Arlington, Virginia · Sheet Number 21B · Number of Household in Order of Visitation 693 · Occupation Clerk · House Owned or Rented Rented” | census listing; read against the sheet, which agrees; the only Freeland Chew in the county's 1950 index: “Name Freeland Chew · Age 52 · Birth Date abt 1898 · Gender Male · Race White · Birth Place District of Columbia · Marital Status Married · Relation to Head of House Head · Residence Date 1950 · Home in 1950 All Places, Arlington, Virginia, USA · Street Name N Edison · House Number 1502 · Dwelling Number 18 · Occupation Reporter · Industry Senate · Worker Class Government”",man,census1940chew; census1950chew,"census listing; read against the sheet, which agrees; the only F Freeland Chew in the county's 1940 index: “Name F Freeland Chew [F Treeland Chew] · Respondent Yes · Age 42 · Estimated Birth Year abt 1898 · Gender Male · Race White · Birthplace District of Columbia · Marital Status Married · Relation to Head of House Head · Home in 1940 Arlington, Virginia · Street Troy St (North) · Farm No · Inferred Residence in 1935 Arlington, Virginia · Sheet Number 21B · Number of Household in Order of Visitation 693 · Occupation Clerk · House Owned or Rented Rented” | census listing; read against the sheet, which agrees; the only Freeland Chew in the county's 1950 index: “Name Freeland Chew · Age 52 · Birth Date abt 1898 · Gender Male · Race White · Birth Place District of Columbia · Marital Status Married · Relation to Head of House Head · Residence Date 1950 · Home in 1950 All Places, Arlington, Virginia, USA · Street Name N Edison · House Number 1502 · Dwelling Number 18 · Occupation Reporter · Industry Senate · Worker Class Government”",record,1898,census1940chew; census1950chew,"census listing; read against the sheet, which agrees; the only F Freeland Chew in the county's 1940 index; the year is the census year less the age given, so within a year: “Name F Freeland Chew [F Treeland Chew] · Respondent Yes · Age 42 · Estimated Birth Year abt 1898 · Gender Male · Race White · Birthplace District of Columbia · Marital Status Married · Relation to Head of House Head · Home in 1940 Arlington, Virginia · Street Troy St (North) · Farm No · Inferred Residence in 1935 Arlington, Virginia · Sheet Number 21B · Number of Household in Order of Visitation 693 · Occupation Clerk · House Owned or Rented Rented” | census listing; read against the sheet, which agrees; the only Freeland Chew in the county's 1950 index; the year is the census year less the age given, so within a year: “Name Freeland Chew · Age 52 · Birth Date abt 1898 · Gender Male · Race White · Birth Place District of Columbia · Marital Status Married · Relation to Head of House Head · Residence Date 1950 · Home in 1950 All Places, Arlington, Virginia, USA · Street Name N Edison · House Number 1502 · Dwelling Number 18 · Occupation Reporter · Industry Senate · Worker Class Government”",within a year,Democratic,sun1947politics,"stated directly, of the 1947 election, in which the county's races were non-partisan: “Mr. Chew is a Democrat, previously elected to the Board on the party ticket.”"
Florence Cannon,1,at large,1948,1,1951,12,23376,23424,election,1947,novack1994 p.2,,White,census1950cannon,"census listing; read against the sheet, which agrees; the Daily Sun and the Sun of 1947 print the same house, 4008 South 8th Street (tad1947cannon, sun1947candidates): “Name Florence Cannon · Age 61 · Birth Date abt 1889 · Gender Female · Race White · Birth Place Pennsylvania · Marital Status Widowed · Relation to Head of House Head · Residence Date 1950 · Home in 1950 All Places, Arlington, Virginia, USA · Street Name S. Eighth · House Number 4008 · Dwelling Number 195 · Occupation Methods Examiner · Industry Army Dept · Worker Class Government”",woman,star1948cannon p.B-3; census1950cannon,"press: Mrs. (""Mrs. Florence Cannon of the Arlington County Board""), read on the page image, image 32: “Mrs. Florence Cannon of the Arlington County Board will speak on “County Housekeeping” at the all-member luncheon meeting of the Arlington League of Women Voters to be held at 12:45 Saturday at the Little Tea House, 1301 South” | census listing; read against the sheet, which agrees; the Daily Sun and the Sun of 1947 print the same house, 4008 South 8th Street (tad1947cannon, sun1947candidates): “Name Florence Cannon · Age 61 · Birth Date abt 1889 · Gender Female · Race White · Birth Place Pennsylvania · Marital Status Widowed · Relation to Head of House Head · Residence Date 1950 · Home in 1950 All Places, Arlington, Virginia, USA · Street Name S. Eighth · House Number 4008 · Dwelling Number 195 · Occupation Methods Examiner · Industry Army Dept · Worker Class Government”",press; record,1889,census1950cannon,"census listing; read against the sheet, which agrees; the Daily Sun and the Sun of 1947 print the same house, 4008 South 8th Street (tad1947cannon, sun1947candidates); the year is the census year less the age given, so within a year: “Name Florence Cannon · Age 61 · Birth Date abt 1889 · Gender Female · Race White · Birth Place Pennsylvania · Marital Status Widowed · Relation to Head of House Head · Residence Date 1950 · Home in 1950 All Places, Arlington, Virginia, USA · Street Name S. Eighth · House Number 4008 · Dwelling Number 195 · Occupation Methods Examiner · Industry Army Dept · Worker Class Government”",within a year,independent,sun1947politics,"stated in a reported statement, of the 1947 election: “George P. Grove, Democratic nominee for treasurer, ‘publicly urged election to the County Board of two independent candidates, namely Mrs. Florence Cannon and T. Oscar Smith.’”"
Alfred E. Frisbie,3,at large,1949,1,1952,12,23388,23436,election,1948,novack1994 p.4; term boundaries from arlingtonelections2021,,White,census1950frisbie,"census listing; read against the sheet, which agrees; the Daily Sun of 1947 prints the same house, 636 25th Street South (tad1947frisbie): “Name Alfred E Frisbie · Age 38 · Birth Date abt 1912 · Gender Male · Race White · Birth Place New York · Marital Status Married · Relation to Head of House Head · Residence Date 1950 · Home in 1950 All Places, Arlington, Virginia, USA · Street Name South 25th Street · House Number 636 · Dwelling Number 146 · Occupation Stock Broker · Industry Stock Book Company · Household Members Alfred E Frisbie 38 Head, Minnie D Frisbie 38 Wife”",man,census1950frisbie,"census listing; read against the sheet, which agrees; the Daily Sun of 1947 prints the same house, 636 25th Street South (tad1947frisbie): “Name Alfred E Frisbie · Age 38 · Birth Date abt 1912 · Gender Male · Race White · Birth Place New York · Marital Status Married · Relation to Head of House Head · Residence Date 1950 · Home in 1950 All Places, Arlington, Virginia, USA · Street Name South 25th Street · House Number 636 · Dwelling Number 146 · Occupation Stock Broker · Industry Stock Book Company · Household Members Alfred E Frisbie 38 Head, Minnie D Frisbie 38 Wife”",record,1912,census1950frisbie,"census listing; read against the sheet, which agrees; the Daily Sun of 1947 prints the same house, 636 25th Street South (tad1947frisbie); the year is the census year less the age given, so within a year: “Name Alfred E Frisbie · Age 38 · Birth Date abt 1912 · Gender Male · Race White · Birth Place New York · Marital Status Married · Relation to Head of House Head · Residence Date 1950 · Home in 1950 All Places, Arlington, Virginia, USA · Street Name South 25th Street · House Number 636 · Dwelling Number 146 · Occupation Stock Broker · Industry Stock Book Company · Household Members Alfred E Frisbie 38 Head, Minnie D Frisbie 38 Wife”",within a year,Democratic,sun1948potter,"stated directly, of the 1948 election: “The three will oppose Alfred E. Frisbie, incumbent, who won the Democratic nomination this month.”"
Robert W. Cox,1,at large,1950,1,1952,9,23400,23432,election,1949,novack1994 p.2,"Removed from office on Sept. 17, 1952, under a ruling of the Virginia Supreme Court of Appeals that the exemption of members of the Arlington County Board from the prohibition against federal employees holding office in Virginia had been granted by an unconstitutional statute.",White,census1950cox,"census listing; read against the sheet, which agrees; the only Robert W Cox head of household in the county's 1950 index: “Name Robert W Cox · Age 33 · Birth Date abt 1917 · Gender Male · Race White · Birth Place Virginia · Marital Status Married · Relation to Head of House Head · Residence Date 1950 · Home in 1950 All Places, Arlington, Virginia, USA · Street Name S. 2nd St. · House Number 2518 · Dwelling Number 20 · Occupation Budget Officer · Industry U.s Federal Communications Com · Household Members Robert W Cox 33 Head, Ruth Cox 34 Wife”",man,census1950cox,"census listing; read against the sheet, which agrees; the only Robert W Cox head of household in the county's 1950 index: “Name Robert W Cox · Age 33 · Birth Date abt 1917 · Gender Male · Race White · Birth Place Virginia · Marital Status Married · Relation to Head of House Head · Residence Date 1950 · Home in 1950 All Places, Arlington, Virginia, USA · Street Name S. 2nd St. · House Number 2518 · Dwelling Number 20 · Occupation Budget Officer · Industry U.s Federal Communications Com · Household Members Robert W Cox 33 Head, Ruth Cox 34 Wife”",record,1917,census1950cox,"census listing; read against the sheet, which agrees; the only Robert W Cox head of household in the county's 1950 index; the year is the census year less the age given, so within a year: “Name Robert W Cox · Age 33 · Birth Date abt 1917 · Gender Male · Race White · Birth Place Virginia · Marital Status Married · Relation to Head of House Head · Residence Date 1950 · Home in 1950 All Places, Arlington, Virginia, USA · Street Name S. 2nd St. · House Number 2518 · Dwelling Number 20 · Occupation Budget Officer · Industry U.s Federal Communications Com · Household Members Robert W Cox 33 Head, Ruth Cox 34 Wife”",within a year,independent,mccaffrey2026a,"stated directly: “In 1949, Robert Cox was elected to the Board, bringing the number of independents to two — still a minority of the five-member board.”"
Daniel A. Dugan,2,at large,1951,1,1952,9,23412,23432,election,1950,novack1994 p.3; term boundaries from arlingtonelections2021,"Removed from office on Sept. 17, 1952 under a ruling of the Virginia Supreme Court of Appeals that the exemption of members of the Arlington County Board from the prohibition against Federal employees holding office in Virginia had been granted by an unconstitutional statute.",White,census1940dugan,"census listing; the index reads the name as Dan A Dugan, aged 23; matched on the name and Arlington; the only Dan A Dugan in the county's 1940 index: “Name Dan A Dugan · Respondent Yes · Age 23 · Estimated Birth Year abt 1917 · Gender Male · Race White · Birthplace District of Columbia · Marital Status Single · Relation to Head of House Son · Home in 1940 Arlington, Virginia · Street N Green Broad Street · House Number 708 · Inferred Residence in 1935 Arlington, Virginia · Sheet Number 10B · Occupation Artist · Usual Industry Legal Services · Household Members Jeremiah Dugan 51 Head, Esther A Dugan 45 Wife, Dan A Dugan 23 Son, Mary J Dugan 14 Daughter, Gayle Mathews 22 Son-in-law, Dorothy Mathews 18 Daughter”",man,census1940dugan,"census listing; the index reads the name as Dan A Dugan, aged 23; matched on the name and Arlington; the only Dan A Dugan in the county's 1940 index: “Name Dan A Dugan · Respondent Yes · Age 23 · Estimated Birth Year abt 1917 · Gender Male · Race White · Birthplace District of Columbia · Marital Status Single · Relation to Head of House Son · Home in 1940 Arlington, Virginia · Street N Green Broad Street · House Number 708 · Inferred Residence in 1935 Arlington, Virginia · Sheet Number 10B · Occupation Artist · Usual Industry Legal Services · Household Members Jeremiah Dugan 51 Head, Esther A Dugan 45 Wife, Dan A Dugan 23 Son, Mary J Dugan 14 Daughter, Gayle Mathews 22 Son-in-law, Dorothy Mathews 18 Daughter”",record,1917,census1940dugan,"census listing; the index reads the name as Dan A Dugan, aged 23; matched on the name and Arlington; the only Dan A Dugan in the county's 1940 index; the year is the census year less the age given, so within a year: “Name Dan A Dugan · Respondent Yes · Age 23 · Estimated Birth Year abt 1917 · Gender Male · Race White · Birthplace District of Columbia · Marital Status Single · Relation to Head of House Son · Home in 1940 Arlington, Virginia · Street N Green Broad Street · House Number 708 · Inferred Residence in 1935 Arlington, Virginia · Sheet Number 10B · Occupation Artist · Usual Industry Legal Services · Household Members Jeremiah Dugan 51 Head, Esther A Dugan 45 Wife, Dan A Dugan 23 Son, Mary J Dugan 14 Daughter, Gayle Mathews 22 Son-in-law, Dorothy Mathews 18 Daughter”",within a year,independent,arlingtonelections2021 p.19,
Alan L. Dean,1,at large,1952,1,1952,9,23424,23432,election,1951,novack1994 p.3,"Removed from office on Sept. 17, 1952 under a ruling of the Virginia Supreme Court of Appeals that the exemption of members of the Arlington County Board from the prohibition against Federal employees holding office in Virginia had been granted by an unconstitutional statute.",White,census1950dean,"census listing; read against the sheet, which agrees; the only Alan L Dean in the county's 1950 index: “Name Alan L Dean · Age 31 · Birth Date abt 1919 · Gender Male · Race White · Birth Place Oregon · Marital Status Married · Relation to Head of House Head · Residence Date 1950 · Home in 1950 All Places, Arlington, Virginia, USA · Street Name 30th South Abingdon Street · Apartment Number 3078 · Dwelling Number 76 · Occupation Assistant Orgation Machin · Industry Buran Business Produt · Worker Class Government · Household Members Alan L Dean 31 Head, Vera A Dean 29 Wife, Claudia V Dean 5 Daughter, Diana L Dean 1 Daughter”",man,census1950dean,"census listing; read against the sheet, which agrees; the only Alan L Dean in the county's 1950 index: “Name Alan L Dean · Age 31 · Birth Date abt 1919 · Gender Male · Race White · Birth Place Oregon · Marital Status Married · Relation to Head of House Head · Residence Date 1950 · Home in 1950 All Places, Arlington, Virginia, USA · Street Name 30th South Abingdon Street · Apartment Number 3078 · Dwelling Number 76 · Occupation Assistant Orgation Machin · Industry Buran Business Produt · Worker Class Government · Household Members Alan L Dean 31 Head, Vera A Dean 29 Wife, Claudia V Dean 5 Daughter, Diana L Dean 1 Daughter”",record,1919,census1950dean,"census listing; read against the sheet, which agrees; the only Alan L Dean in the county's 1950 index; the year is the census year less the age given, so within a year: “Name Alan L Dean · Age 31 · Birth Date abt 1919 · Gender Male · Race White · Birth Place Oregon · Marital Status Married · Relation to Head of House Head · Residence Date 1950 · Home in 1950 All Places, Arlington, Virginia, USA · Street Name 30th South Abingdon Street · Apartment Number 3078 · Dwelling Number 76 · Occupation Assistant Orgation Machin · Industry Buran Business Produt · Worker Class Government · Household Members Alan L Dean 31 Head, Vera A Dean 29 Wife, Claudia V Dean 5 Daughter, Diana L Dean 1 Daughter”",within a year,independent,arlingtonelections2021 p.21,county lists (Non-Part.)
Robert A. Peck,1,at large,1952,1,1955,12,23424,23472,election,1951,novack1994 p.5,,White,census1950peck,"census listing; read against the sheet, which agrees; the only Robert A Peck in the county's 1950 index: “Name Robert A Peck · Age 36 · Birth Date abt 1914 · Gender Male · Race White · Birth Place Ohio · Marital Status Married · Relation to Head of House Head · Residence Date 1950 · Home in 1950 All Places, Arlington, Virginia, USA · Street Name N. Vernon St. · House Number 2530 · Dwelling Number 150 · Inferred Previous Residence Place Arlington, Virginia · Occupation Manager Co Proprietor · Industry Automobile Retail Store”",man,census1950peck,"census listing; read against the sheet, which agrees; the only Robert A Peck in the county's 1950 index: “Name Robert A Peck · Age 36 · Birth Date abt 1914 · Gender Male · Race White · Birth Place Ohio · Marital Status Married · Relation to Head of House Head · Residence Date 1950 · Home in 1950 All Places, Arlington, Virginia, USA · Street Name N. Vernon St. · House Number 2530 · Dwelling Number 150 · Inferred Previous Residence Place Arlington, Virginia · Occupation Manager Co Proprietor · Industry Automobile Retail Store”",record,1914,census1950peck,"census listing; read against the sheet, which agrees; the only Robert A Peck in the county's 1950 index; the year is the census year less the age given, so within a year: “Name Robert A Peck · Age 36 · Birth Date abt 1914 · Gender Male · Race White · Birth Place Ohio · Marital Status Married · Relation to Head of House Head · Residence Date 1950 · Home in 1950 All Places, Arlington, Virginia, USA · Street Name N. Vernon St. · House Number 2530 · Dwelling Number 150 · Inferred Previous Residence Place Arlington, Virginia · Occupation Manager Co Proprietor · Industry Automobile Retail Store”",within a year,Republican,arlingtonelections2021 p.21,
Howard R. Massey,1,at large,1952,9,1952,11,23432,23434,appointment,,novack1994 p.5,"Appointed on Sept. 18, 1952 to fill vacancy until filled by election on Nov. 10, 1952.",White,census1950massey,"census listing; read against the sheet, which agrees; the only Howard R Massey in the county's 1950 index: “Name Howard R Massey · Age 40 · Birth Date abt 1910 · Gender Male · Race White · Birth Place District of Columbia · Marital Status Married · Relation to Head of House Head · Residence Date 1950 · Home in 1950 All Places, Arlington, Virginia, USA · Street Name 23rd Rd · Apartment Number 4300 · Dwelling Number 83 · Occupation Assistant Cashier Assistant Manger · Industry Bank · Household Members Howard R Massey 40 Head, Amelia B Massey”",man,census1950massey,"census listing; read against the sheet, which agrees; the only Howard R Massey in the county's 1950 index: “Name Howard R Massey · Age 40 · Birth Date abt 1910 · Gender Male · Race White · Birth Place District of Columbia · Marital Status Married · Relation to Head of House Head · Residence Date 1950 · Home in 1950 All Places, Arlington, Virginia, USA · Street Name 23rd Rd · Apartment Number 4300 · Dwelling Number 83 · Occupation Assistant Cashier Assistant Manger · Industry Bank · Household Members Howard R Massey 40 Head, Amelia B Massey”",record,1910,census1950massey,"census listing; read against the sheet, which agrees; the only Howard R Massey in the county's 1950 index; the year is the census year less the age given, so within a year: “Name Howard R Massey · Age 40 · Birth Date abt 1910 · Gender Male · Race White · Birth Place District of Columbia · Marital Status Married · Relation to Head of House Head · Residence Date 1950 · Home in 1950 All Places, Arlington, Virginia, USA · Street Name 23rd Rd · Apartment Number 4300 · Dwelling Number 83 · Occupation Assistant Cashier Assistant Manger · Industry Bank · Household Members Howard R Massey 40 Head, Amelia B Massey”",within a year,Democratic,mccaffrey2026a,"stated directly, of the 1952 appointment: “McCarthy tapped two Democrats, Howard Massey and M. Rex Byrne, and a Democratic-leaning independent, John Tillema, to fill the seats.”"
John A. Tillema,1,at large,1952,9,1952,11,23432,23434,appointment,,novack1994 p.6,"Appointed on Sept. 18, 1952 to fill vacancy until filled by election on Nov. 10, 1952.",White,census1950tillema,"census listing; read against the sheet, which agrees; the Daily Sun of 1952 prints the same house number, 1903, on North Howard Street, a misprint for the sheet's North Harvard Street, which is the real street of that name (dailysun1952appointees): “Name John A Tillema · Age 63 · Birth Date abt 1887 · Gender Male · Race White · Birth Place Iowa · Marital Status Married · Relation to Head of House Head · Residence Date 1950 · Home in 1950 All Places, Arlington, Virginia, USA · Street Name N. Harvard St. · House Number 1903 · Dwelling Number 212 · Occupation Proprietor Service Servic · Industry Auto Risety · Household Members John A Tillema 63 Head, Ruth K Tillema 48 Wife”",man,census1950tillema,"census listing; read against the sheet, which agrees; the Daily Sun of 1952 prints the same house number, 1903, on North Howard Street, a misprint for the sheet's North Harvard Street, which is the real street of that name (dailysun1952appointees): “Name John A Tillema · Age 63 · Birth Date abt 1887 · Gender Male · Race White · Birth Place Iowa · Marital Status Married · Relation to Head of House Head · Residence Date 1950 · Home in 1950 All Places, Arlington, Virginia, USA · Street Name N. Harvard St. · House Number 1903 · Dwelling Number 212 · Occupation Proprietor Service Servic · Industry Auto Risety · Household Members John A Tillema 63 Head, Ruth K Tillema 48 Wife”",record,1887,census1950tillema,"census listing; read against the sheet, which agrees; the Daily Sun of 1952 prints the same house number, 1903, on North Howard Street, a misprint for the sheet's North Harvard Street, which is the real street of that name (dailysun1952appointees); the year is the census year less the age given, so within a year: “Name John A Tillema · Age 63 · Birth Date abt 1887 · Gender Male · Race White · Birth Place Iowa · Marital Status Married · Relation to Head of House Head · Residence Date 1950 · Home in 1950 All Places, Arlington, Virginia, USA · Street Name N. Harvard St. · House Number 1903 · Dwelling Number 212 · Occupation Proprietor Service Servic · Industry Auto Risety · Household Members John A Tillema 63 Head, Ruth K Tillema 48 Wife”",within a year,independent,mccaffrey2026a,"described as a Democratic-leaning independent: “McCarthy tapped two Democrats, Howard Massey and M. Rex Byrne, and a Democratic-leaning independent, John Tillema, to fill the seats.”"
M. Rex Byrne,1,at large,1952,9,1952,11,23432,23434,appointment,,novack1994 p.2,"Appointed on Sept. 18, 1952, to fill vacancy until filled by election on Nov. 10, 1952.",White,census1950byrne,"census listing; the index reads the name as M Rector Byrne; matched on the initials, the surname and Arlington: “Name M Rector Byrne · Age 44 · Birth Date abt 1906 · Gender Male · Race White · Birth Place District of Columbia · Marital Status Married · Relation to Head of House Head · Residence Date 1950 · Home in 1950 All Places, Arlington, Virginia, USA · Street Name N Highland St · House Number 202 · Dwelling Number 32 · Occupation Warehouse Supervisor · Industry Transfer Co · Worker Class Private · Household Members M Rector Byrne 44 Head, Helen F Byrne 46 Wife, Ella M McDonald 76 Mother-in-law”",man,census1950byrne,"census listing; the index reads the name as M Rector Byrne; matched on the initials, the surname and Arlington: “Name M Rector Byrne · Age 44 · Birth Date abt 1906 · Gender Male · Race White · Birth Place District of Columbia · Marital Status Married · Relation to Head of House Head · Residence Date 1950 · Home in 1950 All Places, Arlington, Virginia, USA · Street Name N Highland St · House Number 202 · Dwelling Number 32 · Occupation Warehouse Supervisor · Industry Transfer Co · Worker Class Private · Household Members M Rector Byrne 44 Head, Helen F Byrne 46 Wife, Ella M McDonald 76 Mother-in-law”",record,1906,census1950byrne,"census listing; the index reads the name as M Rector Byrne; matched on the initials, the surname and Arlington; the year is the census year less the age given, so within a year: “Name M Rector Byrne · Age 44 · Birth Date abt 1906 · Gender Male · Race White · Birth Place District of Columbia · Marital Status Married · Relation to Head of House Head · Residence Date 1950 · Home in 1950 All Places, Arlington, Virginia, USA · Street Name N Highland St · House Number 202 · Dwelling Number 32 · Occupation Warehouse Supervisor · Industry Transfer Co · Worker Class Private · Household Members M Rector Byrne 44 Head, Helen F Byrne 46 Wife, Ella M McDonald 76 Mother-in-law”",within a year,Democratic,mccaffrey2026a,"stated directly, of the 1952 appointment: “McCarthy tapped two Democrats, Howard Massey and M. Rex Byrne, and a Democratic-leaning independent, John Tillema, to fill the seats.”"
Alvin F. Kimel,1,at large,1952,11,1955,12,23434,23472,special election,1952,novack1994 p.4,"Elected to fill unexpired term on Nov. 10, 1952.",White,census1950kimel,"census listing; read against the sheet, which agrees; the only Alvin F Kimel in the county's 1950 index: “Name Alvin F Kimel · Age 47 · Birth Date abt 1903 · Gender Male · Race White · Marital Status Married · Relation to Head of House Head · Residence Date 1950 · Home in 1950 All Places, Arlington, Virginia, USA · Street Name N. Troy · House Number 1760 · Apartment Number 658 · Dwelling Number 147 · Occupation Owner · Industry Retail Furniture Store · Worker Class Own Business”",man,census1950kimel,"census listing; read against the sheet, which agrees; the only Alvin F Kimel in the county's 1950 index: “Name Alvin F Kimel · Age 47 · Birth Date abt 1903 · Gender Male · Race White · Marital Status Married · Relation to Head of House Head · Residence Date 1950 · Home in 1950 All Places, Arlington, Virginia, USA · Street Name N. Troy · House Number 1760 · Apartment Number 658 · Dwelling Number 147 · Occupation Owner · Industry Retail Furniture Store · Worker Class Own Business”",record,1903,census1950kimel,"census listing; read against the sheet, which agrees; the only Alvin F Kimel in the county's 1950 index; the year is the census year less the age given, so within a year: “Name Alvin F Kimel · Age 47 · Birth Date abt 1903 · Gender Male · Race White · Marital Status Married · Relation to Head of House Head · Residence Date 1950 · Home in 1950 All Places, Arlington, Virginia, USA · Street Name N. Troy · House Number 1760 · Apartment Number 658 · Dwelling Number 147 · Occupation Owner · Industry Retail Furniture Store · Worker Class Own Business”",within a year,independent,arlingtonelections2021 p.23,
Leone B. Buchholz,1,at large,1952,11,1954,12,23434,23460,special election,1952,novack1994 p.2; term boundaries from arlingtonelections2021,"Elected to filled unexpired term on Nov. 10, 1952.",White,census1950buchholz,"census listing; the index reads the name as Leona B Buckholz; matched on the name, Arlington and house number 2721, beside the 2710 South Hayes street of 1957: “Name Leona B Buckholz · Age 51 · Birth Date abt 1899 · Gender Female · Race White · Birth Place Georgia · Marital Status Married · Relation to Head of House Wife · Residence Date 1950 · Home in 1950 All Places, Arlington, Virginia, USA · Street Name 1 · House Number 2721 · Dwelling Number 299 · Occupation Category Keeping House · Household Members Herman F Buckholz 64 Head, Leona B Buckholz 51 Wife, Nancy D Dixon 31 Lodger, Mary L Alexander 23 Lodger, Lillian Alexander 22 Lodger, Catherine Hawkins 29 Maid”",woman,star1957brown p.A-27; census1950buchholz,"press: Mrs. (""Mrs. Leone Buchholz""), read on the page image, p. A-27: “Mr. Brown’s home is at 2710 South Hayes street, a short distance from the homes of David L. Krupsaw and Mrs. Leone Buchholz.” | census listing; the index reads the name as Leona B Buckholz; matched on the name, Arlington and house number 2721, beside the 2710 South Hayes street of 1957: “Name Leona B Buckholz · Age 51 · Birth Date abt 1899 · Gender Female · Race White · Birth Place Georgia · Marital Status Married · Relation to Head of House Wife · Residence Date 1950 · Home in 1950 All Places, Arlington, Virginia, USA · Street Name 1 · House Number 2721 · Dwelling Number 299 · Occupation Category Keeping House · Household Members Herman F Buckholz 64 Head, Leona B Buckholz 51 Wife, Nancy D Dixon 31 Lodger, Mary L Alexander 23 Lodger, Lillian Alexander 22 Lodger, Catherine Hawkins 29 Maid”",press; record,1899,census1950buchholz,"census listing; the index reads the name as Leona B Buckholz; matched on the name, Arlington and house number 2721, beside the 2710 South Hayes street of 1957; the year is the census year less the age given, so within a year: “Name Leona B Buckholz · Age 51 · Birth Date abt 1899 · Gender Female · Race White · Birth Place Georgia · Marital Status Married · Relation to Head of House Wife · Residence Date 1950 · Home in 1950 All Places, Arlington, Virginia, USA · Street Name 1 · House Number 2721 · Dwelling Number 299 · Occupation Category Keeping House · Household Members Herman F Buckholz 64 Head, Leona B Buckholz 51 Wife, Nancy D Dixon 31 Lodger, Mary L Alexander 23 Lodger, Lillian Alexander 22 Lodger, Catherine Hawkins 29 Maid”",within a year,independent,arlingtonelections2021 p.23,
Robert H. Detwiler,1,at large,1952,11,1953,12,23434,23448,special election,1952,novack1994 p.3,"Elected to fill unexpired term on Nov. 11, 1952.",White,census1940detwiler,"census listing; the index reads the surname as Detweiler; matched on the name and Arlington; the only Robert H Detweiler in the county's 1940 index: “Name Robert H Detweiler [Robert Detwiler] · Age 30 · Estimated Birth Year abt 1910 · Gender Male · Race White · Birthplace Wisconsin · Marital Status Married · Relation to Head of House Head · Home in 1940 Arlington, Virginia · Street Key Blvd · House Number 1800 · Farm No · Inferred Residence in 1935 Washington, Delaware · Sheet Number 62A · Occupation Physician · Household Members Robert H Detweiler 30 Head, Eleanor Detweiler 27 Wife”",man,census1940detwiler,"census listing; the index reads the surname as Detweiler; matched on the name and Arlington; the only Robert H Detweiler in the county's 1940 index: “Name Robert H Detweiler [Robert Detwiler] · Age 30 · Estimated Birth Year abt 1910 · Gender Male · Race White · Birthplace Wisconsin · Marital Status Married · Relation to Head of House Head · Home in 1940 Arlington, Virginia · Street Key Blvd · House Number 1800 · Farm No · Inferred Residence in 1935 Washington, Delaware · Sheet Number 62A · Occupation Physician · Household Members Robert H Detweiler 30 Head, Eleanor Detweiler 27 Wife”",record,1910,census1940detwiler,"census listing; the index reads the surname as Detweiler; matched on the name and Arlington; the only Robert H Detweiler in the county's 1940 index; the year is the census year less the age given, so within a year: “Name Robert H Detweiler [Robert Detwiler] · Age 30 · Estimated Birth Year abt 1910 · Gender Male · Race White · Birthplace Wisconsin · Marital Status Married · Relation to Head of House Head · Home in 1940 Arlington, Virginia · Street Key Blvd · House Number 1800 · Farm No · Inferred Residence in 1935 Washington, Delaware · Sheet Number 62A · Occupation Physician · Household Members Robert H Detweiler 30 Head, Eleanor Detweiler 27 Wife”",within a year,independent,arlingtonelections2021 p.23,
"George M. Rowzee, Jr.",1,at large,1953,1,1956,12,23436,23484,election,1952,novack1994 p.6,,White,census1950rowzee,"census listing; read against the sheet, which agrees; the only George M Rowzee Jr in the county's 1950 index: “Name George M Rowzee Jr · Age 37 · Birth Date abt 1913 · Gender Male · Race White · Birth Place District of Columbia · Marital Status Married · Relation to Head of House Head · Residence Date 1950 · Home in 1950 All Places, Arlington, Virginia, USA · Street Name South 29th Street · House Number 4803 · Dwelling Number 63 · Occupation Cashier · Industry Bank · Household Members George M Rowzee Jr 37 Head, M Elisabeth Rowzee 37 Wife”",man,census1950rowzee,"census listing; read against the sheet, which agrees; the only George M Rowzee Jr in the county's 1950 index: “Name George M Rowzee Jr · Age 37 · Birth Date abt 1913 · Gender Male · Race White · Birth Place District of Columbia · Marital Status Married · Relation to Head of House Head · Residence Date 1950 · Home in 1950 All Places, Arlington, Virginia, USA · Street Name South 29th Street · House Number 4803 · Dwelling Number 63 · Occupation Cashier · Industry Bank · Household Members George M Rowzee Jr 37 Head, M Elisabeth Rowzee 37 Wife”",record,1913,census1950rowzee,"census listing; read against the sheet, which agrees; the only George M Rowzee Jr in the county's 1950 index; the year is the census year less the age given, so within a year: “Name George M Rowzee Jr · Age 37 · Birth Date abt 1913 · Gender Male · Race White · Birth Place District of Columbia · Marital Status Married · Relation to Head of House Head · Residence Date 1950 · Home in 1950 All Places, Arlington, Virginia, USA · Street Name South 29th Street · House Number 4803 · Dwelling Number 63 · Occupation Cashier · Industry Bank · Household Members George M Rowzee Jr 37 Head, M Elisabeth Rowzee 37 Wife”",within a year,Republican,arlingtonelections2021 p.23,
Wesley W. Cooper,1,at large,1954,1,1957,12,23448,23496,election,1953,novack1994 p.2,,White,census1950cooper,"census listing; read against the sheet, which agrees; the only Wesley W Cooper in the county's 1950 index: “Name Wesley W Cooper [Wesley William Cooper] · Age 37 · Birth Date abt 1913 · Gender Male · Race White · Birth Place Texas · Marital Status Married · Relation to Head of House Head · Residence Date 1950 · Home in 1950 All Places, Arlington, Virginia, USA · Street Name N. Longfellow St. · House Number 906 · Dwelling Number 200 · Occupation Attorney · Industry Law · Worker Class Own Business”",man,census1950cooper,"census listing; read against the sheet, which agrees; the only Wesley W Cooper in the county's 1950 index: “Name Wesley W Cooper [Wesley William Cooper] · Age 37 · Birth Date abt 1913 · Gender Male · Race White · Birth Place Texas · Marital Status Married · Relation to Head of House Head · Residence Date 1950 · Home in 1950 All Places, Arlington, Virginia, USA · Street Name N. Longfellow St. · House Number 906 · Dwelling Number 200 · Occupation Attorney · Industry Law · Worker Class Own Business”",record,1913,census1950cooper,"census listing; read against the sheet, which agrees; the only Wesley W Cooper in the county's 1950 index; the year is the census year less the age given, so within a year: “Name Wesley W Cooper [Wesley William Cooper] · Age 37 · Birth Date abt 1913 · Gender Male · Race White · Birth Place Texas · Marital Status Married · Relation to Head of House Head · Residence Date 1950 · Home in 1950 All Places, Arlington, Virginia, USA · Street Name N. Longfellow St. · House Number 906 · Dwelling Number 200 · Occupation Attorney · Industry Law · Worker Class Own Business”",within a year,Democratic,arlingtonelections2021 p.25,
Leone B. Buchholz,2,at large,1955,1,1958,12,23460,23508,election,1954,novack1994 p.2; term boundaries from arlingtonelections2021,,White,census1950buchholz,"census listing; the index reads the name as Leona B Buckholz; matched on the name, Arlington and house number 2721, beside the 2710 South Hayes street of 1957: “Name Leona B Buckholz · Age 51 · Birth Date abt 1899 · Gender Female · Race White · Birth Place Georgia · Marital Status Married · Relation to Head of House Wife · Residence Date 1950 · Home in 1950 All Places, Arlington, Virginia, USA · Street Name 1 · House Number 2721 · Dwelling Number 299 · Occupation Category Keeping House · Household Members Herman F Buckholz 64 Head, Leona B Buckholz 51 Wife, Nancy D Dixon 31 Lodger, Mary L Alexander 23 Lodger, Lillian Alexander 22 Lodger, Catherine Hawkins 29 Maid”",woman,star1957brown p.A-27; census1950buchholz,"press: Mrs. (""Mrs. Leone Buchholz""), read on the page image, p. A-27: “Mr. Brown’s home is at 2710 South Hayes street, a short distance from the homes of David L. Krupsaw and Mrs. Leone Buchholz.” | census listing; the index reads the name as Leona B Buckholz; matched on the name, Arlington and house number 2721, beside the 2710 South Hayes street of 1957: “Name Leona B Buckholz · Age 51 · Birth Date abt 1899 · Gender Female · Race White · Birth Place Georgia · Marital Status Married · Relation to Head of House Wife · Residence Date 1950 · Home in 1950 All Places, Arlington, Virginia, USA · Street Name 1 · House Number 2721 · Dwelling Number 299 · Occupation Category Keeping House · Household Members Herman F Buckholz 64 Head, Leona B Buckholz 51 Wife, Nancy D Dixon 31 Lodger, Mary L Alexander 23 Lodger, Lillian Alexander 22 Lodger, Catherine Hawkins 29 Maid”",press; record,1899,census1950buchholz,"census listing; the index reads the name as Leona B Buckholz; matched on the name, Arlington and house number 2721, beside the 2710 South Hayes street of 1957; the year is the census year less the age given, so within a year: “Name Leona B Buckholz · Age 51 · Birth Date abt 1899 · Gender Female · Race White · Birth Place Georgia · Marital Status Married · Relation to Head of House Wife · Residence Date 1950 · Home in 1950 All Places, Arlington, Virginia, USA · Street Name 1 · House Number 2721 · Dwelling Number 299 · Occupation Category Keeping House · Household Members Herman F Buckholz 64 Head, Leona B Buckholz 51 Wife, Nancy D Dixon 31 Lodger, Mary L Alexander 23 Lodger, Lillian Alexander 22 Lodger, Catherine Hawkins 29 Maid”",within a year,independent,star1954buchholz,"county lists (IM) | stated directly, of the 1954 election, for which the county prints (IM): “Mrs. Leone Buchholz, nominee of Arlington Independent Movement.”"
David L. Krupsaw,1,at large,1956,1,1959,12,23472,23520,election,1955,novack1994 p.4; term boundaries from arlingtonelections2021,,White,census1950krupsaw,"census listing; read against the sheet, which agrees; the only David L Krupsaw in the county's 1950 index: “Name David L Krupsaw · Age 38 · Birth Date abt 1912 · Gender Male · Race White · Birth Place Washington, District of Columbia · Marital Status Married · Relation to Head of House Head · Residence Date 1950 · Home in 1950 All Places, Arlington, Virginia, USA · Street Name 26th Road · House Number 1057 · Dwelling Number 84 · Inferred Previous Residence Place All Places, Arlington, Virginia · Occupation Manager · Industry Wholesale Manufacturing”",man,census1950krupsaw,"census listing; read against the sheet, which agrees; the only David L Krupsaw in the county's 1950 index: “Name David L Krupsaw · Age 38 · Birth Date abt 1912 · Gender Male · Race White · Birth Place Washington, District of Columbia · Marital Status Married · Relation to Head of House Head · Residence Date 1950 · Home in 1950 All Places, Arlington, Virginia, USA · Street Name 26th Road · House Number 1057 · Dwelling Number 84 · Inferred Previous Residence Place All Places, Arlington, Virginia · Occupation Manager · Industry Wholesale Manufacturing”",record,1912,census1950krupsaw,"census listing; read against the sheet, which agrees; the only David L Krupsaw in the county's 1950 index; the year is the census year less the age given, so within a year: “Name David L Krupsaw · Age 38 · Birth Date abt 1912 · Gender Male · Race White · Birth Place Washington, District of Columbia · Marital Status Married · Relation to Head of House Head · Residence Date 1950 · Home in 1950 All Places, Arlington, Virginia, USA · Street Name 26th Road · House Number 1057 · Dwelling Number 84 · Inferred Previous Residence Place All Places, Arlington, Virginia · Occupation Manager · Industry Wholesale Manufacturing”",within a year,ABC,dailysun1955abc,county lists (Convention) | stated directly: the county's (Convention) of 1955 is ABC's nominating meeting: “Two proponents of higher taxes … were elected on the first ballot to represent the ABC political coalition last night at Wakefield School. Elected were David L. Krupsaw …”
Ralph Kaul,1,at large,1956,1,1959,12,23472,23520,election,1955,novack1994 p.4; term boundaries from arlingtonelections2021,,White,census1950kaul,"census listing; matched on the name and Arlington; the only Ralph Kaul in the county's 1950 index: “Name Ralph P Kaul · Age 36 · Birth Date abt 1914 · Gender Male · Race White · Birth Place Utah · Marital Status Married · Relation to Head of House Head · Residence Date 1950 · Home in 1950 All Places, Arlington, Virginia, USA · Apartment Number 1201 · Dwelling Number 11 · Occupation Economist · Industry Nat Stail Seanit Reasurer · Worker Class Government · Household Members Ralph P Kaul 36 Head, Elizabeth H Kaul 36 Wife, James M Kaul 6 Son, Judith M Kaul 4 Daughter”",man,census1950kaul,"census listing; matched on the name and Arlington; the only Ralph Kaul in the county's 1950 index: “Name Ralph P Kaul · Age 36 · Birth Date abt 1914 · Gender Male · Race White · Birth Place Utah · Marital Status Married · Relation to Head of House Head · Residence Date 1950 · Home in 1950 All Places, Arlington, Virginia, USA · Apartment Number 1201 · Dwelling Number 11 · Occupation Economist · Industry Nat Stail Seanit Reasurer · Worker Class Government · Household Members Ralph P Kaul 36 Head, Elizabeth H Kaul 36 Wife, James M Kaul 6 Son, Judith M Kaul 4 Daughter”",record,1914,census1950kaul,"census listing; matched on the name and Arlington; the only Ralph Kaul in the county's 1950 index; the year is the census year less the age given, so within a year: “Name Ralph P Kaul · Age 36 · Birth Date abt 1914 · Gender Male · Race White · Birth Place Utah · Marital Status Married · Relation to Head of House Head · Residence Date 1950 · Home in 1950 All Places, Arlington, Virginia, USA · Apartment Number 1201 · Dwelling Number 11 · Occupation Economist · Industry Nat Stail Seanit Reasurer · Worker Class Government · Household Members Ralph P Kaul 36 Head, Elizabeth H Kaul 36 Wife, James M Kaul 6 Son, Judith M Kaul 4 Daughter”",within a year,ABC,dailysun1955abc,county lists (Convention) | stated directly: the county's (Convention) of 1955 is ABC's nominating meeting: “Two proponents of higher taxes … were elected on the first ballot to represent the ABC political coalition last night at Wakefield School.” The photograph caption names Krupsaw and Ralph Kaul.
Lucas H. Blevins,1,at large,1957,1,1960,12,23484,23532,election,1956,novack1994 p.2,,White,census1950blevins,"census listing; read against the sheet, which agrees; the only Lucas H Blevins in the county's 1950 index, nationwide: “Name Lucas H Blevins · Age 37 · Birth Date abt 1913 · Gender Male · Race White · Birth Place Virginia · Marital Status Married · Relation to Head of House Head · Residence Date 1950 · Home in 1950 All Places, Arlington, Virginia, USA · Street Name 3300 R Spring · House Number 3240 · Dwelling Number 62 · Occupation Dentist · Industry Own Office · Household Members Lucas H Blevins 37 Head, Jean H Blevins”",man,census1950blevins,"census listing; read against the sheet, which agrees; the only Lucas H Blevins in the county's 1950 index, nationwide: “Name Lucas H Blevins · Age 37 · Birth Date abt 1913 · Gender Male · Race White · Birth Place Virginia · Marital Status Married · Relation to Head of House Head · Residence Date 1950 · Home in 1950 All Places, Arlington, Virginia, USA · Street Name 3300 R Spring · House Number 3240 · Dwelling Number 62 · Occupation Dentist · Industry Own Office · Household Members Lucas H Blevins 37 Head, Jean H Blevins”",record,1913,census1950blevins,"census listing; read against the sheet, which agrees; the only Lucas H Blevins in the county's 1950 index, nationwide; the year is the census year less the age given, so within a year: “Name Lucas H Blevins · Age 37 · Birth Date abt 1913 · Gender Male · Race White · Birth Place Virginia · Marital Status Married · Relation to Head of House Head · Residence Date 1950 · Home in 1950 All Places, Arlington, Virginia, USA · Street Name 3300 R Spring · House Number 3240 · Dwelling Number 62 · Occupation Dentist · Industry Own Office · Household Members Lucas H Blevins 37 Head, Jean H Blevins”",within a year,independent,dailysun1956blevins,"stated directly, of the 1956 election: “The two candidates are Dr. L. H. Blevins, candidate of the Arlington Independent Movement (AIM) and Curtis E. Tuthill, nominee of Arlingtonians for a Better County (ABC).”"
"Herbert L. Brown, Jr.",1,at large,1958,1,1961,12,23496,23544,election,1957,novack1994 p.2,,White,assumed,,man,star1957brown p.A-27,"press: Mr. (""Mr. Brown, 44""), read on the page image, p. A-27: “Mr. Brown, 44, is managing editor of Changing Times Magazine.”",press,1913,star1957brown p.A-27,"age 44 on 10 September 1957, the day the profile ran; the year is the year of the date less the age given, so within a year: “Mr. Brown, 44, is managing editor of Changing Times Magazine.”",within a year,ABC,arlingtonelections2021 p.31,
"Leo Urbanske, Jr.",1,at large,1959,1,1962,12,23508,23556,election,1958,novack1994 p.6; term boundaries from arlingtonelections2021,,White,census1950urbanske,"census listing; read against the sheet, which agrees; the only Leo Urbanske Jr in the county's 1950 index: “Name Leo Urbanske Jr · Age 27 · Birth Date abt 1923 · Gender Male · Race White · Birth Place Washington, District of Columbia · Marital Status Married · Relation to Head of House Head · Residence Date 1950 · Home in 1950 All Places, Arlington, Virginia, USA · Street Name So. 15th St. · House Number 1110 · Apartment Number 87 · Dwelling Number 78 · Inferred Previous Residence Place All Places, Arlington, Virginia · Occupation Testman · Industry Telephone Company”",man,census1950urbanske,"census listing; read against the sheet, which agrees; the only Leo Urbanske Jr in the county's 1950 index: “Name Leo Urbanske Jr · Age 27 · Birth Date abt 1923 · Gender Male · Race White · Birth Place Washington, District of Columbia · Marital Status Married · Relation to Head of House Head · Residence Date 1950 · Home in 1950 All Places, Arlington, Virginia, USA · Street Name So. 15th St. · House Number 1110 · Apartment Number 87 · Dwelling Number 78 · Inferred Previous Residence Place All Places, Arlington, Virginia · Occupation Testman · Industry Telephone Company”",record,1923,census1950urbanske,"census listing; read against the sheet, which agrees; the only Leo Urbanske Jr in the county's 1950 index; the year is the census year less the age given, so within a year: “Name Leo Urbanske Jr · Age 27 · Birth Date abt 1923 · Gender Male · Race White · Birth Place Washington, District of Columbia · Marital Status Married · Relation to Head of House Head · Residence Date 1950 · Home in 1950 All Places, Arlington, Virginia, USA · Street Name So. 15th St. · House Number 1110 · Apartment Number 87 · Dwelling Number 78 · Inferred Previous Residence Place All Places, Arlington, Virginia · Occupation Testman · Industry Telephone Company”",within a year,ABC,arlingtonelections2021 p.33,
David L. Krupsaw,2,at large,1960,1,1960,1,23520,23520,election,1959,novack1994 p.4; term boundaries from arlingtonelections2021,"Died in office on Jan. 21, 1960.",White,census1950krupsaw,"census listing; read against the sheet, which agrees; the only David L Krupsaw in the county's 1950 index: “Name David L Krupsaw · Age 38 · Birth Date abt 1912 · Gender Male · Race White · Birth Place Washington, District of Columbia · Marital Status Married · Relation to Head of House Head · Residence Date 1950 · Home in 1950 All Places, Arlington, Virginia, USA · Street Name 26th Road · House Number 1057 · Dwelling Number 84 · Inferred Previous Residence Place All Places, Arlington, Virginia · Occupation Manager · Industry Wholesale Manufacturing”",man,census1950krupsaw,"census listing; read against the sheet, which agrees; the only David L Krupsaw in the county's 1950 index: “Name David L Krupsaw · Age 38 · Birth Date abt 1912 · Gender Male · Race White · Birth Place Washington, District of Columbia · Marital Status Married · Relation to Head of House Head · Residence Date 1950 · Home in 1950 All Places, Arlington, Virginia, USA · Street Name 26th Road · House Number 1057 · Dwelling Number 84 · Inferred Previous Residence Place All Places, Arlington, Virginia · Occupation Manager · Industry Wholesale Manufacturing”",record,1912,census1950krupsaw,"census listing; read against the sheet, which agrees; the only David L Krupsaw in the county's 1950 index; the year is the census year less the age given, so within a year: “Name David L Krupsaw · Age 38 · Birth Date abt 1912 · Gender Male · Race White · Birth Place Washington, District of Columbia · Marital Status Married · Relation to Head of House Head · Residence Date 1950 · Home in 1950 All Places, Arlington, Virginia, USA · Street Name 26th Road · House Number 1057 · Dwelling Number 84 · Inferred Previous Residence Place All Places, Arlington, Virginia · Occupation Manager · Industry Wholesale Manufacturing”",within a year,ABC,arlingtonelections2021 p.34,
Ernest D. Wilt,1,at large,1960,1,1960,11,23520,23530,appointment,,novack1994 p.6; term boundaries from arlingtonelections2021,"Appointed on Jan. 29, 1960.",White,census1950wilt,"census listing; read against the sheet, which agrees; the only Ernest D Wilt in the county's 1950 index: “Name Ernest D Wilt · Age 39 · Birth Date abt 1911 · Gender Male · Race White · Birth Place Virginia · Marital Status Married · Relation to Head of House Head · Residence Date 1950 · Home in 1950 All Places, Arlington, Virginia, USA · Street Name 29th St N · House Number 6212 · Dwelling Number 44 · Occupation Proprietor · Industry Wholesale Retail Appliance · Worker Class Own Business”",man,census1950wilt,"census listing; read against the sheet, which agrees; the only Ernest D Wilt in the county's 1950 index: “Name Ernest D Wilt · Age 39 · Birth Date abt 1911 · Gender Male · Race White · Birth Place Virginia · Marital Status Married · Relation to Head of House Head · Residence Date 1950 · Home in 1950 All Places, Arlington, Virginia, USA · Street Name 29th St N · House Number 6212 · Dwelling Number 44 · Occupation Proprietor · Industry Wholesale Retail Appliance · Worker Class Own Business”",record,1911,census1950wilt,"census listing; read against the sheet, which agrees; the only Ernest D Wilt in the county's 1950 index; the year is the census year less the age given, so within a year: “Name Ernest D Wilt · Age 39 · Birth Date abt 1911 · Gender Male · Race White · Birth Place Virginia · Marital Status Married · Relation to Head of House Head · Residence Date 1950 · Home in 1950 All Places, Arlington, Virginia, USA · Street Name 29th St N · House Number 6212 · Dwelling Number 44 · Occupation Proprietor · Industry Wholesale Retail Appliance · Worker Class Own Business”",within a year,,unsourced,
Ralph Kaul,2,at large,1960,1,1963,12,23520,23568,election,1959,novack1994 p.4; term boundaries from arlingtonelections2021,,White,census1950kaul,"census listing; matched on the name and Arlington; the only Ralph Kaul in the county's 1950 index: “Name Ralph P Kaul · Age 36 · Birth Date abt 1914 · Gender Male · Race White · Birth Place Utah · Marital Status Married · Relation to Head of House Head · Residence Date 1950 · Home in 1950 All Places, Arlington, Virginia, USA · Apartment Number 1201 · Dwelling Number 11 · Occupation Economist · Industry Nat Stail Seanit Reasurer · Worker Class Government · Household Members Ralph P Kaul 36 Head, Elizabeth H Kaul 36 Wife, James M Kaul 6 Son, Judith M Kaul 4 Daughter”",man,census1950kaul,"census listing; matched on the name and Arlington; the only Ralph Kaul in the county's 1950 index: “Name Ralph P Kaul · Age 36 · Birth Date abt 1914 · Gender Male · Race White · Birth Place Utah · Marital Status Married · Relation to Head of House Head · Residence Date 1950 · Home in 1950 All Places, Arlington, Virginia, USA · Apartment Number 1201 · Dwelling Number 11 · Occupation Economist · Industry Nat Stail Seanit Reasurer · Worker Class Government · Household Members Ralph P Kaul 36 Head, Elizabeth H Kaul 36 Wife, James M Kaul 6 Son, Judith M Kaul 4 Daughter”",record,1914,census1950kaul,"census listing; matched on the name and Arlington; the only Ralph Kaul in the county's 1950 index; the year is the census year less the age given, so within a year: “Name Ralph P Kaul · Age 36 · Birth Date abt 1914 · Gender Male · Race White · Birth Place Utah · Marital Status Married · Relation to Head of House Head · Residence Date 1950 · Home in 1950 All Places, Arlington, Virginia, USA · Apartment Number 1201 · Dwelling Number 11 · Occupation Economist · Industry Nat Stail Seanit Reasurer · Worker Class Government · Household Members Ralph P Kaul 36 Head, Elizabeth H Kaul 36 Wife, James M Kaul 6 Son, Judith M Kaul 4 Daughter”",within a year,ABC,arlingtonelections2021 p.34,
Ernest D. Wilt,2,at large,1960,11,1963,12,23530,23568,special election,1960,novack1994 p.6; term boundaries from arlingtonelections2021,Elected in a special election in Nov 1960 to fill an unexpired term; the appointment ended then.,White,census1950wilt,"census listing; read against the sheet, which agrees; the only Ernest D Wilt in the county's 1950 index: “Name Ernest D Wilt · Age 39 · Birth Date abt 1911 · Gender Male · Race White · Birth Place Virginia · Marital Status Married · Relation to Head of House Head · Residence Date 1950 · Home in 1950 All Places, Arlington, Virginia, USA · Street Name 29th St N · House Number 6212 · Dwelling Number 44 · Occupation Proprietor · Industry Wholesale Retail Appliance · Worker Class Own Business”",man,census1950wilt,"census listing; read against the sheet, which agrees; the only Ernest D Wilt in the county's 1950 index: “Name Ernest D Wilt · Age 39 · Birth Date abt 1911 · Gender Male · Race White · Birth Place Virginia · Marital Status Married · Relation to Head of House Head · Residence Date 1950 · Home in 1950 All Places, Arlington, Virginia, USA · Street Name 29th St N · House Number 6212 · Dwelling Number 44 · Occupation Proprietor · Industry Wholesale Retail Appliance · Worker Class Own Business”",record,1911,census1950wilt,"census listing; read against the sheet, which agrees; the only Ernest D Wilt in the county's 1950 index; the year is the census year less the age given, so within a year: “Name Ernest D Wilt · Age 39 · Birth Date abt 1911 · Gender Male · Race White · Birth Place Virginia · Marital Status Married · Relation to Head of House Head · Residence Date 1950 · Home in 1950 All Places, Arlington, Virginia, USA · Street Name 29th St N · House Number 6212 · Dwelling Number 44 · Occupation Proprietor · Industry Wholesale Retail Appliance · Worker Class Own Business”",within a year,independent,arlingtonelections2021 p.36,
Thomas W. Richards,1,at large,1961,1,1964,12,23532,23580,election,1960,novack1994 p.6; term boundaries from arlingtonelections2021,,White,assumed,,man,barron1960 p.B-4,"press: Mr. (""Mr. Richards""), read on the page image, p. B-4: “In January Mr. Richards will join Mr. Wilt, Mr. Kaul, Herbert Brown and Leo Urbanske on the board.”",press,1926,arlingtonva2016richards,"would have turned 90 in June 2016; the piece names his 1960 election, his 1964 re-election and his 1975 appointment; the year is the year of the date less the age given, so within a year: “Thomas W. Richards died Nov. 9, 2011 after collapsing on the Metro system. He would have turned 90 this June, just weeks after it was announced that Arlington ranked No. 4 on a list of best local U.S. park systems as determined by the Trust for Public Land.”",within a year,ABC,arlingtonelections2021 p.36,
Roye L. Lowry,1,at large,1962,1,1965,12,23544,23592,election,1961,novack1994 p.5,,White,assumed,,man,lowry2021,"press: he (""he served on the Arlington County Board""), obituary: “Between 1961 and 1965 he served on the Arlington County Board.”",press,1917,lowry2021,"birth date stated; the obituary says he served on the Arlington County Board 1961-1965: “Roye L. Lowry, a former Foreign Service officer and official at the Office of Management and Budget, died December 4, 2021. He was 104. Born October 2, 1917, in Cincinnati, Ohio”",exact,ABC,arlingtonelections2021 p.37,
"Leo Urbanske, Jr.",2,at large,1963,1,1966,12,23556,23604,election,1962,novack1994 p.6; term boundaries from arlingtonelections2021,,White,census1950urbanske,"census listing; read against the sheet, which agrees; the only Leo Urbanske Jr in the county's 1950 index: “Name Leo Urbanske Jr · Age 27 · Birth Date abt 1923 · Gender Male · Race White · Birth Place Washington, District of Columbia · Marital Status Married · Relation to Head of House Head · Residence Date 1950 · Home in 1950 All Places, Arlington, Virginia, USA · Street Name So. 15th St. · House Number 1110 · Apartment Number 87 · Dwelling Number 78 · Inferred Previous Residence Place All Places, Arlington, Virginia · Occupation Testman · Industry Telephone Company”",man,census1950urbanske,"census listing; read against the sheet, which agrees; the only Leo Urbanske Jr in the county's 1950 index: “Name Leo Urbanske Jr · Age 27 · Birth Date abt 1923 · Gender Male · Race White · Birth Place Washington, District of Columbia · Marital Status Married · Relation to Head of House Head · Residence Date 1950 · Home in 1950 All Places, Arlington, Virginia, USA · Street Name So. 15th St. · House Number 1110 · Apartment Number 87 · Dwelling Number 78 · Inferred Previous Residence Place All Places, Arlington, Virginia · Occupation Testman · Industry Telephone Company”",record,1923,census1950urbanske,"census listing; read against the sheet, which agrees; the only Leo Urbanske Jr in the county's 1950 index; the year is the census year less the age given, so within a year: “Name Leo Urbanske Jr · Age 27 · Birth Date abt 1923 · Gender Male · Race White · Birth Place Washington, District of Columbia · Marital Status Married · Relation to Head of House Head · Residence Date 1950 · Home in 1950 All Places, Arlington, Virginia, USA · Street Name So. 15th St. · House Number 1110 · Apartment Number 87 · Dwelling Number 78 · Inferred Previous Residence Place All Places, Arlington, Virginia · Occupation Testman · Industry Telephone Company”",within a year,ABC,arlingtonelections2021 p.38,
Harold J. Casto,1,at large,1964,1,1967,12,23568,23616,election,1963,novack1994 p.2,,White,assumed,,man,sun1967gop p.20,"press: he (""He is a graduate""), read on the page image, p. 20: “Casto, the current chairman is 43 years old and a long-term resident of Arlington. He is a graduate of Virginia Polytechnic Institute and served as a combat paratrooper in World War II.”",press,1924,sawicki1963,"age 39 on 4 July 1963, the day after the county Republican committee nominated him for the County Board; the piece names him county Republican chairman, and a Board candidate of 1963 (seated 1964); the year is the year of the date less the age given, so within a year: “Casto, 39, is president of Arlington Securities, a Washington stock brokerage.”",within a year,Republican,arlingtonelections2021 p.40,
Joseph L. Fisher,1,at large,1964,1,1967,12,23568,23616,election,1963,novack1994 p.3; term boundaries from arlingtonelections2021,,White,assumed,,man,wapo1992fisher,"press: his (""at his home in Arlington""), obituary: “Joseph L. Fisher, 78, a former chairman of the Arlington County Board who later served in Congress and as secretary of the Virginia Department of Human Resources, died of cancer Feb. 19 at his home in Arlington.”",press,1914,lvafisher,"birth date stated; the entry covers his Board service: “Joseph Lyman Fisher (11 January 1914–19 February 1992), member of the House of Representatives, was born in Pawtucket, Rhode Island”",exact,ABC,arlingtonelections2021 p.40,
Thomas W. Richards,2,at large,1965,1,1968,12,23580,23628,election,1964,novack1994 p.6; term boundaries from arlingtonelections2021,,White,assumed,,man,barron1960 p.B-4,"press: Mr. (""Mr. Richards""), read on the page image, p. B-4: “In January Mr. Richards will join Mr. Wilt, Mr. Kaul, Herbert Brown and Leo Urbanske on the board.”",press,1926,arlingtonva2016richards,"would have turned 90 in June 2016; the piece names his 1960 election, his 1964 re-election and his 1975 appointment; the year is the year of the date less the age given, so within a year: “Thomas W. Richards died Nov. 9, 2011 after collapsing on the Metro system. He would have turned 90 this June, just weeks after it was announced that Arlington ranked No. 4 on a list of best local U.S. park systems as determined by the Trust for Public Land.”",within a year,ABC,arlingtonelections2021 p.41,
Dr. Kenneth M. Haggerty,1,at large,1966,1,1969,12,23592,23640,election,1965,novack1994 p.4; term boundaries from arlingtonelections2021,,White,assumed,,man,census1950haggerty,"census listing; read against the sheet, which agrees; the only Kenneth M Haggerty in the county's 1950 index: “Name Kenneth M Haggerty · Age 26 · Birth Date abt 1924 · Gender Male · Birth Place New York · Marital Status Married · Relation to Head of House Head · Residence Date 1950 · Home in 1950 All Places, Arlington, Virginia, USA · Street Name 20th Road N · House Number 4706 · Apartment Number 208 · Dwelling Number 204 · Occupation Student · Household Members Kenneth M Haggerty 26 Head, Regina M Haggerty”",record,1924,census1950haggerty,"census listing; read against the sheet, which agrees; the only Kenneth M Haggerty in the county's 1950 index; the year is the census year less the age given, so within a year: “Name Kenneth M Haggerty · Age 26 · Birth Date abt 1924 · Gender Male · Birth Place New York · Marital Status Married · Relation to Head of House Head · Residence Date 1950 · Home in 1950 All Places, Arlington, Virginia, USA · Street Name 20th Road N · House Number 4706 · Apartment Number 208 · Dwelling Number 204 · Occupation Student · Household Members Kenneth M Haggerty 26 Head, Regina M Haggerty”",within a year,Republican,arlingtonelections2021 p.43,
Ned R. Thomas,1,at large,1967,1,1970,12,23604,23652,election,1966,novack1994 p.6,,White,assumed,,man,post1991,"press: Mr., his (""Mr. Thomas""; ""his home""), obituary: “Ned Randolph Thomas Sr., 62, a former chairman of the Arlington County Board and owner of the Columbia Gardens Cemetery, died of cancer Aug. 27 at his home in Arlington.”",press,1929,post1991,"age 62 at death, 27 August 1991; the year is the year of the date less the age given, so within a year: “Ned Randolph Thomas Sr., 62, a former chairman of the Arlington County Board and owner of the Columbia Gardens Cemetery, died of cancer Aug. 27 at his home in Arlington.”",within a year,Republican,arlingtonelections2021 p.44,
Jay E. Ricks,1,at large,1968,1,1971,12,23616,23664,election,1967,novack1994 p.6,,White,assumed,,man,ricks2021,"press: he (""where he served until 1971""), obituary: “In 1967, Jay was elected to the Arlington County Board where he served until 1971.”",press,1932,ricks2021,"birth date stated; the obituary says he served as Commissioner of Arlington County 1967-1971, which is his Board term: “Jay Edwin Ricks, 88, passed away at home in Arlington, Virginia on July 18, 2021 due to complications of Parkinson's Disease. Jay was born on July 31, 1932 in Washington, DC”",exact,Democratic,nvs1967casto,"county lists (I) | stated directly, of the 1967 election: “… incumbent Joseph L. Fisher and Jay Ricks who are running as Independents with the backing of the nonpartisan Arlingtonians for a Better County and the Democratic party.”"
Joseph L. Fisher,2,at large,1968,1,1971,12,23616,23664,election,1967,novack1994 p.3; term boundaries from arlingtonelections2021,,White,assumed,,man,wapo1992fisher,"press: his (""at his home in Arlington""), obituary: “Joseph L. Fisher, 78, a former chairman of the Arlington County Board who later served in Congress and as secretary of the Virginia Department of Human Resources, died of cancer Feb. 19 at his home in Arlington.”",press,1914,lvafisher,"birth date stated; the entry covers his Board service: “Joseph Lyman Fisher (11 January 1914–19 February 1992), member of the House of Representatives, was born in Pawtucket, Rhode Island”",exact,Democratic,lvafisher,"county lists (I) | ran as an independent with the support of both ABC and the Democrats; the 1971 source calls him a Democrat: “Fisher ran successfully for reelection as an independent in 1967, drawing support from both ABC and Democrats.”"
A. Leslie Phillips,1,at large,1969,1,1972,12,23628,23676,election,1968,novack1994 p.5,,White,assumed,,man,cherry1968 p.11,"press: he (""which he claims""), read on the page image, p. 11: “Phillips, has not provided many program proposals and instead attacks many county policies which he claims are a result of the present board majority.”",press,1921,cherry1968,"age 47 on 4 November 1968, the day before the election that seated him; the piece names him the Republican candidate for the County Board in 1968 (seated 1969); the year is the year of the date less the age given, so within a year: “His Republican opponent, A. Leslie Phillips, 47, attended Southeastern University.”",within a year,Republican,arlingtonelections2021 p.47,
Dr. Kenneth M. Haggerty,2,at large,1970,1,1973,12,23640,23688,election,1969,novack1994 p.4; term boundaries from arlingtonelections2021,,White,assumed,,man,census1950haggerty,"census listing; read against the sheet, which agrees; the only Kenneth M Haggerty in the county's 1950 index: “Name Kenneth M Haggerty · Age 26 · Birth Date abt 1924 · Gender Male · Birth Place New York · Marital Status Married · Relation to Head of House Head · Residence Date 1950 · Home in 1950 All Places, Arlington, Virginia, USA · Street Name 20th Road N · House Number 4706 · Apartment Number 208 · Dwelling Number 204 · Occupation Student · Household Members Kenneth M Haggerty 26 Head, Regina M Haggerty”",record,1924,census1950haggerty,"census listing; read against the sheet, which agrees; the only Kenneth M Haggerty in the county's 1950 index; the year is the census year less the age given, so within a year: “Name Kenneth M Haggerty · Age 26 · Birth Date abt 1924 · Gender Male · Birth Place New York · Marital Status Married · Relation to Head of House Head · Residence Date 1950 · Home in 1950 All Places, Arlington, Virginia, USA · Street Name 20th Road N · House Number 4706 · Apartment Number 208 · Dwelling Number 204 · Occupation Student · Household Members Kenneth M Haggerty 26 Head, Regina M Haggerty”",within a year,Republican,arlingtonelections2021 p.49,
Joseph S. Wholey,1,at large,1971,1,1974,12,23652,23700,election,1970,novack1994 p.6; term boundaries from arlingtonelections2021,,White,assumed,,man,wapo1978wholey,"press: he, his (""says he will make important decisions about his political future""): “But most importantly, this is the month Wholey says he will make important decisions about his political future.”",press,1935,wholey2023,"age 88 at death, 24 August 2023; the year is the year of the date less the age given, so within a year: “age 88, husband and father, scholar and civil servant, died Thursday, August 24, peacefully, at his home in Arlington, Virginia.”",within a year,ABC,wholey2023,"county lists (I) | obituary, undated; his County Board elections were 1970 and 1974, and the 1974 one is sourced separately: “As an endorsee of Arlingtonians for a Better County and chairman of Arlington's Long Range County Improvement Program, Joe worked to make Arlington not just a good home for young families, but a vital, vibrant part of the Washington metropolitan area.”"
Everard Munsey,1,at large,1972,1,1975,12,23664,23712,election,1971,novack1994 p.5,,White,assumed,,man,munsey2025,"press: he (""he served in public affairs positions""), obituary: “Beyond Ev's role as a local leader, he served in public affairs positions in the Hubert Humphrey campaign in 1968 and was Deputy Assistant Secretary of the Treasury under President Jimmy Carter.”",press,1933,munsey2025,"birth date stated; the obituary says he was elected a member and chairman of the Arlington County Board in the 1970s: “Virdell Munsey Obituary 9/25/1933 - 4/19/2025 Virdell Everard ""Ev"" Munsey, Jr., passed peacefully on April 19, 2025 at the age of 91.”",exact,Democratic,mccaffrey2022,"county lists (I) | described as a Democrat-cum-independent: “Incumbent County Board Democrat (though nominally an independent) Joseph Fisher was seen as largely unbeatable in the 1971 race, leading the campaign for the second slot to boil down to Dewberry vs. Democrat-cum-independent Everard Munsey.”"
Joseph L. Fisher,3,at large,1972,1,1974,12,23664,23700,election,1971,novack1994 p.3; term boundaries from arlingtonelections2021,Resigned following his election to the U.S. House of Representatives.,White,assumed,,man,wapo1992fisher,"press: his (""at his home in Arlington""), obituary: “Joseph L. Fisher, 78, a former chairman of the Arlington County Board who later served in Congress and as secretary of the Virginia Department of Human Resources, died of cancer Feb. 19 at his home in Arlington.”",press,1914,lvafisher,"birth date stated; the entry covers his Board service: “Joseph Lyman Fisher (11 January 1914–19 February 1992), member of the House of Representatives, was born in Pawtucket, Rhode Island”",exact,Democratic,mccaffrey2022,"county lists (I) | stated directly, nominally an independent: “Incumbent County Board Democrat (though nominally an independent) Joseph Fisher was seen as largely unbeatable in the 1971 race, leading the campaign for the second slot to boil down to Dewberry vs. Democrat-cum-independent Everard Munsey.”"
John Purdy,1,at large,1973,1,1976,12,23676,23724,election,1972,novack1994 p.5; term boundaries from arlingtonelections2021,,White,assumed,,man,wapo1978purdy,"press: he (""what he called a preoccupation""): “Alarmed by what he called a preoccupation with government costs rather than quality of services, incoming Arlington County board chairman John W. Purdy this week urged the three-member liberal board majority to vote as a bloc to finance schools and social services in 1978.”",press,1931,post1980,"age 49 on 25 January 1980; the piece names him a County Board member of eight years, the roster's John Purdy seated 1973; the year is the year of the date less the age given, so within a year: “Purdy, 49, is one of the two-member board minority backed by the nonpartisan Arlingtonians for a Better County organization and county Democrats.”",within a year,Democratic,mccaffrey2024,"county lists (I) | stated directly, of both terms: “In 1980, Democrat John Milliken defeated Republican-backed independent ‘Sim’ Pace to secure a seat that had been held for two four-year terms by Democrat John Purdy.”"
Ellen Bozman,1,at large,1974,1,1977,12,23688,23736,election,1973,novack1994 p.2; term boundaries from arlingtonelections2021,,White,assumed,,woman,mccaffrey2009,"press: her (""her role in Arlington civic life""): “Ellen Bozman served on the County Board for a record 24 years, but her role in Arlington civic life lasted twice that long.”",press,1925,mccaffrey2009,"birth date stated; the obituary names her Board tenure: “Born Ellen McConnell, April 21, 1925, in Springfield, Ill.”",exact,ABC,mccaffrey2026a; mccaffrey2009,"county lists (I) | stated directly, with the election years: “Among them was Ellen Bozman, who for the first five of her six County Board victories — 1973, 1977, 1981, 1985 and 1989 — was officially a candidate of ABC, albeit with tacit Democratic support.” | stated directly; the same source gives the results of each of her six races: “In her first five campaigns, Bozman competed not as a Democrat but under the banner of Arlingtonians for a Better County, which while technically nonpartisan was allied with the local Democrats.”"
Joseph S. Wholey,2,at large,1975,1,1978,12,23700,23748,election,1974,novack1994 p.6; term boundaries from arlingtonelections2021,,White,assumed,,man,wapo1978wholey,"press: he, his (""says he will make important decisions about his political future""): “But most importantly, this is the month Wholey says he will make important decisions about his political future.”",press,1935,wholey2023,"age 88 at death, 24 August 2023; the year is the year of the date less the age given, so within a year: “age 88, husband and father, scholar and civil servant, died Thursday, August 24, peacefully, at his home in Arlington, Virginia.”",within a year,Democratic,mccaffrey2019,"county lists (I) | stated directly, of the 1974 election: “Previously, in 1974, she had unsuccessfully run for County Board against Democrat Joseph Wholey.”"
Thomas W. Richards,3,at large,1975,1,1975,12,23700,23712,appointment,,novack1994 p.6,"Appointed in 1975 to fill the unexpired term of Joseph L. Fisher, who had been elected to the U.S. House of Representatives.",White,assumed,,man,barron1960 p.B-4,"press: Mr. (""Mr. Richards""), read on the page image, p. B-4: “In January Mr. Richards will join Mr. Wilt, Mr. Kaul, Herbert Brown and Leo Urbanske on the board.”",press,1926,arlingtonva2016richards,"would have turned 90 in June 2016; the piece names his 1960 election, his 1964 re-election and his 1975 appointment; the year is the year of the date less the age given, so within a year: “Thomas W. Richards died Nov. 9, 2011 after collapsing on the Metro system. He would have turned 90 this June, just weeks after it was announced that Arlington ranked No. 4 on a list of best local U.S. park systems as determined by the Trust for Public Land.”",within a year,,unsourced,
Dorothy Grotos,1,at large,1976,1,1979,12,23712,23760,election,1975,novack1994 p.4; term boundaries from arlingtonelections2021,,White,assumed,,woman,mccaffrey2019,"press: she (""the Democratic colleague she most respected""): “After her win in 1975, Grotos and Wholey would occupy the board dais together, and Grotos remembered him as the Democratic colleague she most respected.”",press,1931,mccaffrey2019,"age 88 at death, 25 April 2019; the year is the year of the date less the age given, so within a year: “Two-term Arlington board member Dorothy Grotos dies at 88”",within a year,Republican,mccaffrey2019,"county lists (I) | stated directly, of both elections: “The team of Republicans Grotos and Walter Frankland Jr. in 1975 came out victorious in a six-candidate field to win election to the County Board, and each won 1979 re-election victories over Democrats Mary Margaret Whipple and Charles Rinker.”"
Walter Frankland,1,at large,1976,1,1979,12,23712,23760,election,1975,novack1994 p.4; term boundaries from arlingtonelections2021,,White,assumed,,man,wapo1980frankland,"press: his (""his second meeting as chairman""): “The Arlington County Board meeting was entering its ninth hour on a recent rainy Saturday afternoon when Walter L. Frankland Jr., presiding over his second meeting as chairman, cast the deciding vote for a small housing development.”",press,1925,mccaffrey2019,"age 91 at death in 2016, in an obituary of his Board colleague; the year is the year of the date less the age given, so within a year: “In 1983, Frankland (who died in 2016 at age 91) opted against seeking re-election, and Grotos ran for treasurer to succeed Republican Bennie Fletcher Jr.”",within a year,Republican,mccaffrey2019,"county lists (I) | stated directly, of both elections: “The team of Republicans Grotos and Walter Frankland Jr. in 1975 came out victorious in a six-candidate field to win election to the County Board, and each won 1979 re-election victories over Democrats Mary Margaret Whipple and Charles Rinker.”"
John Purdy,2,at large,1977,1,1980,12,23724,23772,election,1976,novack1994 p.5; term boundaries from arlingtonelections2021,,White,assumed,,man,wapo1978purdy,"press: he (""what he called a preoccupation""): “Alarmed by what he called a preoccupation with government costs rather than quality of services, incoming Arlington County board chairman John W. Purdy this week urged the three-member liberal board majority to vote as a bloc to finance schools and social services in 1978.”",press,1931,post1980,"age 49 on 25 January 1980; the piece names him a County Board member of eight years, the roster's John Purdy seated 1973; the year is the year of the date less the age given, so within a year: “Purdy, 49, is one of the two-member board minority backed by the nonpartisan Arlingtonians for a Better County organization and county Democrats.”",within a year,Democratic,mccaffrey2024,"county lists (I) | stated directly, of both terms: “In 1980, Democrat John Milliken defeated Republican-backed independent ‘Sim’ Pace to secure a seat that had been held for two four-year terms by Democrat John Purdy.”"
Ellen Bozman,2,at large,1978,1,1981,12,23736,23784,election,1977,novack1994 p.2; term boundaries from arlingtonelections2021,,White,assumed,,woman,mccaffrey2009,"press: her (""her role in Arlington civic life""): “Ellen Bozman served on the County Board for a record 24 years, but her role in Arlington civic life lasted twice that long.”",press,1925,mccaffrey2009,"birth date stated; the obituary names her Board tenure: “Born Ellen McConnell, April 21, 1925, in Springfield, Ill.”",exact,ABC,mccaffrey2026a,"county lists (I) | stated directly, with the election years: “Among them was Ellen Bozman, who for the first five of her six County Board victories — 1973, 1977, 1981, 1985 and 1989 — was officially a candidate of ABC, albeit with tacit Democratic support.”"
Stephen Detwiler,1,at large,1979,1,1982,12,23748,23796,election,1978,novack1994 p.3,,White,assumed,,man,wapo1980detwiler,"press: he (""he meant what he said""): “But in the 15 months the 36-year-old bank officer has been on the board, Detwiler increasingly has shown that he meant what he said.”",press,1943,detwiler2017,"age 74 at death, 30 September 2017. The notice does not name the Board: the match rests on the name, burial at Columbia Gardens in Arlington, and a mourner's line that he was a passionate community activist in Arlington; the year is the year of the date less the age given, so within a year: “Stephen Howard Detwiler, 74, passed away on September 30, 2017.”",within a year,Republican,mccaffrey2019,"county lists (I) | named among the three Republicans holding the majority in 1979: “Grotos chaired the board in 1979, the last time Republicans (Stephen Detwiler, Frankland and herself) held a majority on the five-member panel.”"
Dorothy Grotos,2,at large,1980,1,1983,12,23760,23808,election,1979,novack1994 p.4; term boundaries from arlingtonelections2021,,White,assumed,,woman,mccaffrey2019,"press: she (""the Democratic colleague she most respected""): “After her win in 1975, Grotos and Wholey would occupy the board dais together, and Grotos remembered him as the Democratic colleague she most respected.”",press,1931,mccaffrey2019,"age 88 at death, 25 April 2019; the year is the year of the date less the age given, so within a year: “Two-term Arlington board member Dorothy Grotos dies at 88”",within a year,Republican,mccaffrey2019,"county lists (I) | stated directly, of both elections: “The team of Republicans Grotos and Walter Frankland Jr. in 1975 came out victorious in a six-candidate field to win election to the County Board, and each won 1979 re-election victories over Democrats Mary Margaret Whipple and Charles Rinker.”"
Walter Frankland,2,at large,1980,1,1983,12,23760,23808,election,1979,novack1994 p.4; term boundaries from arlingtonelections2021,,White,assumed,,man,wapo1980frankland,"press: his (""his second meeting as chairman""): “The Arlington County Board meeting was entering its ninth hour on a recent rainy Saturday afternoon when Walter L. Frankland Jr., presiding over his second meeting as chairman, cast the deciding vote for a small housing development.”",press,1925,mccaffrey2019,"age 91 at death in 2016, in an obituary of his Board colleague; the year is the year of the date less the age given, so within a year: “In 1983, Frankland (who died in 2016 at age 91) opted against seeking re-election, and Grotos ran for treasurer to succeed Republican Bennie Fletcher Jr.”",within a year,Republican,mccaffrey2019,"county lists (I) | stated directly, of both elections: “The team of Republicans Grotos and Walter Frankland Jr. in 1975 came out victorious in a six-candidate field to win election to the County Board, and each won 1979 re-election victories over Democrats Mary Margaret Whipple and Charles Rinker.”"
John G. Milliken,1,at large,1981,1,1984,12,23772,23820,election,1980,novack1994 p.5; term boundaries from arlingtonelections2021,,White,assumed,,man,mccaffrey2017,"press: his (""his stature as a civic leader""): “John Milliken’s Democratic Party bona-fides are secure – as secure as his stature as a civic leader who is simultaneously an elder statesman and an still-vigorous participant.”",press,1946,mccaffrey2017,"age 14 in 1960; the piece calls him the former Arlington County Board member; the year is the year of the date less the age given, so within a year: “In 1960, with his family just arrived in Arlington, the 14-year-old Milliken was living in the Buckingham neighborhood, attending Washington-Lee High School and was just getting active in politics.”",within a year,Democratic,arlingtonelections2021 p.64,
Ellen Bozman,3,at large,1982,1,1985,12,23784,23832,election,1981,novack1994 p.2; term boundaries from arlingtonelections2021,,White,assumed,,woman,mccaffrey2009,"press: her (""her role in Arlington civic life""): “Ellen Bozman served on the County Board for a record 24 years, but her role in Arlington civic life lasted twice that long.”",press,1925,mccaffrey2009,"birth date stated; the obituary names her Board tenure: “Born Ellen McConnell, April 21, 1925, in Springfield, Ill.”",exact,ABC,mccaffrey2026a,"county lists (I) | stated directly, with the election years: “Among them was Ellen Bozman, who for the first five of her six County Board victories — 1973, 1977, 1981, 1985 and 1989 — was officially a candidate of ABC, albeit with tacit Democratic support.”"
Mary Margaret Whipple,1,at large,1983,1,1986,12,23796,23844,election,1982,novack1994 p.6; term boundaries from arlingtonelections2021,,White,assumed,,woman,arlnow2011whipple,"press: her (""announced her retirement""): “(Possible candidate list updated at 8:10 p.m.) Mary Margaret Whipple, who represents Arlington in the Virginia Senate, announced her retirement today.”",press,1941,helderman2011,"age 70 on 25 February 2011; the year is the year of the date less the age given, so within a year: “A former member of the Arlington School Board and the Arlington County Board, who served as a representative on the Metro board, Whipple, 70, has been known as a staunch advocate of public transit and the environment.”",within a year,Democratic,arlingtonelections2021 p.66,
Albert C. Eisenberg,1,at large,1984,1,1987,12,23808,23856,election,1983,novack1994 p.3; term boundaries from arlingtonelections2021,,White,assumed,,man,mccaffrey2022b,"press: his (""his final two-year term""): “In the House of Delegates, Eisenberg was given seats on the Agriculture/Chesapeake/Natural Resources and Science/Technology Committees, augmented by a seat on the General Laws committee for his final two-year term.”",press,1946,mccaffrey2022b,"birth date stated; the obituary names his 1983 election to the County Board: “Albert Charles Eisenberg was born on Oct. 15, 1946, in Jersey City, N.J.”",exact,Democratic,arlingtonelections2021 p.68,
Michael E. Brunner,1,at large,1984,1,1987,12,23808,23856,election,1983,novack1994 p.2,,White,assumed,,man,evans1987,"press: he (""he will not seek reelection""): “Michael E. Brunner, the only Republican on the Arlington County Board, announced yesterday that he will not seek reelection in November.”",press,1943,evans1987,"age 44 on 3 March 1987, as the Board's only Republican; the year is the year of the date less the age given, so within a year: “Brunner, 44, cited his job as executive vice president of the National Telephone Cooperative Association and said his obligations ""make it difficult for me to devote as much time and energy to the county board as I would like.""”",within a year,independent,arlingtonelections2021 p.68,
John G. Milliken,2,at large,1985,1,1988,12,23820,23868,election,1984,novack1994 p.5; term boundaries from arlingtonelections2021,,White,assumed,,man,mccaffrey2017,"press: his (""his stature as a civic leader""): “John Milliken’s Democratic Party bona-fides are secure – as secure as his stature as a civic leader who is simultaneously an elder statesman and an still-vigorous participant.”",press,1946,mccaffrey2017,"age 14 in 1960; the piece calls him the former Arlington County Board member; the year is the year of the date less the age given, so within a year: “In 1960, with his family just arrived in Arlington, the 14-year-old Milliken was living in the Buckingham neighborhood, attending Washington-Lee High School and was just getting active in politics.”",within a year,Democratic,arlingtonelections2021 p.68,
Ellen Bozman,4,at large,1986,1,1989,12,23832,23880,election,1985,novack1994 p.2; term boundaries from arlingtonelections2021,,White,assumed,,woman,mccaffrey2009,"press: her (""her role in Arlington civic life""): “Ellen Bozman served on the County Board for a record 24 years, but her role in Arlington civic life lasted twice that long.”",press,1925,mccaffrey2009,"birth date stated; the obituary names her Board tenure: “Born Ellen McConnell, April 21, 1925, in Springfield, Ill.”",exact,ABC,mccaffrey2026a,"county lists (I) | stated directly, with the election years: “Among them was Ellen Bozman, who for the first five of her six County Board victories — 1973, 1977, 1981, 1985 and 1989 — was officially a candidate of ABC, albeit with tacit Democratic support.”"
Mary Margaret Whipple,2,at large,1987,1,1990,12,23844,23892,election,1986,novack1994 p.6; term boundaries from arlingtonelections2021,,White,assumed,,woman,arlnow2011whipple,"press: her (""announced her retirement""): “(Possible candidate list updated at 8:10 p.m.) Mary Margaret Whipple, who represents Arlington in the Virginia Senate, announced her retirement today.”",press,1941,helderman2011,"age 70 on 25 February 2011; the year is the year of the date less the age given, so within a year: “A former member of the Arlington School Board and the Arlington County Board, who served as a representative on the Metro board, Whipple, 70, has been known as a staunch advocate of public transit and the environment.”",within a year,Democratic,arlingtonelections2021 p.70,
Albert C. Eisenberg,2,at large,1988,1,1991,12,23856,23904,election,1987,novack1994 p.3; term boundaries from arlingtonelections2021,,White,assumed,,man,mccaffrey2022b,"press: his (""his final two-year term""): “In the House of Delegates, Eisenberg was given seats on the Agriculture/Chesapeake/Natural Resources and Science/Technology Committees, augmented by a seat on the General Laws committee for his final two-year term.”",press,1946,mccaffrey2022b,"birth date stated; the obituary names his 1983 election to the County Board: “Albert Charles Eisenberg was born on Oct. 15, 1946, in Jersey City, N.J.”",exact,Democratic,arlingtonelections2021 p.71,
"William T. Newman, Jr.",1,at large,1988,1,1991,12,23856,23904,election,1987,novack1994 p.5; term boundaries from arlingtonelections2021,,Black,hjerpe2021 p.5; ahs2026newman,"stated directly: “After 1930, it would be more than half a century before William T. Newman was elected, breaking the all-white pattern of county governance in 1988.” | stated directly: “In 1987, he was elected to the Arlington County Board, becoming the first African American elected to the board since Reconstruction.”",man,arlnow2026newman,"press: his (""died at his home""): “Newman died at his home yesterday (Tuesday), leaving an enduring legacy that some consider one of the most consequential in Arlington’s recent history.”",press,1950,hsu1987,"age 37 on 31 December 1987, the week after he was sworn in; the year is the year of the date less the age given, so within a year: “Newman, 37, said his efforts this year will focus on housing, affirmative action, the establishment of a human rights commission and combating the drug problem that has particularly affected parts of South Arlington.”",within a year,Democratic,arlingtonelections2021 p.71,
John G. Milliken,3,at large,1989,1,1990,2,23868,23882,election,1988,novack1994 p.5; term boundaries from arlingtonelections2021,Resigned in February 1990 following his appointment as Secretary of Transportation of the Commonwealth of Virginia.,White,assumed,,man,mccaffrey2017,"press: his (""his stature as a civic leader""): “John Milliken’s Democratic Party bona-fides are secure – as secure as his stature as a civic leader who is simultaneously an elder statesman and an still-vigorous participant.”",press,1946,mccaffrey2017,"age 14 in 1960; the piece calls him the former Arlington County Board member; the year is the year of the date less the age given, so within a year: “In 1960, with his family just arrived in Arlington, the 14-year-old Milliken was living in the Buckingham neighborhood, attending Washington-Lee High School and was just getting active in politics.”",within a year,Democratic,arlingtonelections2021 p.72,
Ellen Bozman,5,at large,1990,1,1993,12,23880,23928,election,1989,novack1994 p.2; term boundaries from arlingtonelections2021,,White,assumed,,woman,mccaffrey2009,"press: her (""her role in Arlington civic life""): “Ellen Bozman served on the County Board for a record 24 years, but her role in Arlington civic life lasted twice that long.”",press,1925,mccaffrey2009,"birth date stated; the obituary names her Board tenure: “Born Ellen McConnell, April 21, 1925, in Springfield, Ill.”",exact,ABC,mccaffrey2026a,"county lists (I) | stated directly, with the election years: “Among them was Ellen Bozman, who for the first five of her six County Board victories — 1973, 1977, 1981, 1985 and 1989 — was officially a candidate of ABC, albeit with tacit Democratic support.”"
James B. Hunter III,1,at large,1990,5,1992,12,23884,23916,appointment,,novack1994 p.4; term boundaries from arlingtonelections2021,"Elected in a special election in May 1990 to fill the unexpired term of John G. Milliken, who had been appointed as Secretary of Transportation of the Commonwealth of Virginia.",White,assumed,,man,pearson1998,"press: Mr., his (""Mr. Hunter"", ""his home""), obituary: “James B. Hunter, 58, an Arlington native and businessman and retired Marine Corps major who became a popular and respected member of the Arlington County Board, died of cancer Jan. 5 at his home in Arlington. Mr. Hunter, a Democrat, served on the board from 1990 until retiring for health reasons on Sept. 8, 1997.”",press,1940,pearson1998,"age 58 at death, 5 January 1998; the year is the year of the date less the age given, so within a year: “James B. Hunter, 58, an Arlington native and businessman and retired Marine Corps major who became a popular and respected member of the Arlington County Board, died of cancer Jan. 5 at his home in Arlington.”",within a year,Democratic,arlingtonelections2021 p.74,
Mary Margaret Whipple,3,at large,1991,1,1994,12,23892,23940,election,1990,novack1994 p.6; term boundaries from arlingtonelections2021,,White,assumed,,woman,arlnow2011whipple,"press: her (""announced her retirement""): “(Possible candidate list updated at 8:10 p.m.) Mary Margaret Whipple, who represents Arlington in the Virginia Senate, announced her retirement today.”",press,1941,helderman2011,"age 70 on 25 February 2011; the year is the year of the date less the age given, so within a year: “A former member of the Arlington School Board and the Arlington County Board, who served as a representative on the Metro board, Whipple, 70, has been known as a staunch advocate of public transit and the environment.”",within a year,Democratic,arlingtonelections2021 p.74,
Albert C. Eisenberg,3,at large,1992,1,1995,12,23904,23952,election,1991,novack1994 p.3; term boundaries from arlingtonelections2021,,White,assumed,,man,mccaffrey2022b,"press: his (""his final two-year term""): “In the House of Delegates, Eisenberg was given seats on the Agriculture/Chesapeake/Natural Resources and Science/Technology Committees, augmented by a seat on the General Laws committee for his final two-year term.”",press,1946,mccaffrey2022b,"birth date stated; the obituary names his 1983 election to the County Board: “Albert Charles Eisenberg was born on Oct. 15, 1946, in Jersey City, N.J.”",exact,Democratic,arlingtonelections2021 p.76,
"William T. Newman, Jr.",2,at large,1992,1,1993,3,23904,23919,election,1991,novack1994 p.5; term boundaries from arlingtonelections2021,Resigned in March 1993 following his appointment as a Circuit Judge.,Black,hjerpe2021 p.5; ahs2026newman,"stated directly: “After 1930, it would be more than half a century before William T. Newman was elected, breaking the all-white pattern of county governance in 1988.” | stated directly: “In 1987, he was elected to the Arlington County Board, becoming the first African American elected to the board since Reconstruction.”",man,arlnow2026newman,"press: his (""died at his home""): “Newman died at his home yesterday (Tuesday), leaving an enduring legacy that some consider one of the most consequential in Arlington’s recent history.”",press,1950,hsu1987,"age 37 on 31 December 1987, the week after he was sworn in; the year is the year of the date less the age given, so within a year: “Newman, 37, said his efforts this year will focus on housing, affirmative action, the establishment of a human rights commission and combating the drug problem that has particularly affected parts of South Arlington.”",within a year,Democratic,arlingtonelections2021 p.76,
James B. Hunter III,2,at large,1993,1,1996,12,23916,23964,election,1992,novack1994 p.4; term boundaries from arlingtonelections2021,,White,assumed,,man,pearson1998,"press: Mr., his (""Mr. Hunter"", ""his home""), obituary: “James B. Hunter, 58, an Arlington native and businessman and retired Marine Corps major who became a popular and respected member of the Arlington County Board, died of cancer Jan. 5 at his home in Arlington. Mr. Hunter, a Democrat, served on the board from 1990 until retiring for health reasons on Sept. 8, 1997.”",press,1940,pearson1998,"age 58 at death, 5 January 1998; the year is the year of the date less the age given, so within a year: “James B. Hunter, 58, an Arlington native and businessman and retired Marine Corps major who became a popular and respected member of the Arlington County Board, died of cancer Jan. 5 at his home in Arlington.”",within a year,Democratic,arlingtonelections2021 p.76,
"Benjamin H. Winslow, Jr.",1,at large,1993,4,1995,12,23919,23952,appointment,,novack1994 p.6; term boundaries from arlingtonelections2021,"Elected in a special election in April 1993 to fill the unexpired term of William T. Newman, Jr., who had been appointed a Circuit Judge.",White,assumed,,man,hall1993,"press: he (""how he plans to approach his new position""): “Washington Post staff writer Charles W. Hall spoke with Winslow this week about how he plans to approach his new position.”",press,1932,hall1993,"age 61 on 29 April 1993, the week after his election; the year is the year of the date less the age given, so within a year: “Winslow, 61, an independent who was endorsed by county Republicans, is a Sears salesman and former program analyst for the U.S. Department of Health and Human Services.”",within a year,independent,arlingtonelections2021 p.77,
Ellen Bozman,6,at large,1994,1,1997,12,23928,23976,election,1993,novack1994 p.2; term boundaries from arlingtonelections2021,,White,assumed,,woman,mccaffrey2009,"press: her (""her role in Arlington civic life""): “Ellen Bozman served on the County Board for a record 24 years, but her role in Arlington civic life lasted twice that long.”",press,1925,mccaffrey2009,"birth date stated; the obituary names her Board tenure: “Born Ellen McConnell, April 21, 1925, in Springfield, Ill.”",exact,Democratic,arlingtonelections2021 p.78,
Mary Margaret Whipple,4,at large,1995,1,1996,1,23940,23952,election,1994,arlingtonelections2021 p.79,Left the seat before the end of the term; filled by special election in Jan 1996.,White,assumed,,woman,arlnow2011whipple,"press: her (""announced her retirement""): “(Possible candidate list updated at 8:10 p.m.) Mary Margaret Whipple, who represents Arlington in the Virginia Senate, announced her retirement today.”",press,1941,helderman2011,"age 70 on 25 February 2011; the year is the year of the date less the age given, so within a year: “A former member of the Arlington School Board and the Arlington County Board, who served as a representative on the Metro board, Whipple, 70, has been known as a staunch advocate of public transit and the environment.”",within a year,Democratic,arlingtonelections2021 p.79,
Albert C. Eisenberg,4,at large,1996,1,1999,4,23952,23991,election,1995,arlingtonelections2021 p.81,Left the seat before the end of the term; filled by special election in Apr 1999.,White,assumed,,man,mccaffrey2022b,"press: his (""his final two-year term""): “In the House of Delegates, Eisenberg was given seats on the Agriculture/Chesapeake/Natural Resources and Science/Technology Committees, augmented by a seat on the General Laws committee for his final two-year term.”",press,1946,mccaffrey2022b,"birth date stated; the obituary names his 1983 election to the County Board: “Albert Charles Eisenberg was born on Oct. 15, 1946, in Jersey City, N.J.”",exact,Democratic,arlingtonelections2021 p.80,
Christopher E. Zimmerman,1,at large,1996,1,1998,12,23952,23988,special election,1996,arlingtonelections2021 p.82,Elected in a special election in Jan 1996 to fill an unexpired term.,White,assumed,,man,arlnow2013zimmerman,"press: he (""said he initially intended""): “After being reelected in 2010, Zimmerman said he initially intended to serve out his four-year term, but those plans since changed.”",press,1959,sullivan2013,"age 54 on 23 December 2013; the year is the year of the date less the age given, so within a year: “Zimmerman, 54, now in the last months of his 17-year tenure as an Arlington County Board member”",within a year,Democratic,arlingtonelections2021 p.82,
Paul F. Ferguson,1,at large,1996,1,1999,12,23952,24000,election,1995,arlingtonelections2021 p.81,,White,assumed,,man,sungazette2019ferguson,"press: his (""his office""): “Clerk Paul Ferguson on March 27 told County Board members there has been a 12.2-percent increase in documents filed or recorded over the past year in his office, and the strains are starting to show.”",press,1965,mccaffrey2015b,"50th birthday on 4 March 2015; the piece names his 1995 election to the County Board; the year is the year of the date less the age given, so within a year: “Ferguson formally kicked off his re-election bid March 4 before the Arlington County Democratic Committee. It coincided with his 50th birthday.”",within a year,Democratic,arlingtonelections2021 p.80,
James B. Hunter III,3,at large,1997,1,1997,11,23964,23974,election,1996,arlingtonelections2021 p.82,Left the seat before the end of the term; filled by special election in Nov 1997.,White,assumed,,man,pearson1998,"press: Mr., his (""Mr. Hunter"", ""his home""), obituary: “James B. Hunter, 58, an Arlington native and businessman and retired Marine Corps major who became a popular and respected member of the Arlington County Board, died of cancer Jan. 5 at his home in Arlington. Mr. Hunter, a Democrat, served on the board from 1990 until retiring for health reasons on Sept. 8, 1997.”",press,1940,pearson1998,"age 58 at death, 5 January 1998; the year is the year of the date less the age given, so within a year: “James B. Hunter, 58, an Arlington native and businessman and retired Marine Corps major who became a popular and respected member of the Arlington County Board, died of cancer Jan. 5 at his home in Arlington.”",within a year,Democratic,arlingtonelections2021 p.82,
Barbara A. Favola,1,at large,1997,11,2000,12,23974,24012,special election,1997,arlingtonelections2021 p.85,Elected in a special election in Nov 1997 to fill an unexpired term.,White,assumed,,woman,arlnow2011favola,"press: her (""her opponent""): “The Washington Post and the Arlington Sun Gazette both endorsed Favola yesterday, passing over her opponent, Republican Caren Merrick.”",press,1955,vasenatefavola,"birth date stated; the page lists her as a former Arlington County Board member and chair, 1997-2011: “Born in New London, Connecticut on June 21, 1955”",exact,Democratic,arlingtonelections2021 p.84,
"G.N. “Jay” Fisette, Jr.",1,at large,1998,1,2001,12,23976,24024,election,1997,arlingtonelections2021 p.85,,White,assumed,,man,arlnow2017fisette,"press: he (""Though he has not decided""): “Though he has not decided what exactly to do next, Fisette said it will not be in elected office.”",press,1956,outhistoryfisette,"birth date stated; the page lists him as Arlington County Board member, elected November 1997: “Born February 25, 1956”",exact,Democratic,arlingtonelections2021 p.84,
Christopher E. Zimmerman,2,at large,1999,1,2002,12,23988,24036,election,1998,arlingtonelections2021 p.85,,White,assumed,,man,arlnow2013zimmerman,"press: he (""said he initially intended""): “After being reelected in 2010, Zimmerman said he initially intended to serve out his four-year term, but those plans since changed.”",press,1959,sullivan2013,"age 54 on 23 December 2013; the year is the year of the date less the age given, so within a year: “Zimmerman, 54, now in the last months of his 17-year tenure as an Arlington County Board member”",within a year,Democratic,arlingtonelections2021 p.85,
Michael D. Lane,1,at large,1999,4,1999,12,23991,24000,special election,1999,arlingtonelections2021 p.86,Elected in a special election in Apr 1999 to fill an unexpired term.,White,assumed,,man,connection2007lane,"press: he (""he immediately joined""): “After unpacking in Alexandria, he immediately joined the Alexandria Republican City Committee and volunteered to manage then School Board Member Ken Foran’s campaign for City Council.”",press,1952,post1998,"age 46 in the 1998 guide; the guide names him as the Republican candidate for the County Board against Zimmerman; the year is the year of the date less the age given, so within a year: “Michael D. Lane Republican Age: 46 Residence: Arlington County.”",within a year,Republican,arlingtonelections2021 p.86,
Charles P. Monroe,1,at large,2000,1,2003,3,24000,24038,election,1999,arlingtonelections2021 p.88,Left the seat before the end of the term; filled by special election in Mar 2003.,Black,ahs2026newman; connection2003,"stated directly, by name: “Since Newman’s tenure, there have been three African American members of the County Board. Charles P. Monroe was elected to the Board in 1999 and served until his death in 2003.” | the president of the Arlington NAACP, speaking of him at his death: “a giant in the black community”",man,sungazette2023monroe,"press: his (""tapped by his board colleagues""): “In late 2002, Monroe was tapped by his board colleagues to serve as chair for 2003, in anticipation of a re-election run later that year.”",press,1957,connection2003,"age 46 at death, 11 January 2003, in the headline; the piece describes his collapse while chairing the Board; the year is the year of the date less the age given, so within a year: “Monroe Dead at 46”",within a year,Democratic,arlingtonelections2021 p.86,
Paul F. Ferguson,2,at large,2000,1,2003,12,24000,24048,election,1999,arlingtonelections2021 p.88,,White,assumed,,man,sungazette2019ferguson,"press: his (""his office""): “Clerk Paul Ferguson on March 27 told County Board members there has been a 12.2-percent increase in documents filed or recorded over the past year in his office, and the strains are starting to show.”",press,1965,mccaffrey2015b,"50th birthday on 4 March 2015; the piece names his 1995 election to the County Board; the year is the year of the date less the age given, so within a year: “Ferguson formally kicked off his re-election bid March 4 before the Arlington County Democratic Committee. It coincided with his 50th birthday.”",within a year,Democratic,arlingtonelections2021 p.88,
Barbara A. Favola,2,at large,2001,1,2004,12,24012,24060,election,2000,arlingtonelections2021 p.89,,White,assumed,,woman,arlnow2011favola,"press: her (""her opponent""): “The Washington Post and the Arlington Sun Gazette both endorsed Favola yesterday, passing over her opponent, Republican Caren Merrick.”",press,1955,vasenatefavola,"birth date stated; the page lists her as a former Arlington County Board member and chair, 1997-2011: “Born in New London, Connecticut on June 21, 1955”",exact,Democratic,arlingtonelections2021 p.89,
"G.N. “Jay” Fisette, Jr.",2,at large,2002,1,2005,12,24024,24072,election,2001,arlingtonelections2021 p.91,,White,assumed,,man,arlnow2017fisette,"press: he (""Though he has not decided""): “Though he has not decided what exactly to do next, Fisette said it will not be in elected office.”",press,1956,outhistoryfisette,"birth date stated; the page lists him as Arlington County Board member, elected November 1997: “Born February 25, 1956”",exact,Democratic,arlingtonelections2021 p.91,
Christopher E. Zimmerman,3,at large,2003,1,2006,12,24036,24084,election,2002,arlingtonelections2021 p.91,,White,assumed,,man,arlnow2013zimmerman,"press: he (""said he initially intended""): “After being reelected in 2010, Zimmerman said he initially intended to serve out his four-year term, but those plans since changed.”",press,1959,sullivan2013,"age 54 on 23 December 2013; the year is the year of the date less the age given, so within a year: “Zimmerman, 54, now in the last months of his 17-year tenure as an Arlington County Board member”",within a year,Democratic,arlingtonelections2021 p.91,
J. Walter Tejada,1,at large,2003,3,2003,12,24038,24048,special election,2003,arlingtonelections2021 p.92,Elected in a special election in Mar 2003 to fill an unexpired term.,Hispanic,clh2026tejada,"stated directly, as Latin American heritage: “In 2003, J. Walter Tejada became the first person of Latin American heritage to be elected to the Arlington County Board, or to any governing body in Northern Virginia.”",man,arlnow2015tejada,"press: he (""announced that he will not seek reelection""): “Arlington County Board member Walter Tejada has announced that he will not seek reelection this year.”",press,1958,markon2008,"age 50 on 10 January 2008; the year is the year of the date less the age given, so within a year: “Tejada, 50, has been riling the status quo since he came to prominence in the 1990s as a defender of the residents of the Arna Valley apartment complex”",within a year,Democratic,arlingtonelections2021 p.92,
J. Walter Tejada,2,at large,2004,1,2007,12,24048,24096,election,2003,arlingtonelections2021 p.94,,Hispanic,clh2026tejada,"stated directly, as Latin American heritage: “In 2003, J. Walter Tejada became the first person of Latin American heritage to be elected to the Arlington County Board, or to any governing body in Northern Virginia.”",man,arlnow2015tejada,"press: he (""announced that he will not seek reelection""): “Arlington County Board member Walter Tejada has announced that he will not seek reelection this year.”",press,1958,markon2008,"age 50 on 10 January 2008; the year is the year of the date less the age given, so within a year: “Tejada, 50, has been riling the status quo since he came to prominence in the 1990s as a defender of the residents of the Arna Valley apartment complex”",within a year,Democratic,arlingtonelections2021 p.92,
Paul F. Ferguson,3,at large,2004,1,2007,12,24048,24096,election,2003,arlingtonelections2021 p.94,,White,assumed,,man,sungazette2019ferguson,"press: his (""his office""): “Clerk Paul Ferguson on March 27 told County Board members there has been a 12.2-percent increase in documents filed or recorded over the past year in his office, and the strains are starting to show.”",press,1965,mccaffrey2015b,"50th birthday on 4 March 2015; the piece names his 1995 election to the County Board; the year is the year of the date less the age given, so within a year: “Ferguson formally kicked off his re-election bid March 4 before the Arlington County Democratic Committee. It coincided with his 50th birthday.”",within a year,Democratic,arlingtonelections2021 p.92,
Barbara A. Favola,3,at large,2005,1,2008,12,24060,24108,election,2004,arlingtonelections2021 p.95,,White,assumed,,woman,arlnow2011favola,"press: her (""her opponent""): “The Washington Post and the Arlington Sun Gazette both endorsed Favola yesterday, passing over her opponent, Republican Caren Merrick.”",press,1955,vasenatefavola,"birth date stated; the page lists her as a former Arlington County Board member and chair, 1997-2011: “Born in New London, Connecticut on June 21, 1955”",exact,Democratic,arlingtonelections2021 p.95,
"G.N. “Jay” Fisette, Jr.",3,at large,2006,1,2009,12,24072,24120,election,2005,arlingtonelections2021 p.97,,White,assumed,,man,arlnow2017fisette,"press: he (""Though he has not decided""): “Though he has not decided what exactly to do next, Fisette said it will not be in elected office.”",press,1956,outhistoryfisette,"birth date stated; the page lists him as Arlington County Board member, elected November 1997: “Born February 25, 1956”",exact,Democratic,arlingtonelections2021 p.97,
Christopher E. Zimmerman,4,at large,2007,1,2010,12,24084,24132,election,2006,arlingtonelections2021 p.97,,White,assumed,,man,arlnow2013zimmerman,"press: he (""said he initially intended""): “After being reelected in 2010, Zimmerman said he initially intended to serve out his four-year term, but those plans since changed.”",press,1959,sullivan2013,"age 54 on 23 December 2013; the year is the year of the date less the age given, so within a year: “Zimmerman, 54, now in the last months of his 17-year tenure as an Arlington County Board member”",within a year,Democratic,arlingtonelections2021 p.97,
J. Walter Tejada,3,at large,2008,1,2011,12,24096,24144,election,2007,arlingtonelections2021 p.100,,Hispanic,clh2026tejada,"stated directly, as Latin American heritage: “In 2003, J. Walter Tejada became the first person of Latin American heritage to be elected to the Arlington County Board, or to any governing body in Northern Virginia.”",man,arlnow2015tejada,"press: he (""announced that he will not seek reelection""): “Arlington County Board member Walter Tejada has announced that he will not seek reelection this year.”",press,1958,markon2008,"age 50 on 10 January 2008; the year is the year of the date less the age given, so within a year: “Tejada, 50, has been riling the status quo since he came to prominence in the 1990s as a defender of the residents of the Arna Valley apartment complex”",within a year,Democratic,arlingtonelections2021 p.100,
Mary H. Hynes,1,at large,2008,1,2011,12,24096,24144,election,2007,arlingtonelections2021 p.100,,White,assumed,,woman,rothstein2015,"press: her (""the rest of her term""): “Hynes, 59, will serve out the rest of her term in 2015 before stepping down.”",press,1956,rothstein2015,"age 59 on 4 February 2015; the year is the year of the date less the age given, so within a year: “Hynes, 59, will serve out the rest of her term in 2015 before stepping down.”",within a year,Democratic,arlingtonelections2021 p.100,
Barbara A. Favola,4,at large,2009,1,2012,3,24108,24146,election,2008,arlingtonelections2021 p.101,Left the seat before the end of the term; filled by special election in Mar 2012.,White,assumed,,woman,arlnow2011favola,"press: her (""her opponent""): “The Washington Post and the Arlington Sun Gazette both endorsed Favola yesterday, passing over her opponent, Republican Caren Merrick.”",press,1955,vasenatefavola,"birth date stated; the page lists her as a former Arlington County Board member and chair, 1997-2011: “Born in New London, Connecticut on June 21, 1955”",exact,Democratic,arlingtonelections2021 p.101,
"G.N. “Jay” Fisette, Jr.",4,at large,2010,1,2013,12,24120,24168,election,2009,arlingtonelections2021 p.103,,White,assumed,,man,arlnow2017fisette,"press: he (""Though he has not decided""): “Though he has not decided what exactly to do next, Fisette said it will not be in elected office.”",press,1956,outhistoryfisette,"birth date stated; the page lists him as Arlington County Board member, elected November 1997: “Born February 25, 1956”",exact,Democratic,arlingtonelections2021 p.103,
Christopher E. Zimmerman,5,at large,2011,1,2014,4,24132,24171,election,2010,arlingtonelections2021 p.103,Left the seat before the end of the term; filled by special election in Apr 2014.,White,assumed,,man,arlnow2013zimmerman,"press: he (""said he initially intended""): “After being reelected in 2010, Zimmerman said he initially intended to serve out his four-year term, but those plans since changed.”",press,1959,sullivan2013,"age 54 on 23 December 2013; the year is the year of the date less the age given, so within a year: “Zimmerman, 54, now in the last months of his 17-year tenure as an Arlington County Board member”",within a year,Democratic,arlingtonelections2021 p.103,
J. Walter Tejada,4,at large,2012,1,2015,12,24144,24192,election,2011,arlingtonelections2021 p.106,,Hispanic,clh2026tejada,"stated directly, as Latin American heritage: “In 2003, J. Walter Tejada became the first person of Latin American heritage to be elected to the Arlington County Board, or to any governing body in Northern Virginia.”",man,arlnow2015tejada,"press: he (""announced that he will not seek reelection""): “Arlington County Board member Walter Tejada has announced that he will not seek reelection this year.”",press,1958,markon2008,"age 50 on 10 January 2008; the year is the year of the date less the age given, so within a year: “Tejada, 50, has been riling the status quo since he came to prominence in the 1990s as a defender of the residents of the Arna Valley apartment complex”",within a year,Democratic,arlingtonelections2021 p.106,
Mary H. Hynes,2,at large,2012,1,2015,12,24144,24192,election,2011,arlingtonelections2021 p.106,,White,assumed,,woman,rothstein2015,"press: her (""the rest of her term""): “Hynes, 59, will serve out the rest of her term in 2015 before stepping down.”",press,1956,rothstein2015,"age 59 on 4 February 2015; the year is the year of the date less the age given, so within a year: “Hynes, 59, will serve out the rest of her term in 2015 before stepping down.”",within a year,Democratic,arlingtonelections2021 p.106,
Libby T. Garvey,1,at large,2012,3,2012,12,24146,24156,special election,2012,arlingtonelections2021 p.106,Elected in a special election in Mar 2012 to fill an unexpired term.,White,assumed,,woman,arlnow2024garvey,"press: her (""the end of her term""): “Arlington County Board Chair Libby Garvey is retiring at the end of her term in 2024.”",press,1951,pope2012,"age 61 on 10 October 2012; the year is the year of the date less the age given, so within a year: “Libby Garvey, 61 A native of Cambridge, Mass., Garvey was raised in Westport, Conn., and Milwaukee.”",within a year,Democratic,arlingtonelections2021 p.106,
Libby T. Garvey,2,at large,2013,1,2016,12,24156,24204,election,2012,arlingtonelections2021 p.107,,White,assumed,,woman,arlnow2024garvey,"press: her (""the end of her term""): “Arlington County Board Chair Libby Garvey is retiring at the end of her term in 2024.”",press,1951,pope2012,"age 61 on 10 October 2012; the year is the year of the date less the age given, so within a year: “Libby Garvey, 61 A native of Cambridge, Mass., Garvey was raised in Westport, Conn., and Milwaukee.”",within a year,Democratic,arlingtonelections2021 p.106,
"G.N. “Jay” Fisette, Jr.",5,at large,2014,1,2017,12,24168,24216,election,2013,arlingtonelections2021 p.109,,White,assumed,,man,arlnow2017fisette,"press: he (""Though he has not decided""): “Though he has not decided what exactly to do next, Fisette said it will not be in elected office.”",press,1956,outhistoryfisette,"birth date stated; the page lists him as Arlington County Board member, elected November 1997: “Born February 25, 1956”",exact,Democratic,arlingtonelections2021 p.109,
John E. Vihstadt,1,at large,2014,4,2014,12,24171,24180,special election,2014,arlingtonelections2021 p.109,Elected in a special election in Apr 2014 to fill an unexpired term.,White,assumed,,man,arlnow2018vihstadt,"press: his (""his four years of service""): “A ceremony was held at Saturday’s County Board meeting to honor Vihstadt and his four years of service on the Board.”",press,1953,pope2014,"age 61 on 5 February 2014; the year is the year of the date less the age given, so within a year: “John Vihstadt, 61: A native of Berwyn, Ill., Vihstadt was raised in Nebraska and Michigan.”",within a year,Republican,mccaffrey2018,"county lists (I) | ran as an independent with the Republican committee's formal backing: “While four years ago, he ran as an independent but accepted formal backing from the Arlington County Republican Committee, this year he steered clear of any affiliation with Republicans.”"
John E. Vihstadt,2,at large,2015,1,2018,12,24180,24228,election,2014,arlingtonelections2021 p.110,,White,assumed,,man,arlnow2018vihstadt,"press: his (""his four years of service""): “A ceremony was held at Saturday’s County Board meeting to honor Vihstadt and his four years of service on the Board.”",press,1953,pope2014,"age 61 on 5 February 2014; the year is the year of the date less the age given, so within a year: “John Vihstadt, 61: A native of Berwyn, Ill., Vihstadt was raised in Nebraska and Michigan.”",within a year,Republican,mccaffrey2018,"county lists (I) | ran as an independent with the Republican committee's formal backing: “While four years ago, he ran as an independent but accepted formal backing from the Arlington County Republican Committee, this year he steered clear of any affiliation with Republicans.”"
Christian E. Dorsey,1,at large,2016,1,2019,12,24192,24240,election,2015,arlingtonelections2021 p.112,,Black,ahs2026newman; dorsey2020,"stated directly, by name: “Since Newman’s tenure, there have been three African American members of the County Board. […] Christian Dorsey was elected to the County Board in 2015.” | his own statement: “Most Black people I know—I among them—will do all we can”",man,arlnow2022dorsey,"press: he (""says he will not seek reelection""): “Arlington County Board vice-chair Christian Dorsey says he will not seek reelection next year.”",press,1972,connection2002,"age 30 on 14 May 2002. The piece covers his 2002 primary challenge to Zimmerman; the match to the member seated 2016 rests on the name and the same biography, Atlantic City and Georgetown; the year is the year of the date less the age given, so within a year: “Dorsey, 30, grew up in Atlantic City, N.J., moving to the Washington area to attend Georgetown University. After graduation, he moved to Arlington, and has lived here since.”",within a year,Democratic,arlingtonelections2021 p.111,
"Kate A. ""Katie"" Cristol",1,at large,2016,1,2019,12,24192,24240,election,2015,arlingtonelections2021 p.112,,White,assumed,,woman,arlnow2022cristol,"press: her (""confirmed her decision""): “Cristol confirmed her decision to ARLnow last night, after it was mentioned near the bottom of a Washington Post article about Tuesday’s election.”",press,1985,arlnow2015,"age 30 on 9 June 2015; the year is the year of the date less the age given, so within a year: “Cristol, age 30, managed to propel herself from relative obscurity to a first place finish and a coveted spot on the Democratic ticket during a competitive primary.”",within a year,Democratic,arlingtonelections2021 p.111,
Libby T. Garvey,3,at large,2017,1,2020,12,24204,24252,election,2016,arlingtonelections2021 p.114,,White,assumed,,woman,arlnow2024garvey,"press: her (""the end of her term""): “Arlington County Board Chair Libby Garvey is retiring at the end of her term in 2024.”",press,1951,pope2012,"age 61 on 10 October 2012; the year is the year of the date less the age given, so within a year: “Libby Garvey, 61 A native of Cambridge, Mass., Garvey was raised in Westport, Conn., and Milwaukee.”",within a year,Democratic,arlingtonelections2021 p.113,
Erik Gutshall,1,at large,2018,1,2020,7,24216,24246,election,2017,arlingtonelections2021 p.116,Left the seat before the end of the term; filled by special election in Jul 2020.,White,assumed,,man,arlnow2020gutshallresigns,"press: his (""his initial announcement""): “Local officials and community members have offered words of encouragement and sympathy for Gutshall since his initial announcement and after tonight’s word that he is resigning.”",press,1970,arlnow2020b,"birth date stated: “Erik Gutshall April 28, 1970 – April 16, 2020”",exact,Democratic,arlingtonelections2021 p.116,
"Matthew D. ""Matt"" de Ferranti",1,at large,2019,1,2022,12,24228,24276,election,2018,arlingtonelections2021 p.116,,White,assumed,,man,arlnow2026chair,"press: his (""used his remarks""): “De Ferranti, who was first elected in 2018 and who previously held the chairmanship in 2021, used his remarks last night (Monday) to tout a local government that can be responsive to community needs and fight for local values while being prudent with taxpayer funds.”",press,1974,patch2026,"age 52 as of the June 2026 primary, in his own questionnaire answer; the year is the year of the date less the age given, so within a year: “Age as of Election Day 52”",within a year,Democratic,arlingtonelections2021 p.116,
Christian E. Dorsey,2,at large,2020,1,2023,12,24240,24288,election,2019,arlingtonelections2021 p.118,,Black,ahs2026newman; dorsey2020,"stated directly, by name: “Since Newman’s tenure, there have been three African American members of the County Board. […] Christian Dorsey was elected to the County Board in 2015.” | his own statement: “Most Black people I know—I among them—will do all we can”",man,arlnow2022dorsey,"press: he (""says he will not seek reelection""): “Arlington County Board vice-chair Christian Dorsey says he will not seek reelection next year.”",press,1972,connection2002,"age 30 on 14 May 2002. The piece covers his 2002 primary challenge to Zimmerman; the match to the member seated 2016 rests on the name and the same biography, Atlantic City and Georgetown; the year is the year of the date less the age given, so within a year: “Dorsey, 30, grew up in Atlantic City, N.J., moving to the Washington area to attend Georgetown University. After graduation, he moved to Arlington, and has lived here since.”",within a year,Democratic,arlingtonelections2021 p.118,
"Kate A. ""Katie"" Cristol",2,at large,2020,1,2023,12,24240,24288,election,2019,arlingtonelections2021 p.118,,White,assumed,,woman,arlnow2022cristol,"press: her (""confirmed her decision""): “Cristol confirmed her decision to ARLnow last night, after it was mentioned near the bottom of a Washington Post article about Tuesday’s election.”",press,1985,arlnow2015,"age 30 on 9 June 2015; the year is the year of the date less the age given, so within a year: “Cristol, age 30, managed to propel herself from relative obscurity to a first place finish and a coveted spot on the Democratic ticket during a competitive primary.”",within a year,Democratic,arlingtonelections2021 p.118,
Takis P. Karantonis,1,at large,2020,7,2021,12,24246,24264,special election,2020,arlingtonelections2021 p.119,Elected in a special election in Jul 2020 to fill an unexpired term.,White,assumed,,man,arlnow2020karantonis,"press: his (""his status as an immigrant""): “During the campaign, Karantonis touted his status as an immigrant as a reason he’ll be particularly effective during these fraught times for the country.”",press,1965,patch2021,"age 56 on 20 May 2021; the year is the year of the date less the age given, so within a year: “Democrat Takis Karantonis is a 56-year-old senior technical advisor for microlending at the Ethiopian Community Development Council.”",within a year,Democratic,arlnow2020,"stated directly, of the 2020 special election: “Takis Karantonis Thursday morning became the Democratic Party nominee for the July 7 Arlington County Board special election”"
Libby T. Garvey,4,at large,2021,1,2024,12,24252,24300,election,2020,arlingtonelections2021 p.120,,White,assumed,,woman,arlnow2024garvey,"press: her (""the end of her term""): “Arlington County Board Chair Libby Garvey is retiring at the end of her term in 2024.”",press,1951,pope2012,"age 61 on 10 October 2012; the year is the year of the date less the age given, so within a year: “Libby Garvey, 61 A native of Cambridge, Mass., Garvey was raised in Westport, Conn., and Milwaukee.”",within a year,Democratic,arlingtonelections2021 p.120,
Takis P. Karantonis,2,at large,2022,1,2025,12,24264,24312,election,2021,arlingtonelections2021 p.122,,White,assumed,,man,arlnow2020karantonis,"press: his (""his status as an immigrant""): “During the campaign, Karantonis touted his status as an immigrant as a reason he’ll be particularly effective during these fraught times for the country.”",press,1965,patch2021,"age 56 on 20 May 2021; the year is the year of the date less the age given, so within a year: “Democrat Takis Karantonis is a 56-year-old senior technical advisor for microlending at the Ethiopian Community Development Council.”",within a year,Democratic,arlingtonelections2021 p.121,
"Matthew D. ""Matt"" de Ferranti",2,at large,2023,1,2026,12,24276,24324,election,2022,vaelections contest 156359,,White,assumed,,man,arlnow2026chair,"press: his (""used his remarks""): “De Ferranti, who was first elected in 2018 and who previously held the chairmanship in 2021, used his remarks last night (Monday) to tout a local government that can be responsive to community needs and fight for local values while being prudent with taxpayer funds.”",press,1974,patch2026,"age 52 as of the June 2026 primary, in his own questionnaire answer; the year is the year of the date less the age given, so within a year: “Age as of Election Day 52”",within a year,Democratic,vaelections contest 156359,
Maureen E. Coffey,1,at large,2024,1,2027,12,24288,24336,election,2023,vaelections contest 163432,,White,assumed,,woman,arlnow2023coffeyprimary,"press: she (""which she admitted""): “Coffey criticized the county for not demonstrating how Missing Middle, which she admitted was not a silver bullet, fits into its broader plans to make housing attainable to residents.”",press,1995,arlnow2025,"age 28 at her election in November 2023. The same sentence gives Ferguson and Cristol as 30 at theirs, agreeing with their rows; the year is the year of the date less the age given, so within a year: “Ferguson was, at the time of his election in 1995, Arlington’s youngest ever County Board member. He later shared that distinction with Katie Cristol, also 30 at her election in 2015. Both were surpassed by current Board member Maureen Coffey, who was 28 when elected in 2023.”",within a year,Democratic,vaelections contest 160326,won the Democratic primary; the general election record carries no party
Susan R. Cunningham,1,at large,2024,1,2027,12,24288,24336,election,2023,vaelections contest 163432,,White,assumed,,woman,arlnow2020cunningham,"press: her (""announced her intention""), sentence 1 of the story: “While Arlington Democrats work to select a nominee internally, Susan Cunningham — a civically-involved mother of two — has announced her intention to run as an independent to fill the seat of the late Erik Gutshall.”",press,,unsourced,,,Democratic,vaelections contest 160326,won the Democratic primary; the general election record carries no party
"Julius D. ""JD"" Spain, Sr.",1,at large,2025,1,2028,12,24300,24348,election,2024,vaelections contest 161309,,Black,hudson2026; ahs2026newman,"stated directly by Sally Hudson, who knows him | stated directly, by name: “Since Newman’s tenure, there have been three African American members of the County Board. […] Julius D. “JD” Spain, Sr. was elected to the Board in 2024.”",man,arlnow2024spain,"press: his (""used his ceremonial swearing-in ceremony""), lede: “Incoming County Board member JD Spain, Sr., used his ceremonial swearing-in ceremony to promote the spirit of collaboration and community.”",press,1972,patch2024,"age 52 as of 5 November 2024, in his own questionnaire answer; the year is the year of the date less the age given, so within a year: “Age (as of Election Day) 52”",within a year,Democratic,vaelections contest 161227,won the Democratic primary; the general election record carries no party
Takis P. Karantonis,3,at large,2026,1,2029,12,24312,24360,election,2025,vaelections contest 165040,,White,assumed,,man,arlnow2020karantonis,"press: his (""his status as an immigrant""): “During the campaign, Karantonis touted his status as an immigrant as a reason he’ll be particularly effective during these fraught times for the country.”",press,1965,patch2021,"age 56 on 20 May 2021; the year is the year of the date less the age given, so within a year: “Democrat Takis Karantonis is a 56-year-old senior technical advisor for microlending at the Ethiopian Community Development Council.”",within a year,Democratic,vaelections contest 160947,won the Democratic primary; the general election record carries no party
