respondent,familiar,structure_right,trust_information,trust_elected,trust_manager,transparency,engagement,communication,tenure,years_resident,income,gender,race,demographics_declined
0,Neutral,Neutral,Agree,Agree,Agree,Satisfied,Satisfied,Satisfied,Rent,11-19 years,"$150,000-$199,999",Male,hispanic,False
1,Neutral,Neutral,Agree,Neutral,Neutral,Satisfied,Neutral,Neutral,Rent,20+ years,"$50,000-$99,999",Female,black,False
2,Strongly Disagree,Neutral,Strongly Disagree,Strongly Disagree,Strongly Disagree,Don't Know,Don't Know,Don't Know,Rent,20+ years,"Under $50,000",Female,white,False
3,Agree,Agree,Agree,Agree,Agree,Satisfied,Satisfied,Satisfied,Rent,20+ years,"Under $50,000",Female,aapi,False
4,Agree,Agree,Neutral,Neutral,Neutral,Neutral,Neutral,Neutral,Rent,6-10 years,"Under $50,000",Male,aapi,False
5,Neutral,Neutral,Agree,Agree,,Neutral,Satisfied,Satisfied,Rent,11-19 years,"$50,000-$99,999",Female,white,False
6,Neutral,Neutral,Neutral,Agree,Agree,Neutral,Satisfied,Neutral,Rent,11-19 years,"$50,000-$99,999",Female,aapi,False
7,Agree,Neutral,Disagree,,Strongly Disagree,Very Dissatisfied,Very Dissatisfied,Dissatisfied,Rent,11-19 years,,Male,black,False
8,Neutral,Neutral,Neutral,Neutral,Neutral,Neutral,Neutral,Don't Know,Rent,20+ years,"$50,000-$99,999",Female,black,False
9,Agree,Agree,Agree,Agree,Agree,Neutral,Neutral,Very Satisfied,Own,20+ years,"$50,000-$99,999",Female,white,False
10,Agree,Agree,Agree,Agree,Agree,Satisfied,Neutral,Satisfied,Rent,20+ years,"$150,000-$199,999",Male,hispanic,False
11,,,,,,Very Dissatisfied,Very Dissatisfied,Very Dissatisfied,Rent,6-10 years,,Male,black,False
12,Strongly Disagree,,,,,Don't Know,Satisfied,Don't Know,Rent,3-5 years,"Under $50,000",Female,other_or_multiracial,False
13,Neutral,Neutral,Agree,Disagree,Neutral,Don't Know,Neutral,Neutral,Rent,3-5 years,"Under $50,000",Male,white,False
14,Neutral,Neutral,Agree,Agree,Agree,Don't Know,Neutral,Satisfied,Rent,11-19 years,"$100,000-$149,999",Female,black,False
15,Agree,Agree,Agree,Agree,Agree,Satisfied,Satisfied,Very Satisfied,Rent,6-10 years,"Under $50,000",Male,white,False
16,Neutral,Disagree,Strongly Disagree,Strongly Disagree,Disagree,Very Dissatisfied,Dissatisfied,Very Dissatisfied,Rent,20+ years,"Under $50,000",Male,white,False
17,Disagree,Disagree,Disagree,Disagree,Neutral,Dissatisfied,Dissatisfied,Dissatisfied,Rent,0-2 years,"Under $50,000",Female,declined,False
18,Agree,Strongly Disagree,Strongly Disagree,Strongly Disagree,Strongly Disagree,Very Dissatisfied,Neutral,Neutral,Rent,3-5 years,"$150,000-$199,999",Male,other_or_multiracial,False
19,Agree,Agree,Agree,Agree,Agree,Satisfied,Satisfied,Satisfied,,,,,,True
20,Agree,Agree,Agree,Agree,Agree,Very Satisfied,Very Satisfied,Very Satisfied,,0-2 years,"$50,000-$99,999",Female,white,False
21,Agree,Agree,Disagree,Neutral,Neutral,Dissatisfied,Neutral,Neutral,Rent,20+ years,"Under $50,000",Female,white,False
22,Strongly Agree,Strongly Agree,Strongly Agree,Strongly Agree,Strongly Agree,Very Satisfied,Very Satisfied,Very Satisfied,Rent,20+ years,"Under $50,000",Male,other_or_multiracial,False
23,Agree,Agree,Strongly Agree,Agree,Agree,Neutral,Satisfied,Very Satisfied,Rent,20+ years,"Under $50,000",Female,hispanic,False
24,Disagree,Strongly Disagree,Disagree,Strongly Disagree,Disagree,Very Dissatisfied,Don't Know,Dissatisfied,Rent,declined,,declined,declined,True
25,Neutral,Neutral,Agree,Neutral,Neutral,Neutral,Neutral,Neutral,Rent,11-19 years,"$50,000-$99,999",Female,declined,False
26,Strongly Agree,Strongly Agree,Strongly Agree,Strongly Agree,Strongly Agree,Very Satisfied,Very Satisfied,Very Satisfied,Rent,11-19 years,"Under $50,000",Male,black,False
27,Strongly Disagree,Neutral,Neutral,Neutral,Neutral,Don't Know,Don't Know,Neutral,Rent,0-2 years,"$150,000-$199,999",Female,white,False
28,Strongly Disagree,Strongly Disagree,Strongly Disagree,Strongly Disagree,Strongly Disagree,Very Dissatisfied,Very Dissatisfied,Very Dissatisfied,Rent,20+ years,"Under $50,000",Female,hispanic,False
29,Agree,Agree,Agree,Agree,Agree,Satisfied,Satisfied,Satisfied,Rent,20+ years,"Under $50,000",declined,aapi,False
30,Strongly Agree,Agree,Agree,Strongly Agree,Agree,Satisfied,Neutral,Satisfied,Rent,20+ years,"Under $50,000",Male,hispanic,False
31,Neutral,Neutral,Agree,Agree,Agree,Neutral,Neutral,Satisfied,Rent,6-10 years,"Under $50,000",Male,black,False
32,Strongly Agree,Strongly Agree,Strongly Agree,Strongly Agree,Strongly Agree,Very Satisfied,Very Satisfied,Very Satisfied,Own,20+ years,"Under $50,000",Female,black,False
33,Strongly Agree,Strongly Agree,Strongly Agree,Agree,Agree,Neutral,Very Satisfied,Neutral,Rent,11-19 years,"Under $50,000",Male,white,False
34,Neutral,Neutral,Neutral,Neutral,Neutral,Satisfied,Satisfied,Satisfied,Rent,20+ years,"$50,000-$99,999",Female,black,False
35,Neutral,Neutral,Agree,Agree,Agree,Satisfied,Satisfied,Satisfied,Rent,11-19 years,"Under $50,000",Male,black,False
36,Neutral,Neutral,Neutral,Neutral,Neutral,Neutral,Neutral,Neutral,Rent,20+ years,"Under $50,000",Female,black,False
37,Neutral,Neutral,Neutral,Neutral,Neutral,Don't Know,Don't Know,Don't Know,,0-2 years,,Female,white,False
38,Agree,Agree,Agree,Neutral,Neutral,Satisfied,Satisfied,Neutral,Own,20+ years,,Female,white,False
39,Strongly Agree,Agree,Strongly Agree,Agree,Agree,Dissatisfied,Neutral,Satisfied,Rent,20+ years,"$50,000-$99,999",Female,white,False
40,Agree,Disagree,Neutral,Strongly Disagree,Neutral,Dissatisfied,Neutral,Neutral,Rent,20+ years,"$200,000+",Male,aapi,False
41,Neutral,Agree,Agree,Neutral,Agree,Satisfied,Satisfied,Very Satisfied,Rent,3-5 years,"$50,000-$99,999",Female,aapi,False
42,Agree,Agree,Agree,Agree,Agree,Dissatisfied,Dissatisfied,Very Satisfied,Own,6-10 years,"$200,000+",Female,black,False
43,Disagree,Neutral,Agree,Disagree,Disagree,Dissatisfied,Very Satisfied,Neutral,Rent,0-2 years,"$200,000+",Male,white,False
44,Agree,Disagree,Strongly Agree,Strongly Agree,Strongly Agree,Satisfied,Very Satisfied,Very Satisfied,Own,11-19 years,"$200,000+",Male,white,False
45,Neutral,Neutral,Agree,Agree,Agree,Neutral,Neutral,Satisfied,Own,20+ years,"$50,000-$99,999",Female,white,False
46,Strongly Disagree,Neutral,Neutral,Neutral,Agree,Neutral,Satisfied,Neutral,,20+ years,"Under $50,000",Male,other_or_multiracial,False
47,Strongly Agree,Strongly Agree,Agree,Disagree,Agree,Neutral,Neutral,Very Dissatisfied,Own,11-19 years,"$100,000-$149,999",Female,white,False
48,Neutral,Agree,Agree,Agree,Agree,Very Satisfied,Very Satisfied,Satisfied,Rent,6-10 years,,declined,hispanic,False
49,,,,,,,,Neutral,Rent,0-2 years,"$200,000+",Male,white,False
50,Disagree,Neutral,Neutral,Neutral,Neutral,Dissatisfied,Satisfied,Satisfied,Own,20+ years,"$200,000+",Male,white,False
51,Disagree,Strongly Disagree,Disagree,Strongly Disagree,Strongly Disagree,Very Dissatisfied,Neutral,Neutral,Rent,3-5 years,,,aapi,False
52,Neutral,Agree,Agree,Neutral,Neutral,Neutral,Satisfied,Satisfied,Own,20+ years,"Under $50,000",Male,white,False
53,Neutral,Neutral,Strongly Agree,Agree,Neutral,Neutral,Neutral,Neutral,Rent,11-19 years,"$200,000+",,hispanic,False
54,Agree,Agree,Agree,Neutral,Neutral,Very Dissatisfied,Don't Know,Satisfied,Rent,3-5 years,"$50,000-$99,999",declined,declined,False
55,Agree,Agree,Agree,Agree,Agree,Satisfied,Very Satisfied,Very Satisfied,Rent,0-2 years,"$100,000-$149,999",Female,white,False
56,Disagree,Neutral,Neutral,Disagree,Disagree,Neutral,Neutral,Neutral,Own,20+ years,"$100,000-$149,999",Female,white,False
57,Neutral,Neutral,Neutral,Neutral,Neutral,Neutral,Neutral,Satisfied,Own,0-2 years,"$200,000+",Male,black,False
58,Disagree,Neutral,Agree,Agree,Agree,Neutral,Neutral,Satisfied,Own,11-19 years,"$100,000-$149,999",Female,other_or_multiracial,False
59,Agree,Agree,Strongly Agree,Strongly Agree,Strongly Agree,Very Satisfied,Very Satisfied,Very Satisfied,Own,6-10 years,"$200,000+",Male,white,False
60,Neutral,Agree,Agree,Agree,Agree,Neutral,Neutral,Satisfied,Rent,6-10 years,"$50,000-$99,999",Female,hispanic,False
61,Neutral,Neutral,Agree,Agree,Agree,Satisfied,Satisfied,Very Satisfied,Own,6-10 years,"$200,000+",Female,aapi,False
62,Agree,Neutral,Agree,Neutral,Agree,Satisfied,Satisfied,Very Satisfied,Own,20+ years,,Female,white,False
63,Strongly Agree,Agree,Agree,Agree,Agree,Neutral,Satisfied,Satisfied,Own,11-19 years,"$200,000+",Male,white,False
64,Strongly Disagree,Strongly Disagree,Agree,Agree,Agree,Don't Know,Don't Know,Satisfied,Own,6-10 years,"$200,000+",Female,other_or_multiracial,False
65,Strongly Agree,Neutral,Agree,Disagree,Disagree,Dissatisfied,Dissatisfied,Dissatisfied,Own,11-19 years,"$200,000+",Male,other_or_multiracial,False
66,Agree,Strongly Disagree,Strongly Disagree,Strongly Disagree,Disagree,Very Dissatisfied,Very Dissatisfied,Dissatisfied,Own,11-19 years,"$200,000+",Male,white,False
67,Agree,Agree,Agree,Agree,Agree,Dissatisfied,Neutral,Dissatisfied,Own,20+ years,"$100,000-$149,999",Female,white,False
68,Agree,Agree,Agree,Agree,Agree,Dissatisfied,Satisfied,Satisfied,Own,20+ years,"$200,000+",declined,white,False
69,Strongly Agree,Strongly Agree,Strongly Agree,Strongly Agree,Strongly Agree,Very Satisfied,Very Satisfied,Very Satisfied,Own,0-2 years,"$200,000+",Female,aapi,False
70,Strongly Agree,Strongly Agree,Strongly Agree,Strongly Agree,Strongly Agree,Satisfied,Very Satisfied,Very Satisfied,Own,20+ years,"$150,000-$199,999",Male,white,False
71,Neutral,Neutral,Disagree,Disagree,Neutral,Dissatisfied,Neutral,Neutral,Own,11-19 years,"$150,000-$199,999",Female,black,False
72,Strongly Agree,Agree,Neutral,Disagree,Disagree,Very Dissatisfied,Satisfied,Very Dissatisfied,Rent,3-5 years,"$50,000-$99,999",Female,,False
73,Agree,Agree,Neutral,Disagree,Disagree,Neutral,Neutral,Satisfied,Rent,3-5 years,"$50,000-$99,999",Male,hispanic,False
74,Disagree,Agree,Strongly Agree,Agree,Agree,Neutral,Satisfied,Neutral,Rent,6-10 years,"$150,000-$199,999",Female,white,False
75,Agree,Agree,Agree,Agree,Agree,Satisfied,Very Satisfied,Very Satisfied,Own,20+ years,"$150,000-$199,999",Female,white,False
76,Disagree,Neutral,Agree,Agree,Neutral,Dissatisfied,Neutral,Very Satisfied,Own,11-19 years,,Male,white,False
77,Strongly Agree,Agree,Agree,Neutral,Agree,Dissatisfied,Satisfied,Neutral,Own,20+ years,"$50,000-$99,999",Female,white,False
78,Strongly Disagree,Neutral,Neutral,Neutral,Neutral,Neutral,Neutral,Very Satisfied,Rent,0-2 years,"$200,000+",Male,white,False
79,Agree,Agree,Strongly Agree,Agree,Agree,Very Satisfied,Satisfied,Very Satisfied,Own,3-5 years,"$200,000+",Male,hispanic,False
80,Strongly Agree,Strongly Disagree,Disagree,Strongly Disagree,Strongly Agree,Dissatisfied,Dissatisfied,Satisfied,Own,20+ years,"$200,000+",Female,declined,False
81,Agree,Agree,Agree,Agree,Agree,Neutral,Satisfied,Satisfied,Own,6-10 years,"$200,000+",Female,white,False
82,Neutral,Strongly Agree,Strongly Agree,Strongly Agree,Strongly Agree,Don't Know,Don't Know,Very Satisfied,Own,20+ years,"$50,000-$99,999",Male,aapi,False
83,Strongly Agree,Neutral,Agree,Agree,Agree,Dissatisfied,Neutral,Neutral,Own,20+ years,"$150,000-$199,999",Male,white,False
84,Disagree,Neutral,Agree,Agree,Agree,Dissatisfied,Neutral,Satisfied,Rent,0-2 years,"Under $50,000",Male,white,False
85,Agree,Agree,Agree,Neutral,Agree,Satisfied,Neutral,Satisfied,Own,20+ years,"$200,000+",Male,white,False
86,Agree,Neutral,Agree,Neutral,Agree,Dissatisfied,Neutral,Satisfied,Own,11-19 years,"$200,000+",Female,hispanic,False
87,Agree,Agree,Agree,Agree,Strongly Agree,Satisfied,Satisfied,Satisfied,Own,20+ years,"$200,000+",Male,white,False
88,Agree,Agree,Strongly Agree,Agree,Strongly Agree,Satisfied,Very Satisfied,Very Satisfied,Own,20+ years,"$150,000-$199,999",Male,white,False
89,Disagree,Neutral,Agree,Neutral,Neutral,Neutral,Neutral,Neutral,Own,6-10 years,"$200,000+",Male,aapi,False
90,Agree,Agree,Agree,Agree,Agree,Satisfied,Satisfied,Satisfied,Own,11-19 years,"$200,000+",Male,white,False
91,Strongly Agree,Agree,Agree,Neutral,Neutral,Neutral,Neutral,Neutral,Own,20+ years,"$100,000-$149,999",Female,white,False
92,Agree,Neutral,Agree,Agree,Agree,Very Dissatisfied,Satisfied,Satisfied,Own,6-10 years,"$200,000+",Female,white,False
93,Neutral,Neutral,Agree,Neutral,Neutral,Don't Know,Don't Know,Don't Know,,0-2 years,"Under $50,000",Male,white,False
94,Agree,Agree,Agree,Agree,Agree,Satisfied,Satisfied,Very Satisfied,Own,11-19 years,,declined,white,False
95,,Neutral,Neutral,Neutral,Neutral,Neutral,Satisfied,Satisfied,Rent,6-10 years,"Under $50,000",Female,hispanic,False
96,Neutral,Neutral,Agree,Neutral,Agree,Don't Know,Neutral,Neutral,Rent,3-5 years,"$150,000-$199,999",Female,aapi,False
97,,,,,,,,,,,,,,True
98,Agree,Agree,Agree,Agree,Agree,Neutral,Neutral,Very Satisfied,Rent,20+ years,"$100,000-$149,999",Male,hispanic,False
99,Neutral,Neutral,Neutral,Neutral,Neutral,Very Satisfied,Very Satisfied,Satisfied,Rent,11-19 years,"Under $50,000",Female,hispanic,False
100,Strongly Agree,Strongly Agree,Strongly Agree,Strongly Agree,Strongly Agree,Very Satisfied,Very Satisfied,Very Satisfied,Rent,3-5 years,"$50,000-$99,999",Male,declined,False
101,Agree,Agree,Agree,Agree,Agree,Satisfied,Satisfied,Satisfied,Own,11-19 years,"$100,000-$149,999",Male,white,False
102,Neutral,Neutral,Agree,Neutral,Agree,Neutral,Satisfied,Satisfied,Own,11-19 years,"$200,000+",Male,white,False
103,Neutral,Neutral,Agree,Agree,Agree,Very Satisfied,Very Satisfied,Satisfied,Rent,6-10 years,"$50,000-$99,999",Male,aapi,False
104,Agree,Agree,Agree,Agree,Agree,Satisfied,Satisfied,Satisfied,Own,20+ years,,Female,white,False
105,Agree,Neutral,Disagree,Strongly Disagree,Disagree,Very Dissatisfied,Dissatisfied,Dissatisfied,,,,,,True
106,Agree,Agree,Agree,Agree,Agree,Very Satisfied,Satisfied,Very Satisfied,Rent,6-10 years,"$200,000+",Female,white,False
107,Agree,Neutral,Agree,Agree,Agree,Don't Know,Don't Know,Satisfied,Own,20+ years,"$150,000-$199,999",Male,white,False
108,,,,,,,,Very Satisfied,Own,20+ years,"Under $50,000",Male,white,False
109,Neutral,Neutral,Neutral,Neutral,Neutral,Dissatisfied,Neutral,Neutral,Own,0-2 years,"$200,000+",Male,white,False
110,Neutral,Strongly Disagree,Agree,Agree,Strongly Disagree,Don't Know,Neutral,Satisfied,Own,20+ years,"$150,000-$199,999",Male,white,False
111,Strongly Agree,Strongly Agree,Strongly Agree,Strongly Agree,Strongly Agree,Satisfied,Neutral,Satisfied,Rent,20+ years,"$50,000-$99,999",Female,white,False
112,Strongly Agree,Agree,Strongly Agree,Strongly Agree,Neutral,Very Dissatisfied,Satisfied,Very Dissatisfied,Own,20+ years,,Female,white,False
113,Agree,Agree,Agree,Disagree,Agree,Satisfied,Very Satisfied,Very Satisfied,Own,6-10 years,"$200,000+",Female,white,False
114,Agree,Agree,Strongly Agree,Strongly Agree,Strongly Agree,Satisfied,Satisfied,Very Satisfied,Own,3-5 years,"$150,000-$199,999",Female,white,False
115,Neutral,Neutral,Neutral,Neutral,Neutral,Neutral,Satisfied,Neutral,Own,11-19 years,"$200,000+",Female,white,False
116,Neutral,Neutral,Agree,Agree,Agree,Neutral,Satisfied,Very Satisfied,Own,11-19 years,,,white,False
117,Strongly Disagree,Neutral,Strongly Agree,Strongly Agree,Strongly Agree,Don't Know,Satisfied,Neutral,Own,3-5 years,"$150,000-$199,999",Female,hispanic,False
118,Agree,Agree,Agree,Agree,Agree,,Neutral,Satisfied,Own,11-19 years,"$100,000-$149,999",Female,hispanic,False
119,Agree,Agree,Agree,Agree,Agree,Satisfied,Satisfied,Satisfied,Own,11-19 years,"$200,000+",Male,other_or_multiracial,False
120,Strongly Agree,Agree,Agree,Agree,Agree,Satisfied,Satisfied,Very Satisfied,Own,3-5 years,"$200,000+",Female,white,False
121,Neutral,Neutral,Neutral,Neutral,Neutral,Neutral,Neutral,Satisfied,Rent,6-10 years,"$100,000-$149,999",Male,aapi,False
122,Agree,Neutral,Disagree,Strongly Disagree,Disagree,Very Dissatisfied,Very Dissatisfied,Very Dissatisfied,Own,20+ years,,,,True
123,Strongly Agree,Disagree,Disagree,Disagree,Disagree,Very Dissatisfied,Very Dissatisfied,Satisfied,Own,20+ years,"$200,000+",Male,declined,False
124,Disagree,Neutral,Agree,Agree,Neutral,Neutral,Neutral,Neutral,Own,11-19 years,,Female,,False
125,Disagree,Neutral,Neutral,Neutral,Neutral,Neutral,Neutral,Very Dissatisfied,Rent,0-2 years,"$150,000-$199,999",Male,hispanic,False
126,Disagree,Disagree,Neutral,Neutral,Neutral,Neutral,Satisfied,Neutral,Own,11-19 years,"Under $50,000",Female,hispanic,False
127,Neutral,Neutral,Strongly Agree,Agree,Agree,Satisfied,Satisfied,Satisfied,Own,11-19 years,"$200,000+",Female,white,False
128,Neutral,Neutral,Neutral,Neutral,Neutral,Don't Know,Don't Know,Satisfied,Own,3-5 years,,,,True
129,Strongly Disagree,Disagree,Strongly Agree,Agree,Agree,Satisfied,Satisfied,Satisfied,Rent,0-2 years,"$150,000-$199,999",Male,white,False
130,Agree,Agree,Agree,Agree,Agree,Neutral,Satisfied,Satisfied,Rent,6-10 years,"$200,000+",Female,aapi,False
131,Disagree,Disagree,Neutral,Neutral,Neutral,Neutral,Neutral,Satisfied,Rent,6-10 years,"$50,000-$99,999",Male,aapi,False
132,Disagree,Neutral,Agree,Agree,Agree,Satisfied,Satisfied,Satisfied,Own,20+ years,,,other_or_multiracial,False
133,Disagree,Agree,Agree,Agree,Neutral,Neutral,Satisfied,Very Satisfied,Own,3-5 years,,Female,white,False
134,Agree,Disagree,Agree,Agree,Agree,Neutral,Neutral,Neutral,Rent,6-10 years,"$200,000+",Male,hispanic,False
135,,,,,,,,Very Satisfied,,,,,,True
136,Neutral,Neutral,Neutral,Neutral,Neutral,Neutral,Satisfied,Satisfied,Own,11-19 years,"$100,000-$149,999",Male,declined,False
137,Strongly Agree,Strongly Agree,Strongly Agree,Strongly Agree,Strongly Agree,Very Satisfied,Very Satisfied,Very Satisfied,Own,11-19 years,"$200,000+",Female,white,False
138,Disagree,Neutral,Disagree,Neutral,Neutral,Neutral,Don't Know,Neutral,Own,11-19 years,"$200,000+",Female,other_or_multiracial,False
139,Agree,Agree,Agree,Agree,Agree,Satisfied,Satisfied,Very Satisfied,Rent,11-19 years,"$150,000-$199,999",Male,black,False
140,Neutral,Neutral,Agree,Agree,Strongly Agree,Neutral,Neutral,,Rent,6-10 years,"$50,000-$99,999",Female,aapi,False
141,Disagree,Neutral,Strongly Agree,Strongly Agree,Strongly Agree,Neutral,Neutral,Very Satisfied,Rent,0-2 years,"$100,000-$149,999",Female,white,False
142,Agree,Agree,Neutral,Neutral,Neutral,Neutral,Neutral,Neutral,Own,20+ years,"$100,000-$149,999",Male,white,False
143,Neutral,Disagree,Disagree,Strongly Disagree,Strongly Disagree,Very Dissatisfied,Neutral,Satisfied,Own,20+ years,"$200,000+",Female,white,False
144,Disagree,Neutral,Neutral,Neutral,Neutral,Satisfied,Satisfied,Very Satisfied,Rent,0-2 years,"$200,000+",Female,hispanic,False
145,Neutral,Neutral,Strongly Agree,Agree,Agree,Satisfied,Very Satisfied,Very Satisfied,,,,,,True
146,Strongly Disagree,Strongly Disagree,Agree,Agree,Agree,Satisfied,Satisfied,Very Satisfied,Rent,3-5 years,"$50,000-$99,999",Male,white,False
147,Strongly Agree,Strongly Agree,Strongly Agree,Strongly Agree,Strongly Agree,Very Satisfied,Very Satisfied,Very Satisfied,Own,3-5 years,"$200,000+",Male,white,False
148,Neutral,Neutral,Agree,Neutral,Neutral,Dissatisfied,Neutral,Neutral,Own,11-19 years,"$150,000-$199,999",Female,aapi,False
149,Agree,Agree,Agree,Agree,Agree,Satisfied,Satisfied,Very Satisfied,Own,0-2 years,"$200,000+",Male,white,False
150,Strongly Disagree,Neutral,Neutral,Neutral,Neutral,Don't Know,Don't Know,Neutral,Rent,0-2 years,"$50,000-$99,999",Male,white,False
151,Neutral,Neutral,Agree,Neutral,Neutral,Dissatisfied,Neutral,Satisfied,Own,11-19 years,"$200,000+",Male,white,False
152,Agree,Neutral,Agree,Agree,Agree,Don't Know,Don't Know,Neutral,Own,20+ years,"$100,000-$149,999",Female,white,False
153,Disagree,Neutral,Agree,Agree,Agree,Satisfied,Satisfied,Satisfied,Rent,0-2 years,"$50,000-$99,999",Female,aapi,False
154,Disagree,Neutral,Agree,Neutral,Neutral,Neutral,Neutral,Neutral,,20+ years,,Male,white,False
155,Neutral,Neutral,Neutral,Neutral,Neutral,Very Satisfied,Very Satisfied,Very Satisfied,,,,,,True
156,Agree,Agree,Strongly Agree,Strongly Agree,Strongly Agree,Satisfied,Satisfied,Satisfied,Own,20+ years,"$150,000-$199,999",Female,aapi,False
157,Strongly Agree,Neutral,Neutral,Disagree,Neutral,Very Dissatisfied,Neutral,Neutral,Own,20+ years,"$150,000-$199,999",Female,white,False
158,Agree,Agree,Agree,Agree,Agree,Neutral,Satisfied,Satisfied,Own,20+ years,,Female,white,False
159,Strongly Disagree,Agree,Strongly Agree,Neutral,Agree,Don't Know,Don't Know,Satisfied,,,,,,True
160,Agree,Agree,Agree,Agree,Agree,Neutral,Satisfied,Satisfied,Rent,6-10 years,"Under $50,000",Female,black,False
161,Neutral,Neutral,Agree,Neutral,Neutral,Dissatisfied,Neutral,Satisfied,Own,11-19 years,"$150,000-$199,999",Female,white,False
162,Neutral,Agree,Strongly Agree,Agree,Agree,Satisfied,Satisfied,Very Satisfied,Rent,11-19 years,"$50,000-$99,999",Male,hispanic,False
163,Agree,Agree,Agree,Agree,Agree,Satisfied,Very Satisfied,Satisfied,Own,20+ years,"$150,000-$199,999",Female,white,False
164,,,,,,,,Satisfied,Own,,,Female,hispanic,False
165,Strongly Disagree,Neutral,Strongly Agree,Strongly Agree,Strongly Agree,Don't Know,Don't Know,Very Satisfied,,,,,,True
166,Agree,Neutral,Agree,Agree,Neutral,Don't Know,Don't Know,Don't Know,Own,6-10 years,"$200,000+",Female,white,False
167,Agree,Agree,Neutral,Neutral,Neutral,Neutral,Satisfied,Neutral,Own,20+ years,,Male,black,False
168,Neutral,Neutral,Neutral,Neutral,Neutral,Dissatisfied,Dissatisfied,Neutral,Rent,0-2 years,"$100,000-$149,999",Male,aapi,False
169,Disagree,Neutral,Agree,Agree,Agree,Neutral,Neutral,Very Satisfied,Own,11-19 years,"$200,000+",Male,white,False
170,Agree,Agree,Agree,Agree,Agree,Satisfied,Satisfied,Satisfied,Rent,0-2 years,"$150,000-$199,999",Male,black,False
171,Agree,Agree,Agree,Agree,Agree,Dissatisfied,Satisfied,Satisfied,Own,20+ years,"$200,000+",Female,hispanic,False
172,Disagree,Neutral,Neutral,Neutral,Neutral,Satisfied,Very Satisfied,Very Satisfied,Own,6-10 years,"$200,000+",Female,white,False
173,Neutral,Neutral,Neutral,Agree,Agree,Neutral,Neutral,Very Satisfied,Rent,,"Under $50,000",Female,black,False
174,Disagree,Disagree,Agree,Agree,Agree,Don't Know,Don't Know,Very Satisfied,Rent,0-2 years,"$200,000+",Male,white,False
175,Disagree,Neutral,Neutral,Neutral,Neutral,Dissatisfied,Satisfied,Neutral,Own,11-19 years,"$200,000+",Male,aapi,False
176,Strongly Agree,Disagree,Agree,Disagree,Disagree,Dissatisfied,Neutral,Satisfied,Rent,11-19 years,"$200,000+",Female,white,False
177,Strongly Agree,Agree,Agree,Agree,Agree,Satisfied,Satisfied,Satisfied,Own,11-19 years,"$200,000+",Female,white,False
178,Agree,Agree,Neutral,Neutral,Neutral,Satisfied,Satisfied,Satisfied,Own,20+ years,"$200,000+",Male,white,False
179,Strongly Agree,Agree,Agree,Agree,Agree,Neutral,Satisfied,Satisfied,Rent,20+ years,"$200,000+",Female,black,False
180,Neutral,Neutral,Agree,,Agree,Neutral,Satisfied,Neutral,Own,11-19 years,"$100,000-$149,999",Male,white,False
181,Disagree,Neutral,Agree,Neutral,Agree,Neutral,Neutral,Dissatisfied,Own,11-19 years,"$200,000+",Male,white,False
182,Agree,Agree,Agree,Agree,Agree,Satisfied,Satisfied,Satisfied,Own,11-19 years,"$200,000+",Male,white,False
183,Strongly Agree,Disagree,Strongly Agree,Agree,Disagree,Neutral,Satisfied,Neutral,Own,20+ years,"$200,000+",Female,white,False
184,Disagree,Neutral,Neutral,Neutral,Neutral,Satisfied,Satisfied,Satisfied,Own,11-19 years,"$100,000-$149,999",Female,hispanic,False
185,Disagree,Neutral,Neutral,Neutral,Neutral,Satisfied,Satisfied,Satisfied,Own,11-19 years,"$50,000-$99,999",Male,hispanic,False
186,Strongly Disagree,Neutral,Neutral,Agree,Agree,Dissatisfied,Neutral,Satisfied,Rent,20+ years,"Under $50,000",Male,white,False
187,Agree,Agree,Neutral,Neutral,Neutral,Neutral,Satisfied,Satisfied,Own,11-19 years,"$200,000+",Female,black,False
188,Strongly Agree,Agree,Agree,Agree,Agree,Neutral,Satisfied,Satisfied,Own,6-10 years,"$200,000+",Male,white,False
189,Strongly Agree,Agree,Strongly Agree,Strongly Agree,Strongly Agree,Satisfied,Very Satisfied,Satisfied,Own,20+ years,"$150,000-$199,999",Female,white,False
190,Neutral,Agree,Strongly Agree,Agree,Agree,Very Satisfied,Very Satisfied,Very Satisfied,Own,3-5 years,"$150,000-$199,999",Male,white,False
191,Agree,Disagree,Neutral,Disagree,Agree,Neutral,Don't Know,Neutral,Own,6-10 years,,,,True
192,Disagree,Neutral,Agree,Agree,Agree,Neutral,Neutral,Satisfied,Rent,0-2 years,"$100,000-$149,999",Female,white,False
193,Agree,Neutral,Agree,Neutral,Agree,Dissatisfied,Neutral,Satisfied,Own,20+ years,"$50,000-$99,999",Female,white,False
194,Agree,Agree,Agree,Neutral,Neutral,Satisfied,Neutral,Satisfied,Own,20+ years,"$150,000-$199,999",Female,white,False
195,Agree,Agree,Strongly Agree,Strongly Agree,Strongly Agree,Don't Know,Don't Know,Dissatisfied,Own,20+ years,"$200,000+",Male,white,False
196,Agree,Agree,Agree,Agree,Neutral,Dissatisfied,Neutral,Very Satisfied,Own,11-19 years,"$200,000+",Female,white,False
197,Disagree,Neutral,Neutral,Neutral,Neutral,Don't Know,Satisfied,Satisfied,Own,20+ years,"$200,000+",Female,white,False
198,Agree,Agree,Neutral,Neutral,Agree,Neutral,Neutral,Neutral,Own,6-10 years,"$200,000+",Female,white,False
199,Agree,Agree,Agree,Agree,Agree,Dissatisfied,Satisfied,Neutral,Rent,3-5 years,"$200,000+",Female,white,False
200,Agree,Neutral,Neutral,Neutral,Neutral,Dissatisfied,Neutral,Neutral,Own,11-19 years,"$100,000-$149,999",Female,white,False
201,Disagree,Strongly Disagree,Strongly Disagree,Strongly Disagree,Strongly Disagree,Don't Know,Don't Know,Satisfied,Own,0-2 years,"$200,000+",Female,white,False
202,Strongly Agree,Strongly Agree,Strongly Agree,Strongly Agree,Strongly Agree,Very Satisfied,Very Satisfied,Very Satisfied,Own,20+ years,"$200,000+",Male,white,False
203,Disagree,Neutral,Agree,Neutral,Neutral,Don't Know,Don't Know,Neutral,Rent,0-2 years,"$150,000-$199,999",Male,white,False
204,Strongly Disagree,Neutral,Neutral,Neutral,Neutral,Dissatisfied,Dissatisfied,Satisfied,Rent,0-2 years,"$200,000+",Male,white,False
205,Neutral,Neutral,Agree,Neutral,Agree,Satisfied,Satisfied,Satisfied,Rent,3-5 years,"$50,000-$99,999",Male,aapi,False
206,Disagree,Neutral,Disagree,Neutral,Neutral,Satisfied,Satisfied,Satisfied,Rent,3-5 years,"Under $50,000",Male,white,False
207,Neutral,Neutral,Strongly Agree,Strongly Agree,Strongly Agree,Neutral,Neutral,Neutral,Rent,0-2 years,"Under $50,000",Male,other_or_multiracial,False
208,Disagree,Neutral,Neutral,Neutral,Neutral,Neutral,Neutral,Neutral,Rent,0-2 years,"$150,000-$199,999",Female,declined,False
209,Disagree,Neutral,Agree,Agree,Agree,Very Satisfied,Satisfied,Very Satisfied,Own,20+ years,,Female,hispanic,False
210,,,,,,,,Neutral,,,,,,True
211,,,,,,,,Satisfied,,,,,,True
212,,,,,,,,Satisfied,,,,,,True
213,Neutral,Neutral,Agree,Agree,Agree,Satisfied,Very Satisfied,Satisfied,Own,11-19 years,"$200,000+",Male,aapi,False
214,Neutral,Strongly Agree,Strongly Agree,Strongly Agree,Strongly Agree,Very Satisfied,Very Satisfied,Very Satisfied,Rent,11-19 years,"Under $50,000",Male,hispanic,False
215,Neutral,Neutral,Agree,Neutral,Agree,Neutral,Neutral,Satisfied,Own,11-19 years,"$200,000+",Male,white,False
216,Agree,Agree,Agree,Agree,Agree,Satisfied,Satisfied,Satisfied,Own,3-5 years,"$200,000+",Male,white,False
217,Agree,Agree,Strongly Agree,Agree,Agree,Very Satisfied,Don't Know,Very Satisfied,Own,0-2 years,"$200,000+",Male,hispanic,False
218,Disagree,Neutral,Agree,Neutral,Neutral,Don't Know,Neutral,Neutral,Own,11-19 years,"$200,000+",Female,white,False
219,Strongly Disagree,Neutral,Agree,Neutral,Neutral,Don't Know,Don't Know,Dissatisfied,Rent,,"Under $50,000",Female,white,False
220,Agree,Agree,Agree,Neutral,Agree,Neutral,Satisfied,Satisfied,Own,3-5 years,"$200,000+",Non-binary,aapi,False
221,Agree,Agree,Agree,Agree,Agree,Neutral,Neutral,Satisfied,Rent,0-2 years,"$50,000-$99,999",Male,aapi,False
222,,,,,,,,Very Dissatisfied,,,,,,True
223,Strongly Agree,Agree,Agree,Agree,Agree,Neutral,Satisfied,Very Satisfied,Own,11-19 years,"$150,000-$199,999",Female,white,False
224,Agree,Agree,Agree,Agree,Agree,Satisfied,Very Satisfied,Satisfied,Own,6-10 years,"$200,000+",Female,white,False
225,Neutral,Neutral,Agree,Neutral,Neutral,Neutral,,Satisfied,Own,11-19 years,"$100,000-$149,999",Male,aapi,False
226,Agree,Agree,Agree,Neutral,Agree,Neutral,Neutral,Satisfied,Rent,11-19 years,"$50,000-$99,999",Female,hispanic,False
227,Neutral,Neutral,Agree,Agree,Agree,Neutral,Neutral,Very Satisfied,Rent,3-5 years,"$100,000-$149,999",Male,black,False
228,Agree,Agree,Agree,Neutral,Neutral,Satisfied,Don't Know,Neutral,Rent,20+ years,"$100,000-$149,999",Male,white,False
229,Neutral,Neutral,Strongly Agree,Strongly Agree,Strongly Agree,Dissatisfied,Don't Know,Satisfied,Rent,declined,"$100,000-$149,999",Female,declined,False
230,Agree,Disagree,Neutral,Disagree,Agree,Neutral,Satisfied,Satisfied,Own,11-19 years,"$200,000+",Male,white,False
231,Strongly Agree,Agree,Agree,Agree,Agree,Neutral,Satisfied,Neutral,Own,20+ years,"$100,000-$149,999",Male,white,False
232,Disagree,Neutral,Agree,Neutral,Neutral,Don't Know,Neutral,Satisfied,Rent,6-10 years,"Under $50,000",Female,black,False
233,Strongly Agree,Strongly Agree,Neutral,Neutral,Neutral,Don't Know,Don't Know,Don't Know,Rent,3-5 years,"$100,000-$149,999",Male,black,False
234,Disagree,Agree,Neutral,Neutral,Neutral,Neutral,Neutral,Satisfied,Own,20+ years,"$150,000-$199,999",Female,other_or_multiracial,False
235,Strongly Disagree,Neutral,Agree,Neutral,Agree,Don't Know,Don't Know,Don't Know,Rent,0-2 years,"Under $50,000",Female,white,False
236,Strongly Agree,Disagree,Agree,Neutral,Disagree,Dissatisfied,Neutral,Neutral,Own,6-10 years,"$100,000-$149,999",declined,white,False
237,Strongly Agree,Strongly Disagree,Strongly Disagree,Strongly Disagree,Strongly Disagree,Very Dissatisfied,Dissatisfied,Very Dissatisfied,Own,20+ years,,declined,declined,True
238,Disagree,Neutral,Neutral,Neutral,Neutral,Neutral,Neutral,Satisfied,Rent,3-5 years,"$50,000-$99,999",Female,aapi,False
239,Agree,Strongly Agree,Strongly Agree,Neutral,Agree,Satisfied,Satisfied,Neutral,Rent,6-10 years,"$50,000-$99,999",Male,aapi,False
240,Disagree,Neutral,Strongly Agree,Agree,Agree,Neutral,Satisfied,Very Satisfied,Own,6-10 years,"$200,000+",Female,white,False
241,Strongly Disagree,Strongly Disagree,Strongly Disagree,Strongly Disagree,Strongly Disagree,,Neutral,Neutral,Own,3-5 years,,declined,black,False
242,Disagree,Neutral,Neutral,Neutral,Neutral,Neutral,Dissatisfied,Satisfied,Rent,3-5 years,"$50,000-$99,999",Male,white,False
243,Neutral,Neutral,Neutral,Neutral,Neutral,Satisfied,Satisfied,Satisfied,Rent,3-5 years,"$100,000-$149,999",Female,hispanic,False
244,Neutral,Neutral,Neutral,Neutral,Neutral,Don't Know,Dissatisfied,Very Satisfied,Own,3-5 years,,Female,aapi,False
245,Neutral,Neutral,Disagree,Strongly Disagree,Neutral,Neutral,Satisfied,Very Dissatisfied,,20+ years,,Male,hispanic,False
246,Agree,Agree,Agree,Agree,Agree,Don't Know,Satisfied,Satisfied,Own,20+ years,"$200,000+",Female,white,False
247,Agree,Agree,Agree,Agree,Agree,Neutral,Satisfied,Satisfied,Rent,6-10 years,"$100,000-$149,999",Female,aapi,False
248,Strongly Agree,Agree,Neutral,Neutral,Neutral,Dissatisfied,Neutral,Dissatisfied,Own,20+ years,,,,True
249,Strongly Agree,Agree,Agree,Agree,Agree,Satisfied,Satisfied,Satisfied,Own,20+ years,"$200,000+",Female,white,False
250,Strongly Disagree,Strongly Disagree,Strongly Disagree,Strongly Disagree,Strongly Disagree,Don't Know,Don't Know,Don't Know,Own,6-10 years,"$50,000-$99,999",Female,hispanic,False
251,Agree,Neutral,Disagree,Disagree,Disagree,Dissatisfied,Satisfied,Satisfied,Own,20+ years,"$100,000-$149,999",Female,white,False
252,Neutral,Neutral,Agree,Agree,Neutral,Dissatisfied,Don't Know,Neutral,Rent,0-2 years,"$100,000-$149,999",Male,white,False
253,Agree,Agree,Agree,Agree,Agree,Don't Know,Don't Know,Dissatisfied,Rent,11-19 years,"Under $50,000",Female,white,False
254,Strongly Agree,Neutral,Strongly Agree,Strongly Agree,Agree,Satisfied,Satisfied,Satisfied,Own,20+ years,"$200,000+",Female,white,False
255,Strongly Agree,Disagree,Disagree,Disagree,Agree,Very Dissatisfied,Dissatisfied,Neutral,Own,20+ years,"$150,000-$199,999",declined,declined,False
256,Strongly Agree,Agree,Agree,Neutral,Neutral,Neutral,Neutral,Satisfied,Own,20+ years,"$200,000+",Male,white,False
257,Strongly Agree,Agree,Agree,Agree,Agree,Very Satisfied,Satisfied,Satisfied,,6-10 years,"$150,000-$199,999",Male,white,False
258,Agree,Disagree,Disagree,Disagree,Disagree,Very Dissatisfied,Very Dissatisfied,Dissatisfied,Own,declined,,,declined,True
259,Neutral,Neutral,Agree,Neutral,Neutral,Neutral,Neutral,Satisfied,Rent,0-2 years,"$50,000-$99,999",Male,white,False
260,Agree,Disagree,Disagree,Disagree,Neutral,Dissatisfied,Neutral,Neutral,Own,20+ years,"$150,000-$199,999",Male,white,False
261,Agree,Agree,Agree,Neutral,Neutral,Don't Know,Neutral,Satisfied,Own,11-19 years,"$200,000+",Male,white,False
262,Neutral,Neutral,Agree,Agree,Agree,Neutral,Neutral,Satisfied,,11-19 years,"$200,000+",declined,white,False
263,Strongly Agree,Neutral,Disagree,Disagree,Neutral,Very Dissatisfied,Neutral,Dissatisfied,Own,20+ years,"$100,000-$149,999",Female,white,False
264,Strongly Agree,Agree,Agree,Agree,Agree,Satisfied,Satisfied,Very Satisfied,Own,6-10 years,"$200,000+",Male,white,False
265,Neutral,Neutral,Agree,Neutral,Neutral,Dissatisfied,Neutral,Neutral,Own,11-19 years,"$100,000-$149,999",Male,white,False
266,Agree,Neutral,Neutral,Agree,Agree,Neutral,Don't Know,Very Satisfied,Own,20+ years,"$150,000-$199,999",Male,aapi,False
267,Agree,Agree,Agree,Agree,Agree,Very Satisfied,Very Satisfied,Very Satisfied,Own,6-10 years,"$200,000+",Female,white,False
268,Strongly Agree,Disagree,Agree,Neutral,Agree,Neutral,Satisfied,Neutral,Own,20+ years,"$150,000-$199,999",Male,white,False
269,Strongly Agree,Neutral,Strongly Agree,Agree,Strongly Agree,Very Satisfied,Very Satisfied,Satisfied,Own,11-19 years,"$200,000+",Female,white,False
270,,,,,,,,,,declined,,,,True
271,Strongly Agree,Agree,Strongly Agree,Strongly Agree,Strongly Agree,Satisfied,Very Satisfied,Very Satisfied,Own,20+ years,"$200,000+",Male,other_or_multiracial,False
272,Neutral,Neutral,Agree,Agree,Agree,Dissatisfied,Don't Know,Satisfied,Own,6-10 years,"$200,000+",Female,white,False
273,Neutral,Neutral,Agree,Agree,Agree,Satisfied,Satisfied,Satisfied,Rent,20+ years,"$50,000-$99,999",Female,black,False
274,Strongly Agree,Neutral,Disagree,Strongly Disagree,Disagree,Very Dissatisfied,Very Dissatisfied,Dissatisfied,Rent,11-19 years,"$150,000-$199,999",declined,hispanic,False
275,Agree,Agree,Strongly Agree,Strongly Agree,Strongly Agree,Satisfied,Very Satisfied,Very Satisfied,Own,20+ years,"$150,000-$199,999",Female,white,False
276,,,,,,,,,,,"$200,000+",declined,,False
277,Neutral,Agree,Agree,Neutral,Agree,Neutral,Neutral,Satisfied,Own,6-10 years,"$200,000+",Male,white,False
278,Agree,Agree,Strongly Agree,Agree,Agree,Satisfied,Very Satisfied,Satisfied,Own,6-10 years,,,,True
279,Strongly Agree,Disagree,Neutral,Neutral,Neutral,Dissatisfied,Satisfied,Satisfied,Own,20+ years,,Male,declined,False
280,Strongly Agree,Disagree,Agree,Neutral,Neutral,Neutral,Satisfied,Satisfied,Own,11-19 years,"$200,000+",Female,white,False
281,,,,,,,,Don't Know,,,,,,True
282,Agree,Agree,Agree,Agree,Agree,Satisfied,Satisfied,Satisfied,Own,3-5 years,"$200,000+",Male,white,False
283,Agree,Agree,Agree,Agree,Agree,Satisfied,Very Satisfied,Very Satisfied,Own,20+ years,"$200,000+",Female,white,False
284,Neutral,Neutral,Neutral,Neutral,Neutral,Neutral,Neutral,Neutral,Own,3-5 years,"$50,000-$99,999",Female,white,False
285,Strongly Disagree,Strongly Disagree,Agree,Agree,Agree,Don't Know,Don't Know,Very Satisfied,Rent,6-10 years,"$100,000-$149,999",Female,white,False
286,Agree,Agree,Agree,Agree,Agree,Dissatisfied,Satisfied,Satisfied,Rent,20+ years,,Female,white,False
287,Disagree,Neutral,Neutral,Neutral,Agree,Dissatisfied,Neutral,Neutral,,,,,,True
288,Agree,Agree,Agree,Agree,Agree,Neutral,Satisfied,Satisfied,Own,6-10 years,"$200,000+",Female,black,False
289,Neutral,Neutral,Agree,Agree,Agree,Satisfied,Satisfied,Satisfied,Rent,6-10 years,"$200,000+",Male,white,False
290,Agree,Agree,Agree,Agree,Agree,Neutral,Neutral,Satisfied,Own,6-10 years,"$200,000+",Female,white,False
291,Agree,Agree,Agree,Agree,Agree,Very Satisfied,Very Satisfied,Very Satisfied,Own,20+ years,"$150,000-$199,999",Male,white,False
292,,,,,,,,Satisfied,Own,6-10 years,"$50,000-$99,999",Female,white,False
293,Agree,Disagree,Disagree,Neutral,Disagree,Very Dissatisfied,Dissatisfied,Very Dissatisfied,Own,20+ years,"$200,000+",Female,,False
294,Strongly Agree,Disagree,Strongly Disagree,Strongly Disagree,Strongly Disagree,Dissatisfied,Neutral,Very Dissatisfied,Own,6-10 years,"$200,000+",Female,declined,False
295,Strongly Agree,Strongly Disagree,Strongly Disagree,Strongly Disagree,Strongly Disagree,Very Dissatisfied,Very Dissatisfied,Very Dissatisfied,Own,20+ years,"$150,000-$199,999",Female,declined,False
296,Strongly Agree,Strongly Agree,Agree,Agree,Strongly Agree,Very Satisfied,Very Satisfied,Very Satisfied,Own,declined,"$100,000-$149,999",Female,declined,False
297,Strongly Agree,Agree,Disagree,Disagree,Neutral,Very Dissatisfied,Very Satisfied,Very Satisfied,Own,20+ years,,Female,white,False
298,Agree,Agree,Agree,Agree,Agree,Neutral,Satisfied,Satisfied,Own,20+ years,"$200,000+",Female,white,False
299,Strongly Agree,Strongly Disagree,Strongly Disagree,Strongly Disagree,Strongly Disagree,Very Dissatisfied,Very Dissatisfied,Neutral,Own,20+ years,"$100,000-$149,999",Male,white,False
300,Agree,Disagree,Disagree,Disagree,Disagree,Very Dissatisfied,Dissatisfied,Neutral,Own,20+ years,"$200,000+",Male,declined,False
301,Agree,Agree,Agree,Agree,Agree,Satisfied,Satisfied,Satisfied,Own,20+ years,"$150,000-$199,999",Female,white,False
302,,,,,,,,,,,,,,True
303,Strongly Agree,Strongly Agree,Strongly Agree,Strongly Agree,Strongly Agree,Very Satisfied,Very Satisfied,Very Satisfied,Rent,6-10 years,"$50,000-$99,999",Female,hispanic,False
304,Strongly Agree,Strongly Agree,Strongly Agree,Strongly Agree,Strongly Agree,Very Satisfied,Very Satisfied,Very Satisfied,Rent,3-5 years,"Under $50,000",Female,black,False
305,Neutral,Neutral,Neutral,Neutral,Neutral,Very Satisfied,Very Satisfied,Very Satisfied,Own,11-19 years,"$200,000+",Male,aapi,False
306,Neutral,Neutral,Agree,Neutral,Neutral,Don't Know,Dissatisfied,Don't Know,Rent,20+ years,"$100,000-$149,999",Male,white,False
307,Agree,Agree,Agree,Agree,Agree,,Neutral,Satisfied,Own,20+ years,"$200,000+",Male,white,False
308,Strongly Agree,Strongly Disagree,Strongly Disagree,Strongly Disagree,Strongly Disagree,Very Dissatisfied,Very Dissatisfied,Very Satisfied,Own,20+ years,"$50,000-$99,999",Male,white,False
309,Disagree,Strongly Disagree,Strongly Agree,Agree,Agree,Neutral,Satisfied,Satisfied,Own,3-5 years,"$200,000+",Male,white,False
310,Strongly Agree,Strongly Agree,Strongly Agree,Neutral,Agree,Neutral,Neutral,Very Satisfied,Own,20+ years,"$200,000+",Female,white,False
311,Agree,Agree,Strongly Agree,Strongly Agree,Strongly Agree,Very Satisfied,Very Satisfied,Very Satisfied,Own,6-10 years,"$200,000+",Female,white,False
312,Agree,Agree,Agree,Agree,Agree,Neutral,Satisfied,Neutral,Own,20+ years,"$50,000-$99,999",Male,white,False
313,Strongly Agree,Neutral,Agree,Neutral,Agree,Dissatisfied,Neutral,Very Satisfied,Own,20+ years,,Male,white,False
314,Agree,Agree,Agree,Agree,Agree,Very Dissatisfied,Dissatisfied,Neutral,Own,20+ years,"$50,000-$99,999",Female,white,False
315,Agree,Neutral,Neutral,Agree,Neutral,Dissatisfied,Neutral,Neutral,Own,20+ years,"$50,000-$99,999",declined,declined,False
316,,,,,,,,,Own,20+ years,"$50,000-$99,999",Female,white,False
317,Neutral,Disagree,Strongly Disagree,Strongly Disagree,Strongly Disagree,Very Dissatisfied,Dissatisfied,Neutral,Own,6-10 years,"$150,000-$199,999",Female,white,False
318,Agree,Strongly Disagree,Agree,Neutral,Agree,Very Dissatisfied,Neutral,Dissatisfied,Own,20+ years,"$150,000-$199,999",Female,hispanic,False
319,Disagree,Neutral,Agree,Agree,Agree,Neutral,Neutral,Satisfied,Rent,11-19 years,"$150,000-$199,999",Male,white,False
320,Disagree,Neutral,Agree,Agree,Agree,Neutral,Neutral,Satisfied,Own,6-10 years,"$150,000-$199,999",Male,white,False
321,Neutral,Neutral,Neutral,Agree,Agree,Don't Know,Don't Know,Satisfied,,,,,,True
322,Neutral,Neutral,Agree,Agree,Agree,,Satisfied,Satisfied,Own,6-10 years,"$200,000+",Female,aapi,False
323,Neutral,Disagree,Agree,Agree,Agree,Dissatisfied,Satisfied,Satisfied,Own,20+ years,"$50,000-$99,999",Male,white,False
324,,,,,,,,,Own,20+ years,"$200,000+",Female,declined,False
325,Strongly Agree,Strongly Agree,Strongly Agree,Strongly Agree,Strongly Agree,Very Satisfied,Very Satisfied,Very Satisfied,Own,3-5 years,"$200,000+",Female,other_or_multiracial,False
326,Strongly Agree,Strongly Disagree,Strongly Disagree,Strongly Disagree,Strongly Disagree,Very Dissatisfied,Very Dissatisfied,Neutral,Own,20+ years,,declined,declined,True
327,Strongly Agree,Agree,Agree,Agree,Agree,Neutral,Satisfied,Satisfied,Own,20+ years,"$200,000+",Male,white,False
328,Strongly Agree,Disagree,Strongly Disagree,Strongly Disagree,Strongly Disagree,Very Dissatisfied,Very Dissatisfied,Very Dissatisfied,Own,20+ years,"$200,000+",declined,declined,False
329,Strongly Disagree,Neutral,Disagree,Disagree,Disagree,Very Dissatisfied,Dissatisfied,Neutral,Own,3-5 years,"$200,000+",Male,white,False
330,Agree,Strongly Disagree,Strongly Disagree,Strongly Disagree,Strongly Disagree,Very Dissatisfied,Very Dissatisfied,Very Dissatisfied,Own,6-10 years,"$200,000+",declined,white,False
331,Neutral,Agree,Strongly Agree,Strongly Agree,Strongly Agree,Satisfied,Very Satisfied,Very Satisfied,Own,11-19 years,"$200,000+",Female,aapi,False
332,Neutral,Neutral,Neutral,Neutral,Neutral,Neutral,Satisfied,Neutral,Rent,6-10 years,"Under $50,000",Female,other_or_multiracial,False
333,Strongly Agree,Strongly Agree,Strongly Agree,Strongly Agree,Strongly Agree,Very Satisfied,Very Satisfied,Very Satisfied,Rent,6-10 years,"Under $50,000",Female,white,False
334,Strongly Agree,Strongly Agree,Agree,Neutral,Neutral,Dissatisfied,Neutral,Satisfied,Own,11-19 years,"$200,000+",Male,white,False
335,Neutral,Disagree,Neutral,Neutral,Neutral,Don't Know,Don't Know,Satisfied,Own,20+ years,"$50,000-$99,999",Female,white,False
336,Neutral,Strongly Disagree,Agree,Agree,Agree,Neutral,Neutral,Satisfied,Rent,0-2 years,,Female,white,False
337,Strongly Agree,Agree,Strongly Agree,Agree,Agree,Neutral,Very Satisfied,Very Satisfied,Own,20+ years,"$200,000+",Male,white,False
338,Strongly Agree,Strongly Agree,Strongly Agree,Strongly Agree,Strongly Agree,Very Satisfied,Very Satisfied,Very Satisfied,Own,20+ years,,,aapi,False
339,Strongly Agree,Strongly Agree,Strongly Agree,Strongly Agree,Strongly Agree,Very Satisfied,Very Satisfied,Very Satisfied,Own,20+ years,"$200,000+",declined,declined,False
340,Neutral,Neutral,Strongly Agree,Strongly Agree,Neutral,Don't Know,Very Satisfied,Very Satisfied,Rent,3-5 years,"$150,000-$199,999",Female,black,False
341,,,,,,,,,Own,20+ years,"$100,000-$149,999",Female,white,False
342,,Agree,Agree,Agree,Agree,Neutral,Satisfied,Satisfied,Own,11-19 years,"$100,000-$149,999",Female,white,False
343,Strongly Agree,Strongly Disagree,Disagree,Strongly Disagree,Disagree,Very Dissatisfied,Very Dissatisfied,Dissatisfied,Own,20+ years,"$100,000-$149,999",Female,white,False
344,Disagree,Neutral,Agree,Neutral,Neutral,Don't Know,Satisfied,Very Satisfied,Rent,,"$200,000+",Male,aapi,False
345,Neutral,Neutral,Neutral,Neutral,Neutral,Neutral,Neutral,Don't Know,Rent,3-5 years,,Male,white,False
346,Agree,Disagree,Agree,Agree,Strongly Disagree,Satisfied,Satisfied,Dissatisfied,Own,6-10 years,"$200,000+",Male,white,False
347,Agree,Agree,Agree,Agree,Agree,Neutral,,Satisfied,,11-19 years,"$150,000-$199,999",Male,declined,False
348,,,,,,,,,,,"$100,000-$149,999",Female,,False
349,Neutral,Neutral,Agree,Neutral,Neutral,Don't Know,Don't Know,Don't Know,Rent,3-5 years,"$50,000-$99,999",Male,aapi,False
350,,,,,,Very Satisfied,Very Satisfied,Very Satisfied,,,,,,True
351,Neutral,Neutral,Neutral,Agree,Agree,Neutral,Neutral,Satisfied,Own,20+ years,"$200,000+",Female,white,False
352,Disagree,Neutral,Agree,Agree,Agree,Neutral,Satisfied,Satisfied,,,,,,True
353,,,,,,,,Don't Know,,,,,,True
354,Neutral,Agree,Agree,Agree,Agree,Neutral,Dissatisfied,Neutral,Rent,6-10 years,"Under $50,000",Female,hispanic,False
355,Agree,Agree,Agree,Agree,Agree,Very Satisfied,Very Satisfied,Neutral,Rent,,"Under $50,000",Female,black,False
356,Neutral,Neutral,Strongly Agree,Strongly Agree,Strongly Agree,Dissatisfied,Very Satisfied,Satisfied,,,,,,True
357,Neutral,Neutral,Agree,Neutral,Neutral,Neutral,Neutral,Satisfied,Rent,0-2 years,"$200,000+",Female,aapi,False
358,Strongly Agree,Agree,Strongly Agree,Strongly Agree,Agree,Satisfied,Satisfied,Satisfied,Rent,6-10 years,"$100,000-$149,999",Male,white,False
359,Agree,Agree,Neutral,Neutral,Agree,Neutral,Neutral,Satisfied,Own,20+ years,,Male,declined,False
360,Agree,Agree,Agree,Agree,Strongly Agree,Neutral,Neutral,Very Satisfied,Own,20+ years,"$150,000-$199,999",Male,hispanic,False
361,Disagree,,Neutral,Neutral,Neutral,Don't Know,Neutral,Satisfied,Own,3-5 years,"Under $50,000",Female,aapi,False
362,Strongly Agree,Strongly Agree,Strongly Agree,Strongly Agree,Strongly Agree,Very Satisfied,Very Satisfied,Very Satisfied,Own,20+ years,"$200,000+",Male,white,False
363,Neutral,Neutral,Neutral,Neutral,Neutral,Don't Know,Don't Know,Very Satisfied,Rent,0-2 years,"$200,000+",Female,white,False
364,Agree,Strongly Agree,Agree,Agree,Agree,Satisfied,Satisfied,Satisfied,Own,3-5 years,"$200,000+",Female,declined,False
365,Agree,Agree,Agree,Agree,Agree,Satisfied,Satisfied,Satisfied,Own,11-19 years,"$200,000+",Female,aapi,False
366,Agree,Agree,Agree,Agree,Agree,Satisfied,Very Satisfied,Satisfied,Own,20+ years,"$100,000-$149,999",Female,white,False
367,Agree,Strongly Disagree,Agree,Agree,Agree,Don't Know,Don't Know,,Own,20+ years,,,white,False
368,Neutral,Neutral,Neutral,Neutral,Agree,Don't Know,Don't Know,Very Dissatisfied,,20+ years,"Under $50,000",Male,white,False
369,Neutral,Neutral,Agree,Agree,Agree,Neutral,Satisfied,Satisfied,Own,11-19 years,"$150,000-$199,999",Male,hispanic,False
370,Strongly Agree,Strongly Agree,Strongly Agree,Strongly Agree,Strongly Agree,Very Satisfied,Very Satisfied,Very Satisfied,,3-5 years,"$50,000-$99,999",Male,white,False
371,Agree,Disagree,Agree,Agree,Strongly Disagree,Don't Know,Satisfied,Very Satisfied,Own,20+ years,"$200,000+",Male,white,False
372,Agree,Neutral,Agree,Agree,Neutral,Dissatisfied,Satisfied,Neutral,Own,11-19 years,"$100,000-$149,999",Male,white,False
373,,Disagree,Strongly Disagree,Strongly Disagree,Strongly Disagree,,Dissatisfied,Very Dissatisfied,Own,20+ years,,Female,white,False
374,Neutral,Agree,Strongly Agree,Agree,Agree,Satisfied,Neutral,Dissatisfied,Rent,3-5 years,"$200,000+",Male,white,False
375,Strongly Disagree,Disagree,Strongly Disagree,Strongly Disagree,Strongly Disagree,Dissatisfied,Neutral,Dissatisfied,Rent,6-10 years,"Under $50,000",Female,black,False
376,Disagree,Disagree,Disagree,Disagree,Disagree,Very Dissatisfied,Neutral,Satisfied,Own,20+ years,"$100,000-$149,999",Male,hispanic,False
377,Agree,Strongly Agree,Strongly Agree,Strongly Agree,Strongly Agree,Very Satisfied,Very Satisfied,Very Satisfied,Rent,6-10 years,"$150,000-$199,999",Female,white,False
378,Agree,Agree,Agree,Neutral,Agree,Dissatisfied,Satisfied,Neutral,Own,11-19 years,"$200,000+",Male,white,False
379,Disagree,Neutral,Neutral,Disagree,Neutral,Dissatisfied,Dissatisfied,Satisfied,Own,11-19 years,"$200,000+",Female,white,False
380,Strongly Agree,Disagree,Disagree,Disagree,Agree,Dissatisfied,Dissatisfied,Dissatisfied,Own,20+ years,"$200,000+",Male,hispanic,False
381,Strongly Agree,Strongly Agree,Strongly Agree,Strongly Agree,Strongly Agree,Very Satisfied,Very Satisfied,Very Satisfied,Rent,3-5 years,"Under $50,000",Female,aapi,False
382,Agree,Strongly Agree,Strongly Agree,Strongly Agree,Strongly Agree,Very Satisfied,Very Satisfied,Very Satisfied,Own,11-19 years,"$100,000-$149,999",Male,black,False
383,Disagree,Agree,Agree,Agree,Agree,Don't Know,Don't Know,Satisfied,Rent,3-5 years,"Under $50,000",Female,aapi,False
384,Neutral,Neutral,Neutral,Neutral,Disagree,Dissatisfied,Don't Know,Neutral,Own,20+ years,"$50,000-$99,999",Male,white,False
385,Agree,Neutral,Agree,Agree,Agree,Satisfied,Satisfied,Dissatisfied,Own,20+ years,"$150,000-$199,999",Male,white,False
386,Disagree,Neutral,Neutral,Neutral,Neutral,Dissatisfied,Neutral,Neutral,Own,20+ years,"$150,000-$199,999",Female,white,False
387,Strongly Agree,Strongly Disagree,Strongly Disagree,Strongly Disagree,Strongly Disagree,Very Dissatisfied,Very Dissatisfied,Very Satisfied,Own,20+ years,"$50,000-$99,999",Male,white,False
388,Agree,Neutral,Agree,Neutral,Agree,Neutral,Satisfied,Satisfied,Own,11-19 years,"$150,000-$199,999",Female,white,False
389,Agree,Neutral,Neutral,Neutral,Neutral,Dissatisfied,Dissatisfied,Satisfied,Own,11-19 years,,Female,white,False
390,Neutral,Neutral,Neutral,Neutral,Agree,Neutral,Neutral,Neutral,Own,6-10 years,"$200,000+",Female,white,False
391,Agree,Strongly Agree,Strongly Agree,Agree,Agree,Neutral,Satisfied,Neutral,Own,20+ years,,,,True
392,Agree,Neutral,Agree,Agree,Agree,Very Satisfied,Very Satisfied,Very Satisfied,Own,20+ years,"$100,000-$149,999",Female,white,False
393,,,,,,,,,Own,3-5 years,"$100,000-$149,999",Male,other_or_multiracial,False
394,Agree,Agree,Neutral,Agree,Neutral,Neutral,Satisfied,Satisfied,Rent,3-5 years,"$100,000-$149,999",Male,white,False
395,Neutral,Neutral,Agree,Neutral,Neutral,Satisfied,Satisfied,Very Satisfied,Rent,declined,"$50,000-$99,999",Female,white,False
396,Agree,Neutral,Disagree,Disagree,Disagree,Very Dissatisfied,Dissatisfied,Neutral,Own,20+ years,"$200,000+",Female,declined,False
397,Neutral,Strongly Disagree,Neutral,Neutral,Strongly Disagree,Very Dissatisfied,Very Dissatisfied,Dissatisfied,Own,6-10 years,"$100,000-$149,999",Male,white,False
398,Strongly Agree,Strongly Agree,Strongly Agree,Strongly Agree,Strongly Agree,Neutral,Very Satisfied,Very Satisfied,Own,11-19 years,"$200,000+",Female,white,False
399,Neutral,Neutral,Agree,Agree,Agree,Neutral,Neutral,Satisfied,Own,3-5 years,"$100,000-$149,999",Female,aapi,False
400,Agree,Neutral,Agree,Neutral,Neutral,Don't Know,Satisfied,Dissatisfied,Own,20+ years,"$50,000-$99,999",Female,white,False
401,Strongly Agree,Disagree,Agree,Disagree,Agree,Dissatisfied,Satisfied,Neutral,Own,20+ years,,Female,white,False
402,Neutral,Agree,Agree,,,Neutral,Neutral,Very Satisfied,Rent,3-5 years,"$50,000-$99,999",Male,aapi,False
403,Agree,Neutral,Neutral,Neutral,Neutral,Neutral,Neutral,Satisfied,Own,6-10 years,"$200,000+",Male,white,False
404,Neutral,Agree,Agree,Agree,Agree,Neutral,Neutral,Satisfied,Own,3-5 years,"$200,000+",Female,white,False
405,Agree,Agree,Agree,Neutral,Neutral,Neutral,Neutral,Neutral,Rent,declined,,Female,declined,False
406,Disagree,Neutral,Agree,Agree,Agree,Neutral,Satisfied,Satisfied,Own,3-5 years,"$200,000+",Female,aapi,False
407,Agree,Neutral,Disagree,Neutral,Neutral,Satisfied,Dissatisfied,Neutral,Rent,3-5 years,"$50,000-$99,999",Female,declined,False
408,Disagree,Neutral,Strongly Agree,Strongly Agree,Strongly Agree,Very Satisfied,Very Satisfied,Don't Know,Rent,3-5 years,"$100,000-$149,999",Female,white,False
409,Agree,Agree,Agree,Agree,Agree,Satisfied,Neutral,Satisfied,Own,20+ years,"Under $50,000",Female,declined,False
410,Neutral,Neutral,Neutral,Neutral,Agree,Don't Know,Don't Know,Satisfied,Rent,0-2 years,"$100,000-$149,999",Female,white,False
411,Neutral,Neutral,Agree,Neutral,Neutral,Neutral,Neutral,Very Satisfied,,,,,,True
412,Neutral,Neutral,Agree,Neutral,Neutral,Don't Know,Don't Know,Satisfied,Own,6-10 years,,Female,white,False
413,Agree,Agree,Agree,Agree,Agree,Satisfied,Satisfied,Satisfied,Rent,11-19 years,"Under $50,000",Female,hispanic,False
414,Agree,Agree,Agree,Disagree,Neutral,Dissatisfied,Neutral,Very Satisfied,Own,6-10 years,"$200,000+",Female,white,False
415,Disagree,Neutral,Agree,Agree,Agree,Very Satisfied,Very Satisfied,Very Satisfied,Rent,3-5 years,"$100,000-$149,999",Male,other_or_multiracial,False
416,Agree,Agree,Agree,Agree,Agree,Satisfied,Satisfied,Neutral,Own,3-5 years,"$200,000+",Male,other_or_multiracial,False
417,Agree,Agree,Agree,Agree,Neutral,Neutral,Very Satisfied,Neutral,Rent,6-10 years,"$50,000-$99,999",Male,hispanic,False
418,Agree,Agree,Agree,Agree,Agree,Satisfied,Satisfied,Satisfied,Own,20+ years,"$200,000+",Male,black,False
419,Agree,Neutral,Neutral,Neutral,Neutral,Neutral,Neutral,Neutral,Rent,3-5 years,"$150,000-$199,999",Male,white,False
420,Neutral,Agree,Agree,Agree,Agree,Neutral,Neutral,Very Satisfied,Rent,11-19 years,"$150,000-$199,999",Male,black,False
421,,,,,,,,Don't Know,,,,,,True
422,Neutral,Agree,Agree,Agree,Agree,Satisfied,Don't Know,Satisfied,,,,,,True
423,Disagree,Neutral,Neutral,Neutral,Neutral,Neutral,Satisfied,Neutral,Rent,3-5 years,"$200,000+",Female,other_or_multiracial,False
424,Agree,Strongly Agree,Strongly Agree,Strongly Agree,Strongly Agree,Very Satisfied,Very Satisfied,Very Satisfied,Own,20+ years,"$150,000-$199,999",Male,other_or_multiracial,False
425,Agree,Agree,Agree,Agree,Agree,Satisfied,Satisfied,Satisfied,Rent,11-19 years,"$50,000-$99,999",Male,hispanic,False
426,Disagree,Disagree,Strongly Agree,Agree,Agree,Don't Know,Don't Know,Very Satisfied,Own,11-19 years,,Male,declined,False
427,Neutral,Neutral,Agree,Neutral,Agree,Neutral,Neutral,Very Satisfied,Rent,6-10 years,,,aapi,False
428,Neutral,Neutral,Agree,Neutral,,Satisfied,Neutral,Satisfied,Rent,20+ years,"$50,000-$99,999",Male,declined,False
429,Agree,Strongly Agree,Strongly Agree,Strongly Agree,Strongly Agree,Very Satisfied,Satisfied,Satisfied,Own,3-5 years,"$200,000+",Male,white,False
430,Neutral,Neutral,Neutral,Neutral,Neutral,Dissatisfied,Neutral,Neutral,Own,11-19 years,,Female,aapi,False
431,Agree,Agree,Agree,Agree,Agree,Satisfied,Very Satisfied,Very Satisfied,Own,6-10 years,"$200,000+",Female,white,False
432,Disagree,Neutral,Agree,Neutral,Neutral,Don't Know,Don't Know,Satisfied,Own,6-10 years,"$200,000+",Male,white,False
433,Agree,Agree,Agree,Agree,Agree,Neutral,Satisfied,Very Satisfied,Own,11-19 years,"$150,000-$199,999",Female,aapi,False
434,Strongly Agree,Strongly Agree,Strongly Agree,Strongly Agree,Strongly Agree,Very Satisfied,Very Satisfied,Very Satisfied,Rent,3-5 years,"$50,000-$99,999",Female,hispanic,False
435,Strongly Agree,Disagree,Agree,Agree,Agree,Dissatisfied,Satisfied,Satisfied,Own,20+ years,"$100,000-$149,999",Male,white,False
436,Agree,Agree,Agree,Agree,Strongly Agree,Dissatisfied,Satisfied,Neutral,Own,20+ years,"$200,000+",Male,white,False
437,Disagree,Neutral,Agree,Agree,Agree,Dissatisfied,Dissatisfied,Dissatisfied,Own,6-10 years,"$50,000-$99,999",Male,white,False
438,Strongly Agree,Strongly Agree,Strongly Agree,Agree,Agree,Dissatisfied,Dissatisfied,Dissatisfied,Own,20+ years,"$50,000-$99,999",Female,white,False
439,Agree,Neutral,Agree,Neutral,Neutral,Don't Know,Don't Know,Very Satisfied,,,"$200,000+",Female,,False
440,Strongly Agree,Agree,Agree,Neutral,Agree,Neutral,Satisfied,Satisfied,Rent,20+ years,"$150,000-$199,999",Male,,False
441,Agree,Agree,Neutral,Strongly Disagree,Strongly Agree,Neutral,Very Dissatisfied,Dissatisfied,Own,20+ years,"$100,000-$149,999",Male,white,False
442,Neutral,,Neutral,Neutral,Agree,Don't Know,Satisfied,Satisfied,Own,11-19 years,"$100,000-$149,999",Male,other_or_multiracial,False
443,Neutral,Neutral,Disagree,Strongly Disagree,Agree,Very Dissatisfied,Dissatisfied,Neutral,Own,11-19 years,,Male,,False
444,Neutral,Disagree,Neutral,Disagree,Disagree,Neutral,,Don't Know,Own,20+ years,"Under $50,000",,aapi,False
445,Neutral,Neutral,Neutral,Neutral,Neutral,Neutral,Very Satisfied,Very Satisfied,Rent,0-2 years,"$150,000-$199,999",Female,white,False
446,Strongly Agree,Disagree,Disagree,Strongly Disagree,Agree,Very Dissatisfied,Very Dissatisfied,Dissatisfied,Own,6-10 years,"$200,000+",Female,white,False
447,Disagree,Neutral,Agree,Neutral,Neutral,Neutral,Neutral,Satisfied,,,,,,True
448,Agree,Agree,Neutral,Agree,Strongly Disagree,Don't Know,Satisfied,Dissatisfied,Rent,11-19 years,,declined,aapi,False
449,Agree,Neutral,Neutral,Neutral,Neutral,Dissatisfied,Neutral,Satisfied,Rent,11-19 years,"$150,000-$199,999",Male,hispanic,False
450,Neutral,Agree,Agree,Agree,Agree,Satisfied,Satisfied,Satisfied,Rent,11-19 years,"$50,000-$99,999",Female,aapi,False
451,,,,,,,,Neutral,Own,3-5 years,"$100,000-$149,999",Male,black,False
452,Agree,Strongly Agree,Agree,Agree,Agree,Satisfied,Very Satisfied,Satisfied,Rent,0-2 years,"Under $50,000",Male,white,False
453,Strongly Agree,Strongly Agree,Neutral,Neutral,Neutral,Dissatisfied,Neutral,Satisfied,Own,20+ years,,declined,,True
454,Agree,Disagree,Neutral,Strongly Disagree,Strongly Disagree,Dissatisfied,Neutral,Very Dissatisfied,Own,20+ years,"$100,000-$149,999",Female,white,False
455,Neutral,Neutral,Agree,Agree,Agree,Neutral,Don't Know,Satisfied,Own,6-10 years,"$200,000+",Female,aapi,False
456,Agree,Agree,Agree,Agree,Agree,Satisfied,Satisfied,Satisfied,Rent,11-19 years,"$150,000-$199,999",Female,white,False
457,Agree,Disagree,Strongly Disagree,Strongly Disagree,Neutral,Very Dissatisfied,Neutral,Dissatisfied,Own,20+ years,,Male,,False
458,Strongly Agree,Agree,Agree,Agree,Agree,Neutral,Satisfied,Very Satisfied,Own,20+ years,"$200,000+",Male,white,False
459,Agree,Disagree,Agree,Agree,Agree,Don't Know,Satisfied,Satisfied,Own,11-19 years,"$200,000+",Female,white,False
460,Neutral,Neutral,Neutral,Neutral,Neutral,Satisfied,Satisfied,Satisfied,Rent,3-5 years,"$50,000-$99,999",Male,white,False
461,Agree,Agree,Strongly Agree,Strongly Agree,Strongly Agree,Neutral,Satisfied,Very Satisfied,Own,20+ years,"$50,000-$99,999",Male,white,False
462,Agree,Agree,Agree,Neutral,Agree,Dissatisfied,Satisfied,Satisfied,Own,20+ years,"$200,000+",Male,white,False
463,Neutral,Neutral,Neutral,Neutral,Neutral,Very Dissatisfied,Dissatisfied,Neutral,Own,6-10 years,,Female,white,False
464,Strongly Disagree,Neutral,Agree,Agree,Agree,Don't Know,Don't Know,Satisfied,Rent,3-5 years,"$150,000-$199,999",Male,white,False
465,Strongly Agree,Strongly Agree,Strongly Agree,Agree,Agree,Very Satisfied,Very Satisfied,Very Satisfied,Own,20+ years,"Under $50,000",Female,declined,False
466,Agree,Neutral,Agree,Agree,Agree,Neutral,Neutral,Satisfied,Own,20+ years,"$200,000+",Female,white,False
467,Neutral,Neutral,Agree,Neutral,Neutral,Very Satisfied,Very Satisfied,Satisfied,Rent,3-5 years,"Under $50,000",Male,white,False
468,Disagree,Agree,Agree,Agree,Agree,Neutral,Satisfied,Satisfied,Rent,11-19 years,"$200,000+",Female,aapi,False
469,Agree,Agree,Agree,Agree,Agree,Satisfied,Neutral,Dissatisfied,Own,3-5 years,"$150,000-$199,999",Male,aapi,False
470,Agree,Disagree,Neutral,Neutral,Neutral,Dissatisfied,Satisfied,Very Satisfied,Own,20+ years,"$150,000-$199,999",Female,white,False
471,Agree,Agree,Agree,Agree,Agree,Satisfied,Satisfied,Neutral,Rent,20+ years,"$150,000-$199,999",declined,black,False
472,Neutral,Neutral,Strongly Agree,Agree,Strongly Agree,,,Very Satisfied,Rent,6-10 years,"$100,000-$149,999",Female,white,False
473,Agree,Agree,Agree,Agree,Agree,Satisfied,Satisfied,Satisfied,Own,11-19 years,"$100,000-$149,999",Female,aapi,False
474,Disagree,Disagree,Agree,Neutral,Neutral,Neutral,Neutral,Dissatisfied,Rent,0-2 years,"$100,000-$149,999",Female,hispanic,False
475,Strongly Agree,Strongly Agree,Strongly Agree,Strongly Agree,Strongly Agree,Satisfied,Satisfied,Satisfied,Own,20+ years,,Female,white,False
476,Neutral,Neutral,Neutral,Neutral,Neutral,Neutral,Neutral,Very Satisfied,Rent,20+ years,,,hispanic,False
477,Strongly Agree,Disagree,Disagree,Disagree,Disagree,Very Dissatisfied,Very Dissatisfied,Neutral,Own,20+ years,,declined,declined,True
478,Agree,Disagree,Neutral,Disagree,Strongly Disagree,Dissatisfied,Very Dissatisfied,Dissatisfied,Own,20+ years,,,white,False
479,Strongly Agree,Strongly Disagree,Strongly Disagree,Strongly Disagree,Strongly Disagree,Very Dissatisfied,Very Dissatisfied,Very Satisfied,Own,20+ years,"$50,000-$99,999",Male,white,False
480,Agree,Agree,Agree,Agree,Neutral,Satisfied,Satisfied,Satisfied,Rent,0-2 years,"$100,000-$149,999",Male,aapi,False
481,Strongly Agree,Strongly Agree,Strongly Agree,Strongly Agree,Strongly Agree,Very Satisfied,Very Satisfied,Very Satisfied,Own,6-10 years,"$150,000-$199,999",Female,white,False
482,Strongly Agree,Neutral,Agree,Agree,Agree,Satisfied,Satisfied,Satisfied,Own,11-19 years,"$200,000+",Male,white,False
483,Strongly Agree,Strongly Disagree,Disagree,Disagree,Neutral,Very Dissatisfied,Satisfied,,Own,20+ years,,declined,,True
484,Agree,Agree,Strongly Agree,Strongly Agree,Strongly Agree,Satisfied,Very Satisfied,Very Satisfied,Own,20+ years,"$150,000-$199,999",Male,white,False
485,Neutral,Neutral,Agree,Agree,Agree,Neutral,Satisfied,Satisfied,Own,11-19 years,"$200,000+",Female,white,False
486,Disagree,Neutral,Strongly Agree,Neutral,Strongly Agree,Satisfied,Satisfied,Very Satisfied,Rent,3-5 years,"$50,000-$99,999",Female,aapi,False
487,Strongly Agree,Strongly Agree,Strongly Agree,Strongly Agree,Strongly Agree,Very Satisfied,Very Satisfied,Very Satisfied,Own,6-10 years,"$200,000+",Male,white,False
488,Disagree,Neutral,Agree,Agree,Agree,Satisfied,Don't Know,Satisfied,Rent,6-10 years,"$200,000+",Female,white,False
489,Neutral,Neutral,Agree,Agree,Agree,Very Dissatisfied,Satisfied,Satisfied,Own,6-10 years,"$200,000+",Female,aapi,False
490,Disagree,Neutral,Agree,Disagree,Disagree,Dissatisfied,Neutral,Neutral,Own,11-19 years,"$200,000+",Female,aapi,False
491,Strongly Disagree,Strongly Disagree,Neutral,Strongly Disagree,Disagree,Very Dissatisfied,Very Dissatisfied,Neutral,Rent,3-5 years,"$100,000-$149,999",declined,declined,False
492,Strongly Agree,Strongly Agree,Strongly Agree,Strongly Agree,Strongly Agree,Satisfied,Satisfied,Very Satisfied,Own,20+ years,,Female,white,False
493,Agree,Strongly Agree,Strongly Agree,Strongly Agree,Strongly Agree,Very Satisfied,Very Satisfied,Very Satisfied,Rent,6-10 years,"$100,000-$149,999",Male,hispanic,False
494,Strongly Agree,Strongly Agree,Strongly Agree,Strongly Agree,Strongly Agree,Very Satisfied,Very Satisfied,Very Satisfied,Own,11-19 years,"$150,000-$199,999",Female,hispanic,False
495,Agree,Agree,Agree,Agree,Agree,Satisfied,Satisfied,Satisfied,Rent,20+ years,,declined,white,False
496,Agree,Agree,Agree,Agree,Agree,Satisfied,Very Satisfied,Very Satisfied,Rent,6-10 years,"$200,000+",Male,white,False
497,Agree,Disagree,Agree,Neutral,Agree,Neutral,Neutral,Satisfied,Own,20+ years,"$100,000-$149,999",Female,white,False
498,,,,,,,,Neutral,Rent,20+ years,"$200,000+",Female,white,False
499,Neutral,Neutral,Neutral,Agree,Agree,Don't Know,Don't Know,Neutral,,20+ years,"Under $50,000",Female,black,False
500,Strongly Agree,Agree,Strongly Agree,Agree,Strongly Agree,Very Satisfied,Satisfied,Satisfied,Own,20+ years,"$200,000+",Male,white,False
501,,,,,,,,Very Satisfied,,,,,,True
502,Agree,Disagree,Strongly Disagree,Strongly Disagree,Strongly Disagree,Dissatisfied,Neutral,Neutral,Rent,11-19 years,"$200,000+",Male,declined,False
503,Strongly Agree,Strongly Agree,Strongly Agree,Agree,Strongly Agree,Very Satisfied,Very Satisfied,Satisfied,Own,20+ years,"$200,000+",declined,declined,False
504,Neutral,Neutral,Agree,Neutral,Neutral,Satisfied,Satisfied,Satisfied,Own,3-5 years,"$200,000+",Male,aapi,False
505,Agree,Agree,Agree,Agree,Agree,Neutral,Very Satisfied,Very Satisfied,Rent,3-5 years,"$100,000-$149,999",Female,white,False
506,Neutral,Neutral,Neutral,Neutral,Neutral,Neutral,Neutral,Satisfied,Own,11-19 years,"$200,000+",Female,declined,False
507,Agree,Strongly Agree,Strongly Agree,Strongly Agree,Strongly Agree,Very Satisfied,Very Satisfied,Very Satisfied,Own,6-10 years,"$200,000+",Female,white,False
508,Agree,Neutral,Strongly Agree,Agree,Agree,Neutral,Neutral,Satisfied,Rent,20+ years,"$150,000-$199,999",Female,white,False
509,Strongly Agree,Disagree,Strongly Agree,Disagree,Strongly Agree,Very Satisfied,Dissatisfied,Dissatisfied,Own,11-19 years,"$100,000-$149,999",Female,white,False
510,Strongly Agree,Strongly Agree,Agree,Neutral,Neutral,Dissatisfied,Neutral,Neutral,Own,11-19 years,"$200,000+",Male,white,False
511,Agree,Agree,Agree,Agree,Agree,Satisfied,Satisfied,Very Satisfied,Rent,0-2 years,"$50,000-$99,999",Female,aapi,False
512,Neutral,Agree,Agree,Agree,Agree,Satisfied,Satisfied,Satisfied,Own,0-2 years,"$150,000-$199,999",Male,black,False
513,Strongly Agree,Strongly Disagree,Strongly Disagree,Strongly Disagree,Strongly Disagree,Very Dissatisfied,Very Dissatisfied,Very Dissatisfied,,0-2 years,"$200,000+",,black,False
514,Agree,Agree,Agree,Agree,Agree,Satisfied,Satisfied,Neutral,Own,20+ years,"$100,000-$149,999",Female,white,False
515,Strongly Agree,Strongly Agree,Strongly Agree,Strongly Agree,Strongly Agree,Very Satisfied,Very Satisfied,Very Satisfied,Own,20+ years,"$200,000+",Male,white,False
516,Strongly Agree,Neutral,Strongly Agree,Strongly Agree,Strongly Agree,Very Satisfied,Very Satisfied,Very Satisfied,Rent,6-10 years,"$200,000+",Male,white,False
517,Strongly Agree,Agree,Agree,Agree,Agree,Satisfied,Neutral,,,11-19 years,"$200,000+",Male,declined,False
518,Agree,Agree,Agree,Agree,Neutral,Neutral,Satisfied,Satisfied,Own,20+ years,"$200,000+",Male,white,False
519,Agree,Disagree,Neutral,Disagree,Disagree,Dissatisfied,Neutral,Neutral,Own,11-19 years,"$200,000+",declined,declined,False
520,Strongly Agree,Neutral,Agree,Agree,Agree,Neutral,Satisfied,Neutral,Own,20+ years,"$200,000+",Male,white,False
521,Agree,Neutral,Neutral,Neutral,Neutral,Neutral,Neutral,Dissatisfied,Own,11-19 years,"$50,000-$99,999",declined,white,False
522,Agree,Strongly Agree,Strongly Agree,Strongly Agree,Strongly Agree,Very Satisfied,Very Satisfied,Very Satisfied,Own,11-19 years,"$200,000+",Female,white,False
523,Agree,Disagree,Disagree,Strongly Disagree,Strongly Disagree,Very Dissatisfied,Dissatisfied,Neutral,Own,20+ years,"$200,000+",Male,white,False
524,Strongly Agree,Disagree,Agree,Agree,Neutral,Satisfied,Very Satisfied,Satisfied,,20+ years,"$200,000+",,white,False
525,Agree,Disagree,Agree,Neutral,Neutral,Dissatisfied,Neutral,Neutral,Own,20+ years,"$200,000+",Male,hispanic,False
526,Strongly Agree,Strongly Agree,Strongly Agree,Strongly Agree,Strongly Agree,Satisfied,Very Satisfied,Very Satisfied,Own,20+ years,"$200,000+",Male,white,False
527,Neutral,Agree,Agree,Neutral,Agree,Don't Know,Don't Know,Satisfied,Own,6-10 years,"$200,000+",Male,white,False
528,Strongly Agree,Strongly Disagree,Strongly Disagree,Strongly Disagree,Strongly Disagree,Very Dissatisfied,Very Dissatisfied,Very Satisfied,Own,20+ years,"Under $50,000",Male,white,False
529,Agree,Agree,Agree,Agree,Agree,Dissatisfied,Dissatisfied,Dissatisfied,Own,20+ years,"$150,000-$199,999",Male,white,False
530,Agree,Disagree,Disagree,Disagree,Disagree,Dissatisfied,Dissatisfied,Neutral,Own,20+ years,,,,True
531,Agree,Agree,Strongly Agree,Strongly Agree,Strongly Agree,Very Satisfied,Satisfied,Very Satisfied,Rent,11-19 years,"$200,000+",Female,white,False
532,Agree,Neutral,Neutral,Neutral,,Dissatisfied,Satisfied,Neutral,,,,,,True
533,Agree,Strongly Agree,Agree,Agree,Agree,Very Satisfied,Satisfied,Very Satisfied,Own,3-5 years,"$50,000-$99,999",Female,white,False
534,Strongly Agree,Strongly Disagree,Strongly Disagree,Strongly Disagree,Strongly Disagree,Very Dissatisfied,Dissatisfied,Very Satisfied,Own,20+ years,"Under $50,000",Male,white,False
535,Strongly Agree,Strongly Agree,Agree,Strongly Agree,Strongly Agree,Dissatisfied,Satisfied,Satisfied,Own,20+ years,"$200,000+",Male,white,False
536,Strongly Agree,Strongly Agree,Strongly Agree,Strongly Agree,Strongly Agree,Very Satisfied,Very Satisfied,Very Satisfied,Own,11-19 years,"$200,000+",Male,white,False
537,Strongly Agree,Agree,Agree,Agree,Agree,Satisfied,Dissatisfied,Neutral,Own,3-5 years,"$200,000+",Male,white,False
538,Agree,Agree,Agree,Agree,Agree,Dissatisfied,Neutral,Dissatisfied,Own,6-10 years,"$200,000+",Male,white,False
539,Agree,Agree,Strongly Agree,Strongly Agree,Strongly Agree,Neutral,Very Satisfied,Very Satisfied,Own,20+ years,"$200,000+",Female,white,False
540,Agree,Agree,Agree,Neutral,Agree,Satisfied,Satisfied,Satisfied,Own,20+ years,"$50,000-$99,999",Female,declined,False
541,Agree,Disagree,Strongly Disagree,Strongly Disagree,Strongly Disagree,Very Dissatisfied,Dissatisfied,Dissatisfied,Own,11-19 years,,,,True
542,Strongly Agree,Disagree,Neutral,Disagree,Disagree,Neutral,Satisfied,Neutral,Rent,3-5 years,"Under $50,000",Male,white,False
543,Agree,Agree,Strongly Agree,Strongly Agree,Strongly Agree,Very Satisfied,Very Satisfied,Very Satisfied,Own,20+ years,"$200,000+",Male,white,False
544,,,,,,,,,Rent,0-2 years,"$200,000+",Male,hispanic,False
545,Agree,Neutral,Agree,Neutral,Neutral,Dissatisfied,Dissatisfied,Satisfied,Own,20+ years,"$150,000-$199,999",Female,black,False
546,Agree,Neutral,Disagree,Neutral,Neutral,Very Dissatisfied,Dissatisfied,Very Dissatisfied,Own,20+ years,,,declined,True
547,Agree,Disagree,Neutral,Neutral,Agree,Dissatisfied,Dissatisfied,Satisfied,Own,20+ years,"$200,000+",declined,declined,False
548,Agree,Agree,Agree,Disagree,Agree,Dissatisfied,Satisfied,Dissatisfied,Rent,6-10 years,"$200,000+",,aapi,False
549,Agree,Disagree,Disagree,Neutral,Disagree,Dissatisfied,Neutral,Neutral,Own,20+ years,"$150,000-$199,999",Female,white,False
550,Strongly Agree,Agree,Strongly Agree,Agree,Agree,,,Very Satisfied,Own,,"$200,000+",,white,False
551,Agree,Agree,Agree,Agree,Agree,Neutral,Satisfied,Satisfied,Rent,0-2 years,"$200,000+",Male,white,False
552,Agree,Neutral,Agree,Agree,Agree,Satisfied,Very Satisfied,Very Satisfied,Own,11-19 years,"$150,000-$199,999",Male,white,False
553,Neutral,Neutral,Neutral,Neutral,Neutral,Dissatisfied,Dissatisfied,Dissatisfied,Rent,3-5 years,"$50,000-$99,999",Female,white,False
554,Strongly Agree,Neutral,Agree,Agree,Agree,Neutral,Neutral,Neutral,Own,20+ years,"$200,000+",Male,white,False
555,Agree,Agree,Agree,Agree,Agree,Don't Know,Don't Know,Neutral,Rent,3-5 years,"$200,000+",Female,white,False
556,,,,,,,,,Own,20+ years,"$150,000-$199,999",Male,white,False
557,Agree,Agree,Neutral,Neutral,Neutral,,,Very Satisfied,Own,20+ years,"$200,000+",Female,white,False
558,Strongly Agree,Disagree,Disagree,Disagree,Disagree,Very Dissatisfied,Very Dissatisfied,Satisfied,Own,11-19 years,"$200,000+",Male,white,False
559,Strongly Agree,Strongly Agree,Strongly Disagree,Disagree,Strongly Disagree,Very Dissatisfied,Very Dissatisfied,Very Dissatisfied,Own,20+ years,"$200,000+",declined,white,False
560,Neutral,Neutral,Agree,Agree,Agree,Neutral,Don't Know,Satisfied,Rent,0-2 years,"$150,000-$199,999",Female,white,False
561,Neutral,Strongly Disagree,Agree,Strongly Disagree,Disagree,Dissatisfied,Neutral,Neutral,Rent,20+ years,"$50,000-$99,999",declined,declined,False
562,Strongly Agree,Neutral,Agree,Neutral,Neutral,Neutral,Neutral,Satisfied,Own,20+ years,"$150,000-$199,999",Female,white,False
563,Disagree,Neutral,Agree,Agree,Neutral,Don't Know,Satisfied,Satisfied,Rent,20+ years,"$50,000-$99,999",Female,other_or_multiracial,False
564,Strongly Disagree,Strongly Disagree,Strongly Disagree,Strongly Disagree,Strongly Disagree,Dissatisfied,Dissatisfied,Don't Know,Own,3-5 years,"$200,000+",Male,white,False
565,Agree,Disagree,Neutral,Neutral,Neutral,Neutral,Satisfied,Satisfied,Own,20+ years,"$50,000-$99,999",Female,white,False
566,Strongly Agree,Strongly Agree,Strongly Agree,Strongly Agree,Strongly Agree,Very Satisfied,Very Satisfied,Very Satisfied,Own,20+ years,"$100,000-$149,999",Male,white,False
567,Agree,Agree,Agree,Neutral,Neutral,Neutral,Neutral,Dissatisfied,Own,20+ years,"$100,000-$149,999",Male,declined,False
568,Strongly Agree,Strongly Disagree,Agree,Neutral,Neutral,Dissatisfied,Dissatisfied,Dissatisfied,Own,20+ years,"$100,000-$149,999",Female,white,False
569,Neutral,Neutral,Agree,Neutral,Neutral,Neutral,Satisfied,Don't Know,Own,20+ years,"$150,000-$199,999",Male,white,False
570,Strongly Agree,Strongly Disagree,Disagree,Strongly Disagree,Disagree,Very Dissatisfied,Very Dissatisfied,Dissatisfied,Own,20+ years,"$200,000+",Male,white,False
571,Agree,Agree,Agree,Agree,Neutral,Neutral,Neutral,Satisfied,Rent,11-19 years,"Under $50,000",Male,white,False
572,Strongly Agree,Strongly Disagree,Strongly Disagree,Strongly Disagree,Strongly Disagree,Very Dissatisfied,Dissatisfied,Dissatisfied,Own,20+ years,"$150,000-$199,999",Male,other_or_multiracial,False
573,Strongly Agree,Strongly Agree,Strongly Agree,Strongly Agree,Strongly Agree,Satisfied,Satisfied,Satisfied,Own,20+ years,"$150,000-$199,999",Male,white,False
574,Strongly Agree,Strongly Agree,Strongly Agree,Agree,Strongly Agree,Very Satisfied,Very Satisfied,Very Satisfied,Rent,20+ years,"$100,000-$149,999",Male,white,False
575,Strongly Agree,Disagree,Agree,Agree,Agree,Dissatisfied,Neutral,Satisfied,Own,20+ years,,Male,white,False
576,Strongly Agree,Agree,Neutral,Disagree,Neutral,Dissatisfied,Dissatisfied,Dissatisfied,Own,declined,"$200,000+",Male,other_or_multiracial,False
577,Disagree,Disagree,Disagree,Disagree,Neutral,Don't Know,Don't Know,Satisfied,Own,3-5 years,"$50,000-$99,999",Male,white,False
578,Agree,Disagree,Neutral,Neutral,Neutral,Dissatisfied,Dissatisfied,Dissatisfied,Own,20+ years,"$150,000-$199,999",Female,white,False
579,Strongly Agree,Strongly Disagree,Neutral,Strongly Disagree,Neutral,Very Dissatisfied,Neutral,Very Satisfied,Own,20+ years,"$150,000-$199,999",declined,declined,False
580,Disagree,Neutral,Agree,Neutral,Neutral,Don't Know,Neutral,Neutral,Own,0-2 years,"$100,000-$149,999",Female,declined,False
581,Strongly Agree,Agree,Agree,Agree,Agree,Neutral,Neutral,Satisfied,,20+ years,"$50,000-$99,999",Male,white,False
582,Strongly Agree,Agree,Strongly Agree,Strongly Agree,Strongly Agree,Very Satisfied,Very Satisfied,Very Satisfied,Own,11-19 years,"$100,000-$149,999",Male,,False
583,Agree,Agree,Agree,Agree,Strongly Disagree,Satisfied,Satisfied,Satisfied,Own,20+ years,"$150,000-$199,999",Female,white,False
584,Agree,Strongly Disagree,Strongly Disagree,Strongly Disagree,Strongly Disagree,Very Dissatisfied,Very Dissatisfied,Very Dissatisfied,Own,20+ years,,,,True
585,Strongly Agree,Strongly Agree,Strongly Agree,Strongly Agree,Strongly Agree,Satisfied,Neutral,Satisfied,Own,20+ years,"$100,000-$149,999",Female,white,False
586,Strongly Agree,Strongly Disagree,Strongly Disagree,Strongly Disagree,Strongly Disagree,Neutral,Neutral,Very Satisfied,Own,20+ years,"Under $50,000",Male,white,False
587,Strongly Agree,Disagree,Neutral,Neutral,Agree,Dissatisfied,Neutral,Neutral,,,,,,True
588,Agree,Neutral,Disagree,Disagree,Disagree,Very Dissatisfied,Dissatisfied,Dissatisfied,Own,20+ years,"$200,000+",declined,hispanic,False
589,Agree,Disagree,Neutral,Disagree,Disagree,Very Dissatisfied,Dissatisfied,Satisfied,Own,11-19 years,"$50,000-$99,999",Female,white,False
590,Agree,Neutral,Agree,Agree,Agree,Neutral,Neutral,Satisfied,Own,20+ years,"$100,000-$149,999",Male,white,False
591,Agree,Agree,Strongly Agree,Agree,Neutral,Satisfied,Satisfied,Neutral,Own,20+ years,"$150,000-$199,999",Male,white,False
592,Agree,Neutral,Neutral,Neutral,Neutral,Very Dissatisfied,Neutral,Neutral,Rent,20+ years,"$200,000+",Male,white,False
593,Strongly Agree,Disagree,Strongly Agree,Disagree,Strongly Agree,Satisfied,Very Satisfied,Neutral,Own,6-10 years,"$150,000-$199,999",Male,white,False
594,Strongly Agree,Disagree,Disagree,Neutral,Strongly Disagree,Very Dissatisfied,Neutral,Very Dissatisfied,Own,6-10 years,"$200,000+",Female,hispanic,False
595,Strongly Agree,Disagree,Neutral,Disagree,Disagree,Dissatisfied,Dissatisfied,Satisfied,Own,20+ years,"$100,000-$149,999",Female,white,False
596,Neutral,Neutral,Agree,Agree,Neutral,Neutral,Neutral,Satisfied,Own,20+ years,"$150,000-$199,999",Female,white,False
597,Neutral,Neutral,Neutral,Neutral,Neutral,Dissatisfied,Don't Know,Satisfied,Rent,3-5 years,"$150,000-$199,999",Male,other_or_multiracial,False
598,Strongly Agree,Strongly Disagree,Strongly Disagree,Strongly Disagree,Strongly Disagree,Very Dissatisfied,Very Dissatisfied,Very Satisfied,Own,11-19 years,"$100,000-$149,999",Female,declined,False
599,Strongly Agree,Agree,Agree,Agree,Agree,Satisfied,Satisfied,Satisfied,Own,20+ years,"Under $50,000",Non-binary,white,False
600,Strongly Agree,Strongly Agree,Strongly Agree,Agree,Strongly Agree,Satisfied,Satisfied,Satisfied,Own,20+ years,"$150,000-$199,999",Male,white,False
601,Strongly Agree,Agree,Disagree,Strongly Disagree,Disagree,Dissatisfied,Neutral,Very Dissatisfied,Own,20+ years,"$200,000+",declined,declined,False
602,Strongly Agree,Strongly Agree,Strongly Agree,Strongly Agree,Strongly Agree,Satisfied,Satisfied,Very Satisfied,Rent,20+ years,"$150,000-$199,999",Male,white,False
603,Strongly Agree,Strongly Agree,Strongly Agree,Strongly Agree,Agree,Very Satisfied,Very Satisfied,Very Satisfied,Own,11-19 years,"$150,000-$199,999",Male,white,False
604,Agree,Neutral,Agree,Neutral,Neutral,Neutral,Neutral,Satisfied,Own,20+ years,"$200,000+",Male,white,False
605,Agree,Strongly Agree,Agree,Agree,Agree,Neutral,Neutral,Dissatisfied,Rent,20+ years,"$150,000-$199,999",Female,white,False
606,Strongly Agree,Disagree,Disagree,Disagree,Disagree,Very Dissatisfied,Very Dissatisfied,Very Dissatisfied,Own,11-19 years,"$200,000+",declined,declined,False
607,Strongly Agree,Disagree,Strongly Disagree,Strongly Disagree,Strongly Disagree,Very Dissatisfied,Satisfied,Very Dissatisfied,Own,11-19 years,"$200,000+",Male,declined,False
608,Agree,Agree,Neutral,Neutral,Agree,Satisfied,Satisfied,Satisfied,Own,20+ years,"$150,000-$199,999",declined,declined,False
609,Strongly Agree,Agree,Strongly Agree,Agree,Agree,Satisfied,Satisfied,Very Satisfied,Rent,20+ years,"$100,000-$149,999",Male,white,False
610,Strongly Agree,Disagree,Neutral,Neutral,Neutral,Neutral,Satisfied,Satisfied,Own,20+ years,"$150,000-$199,999",Male,white,False
611,Agree,Strongly Disagree,Disagree,Strongly Disagree,Disagree,Very Dissatisfied,Dissatisfied,Satisfied,Own,20+ years,"$200,000+",declined,declined,False
612,Agree,Agree,Agree,Disagree,Disagree,Dissatisfied,Dissatisfied,Neutral,Own,20+ years,,declined,declined,True
613,Strongly Agree,Strongly Disagree,Strongly Disagree,Strongly Disagree,Disagree,Very Dissatisfied,Very Dissatisfied,Very Satisfied,Own,20+ years,"Under $50,000",Male,white,False
614,Strongly Agree,Disagree,Neutral,Neutral,Neutral,Very Dissatisfied,Very Dissatisfied,Dissatisfied,Rent,20+ years,"$150,000-$199,999",Male,white,False
615,Neutral,Neutral,Agree,Agree,Agree,Neutral,Neutral,Neutral,Own,20+ years,"$150,000-$199,999",Female,white,False
616,Agree,Neutral,Strongly Agree,Strongly Agree,Strongly Agree,Dissatisfied,Neutral,Satisfied,Own,20+ years,"$150,000-$199,999",Female,white,False
617,Agree,Disagree,Neutral,Disagree,Agree,Very Dissatisfied,Dissatisfied,Dissatisfied,Own,11-19 years,"$150,000-$199,999",Male,declined,False
618,Strongly Agree,Strongly Agree,Strongly Agree,Strongly Agree,Strongly Agree,Satisfied,Very Satisfied,Very Satisfied,Own,20+ years,"$100,000-$149,999",Male,white,False
619,Strongly Agree,Strongly Disagree,Strongly Disagree,Strongly Disagree,Disagree,Don't Know,Don't Know,Very Dissatisfied,Own,20+ years,"$200,000+",Male,white,False
620,Strongly Agree,Agree,Neutral,Strongly Disagree,Agree,Very Dissatisfied,Very Dissatisfied,Neutral,Own,20+ years,"$200,000+",Male,hispanic,False
621,Agree,Agree,Neutral,Neutral,Neutral,Neutral,Satisfied,Satisfied,Own,20+ years,"$100,000-$149,999",Male,white,False
622,Agree,Neutral,Neutral,Neutral,Agree,Neutral,Neutral,Satisfied,Own,11-19 years,"$100,000-$149,999",Female,white,False
623,Strongly Agree,Disagree,Neutral,Neutral,Disagree,Dissatisfied,Neutral,Satisfied,Own,20+ years,"$200,000+",Male,white,False
624,Strongly Agree,Agree,Strongly Agree,Strongly Agree,Agree,Satisfied,Satisfied,Satisfied,Rent,20+ years,"$100,000-$149,999",Male,white,False
625,Agree,Agree,Agree,Agree,Agree,Neutral,Satisfied,Satisfied,Rent,20+ years,"$150,000-$199,999",Female,white,False
626,Agree,Strongly Disagree,Strongly Disagree,Strongly Disagree,Strongly Disagree,Very Dissatisfied,Very Dissatisfied,Satisfied,Own,11-19 years,"$200,000+",Male,white,False
627,Strongly Agree,Disagree,Strongly Disagree,Strongly Disagree,Neutral,Very Dissatisfied,Dissatisfied,Satisfied,Own,20+ years,"$200,000+",Male,white,False
628,Strongly Agree,Strongly Disagree,Strongly Disagree,Strongly Disagree,Strongly Disagree,Very Dissatisfied,Very Dissatisfied,Very Dissatisfied,Own,20+ years,"$200,000+",Male,white,False
629,Agree,Strongly Disagree,Strongly Disagree,Strongly Disagree,Strongly Disagree,Very Dissatisfied,Very Dissatisfied,Dissatisfied,Own,20+ years,"$100,000-$149,999",Male,white,False
630,Agree,Agree,Agree,Agree,Agree,Satisfied,Satisfied,Satisfied,Own,20+ years,"$200,000+",Male,white,False
631,Strongly Agree,Strongly Agree,Strongly Agree,Strongly Agree,Strongly Agree,Very Satisfied,Satisfied,Very Satisfied,Own,11-19 years,"$200,000+",Male,white,False
632,Strongly Agree,Strongly Disagree,Neutral,Disagree,Disagree,Very Dissatisfied,Neutral,Neutral,Own,11-19 years,,declined,declined,True
633,Agree,Disagree,Neutral,Disagree,Neutral,Dissatisfied,Neutral,Neutral,Own,20+ years,"$200,000+",Male,other_or_multiracial,False
634,Strongly Agree,Agree,Agree,Agree,Agree,Dissatisfied,Satisfied,Satisfied,Own,20+ years,"$100,000-$149,999",Male,white,False
635,Agree,Agree,Neutral,Agree,Agree,Dissatisfied,Neutral,Dissatisfied,Own,20+ years,"$200,000+",Male,white,False
636,Strongly Agree,Disagree,Agree,Agree,Agree,Satisfied,Satisfied,Very Satisfied,Own,11-19 years,"$50,000-$99,999",Male,white,False
637,Neutral,Neutral,Disagree,Disagree,Neutral,Neutral,Neutral,Neutral,Own,11-19 years,"$50,000-$99,999",Female,white,False
638,Agree,Strongly Disagree,Agree,Agree,Disagree,Very Dissatisfied,Dissatisfied,Very Dissatisfied,Own,20+ years,"$150,000-$199,999",Female,,False
639,Strongly Agree,Disagree,Strongly Agree,Strongly Agree,Strongly Agree,Neutral,Satisfied,Satisfied,Own,20+ years,"$200,000+",Female,declined,False
640,Agree,Agree,Agree,Agree,Agree,Satisfied,Satisfied,Satisfied,Own,6-10 years,"$200,000+",Female,hispanic,False
641,Strongly Agree,Agree,Agree,Disagree,Agree,Neutral,Neutral,Satisfied,Own,20+ years,"$200,000+",Male,white,False
642,Strongly Agree,Agree,Disagree,Disagree,Disagree,Very Dissatisfied,Neutral,Dissatisfied,Own,20+ years,"$150,000-$199,999",,white,False
643,Agree,,Agree,Agree,Agree,,,,Rent,20+ years,"$100,000-$149,999",Female,white,False
644,Strongly Agree,Strongly Agree,Agree,Agree,Agree,Satisfied,Satisfied,Very Satisfied,Own,3-5 years,"$200,000+",Male,white,False
645,Strongly Agree,Strongly Agree,Strongly Agree,Strongly Agree,Strongly Agree,Satisfied,Very Satisfied,Very Satisfied,Own,20+ years,"$100,000-$149,999",Male,white,False
646,Strongly Agree,Strongly Agree,Strongly Agree,Neutral,Strongly Agree,Satisfied,Satisfied,Very Satisfied,Own,20+ years,"$100,000-$149,999",declined,,False
647,Agree,Disagree,Neutral,Neutral,Neutral,Dissatisfied,Neutral,Satisfied,Own,3-5 years,,declined,declined,True
648,,,,,,,,,Own,20+ years,"$200,000+",Female,white,False
649,Agree,Strongly Disagree,Strongly Disagree,Strongly Disagree,Strongly Disagree,Dissatisfied,Neutral,Dissatisfied,Own,20+ years,"$100,000-$149,999",Male,other_or_multiracial,False
650,Strongly Agree,Disagree,Disagree,Strongly Disagree,Disagree,Very Dissatisfied,Very Dissatisfied,Dissatisfied,Own,20+ years,"$200,000+",Male,white,False
651,Disagree,Neutral,Agree,Disagree,Disagree,Satisfied,Neutral,Satisfied,Own,11-19 years,,Male,other_or_multiracial,False
652,Strongly Agree,Disagree,Disagree,Strongly Disagree,Strongly Disagree,Very Dissatisfied,Dissatisfied,Very Dissatisfied,Own,20+ years,"$200,000+",declined,declined,False
653,Strongly Agree,Neutral,Neutral,Neutral,Neutral,Satisfied,Satisfied,Satisfied,Own,20+ years,,,white,False
654,Agree,Strongly Disagree,Strongly Disagree,Strongly Disagree,Neutral,Don't Know,Very Dissatisfied,Neutral,Own,20+ years,,Male,white,False
655,Neutral,Neutral,Strongly Agree,Neutral,Agree,Very Satisfied,Neutral,Very Satisfied,Own,6-10 years,"$200,000+",Female,white,False
656,Strongly Agree,Agree,Strongly Agree,Strongly Agree,Strongly Agree,Satisfied,Satisfied,Very Satisfied,Own,6-10 years,"$200,000+",Male,white,False
657,Strongly Agree,Agree,Strongly Agree,Strongly Agree,Strongly Agree,Satisfied,Very Satisfied,Satisfied,Own,11-19 years,"$150,000-$199,999",Female,white,False
658,Strongly Agree,Strongly Disagree,Strongly Disagree,Strongly Disagree,Strongly Disagree,Very Dissatisfied,Very Dissatisfied,Very Dissatisfied,Own,11-19 years,"$50,000-$99,999",Female,other_or_multiracial,False
659,Agree,Agree,Agree,Disagree,Neutral,Dissatisfied,Dissatisfied,Neutral,Own,11-19 years,"$200,000+",Male,white,False
660,Agree,Neutral,Disagree,Disagree,Disagree,Neutral,Neutral,Neutral,Own,11-19 years,"$200,000+",Male,white,False
661,Strongly Agree,Disagree,Agree,Agree,Agree,Neutral,Neutral,Satisfied,Own,11-19 years,,,,True
662,Strongly Agree,Disagree,,,,,,,Own,11-19 years,,,,True
663,Strongly Agree,Strongly Disagree,Disagree,Agree,Strongly Disagree,Very Dissatisfied,Dissatisfied,Very Dissatisfied,Own,20+ years,"$200,000+",Male,white,False
664,Strongly Agree,Strongly Agree,Strongly Agree,Strongly Agree,Strongly Agree,Very Satisfied,Very Satisfied,Very Satisfied,Own,20+ years,"$200,000+",Female,white,False
665,Strongly Agree,Agree,Agree,Neutral,Agree,Neutral,Satisfied,Satisfied,Own,11-19 years,"$200,000+",Male,white,False
666,Agree,Neutral,Neutral,Neutral,Neutral,Neutral,Neutral,Satisfied,Own,20+ years,"$50,000-$99,999",Female,white,False
667,Strongly Agree,Strongly Agree,Agree,Agree,Disagree,Dissatisfied,Dissatisfied,Very Satisfied,Own,11-19 years,,,,True
668,Strongly Agree,Strongly Agree,Strongly Agree,Strongly Agree,Strongly Agree,Satisfied,Don't Know,Satisfied,Own,20+ years,"$200,000+",Male,white,False
669,,,,,,,,,Own,20+ years,,,declined,True
670,Agree,Agree,Disagree,Disagree,Neutral,Very Dissatisfied,Neutral,Neutral,Own,20+ years,"$200,000+",Female,white,False
671,Strongly Agree,Strongly Agree,Strongly Agree,Strongly Agree,Strongly Agree,Satisfied,Satisfied,Very Satisfied,Own,20+ years,,Male,aapi,False
672,Strongly Agree,Agree,Agree,Neutral,Agree,Satisfied,Satisfied,Satisfied,Rent,20+ years,"$50,000-$99,999",Male,aapi,False
673,Strongly Agree,Disagree,Strongly Agree,Agree,Agree,Neutral,Neutral,Satisfied,Own,20+ years,"$200,000+",Male,white,False
674,Strongly Agree,Agree,Neutral,Neutral,Strongly Disagree,Very Dissatisfied,Neutral,Dissatisfied,Own,20+ years,"$150,000-$199,999",Male,declined,False
675,Strongly Agree,Disagree,Agree,Agree,Strongly Agree,Dissatisfied,Very Satisfied,Very Satisfied,Rent,20+ years,"$200,000+",Female,white,False
676,,,,,,,,,,,"$200,000+",Male,,False
677,Agree,Agree,Agree,Disagree,Agree,Satisfied,Satisfied,Satisfied,Own,20+ years,"$150,000-$199,999",Female,white,False
678,Strongly Agree,Strongly Agree,Strongly Agree,Strongly Agree,Strongly Agree,Very Satisfied,Very Satisfied,Very Satisfied,Own,20+ years,"$200,000+",Male,white,False
679,Agree,Agree,Agree,Agree,Agree,Satisfied,Satisfied,Satisfied,Own,20+ years,"$100,000-$149,999",Male,white,False
680,Agree,Neutral,Agree,Agree,Agree,Don't Know,Satisfied,Satisfied,Own,20+ years,"$200,000+",Male,white,False
681,Strongly Agree,Strongly Agree,Strongly Agree,Strongly Agree,Strongly Agree,Very Satisfied,Very Satisfied,Very Satisfied,Own,20+ years,"$150,000-$199,999",Male,,False
682,Agree,Disagree,Strongly Disagree,Strongly Disagree,Neutral,Very Dissatisfied,Very Dissatisfied,Very Dissatisfied,Own,11-19 years,"$150,000-$199,999",Female,hispanic,False
683,Agree,Disagree,Disagree,Disagree,Disagree,Very Dissatisfied,Very Dissatisfied,Neutral,Own,11-19 years,,,,True
684,Agree,Agree,Agree,Agree,Agree,,Neutral,Satisfied,Own,6-10 years,"$200,000+",Female,white,False
685,,,,,,,,,,,"$200,000+",Female,,False
686,,,,,,,,,,,"$200,000+",Female,,False
687,Strongly Agree,Agree,Agree,Agree,Agree,Satisfied,Very Satisfied,Satisfied,,20+ years,"$50,000-$99,999",Female,white,False
688,Strongly Agree,Strongly Disagree,Strongly Disagree,Strongly Disagree,Strongly Disagree,Very Dissatisfied,Don't Know,Dissatisfied,Own,20+ years,"$200,000+",Female,black,False
689,Agree,Agree,Strongly Agree,Agree,Agree,Neutral,Neutral,Satisfied,Rent,6-10 years,"$200,000+",Male,white,False
690,Agree,Neutral,Disagree,Strongly Disagree,Disagree,Very Dissatisfied,Satisfied,Satisfied,Own,20+ years,"$200,000+",Male,hispanic,False
691,Strongly Agree,Strongly Disagree,Neutral,Agree,Agree,Dissatisfied,Neutral,Satisfied,Own,20+ years,"$100,000-$149,999",Non-binary,declined,False
692,Strongly Agree,Strongly Agree,Strongly Agree,Agree,Strongly Agree,Satisfied,Satisfied,Very Satisfied,Own,20+ years,"$200,000+",Male,white,False
693,Neutral,Neutral,Agree,Agree,Agree,Satisfied,Don't Know,Very Satisfied,Own,3-5 years,"$200,000+",Male,hispanic,False
694,Strongly Agree,Strongly Agree,Strongly Agree,Strongly Agree,Strongly Agree,Very Satisfied,Very Satisfied,Very Satisfied,Own,6-10 years,"$100,000-$149,999",Female,white,False
695,Strongly Agree,Disagree,Agree,Neutral,Neutral,Dissatisfied,Neutral,Neutral,Own,3-5 years,"$200,000+",Female,white,False
696,Neutral,Neutral,Neutral,Neutral,Neutral,Don't Know,Don't Know,Don't Know,Rent,11-19 years,"Under $50,000",Female,hispanic,False
697,Agree,Neutral,Agree,Agree,Agree,Satisfied,Don't Know,Very Satisfied,Own,20+ years,,Female,white,False
698,Neutral,Neutral,Neutral,Neutral,Neutral,Neutral,Satisfied,Neutral,Rent,20+ years,"Under $50,000",Female,other_or_multiracial,False
699,Strongly Agree,Disagree,Strongly Disagree,Strongly Disagree,Strongly Disagree,Very Dissatisfied,Very Dissatisfied,Neutral,Own,20+ years,"$200,000+",Male,white,False
700,Strongly Agree,Neutral,Agree,Neutral,Strongly Agree,Don't Know,Satisfied,Very Satisfied,Rent,6-10 years,"$200,000+",Female,white,False
701,Agree,Neutral,Agree,Agree,Agree,Neutral,Neutral,Satisfied,Own,3-5 years,"$200,000+",Female,white,False
702,Neutral,Neutral,Agree,Neutral,Neutral,Very Dissatisfied,Satisfied,Dissatisfied,Own,6-10 years,"$200,000+",Female,white,False
703,Disagree,Neutral,Disagree,Disagree,Disagree,Dissatisfied,Dissatisfied,Very Dissatisfied,Rent,6-10 years,"Under $50,000",declined,declined,False
704,Agree,Agree,Strongly Agree,Strongly Agree,Strongly Agree,Don't Know,Very Satisfied,Very Satisfied,,,,,,True
705,Agree,Agree,Strongly Agree,Agree,Agree,Satisfied,Satisfied,Very Satisfied,Own,20+ years,"$150,000-$199,999",Female,white,False
706,Disagree,Neutral,Agree,Neutral,Agree,Dissatisfied,Dissatisfied,Satisfied,,,"$50,000-$99,999",,,False
707,Strongly Agree,Agree,Agree,Agree,Strongly Agree,Satisfied,Very Satisfied,Very Satisfied,Own,3-5 years,"$100,000-$149,999",Male,white,False
708,Agree,Neutral,Neutral,Strongly Agree,Agree,Satisfied,Satisfied,Very Satisfied,Rent,6-10 years,"Under $50,000",Female,black,False
709,Neutral,Neutral,Agree,Neutral,Neutral,Satisfied,Satisfied,Neutral,,,,,,True
710,Agree,Disagree,Agree,Agree,Agree,Neutral,Neutral,Neutral,Own,3-5 years,"$50,000-$99,999",Male,white,False
711,Agree,Strongly Agree,Strongly Agree,Agree,Agree,Satisfied,Neutral,Very Satisfied,Own,20+ years,"$100,000-$149,999",Female,white,False
712,Strongly Agree,Strongly Agree,Agree,Agree,Agree,Dissatisfied,Dissatisfied,Dissatisfied,Own,11-19 years,"$200,000+",Male,white,False
713,,,,,,,,Very Satisfied,Own,11-19 years,"$150,000-$199,999",Male,hispanic,False
714,Strongly Disagree,Strongly Disagree,Strongly Agree,Agree,Agree,Don't Know,Very Satisfied,Don't Know,Rent,3-5 years,"$150,000-$199,999",Female,aapi,False
715,Strongly Agree,Agree,Agree,Neutral,Agree,Neutral,Neutral,Satisfied,Own,20+ years,"$200,000+",Female,white,False
716,Disagree,Neutral,Strongly Agree,Strongly Agree,Strongly Agree,Don't Know,Don't Know,Neutral,Rent,0-2 years,,,,True
717,Agree,Disagree,Agree,Strongly Disagree,Agree,Very Dissatisfied,Dissatisfied,Dissatisfied,Own,20+ years,"$200,000+",Male,declined,False
718,Agree,Agree,Agree,Neutral,Neutral,Dissatisfied,Dissatisfied,Dissatisfied,Rent,6-10 years,"$200,000+",Male,white,False
719,,,,,,,,,Own,11-19 years,"$200,000+",Female,declined,False
720,Strongly Agree,,,,,,Very Satisfied,Very Satisfied,,,,,,True
721,Strongly Agree,Strongly Agree,Strongly Agree,Strongly Agree,Strongly Agree,Satisfied,Satisfied,Very Satisfied,Own,11-19 years,"$200,000+",Male,white,False
722,Agree,Neutral,Agree,Neutral,Neutral,Satisfied,Neutral,Satisfied,Own,20+ years,"$100,000-$149,999",declined,declined,False
723,,,,,,,,,,,"$200,000+",Female,,False
724,Neutral,Agree,Agree,Agree,Agree,Very Satisfied,Very Satisfied,Satisfied,Rent,6-10 years,"$200,000+",Male,white,False
725,Agree,Neutral,Neutral,Neutral,Neutral,Neutral,Neutral,Satisfied,Rent,3-5 years,"$100,000-$149,999",Male,white,False
726,Agree,Strongly Agree,Neutral,Disagree,Disagree,Satisfied,Neutral,Very Satisfied,Rent,3-5 years,"$100,000-$149,999",Non-binary,declined,False
727,Disagree,Disagree,Disagree,Disagree,Disagree,Very Dissatisfied,Neutral,Very Satisfied,Rent,0-2 years,"Under $50,000",Female,white,False
728,Agree,Agree,Agree,Agree,Agree,Neutral,Satisfied,Very Satisfied,Own,11-19 years,"$200,000+",Male,white,False
729,Agree,Neutral,Neutral,Neutral,Neutral,Dissatisfied,Dissatisfied,Neutral,Rent,11-19 years,,declined,declined,True
730,Disagree,Disagree,Neutral,Neutral,Neutral,Very Dissatisfied,Neutral,Dissatisfied,,20+ years,,,,True
731,Strongly Agree,Agree,Agree,Strongly Agree,Agree,Very Dissatisfied,Neutral,Satisfied,Own,20+ years,,Female,white,False
732,Strongly Agree,Strongly Agree,Strongly Agree,Strongly Agree,Strongly Agree,Very Satisfied,Very Satisfied,Very Satisfied,Own,11-19 years,"$200,000+",Female,white,False
733,Strongly Agree,Strongly Agree,Strongly Agree,Strongly Agree,Strongly Agree,Very Satisfied,Very Satisfied,Very Satisfied,Own,20+ years,"$200,000+",Male,white,False
734,Agree,Agree,Agree,Agree,Agree,Satisfied,Satisfied,Satisfied,Own,3-5 years,"$200,000+",Female,other_or_multiracial,False
735,Strongly Agree,Strongly Disagree,Disagree,Strongly Disagree,Strongly Disagree,Very Dissatisfied,Neutral,Neutral,,20+ years,,Male,white,False
736,Agree,Neutral,Disagree,Disagree,Agree,Don't Know,Neutral,Satisfied,,20+ years,"$150,000-$199,999",Female,white,False
737,Neutral,Neutral,Neutral,Neutral,Neutral,Neutral,Neutral,Satisfied,Rent,20+ years,"Under $50,000",Male,hispanic,False
738,Agree,Agree,Neutral,Neutral,Agree,Neutral,Neutral,Dissatisfied,Rent,20+ years,,Male,white,False
739,Agree,Disagree,Disagree,Strongly Disagree,Strongly Disagree,Very Dissatisfied,Dissatisfied,Neutral,Own,11-19 years,"$150,000-$199,999",Male,hispanic,False
740,Strongly Agree,Strongly Disagree,Strongly Disagree,Strongly Disagree,Disagree,Very Dissatisfied,Very Dissatisfied,Dissatisfied,Own,20+ years,,,declined,True
741,Agree,Neutral,Agree,Agree,Agree,Dissatisfied,Dissatisfied,Very Satisfied,Rent,0-2 years,"$150,000-$199,999",Female,black,False
742,,Strongly Agree,Strongly Agree,Agree,Agree,Neutral,Very Satisfied,Satisfied,Rent,20+ years,"$200,000+",Female,white,False
743,,,,,,,,,Own,20+ years,"$200,000+",Female,white,False
744,Neutral,Agree,Agree,Neutral,Neutral,Don't Know,Neutral,Satisfied,Own,,"$200,000+",Female,white,False
745,Agree,Neutral,Neutral,Strongly Disagree,Neutral,Neutral,Neutral,Neutral,Own,3-5 years,"$200,000+",Female,white,False
746,Agree,Disagree,Agree,Agree,Neutral,Dissatisfied,Neutral,Satisfied,Own,20+ years,"$50,000-$99,999",Female,white,False
747,Disagree,Neutral,Agree,Agree,Agree,Satisfied,Very Satisfied,Satisfied,Own,20+ years,"$200,000+",Male,white,False
748,Agree,Agree,Agree,Agree,Agree,Satisfied,Satisfied,Satisfied,Own,20+ years,"$200,000+",Male,declined,False
749,Strongly Agree,Agree,Agree,Neutral,Neutral,Satisfied,Very Satisfied,Very Satisfied,Own,20+ years,"$200,000+",Female,white,False
750,Strongly Agree,Agree,Agree,Agree,Agree,,,,Own,20+ years,"$150,000-$199,999",Female,hispanic,False
751,Disagree,Neutral,Agree,Agree,Agree,Don't Know,Neutral,Neutral,Own,0-2 years,"$200,000+",Female,white,False
752,Agree,Agree,Agree,Neutral,Neutral,Dissatisfied,Neutral,Dissatisfied,Own,6-10 years,"$100,000-$149,999",Male,white,False
753,Strongly Agree,Neutral,Neutral,Disagree,Disagree,Very Dissatisfied,Satisfied,Satisfied,,,,,,True
754,Agree,Agree,Agree,Neutral,Neutral,Neutral,Dissatisfied,Satisfied,Rent,11-19 years,,Male,hispanic,False
755,Neutral,Neutral,Neutral,Neutral,Neutral,Dissatisfied,Dissatisfied,Dissatisfied,Own,20+ years,"$150,000-$199,999",Female,white,False
756,Agree,Disagree,Disagree,Disagree,Disagree,Very Dissatisfied,Don't Know,Satisfied,Own,11-19 years,"$200,000+",Female,white,False
757,Agree,Disagree,Neutral,Disagree,Disagree,Very Dissatisfied,Very Dissatisfied,Dissatisfied,Own,20+ years,"$200,000+",Male,white,False
758,Agree,Strongly Disagree,Disagree,Strongly Disagree,Disagree,Very Dissatisfied,Very Dissatisfied,Very Dissatisfied,Own,20+ years,"$200,000+",Male,white,False
759,,,,,,,,,Rent,3-5 years,"$50,000-$99,999",Female,hispanic,False
760,Strongly Agree,Agree,Neutral,Agree,Disagree,Dissatisfied,Very Dissatisfied,Dissatisfied,,,,,,True
761,Agree,Agree,Agree,Neutral,Disagree,Very Satisfied,Very Satisfied,Very Satisfied,Rent,3-5 years,"$150,000-$199,999",Male,declined,False
762,Strongly Agree,Neutral,Disagree,Disagree,Disagree,Dissatisfied,Neutral,Neutral,Own,20+ years,,,,True
763,Agree,Disagree,Neutral,Neutral,Neutral,Neutral,Neutral,Satisfied,Rent,11-19 years,,Female,declined,False
764,,,,,,,,,Own,20+ years,"Under $50,000",Male,declined,False
765,Neutral,Neutral,Neutral,Neutral,Agree,Don't Know,Don't Know,Satisfied,Rent,20+ years,,,white,False
766,,,,,,,,,,,"$200,000+",Male,,False
767,Agree,Neutral,Neutral,Agree,Agree,Dissatisfied,Don't Know,Neutral,Own,,,Female,white,False
768,Agree,Neutral,Agree,Neutral,Agree,Neutral,Satisfied,Satisfied,Own,20+ years,"$100,000-$149,999",Female,white,False
769,Agree,Agree,Agree,Agree,Agree,Satisfied,Satisfied,Satisfied,Own,20+ years,"$100,000-$149,999",Male,white,False
770,Agree,Agree,Agree,Agree,Neutral,Neutral,Neutral,Neutral,Own,11-19 years,"$50,000-$99,999",Female,white,False
771,Strongly Disagree,Agree,Agree,Agree,Agree,Very Satisfied,Very Satisfied,Satisfied,Own,6-10 years,"$100,000-$149,999",Female,white,False
772,Neutral,Disagree,Disagree,Disagree,Strongly Disagree,Dissatisfied,Very Dissatisfied,Dissatisfied,Own,11-19 years,"$200,000+",Male,white,False
773,Strongly Agree,Agree,Strongly Agree,Strongly Agree,Strongly Agree,Satisfied,Very Satisfied,Very Satisfied,Own,20+ years,"$200,000+",Female,white,False
774,Agree,Neutral,Disagree,Disagree,Disagree,Neutral,Neutral,Neutral,Rent,6-10 years,"$200,000+",Male,white,False
775,Agree,Agree,Agree,Neutral,Agree,Neutral,Satisfied,Satisfied,Rent,0-2 years,"$100,000-$149,999",Female,white,False
776,Agree,Agree,Agree,Neutral,Disagree,Neutral,Dissatisfied,Satisfied,Own,20+ years,"$150,000-$199,999",Male,white,False
777,Strongly Agree,Strongly Agree,Strongly Agree,Strongly Agree,Strongly Agree,Satisfied,Very Satisfied,Very Satisfied,Own,20+ years,"$200,000+",Female,white,False
778,Strongly Agree,Strongly Agree,Strongly Agree,Strongly Agree,Strongly Agree,Very Satisfied,Very Satisfied,Satisfied,Own,20+ years,"$100,000-$149,999",Female,white,False
779,Strongly Agree,Strongly Agree,Strongly Agree,Strongly Agree,Strongly Agree,Very Satisfied,Very Satisfied,Very Satisfied,Own,20+ years,"$200,000+",Male,declined,False
780,Agree,Agree,Agree,Agree,Agree,Very Dissatisfied,Neutral,Satisfied,Own,20+ years,,declined,declined,True
781,Agree,Strongly Disagree,Strongly Disagree,Strongly Disagree,Strongly Disagree,Very Dissatisfied,Very Dissatisfied,Very Dissatisfied,Own,6-10 years,"$200,000+",declined,declined,False
782,Agree,Agree,Neutral,Disagree,Disagree,Dissatisfied,Neutral,Neutral,Own,20+ years,"Under $50,000",Male,white,False
783,,,,,,,,Satisfied,Own,20+ years,"$100,000-$149,999",Female,white,False
784,Agree,Neutral,Neutral,Disagree,Neutral,Very Dissatisfied,Dissatisfied,Neutral,Own,20+ years,"$50,000-$99,999",Female,white,False
785,Agree,Disagree,Agree,Agree,Agree,Neutral,Satisfied,Satisfied,Own,20+ years,"$100,000-$149,999",Male,white,False
786,Disagree,Neutral,Agree,Neutral,Neutral,Dissatisfied,Neutral,Neutral,Own,20+ years,"$150,000-$199,999",Female,white,False
787,Agree,Neutral,Neutral,Neutral,Disagree,Very Dissatisfied,Dissatisfied,Satisfied,Own,11-19 years,,,white,False
788,Agree,Agree,Agree,Agree,Agree,Satisfied,Satisfied,Satisfied,Own,20+ years,"$100,000-$149,999",Male,white,False
789,Strongly Agree,Agree,Agree,Neutral,Neutral,Dissatisfied,Neutral,Satisfied,Own,20+ years,,declined,declined,True
790,Strongly Disagree,Neutral,Strongly Agree,Neutral,Neutral,Don't Know,Don't Know,Very Satisfied,Rent,3-5 years,"$150,000-$199,999",declined,aapi,False
791,,,,,,,,,Own,20+ years,,,,True
792,Strongly Agree,Agree,Strongly Agree,Agree,Agree,Dissatisfied,Satisfied,Neutral,Rent,0-2 years,"$100,000-$149,999",Male,black,False
793,,,,,,,,Very Satisfied,,,,,,True
794,Disagree,Neutral,Disagree,Strongly Disagree,Strongly Disagree,Dissatisfied,Dissatisfied,Satisfied,Rent,6-10 years,"$100,000-$149,999",Male,white,False
795,Strongly Agree,Disagree,Strongly Agree,Agree,Strongly Agree,Satisfied,Satisfied,Satisfied,Own,20+ years,"$150,000-$199,999",Male,white,False
796,Strongly Agree,Strongly Agree,Strongly Agree,Strongly Agree,Agree,Neutral,Very Satisfied,Very Dissatisfied,Rent,20+ years,"Under $50,000",Male,white,False
797,Disagree,Neutral,Neutral,Agree,Agree,Satisfied,Neutral,Neutral,Rent,0-2 years,"Under $50,000",Male,black,False
798,Strongly Agree,Strongly Agree,Agree,Agree,Agree,Satisfied,Very Satisfied,Satisfied,Rent,0-2 years,"Under $50,000",Female,white,False
799,,,,,,,,Satisfied,,,,declined,,True
800,Neutral,Neutral,Agree,Agree,Agree,Don't Know,Neutral,Satisfied,Rent,11-19 years,,Female,white,False
801,Strongly Agree,Strongly Agree,Strongly Disagree,Strongly Agree,Strongly Agree,Satisfied,Very Satisfied,Satisfied,Own,20+ years,"$150,000-$199,999",Male,white,False
802,Neutral,Neutral,Neutral,Neutral,Neutral,Neutral,Satisfied,Dissatisfied,Rent,0-2 years,"$150,000-$199,999",Female,other_or_multiracial,False
803,Strongly Agree,Strongly Agree,Agree,Agree,Agree,Neutral,Satisfied,Satisfied,Own,20+ years,,Male,white,False
804,,,,,,,,,,,,Male,,False
805,Strongly Agree,Disagree,Neutral,Disagree,Disagree,Dissatisfied,Dissatisfied,Dissatisfied,Own,20+ years,,Female,hispanic,False
806,Agree,Agree,Disagree,Disagree,Agree,Dissatisfied,Satisfied,Satisfied,Own,11-19 years,"$200,000+",Female,white,False
807,Strongly Agree,Neutral,Agree,Agree,Agree,Neutral,Neutral,Satisfied,Rent,20+ years,"$50,000-$99,999",Female,black,False
808,,,,,,,,,,,,Male,,False
809,,,,,,,,Very Satisfied,,,,,,True
810,,,,,,,,Satisfied,,,,,,True
811,Agree,Neutral,Strongly Agree,Agree,Agree,Neutral,Satisfied,Satisfied,Rent,3-5 years,"$150,000-$199,999",Female,white,False
812,Agree,Disagree,Agree,Agree,Agree,Satisfied,Very Satisfied,Satisfied,Rent,20+ years,"Under $50,000",Male,black,False
813,Disagree,Neutral,Strongly Agree,Neutral,Neutral,Satisfied,Satisfied,Neutral,Rent,3-5 years,"$50,000-$99,999",Female,white,False
814,Agree,Agree,Agree,Strongly Agree,Agree,Neutral,Satisfied,Satisfied,Rent,3-5 years,"Under $50,000",Male,black,False
815,Strongly Agree,Agree,Strongly Agree,Agree,Strongly Agree,Very Satisfied,Very Satisfied,Very Satisfied,Own,20+ years,"$100,000-$149,999",Male,white,False
816,Strongly Agree,Agree,Neutral,Neutral,Disagree,Dissatisfied,Neutral,Neutral,Own,20+ years,,Female,declined,False
817,Agree,Neutral,Agree,Neutral,Agree,Neutral,Neutral,Satisfied,Own,20+ years,,Female,white,False
818,Disagree,Disagree,Agree,Disagree,Neutral,Dissatisfied,,Dissatisfied,Rent,3-5 years,"$100,000-$149,999",Male,white,False
819,Agree,Neutral,Disagree,Neutral,Agree,Very Dissatisfied,Very Dissatisfied,Very Dissatisfied,Rent,20+ years,"$100,000-$149,999",Non-binary,black,False
820,Strongly Agree,Disagree,Agree,Agree,Neutral,Satisfied,Very Satisfied,Very Satisfied,Own,11-19 years,"$50,000-$99,999",Female,white,False
821,Agree,Neutral,Agree,Agree,Agree,Neutral,Satisfied,Satisfied,Rent,20+ years,"$150,000-$199,999",Female,hispanic,False
822,Agree,Agree,Agree,Agree,Agree,Satisfied,Satisfied,Satisfied,Own,20+ years,"$50,000-$99,999",Female,white,False
823,Strongly Agree,Agree,Agree,Agree,Agree,Very Satisfied,Very Satisfied,Very Satisfied,Own,20+ years,"$200,000+",Male,white,False
824,Agree,Agree,Strongly Agree,Agree,Agree,Neutral,Very Satisfied,Very Satisfied,Rent,6-10 years,"$200,000+",Female,white,False
825,Strongly Agree,Neutral,Disagree,Disagree,Agree,Dissatisfied,Satisfied,Dissatisfied,Own,20+ years,"$200,000+",Female,white,False
826,Disagree,Neutral,Neutral,Neutral,Neutral,Dissatisfied,Dissatisfied,Don't Know,Rent,3-5 years,"$100,000-$149,999",Female,white,False
827,Neutral,Neutral,Agree,Agree,Agree,Don't Know,Satisfied,Satisfied,Rent,11-19 years,"$150,000-$199,999",Female,white,False
828,Strongly Agree,Agree,Strongly Agree,Strongly Agree,Strongly Agree,Satisfied,Satisfied,Satisfied,Rent,11-19 years,"Under $50,000",Female,white,False
829,Agree,Agree,Agree,Agree,Agree,Neutral,Very Satisfied,Neutral,Own,20+ years,,declined,declined,True
830,Strongly Agree,Disagree,Strongly Agree,Strongly Agree,Strongly Agree,Very Satisfied,Very Satisfied,Very Satisfied,Rent,11-19 years,"$200,000+",Female,hispanic,False
831,,,,,,,,,Own,6-10 years,"$200,000+",Female,white,False
832,,,,,,,,,Own,20+ years,"$200,000+",Female,black,False
833,Neutral,Neutral,Strongly Agree,Agree,Agree,Don't Know,Don't Know,Very Satisfied,Rent,3-5 years,,Male,white,False
834,Agree,Agree,Agree,Agree,Agree,Satisfied,Satisfied,Satisfied,Own,20+ years,"$150,000-$199,999",Female,white,False
835,Agree,Agree,Agree,Agree,Agree,Satisfied,Satisfied,Very Satisfied,Own,20+ years,"$50,000-$99,999",Female,white,False
836,Strongly Agree,Strongly Agree,Strongly Agree,Strongly Agree,Strongly Agree,Satisfied,Satisfied,Very Satisfied,Own,20+ years,"$100,000-$149,999",Female,white,False
837,Agree,Agree,Agree,Agree,Agree,Neutral,Neutral,Neutral,Own,20+ years,,Female,,False
838,Disagree,Neutral,Agree,Agree,Neutral,Neutral,Satisfied,Satisfied,Rent,0-2 years,"$150,000-$199,999",Female,white,False
839,Agree,Agree,Neutral,Neutral,Neutral,Dissatisfied,Neutral,Neutral,Own,20+ years,"$50,000-$99,999",Female,white,False
840,Neutral,Neutral,Strongly Agree,Agree,Agree,Very Satisfied,Very Satisfied,Very Satisfied,Rent,0-2 years,"$100,000-$149,999",Female,white,False
841,Strongly Agree,Strongly Agree,Strongly Agree,Strongly Agree,Strongly Agree,Satisfied,Very Satisfied,Satisfied,Rent,6-10 years,"$150,000-$199,999",Female,white,False
842,Strongly Agree,Neutral,Agree,Disagree,Agree,Dissatisfied,Neutral,Neutral,Own,20+ years,"$200,000+",Male,white,False
843,Neutral,Neutral,Agree,Neutral,Neutral,Don't Know,Very Satisfied,,Rent,0-2 years,"Under $50,000",Non-binary,white,False
844,Strongly Agree,Strongly Disagree,Neutral,Strongly Disagree,Strongly Disagree,Very Dissatisfied,Neutral,Satisfied,Own,20+ years,"$50,000-$99,999",Male,white,False
845,Strongly Disagree,Neutral,Neutral,Neutral,Neutral,Don't Know,Don't Know,Satisfied,Rent,3-5 years,"$200,000+",Female,hispanic,False
846,Strongly Agree,Strongly Agree,Strongly Agree,Strongly Agree,Strongly Agree,Very Satisfied,Very Satisfied,Very Satisfied,Rent,3-5 years,"$150,000-$199,999",Female,other_or_multiracial,False
847,Neutral,Neutral,Agree,Agree,Agree,Neutral,Neutral,Satisfied,Own,3-5 years,"$100,000-$149,999",Female,white,False
848,Disagree,Neutral,Neutral,Neutral,Neutral,Neutral,Neutral,Satisfied,Own,20+ years,"$200,000+",Female,,False
849,Strongly Agree,Disagree,Agree,Agree,Agree,Neutral,Satisfied,Satisfied,Own,20+ years,,declined,white,False
850,Neutral,Neutral,Neutral,Neutral,Neutral,Neutral,Satisfied,Satisfied,Own,20+ years,"$100,000-$149,999",Female,aapi,False
851,Agree,Strongly Disagree,Strongly Disagree,Strongly Disagree,Strongly Disagree,Very Dissatisfied,Very Dissatisfied,Satisfied,Own,20+ years,,Female,declined,False
852,Agree,Neutral,Agree,Agree,Neutral,Satisfied,Very Satisfied,Satisfied,Own,20+ years,,Female,white,False
853,Strongly Agree,Strongly Agree,Agree,Neutral,Agree,Satisfied,Satisfied,Satisfied,Own,20+ years,,,,True
854,Strongly Agree,Strongly Agree,Disagree,Neutral,Agree,Dissatisfied,Very Satisfied,Very Satisfied,Own,11-19 years,"$150,000-$199,999",Female,white,False
855,Strongly Agree,Agree,Agree,Agree,Agree,Neutral,Very Satisfied,Neutral,Own,20+ years,"$200,000+",Female,white,False
856,Neutral,Neutral,Neutral,Neutral,Neutral,Neutral,Neutral,Neutral,,,,,,True
857,Strongly Agree,Neutral,Agree,Agree,Strongly Agree,Satisfied,Very Satisfied,Satisfied,Own,20+ years,"$150,000-$199,999",Female,white,False
858,Strongly Agree,Strongly Agree,Strongly Agree,Strongly Agree,Strongly Agree,Satisfied,Very Satisfied,Very Satisfied,Own,20+ years,"$100,000-$149,999",Female,white,False
859,Agree,Agree,Agree,Agree,Agree,Satisfied,Satisfied,Very Satisfied,Rent,6-10 years,"$100,000-$149,999",Female,white,False
860,Strongly Agree,Strongly Agree,Strongly Agree,Agree,Agree,Satisfied,Satisfied,Very Satisfied,Own,20+ years,"$200,000+",declined,declined,False
861,Strongly Agree,Agree,Strongly Agree,Strongly Agree,Strongly Agree,Satisfied,Satisfied,Very Satisfied,Own,6-10 years,"$150,000-$199,999",Male,white,False
862,Neutral,Neutral,Agree,Agree,Agree,Don't Know,Don't Know,Satisfied,Own,6-10 years,"$200,000+",Male,aapi,False
863,Strongly Agree,Agree,Agree,Agree,Agree,Neutral,Satisfied,Satisfied,Own,11-19 years,"$200,000+",Female,aapi,False
864,Disagree,Neutral,Agree,Strongly Disagree,Neutral,Dissatisfied,Neutral,Neutral,Own,20+ years,"$200,000+",Female,white,False
865,Disagree,,Agree,Neutral,Neutral,Dissatisfied,Neutral,Neutral,Own,3-5 years,"$200,000+",Male,declined,False
866,Strongly Agree,Agree,Agree,Neutral,Agree,Dissatisfied,Dissatisfied,Neutral,Own,20+ years,"$200,000+",Female,white,False
867,Agree,Strongly Agree,Strongly Agree,Strongly Agree,Strongly Agree,Very Satisfied,Very Satisfied,Very Satisfied,,,,Male,,False
868,Neutral,Neutral,Agree,Neutral,Neutral,Neutral,Neutral,Neutral,Rent,3-5 years,"$150,000-$199,999",Female,white,False
869,Agree,Disagree,Neutral,Disagree,Disagree,Dissatisfied,Neutral,Dissatisfied,Own,3-5 years,,declined,other_or_multiracial,False
870,Strongly Agree,Strongly Agree,Strongly Agree,Strongly Agree,Strongly Agree,Very Satisfied,Very Satisfied,Very Satisfied,Own,20+ years,"$200,000+",Male,declined,False
871,Neutral,Agree,Agree,Agree,Agree,Satisfied,Satisfied,Satisfied,Rent,0-2 years,"$50,000-$99,999",Male,white,False
872,Agree,Agree,Agree,Agree,Agree,Don't Know,Don't Know,Satisfied,Own,20+ years,"$200,000+",Male,white,False
873,Strongly Disagree,Strongly Disagree,Strongly Agree,Strongly Agree,Strongly Agree,Very Satisfied,Very Satisfied,Very Satisfied,Rent,declined,"Under $50,000",Male,declined,False
874,Disagree,Neutral,Strongly Agree,Strongly Agree,Strongly Agree,Very Satisfied,Very Satisfied,Very Satisfied,Own,3-5 years,"$200,000+",Male,aapi,False
875,Neutral,Neutral,Neutral,Neutral,Neutral,Satisfied,Dissatisfied,Satisfied,Own,3-5 years,"$200,000+",Female,white,False
876,Agree,Agree,Strongly Agree,Strongly Agree,Strongly Agree,Very Satisfied,Very Satisfied,Very Satisfied,Rent,0-2 years,"$150,000-$199,999",Male,white,False
877,Strongly Agree,Disagree,Disagree,Disagree,Disagree,Dissatisfied,Neutral,Neutral,Own,20+ years,"$200,000+",Male,white,False
878,Agree,Agree,Agree,Agree,Agree,Neutral,Neutral,Satisfied,Own,20+ years,,Male,aapi,False
879,Agree,Neutral,Agree,Neutral,Agree,Don't Know,Don't Know,Neutral,Own,20+ years,,Male,white,False
880,Agree,Agree,Strongly Agree,Agree,Agree,Neutral,Neutral,,Rent,20+ years,"$50,000-$99,999",Male,black,False
881,Neutral,Neutral,Agree,Agree,Neutral,Neutral,Neutral,Satisfied,Own,6-10 years,"$150,000-$199,999",Female,white,False
882,Neutral,Neutral,Agree,Agree,Neutral,Dissatisfied,Satisfied,Satisfied,Own,11-19 years,,declined,white,False
883,Agree,Agree,Strongly Agree,Agree,Agree,Neutral,Don't Know,Satisfied,Own,20+ years,"$200,000+",Female,white,False
884,Agree,Agree,Agree,Neutral,Agree,Dissatisfied,Satisfied,Satisfied,Own,20+ years,"$50,000-$99,999",Female,white,False
885,Strongly Disagree,Neutral,Agree,Neutral,Neutral,Neutral,Dissatisfied,Dissatisfied,Rent,0-2 years,"Under $50,000",Male,,False
886,Strongly Agree,Disagree,Neutral,Disagree,Disagree,Dissatisfied,Dissatisfied,Dissatisfied,Own,20+ years,"$150,000-$199,999",Female,white,False
887,Neutral,Disagree,Neutral,Neutral,Neutral,Very Dissatisfied,Very Dissatisfied,Satisfied,,6-10 years,,Female,black,False
888,Disagree,Neutral,Agree,Agree,Agree,Neutral,Neutral,Satisfied,Rent,3-5 years,"$200,000+",Male,white,False
889,Strongly Agree,Disagree,Agree,Agree,Agree,Satisfied,Satisfied,Dissatisfied,Own,20+ years,"$50,000-$99,999",Female,white,False
890,Neutral,Agree,Agree,Agree,Agree,Don't Know,Satisfied,Satisfied,Own,20+ years,"$50,000-$99,999",Male,hispanic,False
891,Agree,Agree,Agree,Agree,Agree,Satisfied,Satisfied,Very Satisfied,Own,6-10 years,,,,True
892,,,,,,,,Satisfied,Own,6-10 years,"$200,000+",Female,,False
893,Agree,Agree,Agree,Agree,Agree,,,Very Satisfied,Own,20+ years,"$200,000+",Male,white,False
894,Agree,Strongly Disagree,Strongly Disagree,Strongly Disagree,Strongly Disagree,Very Dissatisfied,Very Dissatisfied,Very Dissatisfied,Own,,,Female,black,False
895,Neutral,Agree,Agree,Neutral,Agree,Neutral,Satisfied,Very Satisfied,Own,20+ years,"$200,000+",Female,white,False
896,Neutral,Agree,Agree,Strongly Agree,Strongly Agree,Very Satisfied,Satisfied,Satisfied,,,,,,True
897,Neutral,Neutral,Disagree,Disagree,Disagree,Dissatisfied,Satisfied,Satisfied,Rent,20+ years,"Under $50,000",Male,black,False
898,,,,,,,,,,,"Under $50,000",Female,,False
899,Neutral,Neutral,Agree,Neutral,Neutral,Neutral,Satisfied,Satisfied,Rent,11-19 years,,Female,aapi,False
900,Disagree,Neutral,Neutral,Neutral,Neutral,Neutral,,Neutral,Rent,11-19 years,"$50,000-$99,999",Male,aapi,False
901,Strongly Agree,Neutral,Neutral,Neutral,Strongly Agree,Dissatisfied,Neutral,Dissatisfied,Rent,20+ years,"Under $50,000",Male,other_or_multiracial,False
902,Agree,Neutral,Agree,Neutral,Neutral,Dissatisfied,Neutral,Neutral,Own,6-10 years,"$200,000+",Male,white,False
903,Agree,Strongly Agree,Strongly Agree,Agree,Agree,Satisfied,Very Satisfied,Satisfied,Own,3-5 years,"$200,000+",Female,white,False
904,Neutral,Neutral,Neutral,Neutral,Neutral,Neutral,Neutral,Satisfied,Own,20+ years,"$50,000-$99,999",Female,hispanic,False
905,Neutral,Neutral,Agree,Neutral,,Don't Know,Neutral,Satisfied,Rent,0-2 years,"$150,000-$199,999",declined,declined,False
906,Neutral,Neutral,Neutral,Neutral,Neutral,Dissatisfied,Neutral,Satisfied,Own,20+ years,"$50,000-$99,999",Female,black,False
907,Strongly Agree,Strongly Disagree,Disagree,Strongly Disagree,Neutral,Very Dissatisfied,Dissatisfied,Satisfied,Own,20+ years,,,,True
908,Disagree,Neutral,Agree,Neutral,Agree,Don't Know,Satisfied,Neutral,Own,3-5 years,"$200,000+",Male,white,False
909,Neutral,Neutral,Agree,Agree,Agree,Neutral,Very Satisfied,Very Satisfied,Own,0-2 years,"$150,000-$199,999",Female,white,False
910,Disagree,Neutral,Neutral,Neutral,Neutral,Satisfied,Satisfied,Satisfied,Rent,6-10 years,"Under $50,000",Male,aapi,False
911,Agree,Agree,Strongly Agree,Strongly Agree,Strongly Agree,Satisfied,Very Satisfied,Very Satisfied,Own,6-10 years,"$200,000+",Male,hispanic,False
912,Agree,Agree,Strongly Agree,Neutral,Agree,Very Satisfied,Very Satisfied,Very Satisfied,Rent,3-5 years,"$50,000-$99,999",Female,aapi,False
913,Agree,Agree,Agree,Agree,Agree,Satisfied,Satisfied,Very Satisfied,Own,3-5 years,"$200,000+",Female,white,False
914,Neutral,Neutral,Agree,Neutral,Agree,Satisfied,Neutral,Satisfied,Rent,11-19 years,"$100,000-$149,999",Male,hispanic,False
915,Neutral,Neutral,Strongly Agree,Strongly Agree,Strongly Agree,Neutral,Very Satisfied,Neutral,Own,3-5 years,"$200,000+",Female,white,False
916,Agree,Agree,Agree,Agree,Agree,Satisfied,Satisfied,Satisfied,,,,,,True
917,Disagree,Neutral,Neutral,Neutral,Neutral,Neutral,Neutral,Neutral,,,,,,True
918,Neutral,Neutral,Neutral,Neutral,Neutral,Neutral,Neutral,Neutral,Own,0-2 years,"$200,000+",Male,declined,False
919,Strongly Agree,Strongly Agree,Strongly Agree,,Strongly Agree,Very Satisfied,Very Satisfied,Satisfied,,,,,,True
920,Strongly Agree,Neutral,Agree,Neutral,Disagree,Satisfied,Satisfied,Neutral,,,,,,True
921,Disagree,Neutral,Agree,Agree,Agree,Very Satisfied,Very Satisfied,Very Satisfied,,,,,,True
922,Strongly Agree,Neutral,Disagree,Strongly Disagree,Neutral,Satisfied,Satisfied,Very Satisfied,Rent,6-10 years,"$200,000+",Male,declined,False
923,Strongly Disagree,Neutral,Strongly Agree,Strongly Agree,Strongly Agree,Very Satisfied,Very Satisfied,Very Satisfied,Rent,0-2 years,"$50,000-$99,999",Female,declined,False
924,Neutral,Neutral,Agree,Agree,Agree,Neutral,Satisfied,Satisfied,Rent,0-2 years,,declined,declined,True
925,Agree,Neutral,Agree,Strongly Agree,Strongly Agree,Neutral,Satisfied,Satisfied,Own,20+ years,"$100,000-$149,999",Female,aapi,False
926,,,,,,,,,,,"$150,000-$199,999",Female,,False
927,,,,,,,,,,,"$100,000-$149,999",Female,,False
928,Strongly Agree,Strongly Disagree,Strongly Disagree,Strongly Disagree,Strongly Disagree,Very Dissatisfied,Very Dissatisfied,Very Dissatisfied,,,,,,True
929,Agree,Agree,Neutral,Neutral,Agree,Neutral,Satisfied,Satisfied,Rent,3-5 years,"$100,000-$149,999",Female,white,False
930,Neutral,Neutral,Agree,Neutral,Agree,Don't Know,Very Satisfied,Don't Know,Rent,3-5 years,"$100,000-$149,999",Non-binary,white,False
931,,,,,,,,,,,"$50,000-$99,999",Female,,False
932,Strongly Disagree,Neutral,Neutral,Neutral,Neutral,Don't Know,Don't Know,Very Satisfied,Rent,6-10 years,"$50,000-$99,999",Male,black,False
933,Disagree,Neutral,Agree,Neutral,Neutral,Don't Know,Satisfied,Don't Know,Rent,0-2 years,"$200,000+",Female,white,False
934,Strongly Disagree,Neutral,Agree,Neutral,Neutral,Don't Know,Don't Know,Neutral,Rent,3-5 years,"$200,000+",Female,declined,False
935,Agree,Agree,Strongly Agree,Strongly Agree,Strongly Agree,Satisfied,Satisfied,Satisfied,Rent,6-10 years,"$200,000+",Male,white,False
936,Agree,Agree,Agree,Agree,Agree,Satisfied,Satisfied,Satisfied,,,,,,True
937,Strongly Agree,Neutral,Strongly Agree,Strongly Agree,Strongly Agree,Satisfied,Satisfied,Neutral,Own,20+ years,"$200,000+",Female,white,False
938,Agree,Agree,Agree,Agree,Agree,Neutral,Satisfied,Satisfied,Own,11-19 years,"$200,000+",Male,other_or_multiracial,False
939,,,,,,Don't Know,Don't Know,Neutral,,,"$200,000+",Male,,False
940,Strongly Agree,Strongly Agree,Agree,Disagree,Agree,Dissatisfied,Dissatisfied,Satisfied,,,,,,True
941,Agree,Neutral,Agree,Agree,Agree,Satisfied,Very Dissatisfied,Satisfied,Rent,6-10 years,"$100,000-$149,999",Female,white,False
942,Disagree,Neutral,Agree,Neutral,Neutral,Satisfied,Don't Know,Neutral,Own,6-10 years,"$200,000+",Female,white,False
943,Strongly Agree,Neutral,Agree,Agree,Agree,Satisfied,Satisfied,Satisfied,Rent,0-2 years,"$100,000-$149,999",,white,False
944,Strongly Agree,Disagree,Disagree,Disagree,Strongly Disagree,Very Dissatisfied,Dissatisfied,Very Dissatisfied,Own,20+ years,"$150,000-$199,999",,hispanic,False
945,Strongly Disagree,Neutral,Strongly Agree,Neutral,Neutral,Don't Know,Satisfied,Satisfied,Rent,0-2 years,"$200,000+",Female,aapi,False
946,Strongly Agree,Strongly Agree,Strongly Agree,Strongly Agree,Strongly Agree,Very Satisfied,Very Satisfied,Very Satisfied,Own,20+ years,"$200,000+",declined,declined,False
947,Agree,Neutral,Agree,Neutral,Neutral,Satisfied,Neutral,Satisfied,Rent,3-5 years,"$50,000-$99,999",Female,other_or_multiracial,False
948,Neutral,Neutral,Neutral,Neutral,Neutral,Neutral,Neutral,Neutral,Own,11-19 years,"$150,000-$199,999",Female,aapi,False
949,Agree,Strongly Disagree,Agree,Agree,Strongly Agree,Neutral,Satisfied,Satisfied,Rent,6-10 years,"$150,000-$199,999",Male,hispanic,False
950,Neutral,Neutral,Neutral,Neutral,Neutral,Neutral,Neutral,Very Satisfied,Rent,3-5 years,"$50,000-$99,999",Female,black,False
951,Agree,Agree,Agree,Neutral,Neutral,Dissatisfied,Neutral,Neutral,Own,0-2 years,"$200,000+",Male,black,False
952,Disagree,Disagree,Neutral,Agree,Disagree,Neutral,Neutral,Satisfied,Rent,6-10 years,"$50,000-$99,999",Female,white,False
953,Strongly Disagree,Strongly Disagree,Neutral,Neutral,Neutral,Neutral,Neutral,Neutral,Rent,0-2 years,"$200,000+",Female,aapi,False
954,Neutral,Neutral,Agree,Neutral,Neutral,Don't Know,Neutral,Very Satisfied,,0-2 years,"$200,000+",Male,white,False
955,Agree,Agree,Strongly Agree,Agree,Agree,Neutral,Satisfied,Satisfied,Rent,6-10 years,"$200,000+",Male,white,False
956,Neutral,Neutral,Agree,Neutral,Agree,Very Satisfied,Very Satisfied,Very Satisfied,Rent,0-2 years,"Under $50,000",Male,hispanic,False
957,Agree,Agree,Agree,Agree,Agree,Satisfied,Satisfied,Very Satisfied,Rent,3-5 years,"$200,000+",Female,hispanic,False
958,,,,,,Dissatisfied,Neutral,Very Satisfied,,,,,,True
959,Agree,Agree,Strongly Agree,Strongly Agree,Strongly Agree,Very Satisfied,Very Satisfied,Very Satisfied,Own,20+ years,"$200,000+",Male,white,False
960,Neutral,Neutral,Neutral,Neutral,Neutral,Neutral,Neutral,Neutral,Own,6-10 years,"$100,000-$149,999",Female,white,False
961,Neutral,Neutral,Neutral,Neutral,Neutral,Neutral,Neutral,Satisfied,Rent,11-19 years,"$50,000-$99,999",Female,aapi,False
962,Strongly Agree,Strongly Agree,Strongly Agree,Agree,Agree,Neutral,Neutral,Satisfied,Rent,20+ years,"$150,000-$199,999",Male,hispanic,False
963,,,,,,,,Very Satisfied,,,,,,True
964,Strongly Agree,Strongly Agree,Strongly Agree,Strongly Agree,Strongly Agree,Very Satisfied,Very Satisfied,Very Satisfied,Own,6-10 years,,Male,aapi,False
965,Strongly Agree,Strongly Agree,Strongly Agree,Strongly Agree,Strongly Agree,Very Satisfied,Very Satisfied,Very Satisfied,,,,,,True
966,Agree,Neutral,Neutral,Disagree,Neutral,Dissatisfied,Neutral,,Rent,0-2 years,"Under $50,000",Male,black,False
967,Strongly Agree,Strongly Agree,Agree,Agree,Agree,Satisfied,Very Satisfied,Very Satisfied,Own,11-19 years,"$200,000+",Male,white,False
968,Agree,Agree,Agree,Agree,Neutral,Satisfied,Satisfied,Satisfied,,,,,,True
969,Agree,Strongly Disagree,Neutral,Neutral,Agree,Very Dissatisfied,Dissatisfied,Dissatisfied,Own,20+ years,,,declined,True
970,Neutral,Strongly Disagree,Neutral,Strongly Disagree,Neutral,Very Dissatisfied,Dissatisfied,Satisfied,Rent,20+ years,"$50,000-$99,999",Female,white,False
971,Strongly Agree,Agree,Strongly Agree,Strongly Agree,Strongly Agree,Satisfied,Satisfied,Very Satisfied,Rent,6-10 years,"$100,000-$149,999",Female,hispanic,False
972,Agree,Disagree,Strongly Agree,Strongly Agree,Strongly Agree,Very Satisfied,Very Satisfied,Very Satisfied,Own,20+ years,"$200,000+",Female,,False
973,Strongly Agree,Agree,Strongly Agree,Strongly Agree,Strongly Agree,Satisfied,Satisfied,Satisfied,Own,11-19 years,"$150,000-$199,999",Female,white,False
974,Neutral,Neutral,Disagree,Disagree,Disagree,Neutral,Neutral,Satisfied,Own,20+ years,"$150,000-$199,999",Female,white,False
975,Agree,Agree,Agree,Agree,Agree,Very Satisfied,Very Satisfied,Very Satisfied,Own,0-2 years,"$200,000+",Female,white,False
976,Strongly Agree,Disagree,Agree,Agree,Agree,Satisfied,Satisfied,Neutral,Own,11-19 years,"$200,000+",Female,white,False
977,Neutral,Neutral,Neutral,Neutral,Neutral,Neutral,Satisfied,Neutral,Own,11-19 years,"$100,000-$149,999",Female,white,False
978,Agree,Agree,Agree,Agree,Strongly Agree,Neutral,Satisfied,Satisfied,Own,20+ years,"$100,000-$149,999",Female,declined,False
979,,,,,,,,Satisfied,,,,,,True
980,Agree,Agree,Agree,Agree,Agree,Satisfied,Satisfied,Satisfied,Own,11-19 years,"$200,000+",Female,aapi,False
981,Agree,Neutral,Disagree,Disagree,Neutral,Neutral,Don't Know,Satisfied,Own,20+ years,"$150,000-$199,999",Female,white,False
982,Agree,Neutral,Neutral,Neutral,Strongly Agree,Dissatisfied,Neutral,Neutral,Own,20+ years,,Male,white,False
983,Neutral,Neutral,Disagree,Disagree,Disagree,Satisfied,Satisfied,Neutral,Rent,0-2 years,"$50,000-$99,999",Female,black,False
984,Disagree,Neutral,Neutral,Neutral,Neutral,Neutral,Neutral,Neutral,,11-19 years,"$200,000+",Female,aapi,False
985,Strongly Agree,Strongly Agree,Strongly Agree,Strongly Agree,Strongly Agree,Very Satisfied,Very Satisfied,Very Satisfied,Own,20+ years,"$150,000-$199,999",Female,white,False
986,Agree,Agree,Agree,Neutral,Neutral,Satisfied,Satisfied,Neutral,Own,20+ years,"$150,000-$199,999",Male,white,False
987,Agree,Neutral,Strongly Agree,Agree,Agree,Satisfied,Satisfied,Satisfied,Own,11-19 years,"$200,000+",Female,white,False
988,,,,,,,,,Own,20+ years,"$200,000+",Male,other_or_multiracial,False
989,Neutral,Neutral,Neutral,Neutral,Neutral,Very Satisfied,Very Satisfied,Satisfied,Own,11-19 years,,Female,hispanic,False
990,Agree,Agree,Agree,Agree,Agree,Dissatisfied,Dissatisfied,Satisfied,Own,20+ years,"$50,000-$99,999",Female,white,False
991,,,,,,Neutral,Neutral,Satisfied,,,,,,True
992,Strongly Disagree,Neutral,Agree,Agree,Agree,Don't Know,Neutral,Very Satisfied,Own,6-10 years,"$200,000+",Male,white,False
993,Strongly Agree,Agree,Neutral,Neutral,Neutral,Satisfied,Very Satisfied,Satisfied,Own,3-5 years,"$200,000+",Male,white,False
994,Agree,Agree,Agree,Neutral,Agree,Neutral,Neutral,Satisfied,Own,11-19 years,"$200,000+",Male,white,False
995,Disagree,Neutral,Agree,Neutral,Agree,Neutral,Neutral,Satisfied,Rent,0-2 years,"$200,000+",declined,,False
996,Strongly Agree,Strongly Agree,Strongly Agree,Agree,Strongly Agree,Neutral,Satisfied,Satisfied,Own,20+ years,"$200,000+",Male,hispanic,False
997,Neutral,Neutral,Strongly Agree,Neutral,Agree,Satisfied,Neutral,Very Satisfied,Own,20+ years,"$200,000+",Female,white,False
998,Neutral,Disagree,Strongly Disagree,Strongly Disagree,Neutral,Very Dissatisfied,Satisfied,Very Dissatisfied,Own,20+ years,,Female,black,False
999,Agree,Agree,Agree,Agree,Strongly Agree,Satisfied,Satisfied,Satisfied,Own,11-19 years,"$100,000-$149,999",Female,white,False
1000,Agree,Disagree,Neutral,Neutral,Neutral,Dissatisfied,Neutral,Satisfied,Rent,3-5 years,"$50,000-$99,999",Male,white,False
1001,,,,,,,,,,,"$150,000-$199,999",Female,,False
1002,Agree,Strongly Agree,Strongly Agree,Strongly Agree,Strongly Agree,Very Satisfied,Satisfied,Satisfied,Own,20+ years,"$150,000-$199,999",Male,white,False
1003,Agree,Neutral,Neutral,Disagree,Disagree,Dissatisfied,Neutral,Neutral,Own,11-19 years,"$50,000-$99,999",Male,declined,False
1004,Agree,Neutral,Disagree,Disagree,Neutral,Dissatisfied,Satisfied,Neutral,Own,20+ years,,Female,white,False
1005,Strongly Agree,Agree,Strongly Agree,Agree,Agree,Satisfied,Very Satisfied,Very Satisfied,Own,11-19 years,"$100,000-$149,999",Female,aapi,False
1006,Agree,Agree,Neutral,Agree,Strongly Agree,Dissatisfied,Satisfied,Very Satisfied,Rent,20+ years,"$50,000-$99,999",Male,hispanic,False
1007,Strongly Agree,Strongly Agree,Agree,Neutral,Agree,Neutral,Satisfied,Satisfied,Own,20+ years,"$150,000-$199,999",Female,white,False
1008,Agree,Neutral,Agree,Neutral,Neutral,Dissatisfied,Satisfied,Satisfied,Own,20+ years,,Female,white,False
1009,Agree,Agree,Agree,Agree,Agree,Satisfied,Satisfied,Satisfied,Own,20+ years,"$100,000-$149,999",Female,black,False
1010,Agree,Strongly Agree,Agree,Agree,Strongly Agree,Dissatisfied,Satisfied,Satisfied,Own,20+ years,,declined,declined,True
1011,Agree,Neutral,Agree,Neutral,Agree,Dissatisfied,Don't Know,Satisfied,Own,11-19 years,"$200,000+",Male,white,False
1012,Strongly Disagree,Neutral,Agree,Neutral,Agree,Dissatisfied,Don't Know,Satisfied,Own,20+ years,,Female,declined,False
1013,Agree,Agree,Neutral,Neutral,Agree,Very Dissatisfied,Satisfied,Satisfied,Own,20+ years,"$200,000+",Female,white,False
1014,,,,,,,,,,20+ years,,,declined,True
1015,Strongly Agree,Strongly Disagree,Strongly Disagree,Strongly Disagree,Strongly Disagree,Very Dissatisfied,Very Dissatisfied,Dissatisfied,Own,20+ years,,,other_or_multiracial,False
1016,Agree,Agree,Strongly Agree,Strongly Agree,Strongly Agree,Don't Know,Don't Know,Very Satisfied,Rent,20+ years,"$50,000-$99,999",Female,white,False
1017,Strongly Agree,Disagree,Strongly Agree,Strongly Agree,Strongly Agree,Satisfied,Very Satisfied,Satisfied,Own,11-19 years,"$150,000-$199,999",Female,white,False
1018,Strongly Agree,Strongly Agree,Neutral,Neutral,Neutral,Neutral,Neutral,Satisfied,Own,,,Female,white,False
1019,Agree,Agree,Agree,Agree,Agree,Satisfied,Satisfied,Satisfied,Own,0-2 years,"$150,000-$199,999",Female,white,False
1020,Agree,Neutral,Agree,Agree,Agree,Satisfied,Satisfied,Neutral,Own,6-10 years,"$150,000-$199,999",Female,white,False
1021,Strongly Agree,Strongly Agree,Agree,Agree,Strongly Agree,Neutral,Neutral,Neutral,Own,20+ years,,Female,white,False
1022,Neutral,Neutral,Strongly Agree,Strongly Agree,Strongly Agree,Satisfied,Satisfied,Neutral,Rent,6-10 years,"$50,000-$99,999",Female,white,False
1023,Strongly Agree,Agree,Agree,Agree,Agree,Satisfied,Satisfied,Satisfied,Own,6-10 years,"$200,000+",Female,white,False
1024,Neutral,Disagree,Neutral,Neutral,Agree,Very Dissatisfied,Satisfied,Neutral,Own,6-10 years,"$100,000-$149,999",Female,white,False
1025,Agree,Agree,Strongly Agree,Agree,Strongly Agree,Satisfied,Very Satisfied,Satisfied,Rent,6-10 years,"Under $50,000",Male,white,False
1026,Strongly Agree,Strongly Agree,Strongly Agree,Strongly Agree,Strongly Agree,Very Satisfied,Very Satisfied,Very Satisfied,Own,20+ years,"$200,000+",Male,white,False
1027,Disagree,Neutral,Neutral,Neutral,Neutral,Dissatisfied,Dissatisfied,Dissatisfied,Own,declined,"$100,000-$149,999",declined,declined,False
1028,Disagree,Neutral,Agree,Neutral,Neutral,Neutral,Neutral,Satisfied,Own,declined,"$100,000-$149,999",Female,declined,False
1029,Strongly Agree,Strongly Agree,Strongly Agree,Strongly Agree,Strongly Agree,Very Satisfied,Very Satisfied,Very Satisfied,Own,20+ years,"$50,000-$99,999",Male,hispanic,False
1030,Agree,Agree,Strongly Agree,Strongly Agree,Agree,Very Satisfied,Very Satisfied,Very Satisfied,Rent,11-19 years,"Under $50,000",declined,aapi,False
1031,Neutral,Neutral,Neutral,Neutral,,Neutral,Neutral,Neutral,Rent,3-5 years,"Under $50,000",Male,declined,False
1032,Disagree,Agree,Neutral,Neutral,Neutral,Satisfied,Satisfied,Satisfied,Rent,11-19 years,"Under $50,000",Female,black,False
1033,Agree,Agree,Strongly Agree,Agree,Agree,Neutral,Satisfied,Very Satisfied,Own,11-19 years,"$200,000+",Female,white,False
1034,Strongly Agree,Agree,Agree,Agree,Agree,Satisfied,Very Satisfied,Neutral,Own,20+ years,"$100,000-$149,999",Female,white,False
1035,Strongly Agree,Strongly Disagree,Disagree,Strongly Disagree,Strongly Disagree,Very Dissatisfied,Very Dissatisfied,Neutral,Own,20+ years,"$200,000+",Female,declined,False
1036,Neutral,Neutral,Neutral,Neutral,Disagree,Dissatisfied,Satisfied,Satisfied,Own,11-19 years,"$100,000-$149,999",Female,,False
1037,Agree,Neutral,Neutral,Neutral,Neutral,Neutral,Satisfied,Very Satisfied,Own,20+ years,"$200,000+",Female,white,False
1038,Neutral,Agree,Neutral,Neutral,Agree,Satisfied,Satisfied,Satisfied,Rent,3-5 years,,declined,declined,True
1039,Strongly Agree,Strongly Agree,Strongly Agree,Strongly Agree,Strongly Agree,Very Satisfied,Very Satisfied,Very Satisfied,Rent,11-19 years,"$200,000+",Male,white,False
1040,Agree,Agree,Agree,Agree,Agree,Neutral,Satisfied,Neutral,Rent,3-5 years,"$200,000+",,white,False
1041,Strongly Agree,Disagree,Strongly Agree,Neutral,Disagree,Neutral,Satisfied,Satisfied,Own,20+ years,"Under $50,000",Female,white,False
1042,Agree,Neutral,Agree,Agree,Agree,Satisfied,Satisfied,Dissatisfied,Own,6-10 years,"$100,000-$149,999",Female,white,False
1043,Disagree,Neutral,Agree,Neutral,Neutral,Don't Know,Neutral,Satisfied,Own,20+ years,,Female,white,False
1044,Agree,Neutral,Agree,Neutral,Agree,Dissatisfied,Satisfied,Dissatisfied,Own,20+ years,"$150,000-$199,999",Female,white,False
1045,,Agree,Agree,Agree,Neutral,Satisfied,Satisfied,Very Satisfied,Own,20+ years,"$200,000+",Female,white,False
1046,Agree,Agree,Neutral,Neutral,Disagree,Dissatisfied,Dissatisfied,Dissatisfied,,11-19 years,"$200,000+",,white,False
1047,,,,,,,,,Own,20+ years,"$200,000+",Female,white,False
1048,Neutral,Agree,Agree,Agree,Agree,Neutral,Neutral,Satisfied,Own,20+ years,"$200,000+",Male,other_or_multiracial,False
1049,Strongly Agree,Strongly Agree,Strongly Agree,Strongly Agree,Strongly Agree,Very Satisfied,Very Satisfied,Very Satisfied,,,,,,True
1050,Agree,Agree,Agree,Agree,Agree,Satisfied,Satisfied,Satisfied,Own,6-10 years,"$200,000+",Female,white,False
1051,Neutral,Agree,Agree,Strongly Agree,Strongly Agree,Very Satisfied,Very Satisfied,Very Satisfied,Own,20+ years,"$100,000-$149,999",Male,,False
1052,Agree,Neutral,Agree,Agree,Agree,Dissatisfied,Neutral,Satisfied,Rent,6-10 years,"$150,000-$199,999",Female,white,False
1053,Disagree,Neutral,Neutral,Neutral,Neutral,Satisfied,Satisfied,Satisfied,Rent,3-5 years,"$150,000-$199,999",Female,white,False
1054,Agree,Agree,Agree,Agree,Agree,Satisfied,Satisfied,,Own,20+ years,"$50,000-$99,999",Female,white,False
1055,Strongly Agree,Strongly Agree,Strongly Agree,Agree,Strongly Agree,Very Satisfied,Very Satisfied,Very Satisfied,Rent,6-10 years,"$100,000-$149,999",Female,white,False
1056,Strongly Agree,Strongly Agree,Agree,Neutral,Neutral,Neutral,Very Satisfied,Satisfied,,,,,,True
1057,Agree,Agree,Agree,Neutral,Agree,Satisfied,Satisfied,Satisfied,Own,6-10 years,"$50,000-$99,999",Male,black,False
1058,Agree,Agree,Strongly Agree,Strongly Agree,Strongly Agree,Very Satisfied,Very Satisfied,Very Satisfied,Own,20+ years,"$50,000-$99,999",Female,white,False
1059,Strongly Agree,Strongly Agree,Strongly Agree,,,Very Satisfied,Very Satisfied,Very Satisfied,,,,,hispanic,False
1060,Agree,Neutral,Strongly Agree,Strongly Agree,Strongly Agree,Very Satisfied,Very Satisfied,Satisfied,Own,11-19 years,"$200,000+",Male,aapi,False
1061,Agree,Agree,Agree,Agree,Agree,Neutral,Satisfied,Very Satisfied,Own,0-2 years,"$200,000+",Female,white,False
1062,,,,,,,,Very Satisfied,Own,11-19 years,"$200,000+",Male,white,False
1063,Strongly Disagree,Strongly Disagree,Disagree,Disagree,Disagree,Satisfied,Dissatisfied,Dissatisfied,,0-2 years,"$150,000-$199,999",Female,,False
1064,Strongly Agree,Disagree,Agree,Strongly Agree,Strongly Agree,Satisfied,Satisfied,Satisfied,Own,20+ years,"$150,000-$199,999",Male,white,False
1065,Strongly Agree,Agree,Agree,Agree,Agree,Satisfied,Satisfied,Satisfied,Own,20+ years,"$100,000-$149,999",Male,white,False
1066,Strongly Agree,Agree,Strongly Agree,Strongly Agree,Strongly Agree,Satisfied,Very Satisfied,Very Satisfied,Own,20+ years,,Male,white,False
1067,Disagree,Neutral,Neutral,Neutral,Agree,Dissatisfied,Satisfied,Don't Know,Own,6-10 years,"$150,000-$199,999",Male,white,False
1068,Strongly Agree,Disagree,Agree,Agree,Neutral,Very Dissatisfied,Satisfied,Dissatisfied,Own,20+ years,"$50,000-$99,999",Female,white,False
1069,Neutral,Neutral,Neutral,Neutral,Neutral,Neutral,Neutral,Neutral,Own,6-10 years,"$200,000+",Male,white,False
1070,Strongly Agree,Agree,Agree,Agree,Agree,Neutral,Neutral,Satisfied,Own,20+ years,"$50,000-$99,999",Female,hispanic,False
1071,Strongly Agree,Strongly Agree,Strongly Agree,Strongly Agree,Strongly Agree,Very Satisfied,Very Satisfied,Very Satisfied,Own,20+ years,"$50,000-$99,999",Female,white,False
1072,Strongly Agree,Agree,Agree,Agree,Neutral,Satisfied,Don't Know,Satisfied,Rent,0-2 years,"$50,000-$99,999",Male,white,False
1073,Strongly Agree,Strongly Agree,Strongly Agree,Strongly Agree,Strongly Agree,Very Satisfied,Very Satisfied,Very Satisfied,Rent,3-5 years,"$50,000-$99,999",Male,black,False
1074,Strongly Agree,Strongly Disagree,Disagree,Strongly Disagree,Strongly Disagree,Very Dissatisfied,Very Dissatisfied,Satisfied,Own,20+ years,"$200,000+",Female,declined,False
1075,Strongly Agree,Disagree,Agree,Neutral,Agree,Dissatisfied,Satisfied,Satisfied,Rent,20+ years,"$150,000-$199,999",Male,white,False
1076,Strongly Agree,Strongly Agree,Strongly Agree,Strongly Agree,Strongly Agree,Satisfied,Satisfied,Very Satisfied,Own,20+ years,"$100,000-$149,999",Female,white,False
1077,Agree,Neutral,Strongly Agree,Agree,Agree,Satisfied,Don't Know,Very Satisfied,Own,20+ years,"$50,000-$99,999",Female,white,False
1078,Strongly Agree,Strongly Agree,Strongly Agree,Agree,Strongly Agree,Satisfied,Satisfied,Satisfied,Own,20+ years,,Male,white,False
1079,Agree,Agree,Neutral,Agree,Agree,Don't Know,Neutral,Neutral,Own,20+ years,"$150,000-$199,999",Female,white,False
1080,,,,,,,,,,,,,,True
1081,Strongly Agree,Strongly Agree,Strongly Agree,Strongly Agree,Strongly Agree,Neutral,Dissatisfied,Very Satisfied,Rent,6-10 years,"Under $50,000",Male,black,False
1082,Agree,Agree,Neutral,Neutral,Neutral,Neutral,Neutral,Very Satisfied,,,,,,True
1083,Agree,Agree,Agree,Neutral,Neutral,Neutral,Neutral,Satisfied,Own,20+ years,"$50,000-$99,999",Female,black,False
1084,Agree,Agree,Agree,Neutral,Neutral,Neutral,Very Satisfied,Very Satisfied,Rent,6-10 years,"Under $50,000",Male,black,False
1085,Agree,Agree,Neutral,Neutral,Neutral,Satisfied,,Neutral,Own,20+ years,"$200,000+",Female,white,False
1086,Neutral,Neutral,Neutral,Neutral,Neutral,Don't Know,Don't Know,Satisfied,,,,,,True
1087,Strongly Agree,Strongly Disagree,Strongly Disagree,Strongly Disagree,Strongly Disagree,Very Dissatisfied,Very Dissatisfied,Neutral,Own,20+ years,"Under $50,000",Male,white,False
1088,Strongly Agree,Neutral,Agree,Agree,Disagree,Very Dissatisfied,Very Dissatisfied,Very Dissatisfied,Own,20+ years,"$200,000+",Male,white,False
1089,,,,,,,,Satisfied,Own,6-10 years,"$200,000+",Female,white,False
1090,Strongly Agree,Agree,Agree,Strongly Agree,Agree,Neutral,Satisfied,Neutral,Own,20+ years,"$200,000+",Male,declined,False
1091,Strongly Agree,Agree,Strongly Agree,Agree,Strongly Agree,Satisfied,Very Satisfied,Very Satisfied,Own,11-19 years,"$200,000+",Female,white,False
1092,Strongly Agree,Agree,Strongly Agree,Agree,Neutral,Dissatisfied,Dissatisfied,Neutral,Own,20+ years,"$150,000-$199,999",Female,white,False
1093,Strongly Agree,Neutral,Neutral,Neutral,Neutral,Very Dissatisfied,Neutral,Neutral,Own,20+ years,"$150,000-$199,999",Male,white,False
1094,Strongly Agree,Agree,Agree,Agree,Agree,Neutral,Satisfied,Satisfied,Rent,3-5 years,"$200,000+",Male,white,False
1095,Strongly Agree,Neutral,Neutral,Neutral,Neutral,Very Dissatisfied,Very Dissatisfied,Satisfied,Own,20+ years,"$200,000+",declined,declined,False
1096,Agree,Strongly Disagree,Disagree,Strongly Disagree,Agree,Very Dissatisfied,Dissatisfied,Dissatisfied,Own,20+ years,"$200,000+",declined,declined,False
1097,Neutral,Neutral,Disagree,Disagree,Neutral,Neutral,Neutral,Satisfied,Own,11-19 years,"$100,000-$149,999",Female,declined,False
1098,Disagree,Neutral,Agree,Agree,Agree,Neutral,Satisfied,Satisfied,Own,3-5 years,"$150,000-$199,999",Male,declined,False
1099,Neutral,Neutral,Disagree,Strongly Disagree,Strongly Disagree,,,Dissatisfied,Own,,"$150,000-$199,999",Male,other_or_multiracial,False
1100,Agree,Neutral,Neutral,Agree,Agree,Satisfied,Satisfied,Satisfied,Own,6-10 years,,Female,white,False
1101,Strongly Agree,Strongly Agree,Agree,Agree,Agree,Neutral,Satisfied,Very Satisfied,Own,20+ years,"$150,000-$199,999",Female,white,False
1102,Neutral,Neutral,Neutral,Neutral,Neutral,Don't Know,Satisfied,Neutral,Rent,3-5 years,"$50,000-$99,999",Female,white,False
1103,Strongly Agree,Disagree,Neutral,Neutral,Neutral,Neutral,Satisfied,Very Satisfied,Own,11-19 years,"$200,000+",Female,hispanic,False
1104,Disagree,Neutral,Agree,,Neutral,,Satisfied,Satisfied,Rent,11-19 years,,Female,,False
1105,Strongly Agree,Strongly Agree,Strongly Agree,Agree,Strongly Agree,Very Satisfied,Very Satisfied,Very Satisfied,Own,20+ years,"$150,000-$199,999",Male,white,False
1106,Neutral,Neutral,Neutral,Disagree,Strongly Agree,,,Neutral,,20+ years,"$150,000-$199,999",Female,white,False
1107,,,,,,,,Very Satisfied,,,,,,True
1108,Neutral,Neutral,Neutral,Neutral,Neutral,Neutral,Neutral,Neutral,,,,,,True
1109,Strongly Disagree,Neutral,Neutral,Neutral,Neutral,Neutral,Very Satisfied,Don't Know,,,,,,True
1110,,,,,,,,,Own,20+ years,"$200,000+",Female,white,False
1111,Strongly Agree,Agree,Strongly Agree,Agree,,Satisfied,Very Satisfied,Very Satisfied,Own,11-19 years,,declined,white,False
1112,Strongly Disagree,Neutral,Agree,Agree,Agree,Neutral,Neutral,Dissatisfied,Own,20+ years,"$200,000+",Female,white,False
1113,Strongly Agree,Strongly Agree,Strongly Agree,Strongly Agree,Strongly Agree,Very Satisfied,Very Satisfied,Very Satisfied,Own,11-19 years,"$200,000+",Male,white,False
1114,Agree,Disagree,Agree,Agree,Agree,Satisfied,Satisfied,Satisfied,Own,6-10 years,"$100,000-$149,999",Male,white,False
1115,Agree,Agree,Agree,,Neutral,Dissatisfied,Satisfied,Neutral,Own,6-10 years,"$150,000-$199,999",Male,declined,False
1116,Strongly Disagree,Strongly Disagree,Agree,Agree,Agree,Don't Know,Don't Know,Satisfied,Rent,0-2 years,"$100,000-$149,999",Female,white,False
1117,Strongly Agree,Strongly Disagree,Disagree,Disagree,Neutral,Very Dissatisfied,Dissatisfied,Neutral,Own,20+ years,"$200,000+",Male,white,False
1118,Strongly Agree,Disagree,Strongly Agree,Agree,Agree,Satisfied,Neutral,Satisfied,Rent,11-19 years,"$200,000+",Female,white,False
1119,,,,,,,,,Own,20+ years,"$150,000-$199,999",Female,white,False
1120,Strongly Agree,Agree,Strongly Agree,Agree,Agree,Satisfied,Very Satisfied,Very Satisfied,Own,3-5 years,"$150,000-$199,999",Female,white,False
1121,Agree,Neutral,Disagree,Disagree,Agree,Very Dissatisfied,Neutral,Dissatisfied,Rent,6-10 years,"$50,000-$99,999",Female,,False
1122,Agree,Agree,Agree,Agree,Agree,Satisfied,Satisfied,Very Satisfied,Own,20+ years,"$150,000-$199,999",Male,aapi,False
1123,Strongly Agree,Strongly Agree,Strongly Agree,Strongly Agree,Strongly Agree,Very Satisfied,Very Satisfied,Very Satisfied,Rent,6-10 years,"$50,000-$99,999",Female,hispanic,False
1124,Agree,Disagree,Disagree,Strongly Disagree,Strongly Disagree,Dissatisfied,Neutral,Neutral,Own,11-19 years,,declined,declined,True
1125,Strongly Agree,Neutral,Strongly Agree,Strongly Agree,Agree,Satisfied,Satisfied,Neutral,Rent,20+ years,"Under $50,000",Male,black,False
1126,Strongly Agree,Strongly Agree,Strongly Agree,Neutral,Neutral,Satisfied,Neutral,Satisfied,Own,11-19 years,"$200,000+",Male,white,False
1127,Agree,Neutral,Agree,Agree,Agree,Don't Know,Satisfied,Very Satisfied,Own,20+ years,"$200,000+",Female,white,False
1128,Neutral,Neutral,Agree,Agree,Agree,Satisfied,Satisfied,Satisfied,Own,11-19 years,"$200,000+",Female,white,False
1129,Strongly Disagree,Neutral,Agree,Neutral,Neutral,Neutral,Neutral,Neutral,Rent,0-2 years,"$50,000-$99,999",Female,other_or_multiracial,False
1130,Strongly Agree,Neutral,Agree,Neutral,Agree,Satisfied,Satisfied,Very Satisfied,Own,20+ years,"$150,000-$199,999",Female,declined,False
1131,Disagree,Neutral,Strongly Agree,Strongly Agree,Agree,Very Satisfied,Very Satisfied,Very Satisfied,Rent,3-5 years,"$100,000-$149,999",Female,black,False
1132,Agree,Neutral,Agree,Agree,Agree,Very Satisfied,Very Satisfied,Satisfied,Own,11-19 years,"$200,000+",Female,white,False
1133,Agree,Agree,Strongly Agree,Strongly Agree,Strongly Agree,Don't Know,Don't Know,Don't Know,Rent,0-2 years,"$100,000-$149,999",Male,white,False
1134,Strongly Agree,Agree,Agree,Agree,Agree,Neutral,Neutral,Satisfied,Own,6-10 years,"$200,000+",Female,white,False
1135,Disagree,Agree,Strongly Agree,Agree,Agree,Neutral,Satisfied,Very Satisfied,Rent,3-5 years,"$200,000+",Female,declined,False
1136,Neutral,Neutral,Neutral,Neutral,Neutral,Neutral,Neutral,Satisfied,Rent,3-5 years,"$200,000+",Female,declined,False
1137,Disagree,Neutral,Agree,Neutral,Neutral,Neutral,Satisfied,Satisfied,Rent,0-2 years,"$100,000-$149,999",Female,white,False
1138,Neutral,Neutral,Neutral,Neutral,Neutral,Neutral,Neutral,Satisfied,,11-19 years,"$200,000+",Female,white,False
1139,Disagree,Neutral,Agree,Agree,Agree,Neutral,Neutral,Neutral,Rent,3-5 years,"$100,000-$149,999",Female,white,False
1140,,,,,,,,,Own,11-19 years,"$150,000-$199,999",Female,white,False
1141,,,,,,,,,,,"$200,000+",declined,,False
1142,Disagree,Neutral,Agree,Neutral,Neutral,Dissatisfied,Dissatisfied,Neutral,Rent,0-2 years,"$150,000-$199,999",Female,white,False
1143,Disagree,Neutral,Agree,Agree,Agree,Neutral,Satisfied,Neutral,Rent,3-5 years,"$100,000-$149,999",Male,white,False
1144,,,,,,,,,Own,6-10 years,,Male,white,False
1145,Agree,Agree,Agree,Neutral,Neutral,Neutral,Neutral,Neutral,,,,,,True
1146,Agree,Agree,Strongly Agree,Strongly Agree,Strongly Agree,Satisfied,Satisfied,Satisfied,Own,11-19 years,"$200,000+",Female,hispanic,False
1147,Agree,Strongly Disagree,Agree,Disagree,Disagree,Neutral,Neutral,Very Satisfied,Own,3-5 years,"$200,000+",Female,white,False
1148,Strongly Agree,Agree,Disagree,Neutral,Neutral,Neutral,Very Satisfied,Very Satisfied,Own,11-19 years,"$200,000+",Female,white,False
1149,Neutral,Neutral,Agree,Agree,Neutral,Dissatisfied,Neutral,Don't Know,Own,20+ years,"$200,000+",Female,white,False
1150,Agree,Agree,Neutral,Neutral,Neutral,Satisfied,Satisfied,Very Satisfied,Own,11-19 years,"$200,000+",Male,white,False
1151,Agree,Agree,Agree,Agree,Agree,Neutral,Satisfied,Satisfied,Rent,0-2 years,"$100,000-$149,999",Female,white,False
1152,Strongly Agree,Strongly Disagree,Strongly Disagree,Strongly Disagree,Strongly Disagree,Very Dissatisfied,Very Dissatisfied,Dissatisfied,Own,20+ years,"Under $50,000",,declined,False
1153,,Neutral,Agree,Strongly Agree,Strongly Agree,Neutral,Very Satisfied,Satisfied,,,"$150,000-$199,999",Female,,False
1154,Agree,Disagree,Disagree,Strongly Disagree,Disagree,Very Dissatisfied,Dissatisfied,Very Dissatisfied,Own,20+ years,"$200,000+",declined,declined,False
1155,Strongly Agree,Strongly Disagree,Strongly Disagree,Strongly Disagree,Strongly Disagree,Very Dissatisfied,Dissatisfied,Neutral,Own,20+ years,"Under $50,000",Male,white,False
1156,Strongly Agree,Strongly Disagree,Strongly Disagree,Strongly Disagree,Strongly Disagree,Very Dissatisfied,Very Dissatisfied,Neutral,Own,11-19 years,"$200,000+",Male,white,False
1157,Strongly Agree,Strongly Agree,Strongly Agree,Strongly Agree,Strongly Agree,Very Satisfied,Very Satisfied,Very Satisfied,,20+ years,"$100,000-$149,999",Female,white,False
1158,Strongly Agree,Agree,Agree,Agree,Agree,Don't Know,Satisfied,Very Satisfied,Own,20+ years,"$50,000-$99,999",Female,white,False
1159,Neutral,Neutral,Agree,Neutral,Neutral,Don't Know,Satisfied,Satisfied,Rent,6-10 years,"$100,000-$149,999",Female,black,False
1160,Agree,Neutral,Agree,Agree,Agree,Neutral,Satisfied,Very Satisfied,Own,20+ years,"$200,000+",Female,white,False
1161,Strongly Agree,Strongly Agree,Strongly Agree,Strongly Agree,Agree,Dissatisfied,Satisfied,Very Satisfied,Own,11-19 years,"$200,000+",Female,hispanic,False
1162,Agree,Agree,Agree,Agree,Agree,Don't Know,Satisfied,Satisfied,Own,11-19 years,"$150,000-$199,999",Male,white,False
1163,,,,,,,,,Own,11-19 years,,,white,False
1164,Agree,Agree,Neutral,Neutral,Neutral,Dissatisfied,Neutral,Satisfied,Own,11-19 years,"$150,000-$199,999",Female,white,False
1165,,Agree,Agree,Agree,Agree,Don't Know,Don't Know,Don't Know,Own,20+ years,,,white,False
1166,Disagree,Neutral,Agree,Agree,Agree,Satisfied,Satisfied,Satisfied,Own,20+ years,"$50,000-$99,999",Male,hispanic,False
1167,Disagree,Neutral,Agree,Neutral,Neutral,Neutral,Satisfied,Neutral,Rent,0-2 years,"$100,000-$149,999",Male,white,False
1168,Agree,Agree,Agree,Agree,Agree,Satisfied,Satisfied,Neutral,Rent,6-10 years,"$200,000+",Male,white,False
1169,Disagree,Neutral,Neutral,Neutral,Neutral,Don't Know,Don't Know,Don't Know,Rent,3-5 years,"$100,000-$149,999",Female,white,False
1170,,,,,,,,,,,"$100,000-$149,999",Female,,False
1171,Disagree,Neutral,Neutral,Neutral,Neutral,Satisfied,Satisfied,Neutral,Rent,0-2 years,"Under $50,000",Female,white,False
1172,Neutral,Neutral,Neutral,Disagree,Neutral,Neutral,Neutral,Neutral,Rent,3-5 years,"$200,000+",declined,declined,False
1173,Agree,Neutral,Agree,Agree,Strongly Agree,Dissatisfied,Satisfied,Satisfied,Rent,3-5 years,"$50,000-$99,999",Female,white,False
1174,,,,,,Very Dissatisfied,Neutral,,Own,20+ years,"$50,000-$99,999",Female,declined,False
1175,Disagree,Neutral,Neutral,Disagree,Agree,Dissatisfied,Dissatisfied,Dissatisfied,Rent,6-10 years,,Male,declined,False
1176,Neutral,Neutral,Agree,Agree,Agree,Don't Know,Satisfied,Satisfied,Rent,3-5 years,"$200,000+",Male,white,False
1177,Neutral,Neutral,Neutral,Neutral,Neutral,Neutral,Neutral,Neutral,,,,,,True
1178,Agree,Agree,Agree,Agree,Agree,Don't Know,Don't Know,Satisfied,Rent,0-2 years,"$50,000-$99,999",Female,other_or_multiracial,False
1179,Agree,Agree,Agree,Agree,Agree,Satisfied,Satisfied,Satisfied,,6-10 years,"$50,000-$99,999",Female,white,False
1180,Agree,Agree,Agree,Agree,Agree,Satisfied,Neutral,Very Satisfied,Own,20+ years,"$150,000-$199,999",Female,white,False
1181,Neutral,Neutral,Agree,Neutral,Neutral,Satisfied,Satisfied,Satisfied,Own,20+ years,"Under $50,000",Female,aapi,False
1182,Agree,Agree,Agree,Neutral,Neutral,Dissatisfied,Don't Know,Very Dissatisfied,Own,20+ years,"$50,000-$99,999",Female,white,False
1183,Agree,Agree,Strongly Agree,Strongly Agree,Strongly Agree,Very Satisfied,Very Satisfied,Very Satisfied,,,,,,True
1184,Neutral,Neutral,Neutral,Neutral,Neutral,Don't Know,Satisfied,Dissatisfied,Rent,0-2 years,"Under $50,000",Female,hispanic,False
1185,Strongly Agree,Strongly Agree,Strongly Agree,Strongly Agree,Strongly Agree,Very Satisfied,Neutral,Neutral,Rent,6-10 years,"$200,000+",Male,black,False
1186,Disagree,Neutral,Neutral,Neutral,Neutral,Dissatisfied,Satisfied,Don't Know,Own,6-10 years,"$200,000+",Female,white,False
1187,Neutral,Neutral,Neutral,Neutral,Neutral,Don't Know,Don't Know,,Own,6-10 years,"$150,000-$199,999",Male,hispanic,False
1188,Agree,Neutral,Agree,Agree,Agree,Neutral,Neutral,Neutral,Own,20+ years,,Female,white,False
1189,Agree,Disagree,Disagree,Disagree,Disagree,Dissatisfied,Neutral,Satisfied,Own,20+ years,"$100,000-$149,999",Male,hispanic,False
1190,Agree,Agree,Strongly Agree,Agree,Strongly Agree,Neutral,Satisfied,Satisfied,Rent,11-19 years,"$200,000+",Male,white,False
1191,Strongly Agree,Strongly Agree,Strongly Agree,Strongly Agree,Strongly Agree,Satisfied,Satisfied,Very Satisfied,Own,20+ years,"$200,000+",Female,white,False
1192,Neutral,Neutral,Agree,Agree,Agree,Don't Know,Don't Know,Satisfied,Own,20+ years,,Female,white,False
1193,Strongly Agree,Strongly Agree,Agree,Agree,Agree,Satisfied,Satisfied,Satisfied,Rent,11-19 years,"$50,000-$99,999",Female,aapi,False
1194,Strongly Disagree,Agree,Agree,Neutral,Neutral,Dissatisfied,Neutral,Neutral,Own,20+ years,"$50,000-$99,999",Female,white,False
1195,,,,,,,,,Own,3-5 years,"$100,000-$149,999",Male,hispanic,False
1196,Agree,Neutral,Agree,Neutral,Agree,Dissatisfied,Neutral,Satisfied,Own,6-10 years,"$200,000+",Female,white,False
1197,Agree,Agree,Agree,Agree,Agree,Dissatisfied,Satisfied,Very Satisfied,Own,11-19 years,"$200,000+",Male,white,False
1198,,,,,,,,,,,"$200,000+",Female,,False
1199,Strongly Agree,Neutral,Neutral,Neutral,Disagree,Neutral,Neutral,Neutral,Own,20+ years,"$200,000+",Female,white,False
1200,,,,,,,,,,20+ years,,Female,white,False
1201,Strongly Agree,Agree,Disagree,Disagree,Disagree,Very Dissatisfied,Neutral,Dissatisfied,Own,20+ years,"$150,000-$199,999",Female,white,False
1202,,,,,,,,Dissatisfied,,,,,,True
1203,Neutral,Neutral,Neutral,Neutral,Neutral,Satisfied,Satisfied,Very Satisfied,Rent,declined,,Male,aapi,False
1204,Strongly Disagree,Neutral,Neutral,Neutral,Neutral,Don't Know,Don't Know,Neutral,Rent,20+ years,"$100,000-$149,999",Female,aapi,False
1205,Strongly Agree,Strongly Agree,Agree,Agree,Agree,Dissatisfied,Satisfied,Satisfied,Rent,20+ years,"$50,000-$99,999",Female,declined,False
1206,,,,,,Don't Know,Dissatisfied,Don't Know,,declined,,Male,hispanic,False
1207,Agree,Neutral,Agree,Agree,Agree,Neutral,Satisfied,Satisfied,Own,20+ years,"$200,000+",Female,white,False
1208,Strongly Agree,Strongly Agree,Strongly Agree,Strongly Agree,Strongly Agree,Satisfied,Very Satisfied,Very Satisfied,Rent,20+ years,"Under $50,000",Female,black,False
1209,Neutral,Neutral,Neutral,Neutral,Neutral,Neutral,Neutral,Neutral,Own,6-10 years,"$200,000+",,white,False
1210,Strongly Agree,Strongly Agree,Strongly Agree,Strongly Agree,Strongly Agree,Very Satisfied,Very Satisfied,Satisfied,Rent,6-10 years,"$200,000+",Female,white,False
1211,Strongly Agree,Agree,Strongly Agree,Agree,Strongly Agree,Neutral,Satisfied,Satisfied,Own,3-5 years,"$150,000-$199,999",Female,white,False
1212,,,,,,Satisfied,Satisfied,Satisfied,Own,6-10 years,,Male,other_or_multiracial,False
1213,Neutral,Neutral,Neutral,Neutral,Neutral,,,Very Satisfied,Own,6-10 years,,Female,hispanic,False
1214,Agree,Agree,Agree,Agree,Agree,Very Satisfied,Very Satisfied,Very Satisfied,Own,20+ years,"$150,000-$199,999",Female,declined,False
1215,Strongly Agree,Strongly Agree,Strongly Agree,Strongly Agree,Strongly Agree,Very Satisfied,Very Satisfied,Very Satisfied,Own,6-10 years,"$50,000-$99,999",Female,white,False
1216,Agree,Disagree,Disagree,Disagree,Disagree,Very Dissatisfied,Dissatisfied,Dissatisfied,,,,,,True
1217,Strongly Agree,Strongly Agree,Agree,Strongly Disagree,Agree,Satisfied,Satisfied,Satisfied,Own,11-19 years,"$200,000+",Female,white,False
1218,Strongly Agree,Strongly Disagree,Neutral,Disagree,Disagree,Very Dissatisfied,Very Dissatisfied,Neutral,Own,11-19 years,"$200,000+",Male,white,False
1219,Neutral,Neutral,Agree,Agree,Agree,Neutral,Neutral,Satisfied,,,,,,True
1220,Agree,Agree,Agree,Agree,Agree,Satisfied,Satisfied,Very Satisfied,Rent,11-19 years,"Under $50,000",Female,white,False
1221,Disagree,Disagree,Strongly Agree,Disagree,Disagree,Don't Know,Don't Know,Satisfied,Own,0-2 years,"$200,000+",Male,declined,False
1222,Strongly Agree,Strongly Disagree,Strongly Disagree,Strongly Disagree,Neutral,Very Dissatisfied,Very Dissatisfied,Very Dissatisfied,Own,20+ years,,Female,,False
1223,Strongly Agree,Strongly Disagree,Strongly Agree,Agree,Agree,Very Dissatisfied,Dissatisfied,Dissatisfied,Own,11-19 years,"$150,000-$199,999",Female,white,False
1224,Agree,Agree,Neutral,,Neutral,Very Dissatisfied,Very Dissatisfied,Dissatisfied,Own,20+ years,"$200,000+",Female,white,False
1225,Strongly Agree,Strongly Disagree,Agree,Strongly Disagree,Agree,Dissatisfied,Dissatisfied,Dissatisfied,Own,20+ years,"$200,000+",Female,other_or_multiracial,False
1226,Agree,Agree,Agree,Agree,Agree,Neutral,Satisfied,Satisfied,Own,20+ years,"$150,000-$199,999",Female,white,False
1227,,,,,,,,,Own,6-10 years,"$100,000-$149,999",Male,white,False
1228,Strongly Agree,Strongly Disagree,Disagree,Strongly Disagree,Strongly Disagree,Very Dissatisfied,Very Dissatisfied,Very Dissatisfied,Own,20+ years,"$100,000-$149,999",Female,white,False
1229,,,,,,,,,Own,20+ years,"$100,000-$149,999",Male,declined,False
1230,Neutral,Neutral,Agree,Neutral,Agree,Satisfied,Satisfied,Satisfied,Own,20+ years,"$100,000-$149,999",Female,white,False
1231,,,,,,,,,Own,20+ years,,Male,white,False
1232,Agree,Neutral,Disagree,Neutral,Disagree,Very Dissatisfied,Neutral,Very Dissatisfied,Own,20+ years,"Under $50,000",Female,white,False
1233,Strongly Agree,Strongly Disagree,Neutral,Disagree,Neutral,Dissatisfied,Don't Know,Neutral,Own,20+ years,,Male,white,False
1234,Strongly Agree,Disagree,Agree,Agree,Agree,Very Dissatisfied,Neutral,Dissatisfied,Rent,11-19 years,"$150,000-$199,999",Male,white,False
1235,Strongly Agree,Strongly Agree,Strongly Agree,Agree,Agree,Satisfied,Satisfied,Satisfied,,,"$200,000+",Male,white,False
1236,Strongly Agree,Strongly Disagree,Strongly Disagree,Strongly Disagree,Strongly Disagree,Very Dissatisfied,Neutral,Very Dissatisfied,Own,20+ years,"$200,000+",Male,white,False
1237,Agree,Neutral,Agree,Neutral,Agree,Satisfied,Satisfied,Neutral,Rent,11-19 years,"$100,000-$149,999",Female,white,False
1238,Strongly Agree,Agree,Agree,Disagree,Disagree,Dissatisfied,Satisfied,Dissatisfied,Own,6-10 years,"$200,000+",Female,white,False
1239,Strongly Agree,Strongly Disagree,Agree,Strongly Agree,Strongly Agree,Neutral,Satisfied,Satisfied,Own,20+ years,"$100,000-$149,999",Male,declined,False
1240,Neutral,Strongly Agree,Strongly Agree,Strongly Agree,Strongly Agree,Very Satisfied,Satisfied,Satisfied,Rent,20+ years,"Under $50,000",Female,hispanic,False
1241,Disagree,Neutral,Agree,Agree,Agree,Don't Know,Don't Know,Satisfied,Own,20+ years,"$200,000+",Male,white,False
1242,Strongly Agree,Disagree,Agree,Agree,Agree,Dissatisfied,Dissatisfied,Dissatisfied,Own,20+ years,"$200,000+",Male,white,False
1243,Disagree,Neutral,Agree,Neutral,Agree,Neutral,Neutral,Satisfied,Rent,11-19 years,"$150,000-$199,999",Male,white,False
1244,Agree,Agree,Agree,Agree,Agree,Neutral,Satisfied,Very Satisfied,Own,20+ years,"$150,000-$199,999",Female,white,False
1245,Agree,Neutral,Neutral,Neutral,Agree,Neutral,Dissatisfied,Neutral,Own,3-5 years,"$150,000-$199,999",Male,aapi,False
1246,Agree,Disagree,Strongly Disagree,Disagree,Disagree,Very Dissatisfied,Dissatisfied,Very Dissatisfied,Own,20+ years,"$200,000+",Female,white,False
1247,Agree,Disagree,Neutral,Disagree,Agree,Dissatisfied,Dissatisfied,Neutral,Own,11-19 years,"$100,000-$149,999",Female,white,False
1248,Neutral,Disagree,Strongly Disagree,Strongly Disagree,Strongly Disagree,Very Dissatisfied,Very Dissatisfied,Very Dissatisfied,Own,6-10 years,,,,True
1249,Agree,Agree,Strongly Agree,Agree,Strongly Agree,Satisfied,Satisfied,Very Satisfied,Own,20+ years,"$150,000-$199,999",declined,declined,False
1250,Disagree,Neutral,Agree,Agree,Agree,Neutral,Neutral,Neutral,Own,6-10 years,"Under $50,000",Female,aapi,False
1251,Agree,Neutral,Neutral,Agree,Agree,Dissatisfied,Dissatisfied,Neutral,Own,20+ years,"$50,000-$99,999",Female,white,False
1252,Strongly Agree,Strongly Agree,Strongly Agree,Strongly Agree,Strongly Agree,Satisfied,Satisfied,Very Satisfied,Own,20+ years,"$50,000-$99,999",Male,declined,False
1253,Agree,Neutral,Agree,Agree,Neutral,Don't Know,Don't Know,Very Satisfied,Own,11-19 years,"$200,000+",Female,,False
1254,Strongly Agree,Agree,Agree,Agree,Agree,Satisfied,Satisfied,Satisfied,Own,20+ years,"$150,000-$199,999",Female,white,False
1255,Neutral,Disagree,Agree,Neutral,Agree,Very Dissatisfied,Dissatisfied,Dissatisfied,Own,20+ years,"$200,000+",Male,white,False
1256,Disagree,Strongly Disagree,Strongly Disagree,Strongly Disagree,Strongly Disagree,Dissatisfied,Dissatisfied,,Own,20+ years,"$200,000+",declined,,False
1257,Agree,Agree,Disagree,Disagree,Disagree,Neutral,Neutral,Neutral,Own,20+ years,"$200,000+",Female,white,False
1258,Strongly Agree,Agree,Agree,Agree,Agree,Very Satisfied,Very Satisfied,Satisfied,Own,11-19 years,"$200,000+",Female,white,False
1259,Strongly Agree,Agree,Agree,Agree,Agree,Neutral,Very Satisfied,Satisfied,Own,20+ years,"$200,000+",Female,white,False
1260,Strongly Agree,Agree,Agree,Strongly Agree,Agree,Neutral,Satisfied,Very Satisfied,Own,20+ years,"$200,000+",Male,white,False
1261,Strongly Agree,Strongly Agree,Neutral,Strongly Disagree,Strongly Disagree,Very Dissatisfied,Very Dissatisfied,Neutral,Own,3-5 years,"$200,000+",Male,declined,False
1262,Strongly Agree,Strongly Agree,Strongly Agree,Strongly Agree,Neutral,Neutral,Satisfied,Satisfied,Own,20+ years,,declined,white,False
1263,Strongly Agree,Strongly Disagree,Strongly Disagree,Disagree,Strongly Disagree,Very Dissatisfied,Very Dissatisfied,Very Dissatisfied,Own,declined,,Female,white,False
1264,Agree,Disagree,Disagree,Disagree,Disagree,Very Dissatisfied,Very Dissatisfied,Very Dissatisfied,Own,11-19 years,,,declined,True
1265,Disagree,Neutral,Agree,Neutral,Agree,Don't Know,Don't Know,Satisfied,Own,3-5 years,"$200,000+",declined,declined,False
1266,Strongly Agree,Strongly Disagree,Disagree,Disagree,Disagree,Very Dissatisfied,Dissatisfied,Very Dissatisfied,Own,20+ years,"$100,000-$149,999",Female,white,False
1267,,,,,,,,,Own,20+ years,,declined,declined,True
1268,Strongly Agree,Strongly Agree,Agree,Strongly Agree,Strongly Agree,Very Satisfied,Very Satisfied,Satisfied,Own,,"$100,000-$149,999",Female,white,False
1269,Strongly Agree,Neutral,Agree,Agree,Agree,Satisfied,Very Satisfied,Very Satisfied,Own,11-19 years,"$200,000+",Female,white,False
1270,Strongly Agree,Agree,Strongly Agree,Agree,Agree,Satisfied,Very Satisfied,Satisfied,Rent,11-19 years,"$200,000+",Male,white,False
1271,Agree,Neutral,Neutral,Neutral,Neutral,Dissatisfied,Satisfied,Neutral,Own,20+ years,"$100,000-$149,999",Male,white,False
1272,Strongly Agree,Neutral,Strongly Agree,Strongly Agree,Strongly Agree,Dissatisfied,Dissatisfied,Satisfied,Own,20+ years,,Male,white,False
1273,Agree,Neutral,Agree,Agree,Agree,Satisfied,Satisfied,Satisfied,Own,20+ years,"$150,000-$199,999",Female,white,False
1274,Agree,Disagree,Neutral,Disagree,Neutral,Very Dissatisfied,Satisfied,Dissatisfied,Own,11-19 years,"$100,000-$149,999",Male,white,False
1275,,,,,,,,,Own,20+ years,"$150,000-$199,999",Female,white,False
1276,Neutral,Neutral,Agree,Agree,Agree,Don't Know,Satisfied,Satisfied,Rent,3-5 years,"Under $50,000",Female,white,False
1277,Strongly Agree,Disagree,Neutral,Neutral,Neutral,Very Dissatisfied,Dissatisfied,Very Dissatisfied,Own,20+ years,,Female,white,False
1278,Strongly Agree,Strongly Disagree,Strongly Disagree,Strongly Disagree,Strongly Disagree,Very Dissatisfied,Dissatisfied,Dissatisfied,Own,20+ years,,,other_or_multiracial,False
1279,,,,,,,,,Own,20+ years,"$200,000+",Female,declined,False
1280,Agree,Agree,Agree,Agree,Agree,Dissatisfied,Satisfied,Neutral,Own,20+ years,"$150,000-$199,999",Female,white,False
1281,Agree,Agree,Agree,Agree,Agree,Satisfied,Satisfied,Satisfied,Rent,11-19 years,"$50,000-$99,999",Male,hispanic,False
1282,Strongly Agree,Strongly Agree,Strongly Agree,Strongly Agree,Strongly Agree,Very Satisfied,Very Satisfied,Very Satisfied,,11-19 years,"Under $50,000",Female,hispanic,False
1283,Agree,Strongly Agree,Strongly Agree,Strongly Agree,Strongly Agree,Very Satisfied,Satisfied,Satisfied,Rent,11-19 years,"Under $50,000",Female,hispanic,False
1284,Agree,Neutral,Neutral,Disagree,Agree,Very Dissatisfied,Satisfied,Neutral,Own,11-19 years,"$200,000+",Female,aapi,False
1285,Strongly Agree,Strongly Agree,Strongly Agree,Strongly Agree,Strongly Agree,Very Satisfied,Very Satisfied,Very Satisfied,Rent,11-19 years,"$50,000-$99,999",Female,hispanic,False
1286,Agree,Agree,Agree,Neutral,Neutral,Neutral,Neutral,Neutral,Rent,,"$200,000+",,white,False
1287,Agree,Agree,,Strongly Agree,Strongly Agree,Satisfied,Satisfied,Neutral,Rent,20+ years,"$100,000-$149,999",Male,hispanic,False
1288,Strongly Agree,Agree,Agree,Agree,Agree,Satisfied,Satisfied,Satisfied,Rent,11-19 years,"$50,000-$99,999",Female,aapi,False
1289,Neutral,Neutral,Agree,Neutral,Agree,Neutral,Satisfied,Satisfied,Own,20+ years,"$200,000+",Female,white,False
1290,Strongly Disagree,Strongly Disagree,Strongly Disagree,Strongly Disagree,Strongly Disagree,Very Dissatisfied,Very Dissatisfied,Very Dissatisfied,Own,20+ years,"$100,000-$149,999",declined,,False
1291,Agree,Agree,Strongly Agree,Strongly Agree,Strongly Agree,Very Satisfied,Very Satisfied,Very Satisfied,Own,6-10 years,"$100,000-$149,999",Female,white,False
1292,Strongly Agree,Disagree,Agree,Agree,Agree,Satisfied,Satisfied,Neutral,Own,20+ years,"$200,000+",Male,white,False
1293,Strongly Agree,Disagree,Disagree,Neutral,Neutral,Very Dissatisfied,Satisfied,Satisfied,Own,20+ years,"$200,000+",Male,white,False
1294,Strongly Agree,Agree,Agree,Disagree,Disagree,Dissatisfied,Satisfied,Very Satisfied,Own,20+ years,"$150,000-$199,999",Female,white,False
1295,Agree,Disagree,Agree,Disagree,Disagree,Dissatisfied,Dissatisfied,Dissatisfied,Own,11-19 years,"$200,000+",,black,False
1296,Disagree,Disagree,Strongly Disagree,Strongly Disagree,Strongly Disagree,Very Dissatisfied,Very Dissatisfied,Satisfied,,11-19 years,"$200,000+",Female,aapi,False
1297,Agree,Neutral,Disagree,Neutral,Agree,Dissatisfied,Satisfied,Neutral,Own,20+ years,"$200,000+",Female,white,False
1298,Agree,Neutral,Neutral,Neutral,Neutral,Dissatisfied,Dissatisfied,Neutral,Rent,11-19 years,"$100,000-$149,999",Female,white,False
1299,Disagree,Neutral,Neutral,Neutral,Neutral,Neutral,Neutral,Satisfied,,,,,,True
1300,Agree,Agree,Agree,Agree,Agree,Satisfied,Very Satisfied,Very Satisfied,Own,20+ years,"$150,000-$199,999",Female,white,False
1301,Agree,Neutral,Strongly Agree,Strongly Agree,Strongly Agree,Don't Know,Don't Know,Don't Know,Own,,,Male,,False
1302,Agree,Agree,Strongly Agree,Agree,Agree,Satisfied,Neutral,Dissatisfied,Rent,6-10 years,"$200,000+",Female,hispanic,False
1303,Strongly Agree,Agree,Agree,Disagree,Agree,Satisfied,Neutral,Satisfied,Own,20+ years,,Female,declined,False
1304,Strongly Agree,Agree,Strongly Agree,Strongly Agree,Strongly Agree,Dissatisfied,Very Satisfied,Satisfied,Own,20+ years,"$200,000+",Male,white,False
1305,Agree,Agree,Agree,Agree,,Satisfied,Very Satisfied,Satisfied,Own,20+ years,,,,True
1306,,,,,,,,,,,"$200,000+",Male,,False
1307,Strongly Agree,Agree,Agree,Strongly Agree,Agree,Neutral,Neutral,Neutral,Own,20+ years,"$150,000-$199,999",Female,white,False
1308,Agree,Neutral,Agree,Neutral,Agree,Dissatisfied,Satisfied,Satisfied,Own,20+ years,"$200,000+",Female,other_or_multiracial,False
1309,Agree,Neutral,Disagree,Strongly Disagree,Disagree,Very Dissatisfied,Dissatisfied,Neutral,Own,20+ years,"$100,000-$149,999",Female,other_or_multiracial,False
1310,Neutral,Agree,Agree,Agree,Agree,Satisfied,Satisfied,Satisfied,Rent,11-19 years,"$100,000-$149,999",Male,white,False
1311,Agree,Agree,Strongly Agree,Strongly Agree,Strongly Agree,Very Satisfied,Very Satisfied,Very Satisfied,Own,20+ years,"$200,000+",Female,aapi,False
1312,Agree,Neutral,Disagree,Disagree,Neutral,Very Dissatisfied,Dissatisfied,Satisfied,Own,11-19 years,"$200,000+",Female,white,False
1313,,Strongly Disagree,Strongly Disagree,Strongly Disagree,Strongly Disagree,Very Dissatisfied,Very Dissatisfied,Very Dissatisfied,,20+ years,,Female,white,False
1314,Agree,Neutral,Agree,Agree,Neutral,Neutral,Satisfied,Very Satisfied,Own,11-19 years,"$200,000+",Male,declined,False
1315,Neutral,Strongly Disagree,Disagree,Strongly Disagree,Strongly Disagree,Very Dissatisfied,Neutral,Neutral,Rent,20+ years,"Under $50,000",Female,white,False
1316,Agree,Disagree,Disagree,Strongly Disagree,Disagree,Dissatisfied,Neutral,Neutral,Own,20+ years,"$50,000-$99,999",declined,,False
1317,Strongly Agree,Strongly Agree,Strongly Agree,Strongly Agree,Strongly Agree,Satisfied,Satisfied,Very Satisfied,Own,20+ years,"$200,000+",Female,white,False
1318,Strongly Agree,Disagree,Strongly Disagree,Strongly Disagree,Neutral,Very Dissatisfied,Don't Know,Neutral,Own,20+ years,"$100,000-$149,999",Male,white,False
1319,Agree,Neutral,Agree,Neutral,Agree,Don't Know,Satisfied,Satisfied,,,,,,True
1320,Agree,Disagree,Disagree,Disagree,Disagree,Very Dissatisfied,Very Dissatisfied,Very Dissatisfied,Own,20+ years,"$50,000-$99,999",declined,declined,False
1321,Agree,Agree,Agree,Agree,Agree,Neutral,Satisfied,Satisfied,Own,20+ years,"$200,000+",,white,False
1322,Strongly Agree,Agree,Agree,Agree,Agree,Very Dissatisfied,Dissatisfied,Satisfied,Own,20+ years,"$200,000+",declined,declined,False
1323,Agree,Neutral,Disagree,Disagree,Disagree,Very Dissatisfied,Dissatisfied,Dissatisfied,Own,20+ years,"$200,000+",Male,white,False
1324,Agree,Agree,Neutral,Neutral,Neutral,Dissatisfied,Dissatisfied,Satisfied,Own,11-19 years,"$150,000-$199,999",Female,white,False
1325,Agree,Agree,Agree,Agree,Agree,Satisfied,Satisfied,Satisfied,Own,6-10 years,"$100,000-$149,999",Male,other_or_multiracial,False
1326,Strongly Agree,Strongly Agree,Strongly Agree,Strongly Agree,Strongly Agree,Very Satisfied,Very Satisfied,Very Satisfied,Own,20+ years,"$200,000+",Female,white,False
1327,,,,,,,,,,,"$150,000-$199,999",Female,,False
1328,,,,,,,,,Own,20+ years,"$100,000-$149,999",Female,white,False
1329,Neutral,Neutral,Neutral,Neutral,Neutral,Dissatisfied,Neutral,Neutral,Rent,3-5 years,"$50,000-$99,999",declined,white,False
1330,,,,,,,,,Own,3-5 years,"$100,000-$149,999",Female,white,False
1331,Neutral,Neutral,Agree,Agree,Agree,Satisfied,Satisfied,Satisfied,Own,11-19 years,"$200,000+",Female,other_or_multiracial,False
1332,Agree,Disagree,Neutral,Disagree,Disagree,Very Dissatisfied,Neutral,Neutral,Own,11-19 years,"$200,000+",Male,aapi,False
1333,Strongly Agree,Strongly Disagree,Neutral,Strongly Disagree,Strongly Disagree,Very Dissatisfied,Very Dissatisfied,Dissatisfied,Own,20+ years,,Female,white,False
1334,Agree,Disagree,Disagree,Strongly Disagree,Disagree,Very Dissatisfied,Very Dissatisfied,Satisfied,Own,20+ years,,declined,white,False
1335,Strongly Agree,Agree,Strongly Agree,Strongly Agree,Strongly Agree,Satisfied,Very Satisfied,Very Satisfied,Own,20+ years,"$200,000+",Female,white,False
1336,,,,,,,,,Own,20+ years,"$200,000+",Female,white,False
1337,,,,,,,,,,,,,,True
1338,Strongly Agree,Strongly Disagree,Disagree,Neutral,Disagree,Dissatisfied,Satisfied,Neutral,Own,6-10 years,"$150,000-$199,999",Male,other_or_multiracial,False
1339,Strongly Agree,Neutral,Strongly Agree,Agree,Agree,Neutral,Satisfied,Very Satisfied,Own,20+ years,"$50,000-$99,999",Female,white,False
1340,Agree,Agree,Agree,Agree,Agree,Neutral,Neutral,Satisfied,Own,20+ years,"$50,000-$99,999",Female,white,False
1341,Strongly Agree,Agree,Strongly Agree,Agree,Agree,Dissatisfied,Neutral,Satisfied,Own,20+ years,"$100,000-$149,999",Female,white,False
1342,Agree,Neutral,Neutral,Neutral,Neutral,Neutral,Satisfied,Satisfied,Own,declined,,Female,declined,False
1343,Strongly Agree,Agree,Strongly Agree,Strongly Agree,Strongly Agree,Very Satisfied,Very Satisfied,Very Satisfied,Own,11-19 years,"$200,000+",Male,white,False
1344,Agree,,Strongly Agree,Neutral,Agree,Neutral,Satisfied,Very Satisfied,Own,20+ years,,,white,False
1345,Agree,Disagree,Neutral,Neutral,Agree,Neutral,Neutral,Neutral,Rent,11-19 years,"$150,000-$199,999",Female,hispanic,False
1346,Agree,Strongly Disagree,Neutral,Disagree,Disagree,Very Dissatisfied,Neutral,Satisfied,Own,11-19 years,,,declined,True
1347,Strongly Agree,Strongly Agree,Agree,Neutral,Neutral,Satisfied,Neutral,Very Satisfied,Own,20+ years,"$100,000-$149,999",Female,white,False
1348,Strongly Agree,Neutral,Strongly Agree,Strongly Agree,Strongly Agree,Very Satisfied,Very Satisfied,Very Satisfied,Own,20+ years,"$150,000-$199,999",Male,white,False
1349,Strongly Agree,Strongly Disagree,Strongly Disagree,Strongly Disagree,Strongly Disagree,Very Dissatisfied,Very Dissatisfied,Very Satisfied,Own,11-19 years,"$200,000+",Male,white,False
1350,Strongly Agree,Strongly Agree,Strongly Agree,Strongly Agree,Strongly Agree,Neutral,Very Satisfied,Very Satisfied,Own,20+ years,"$200,000+",Male,white,False
1351,Agree,Neutral,Disagree,Disagree,Disagree,Very Dissatisfied,Very Dissatisfied,Don't Know,Own,20+ years,"$200,000+",Female,white,False
1352,Strongly Agree,Strongly Agree,Strongly Agree,Agree,Strongly Agree,Very Satisfied,Very Satisfied,Very Satisfied,Rent,20+ years,"$200,000+",Female,white,False
1353,Agree,Disagree,Disagree,Strongly Disagree,Strongly Disagree,Very Dissatisfied,Neutral,Satisfied,Own,11-19 years,"$150,000-$199,999",Male,white,False
1354,Agree,Neutral,Agree,Neutral,Agree,Very Dissatisfied,Neutral,Very Satisfied,Own,11-19 years,"$100,000-$149,999",Male,white,False
1355,Strongly Agree,Strongly Agree,Agree,Neutral,Strongly Agree,Satisfied,Very Satisfied,Very Satisfied,Own,20+ years,,declined,white,False
1356,Strongly Agree,Disagree,Disagree,Disagree,Disagree,Very Dissatisfied,Dissatisfied,Dissatisfied,Own,20+ years,"$150,000-$199,999",Female,white,False
1357,Agree,Agree,Strongly Agree,Strongly Agree,Strongly Agree,Very Satisfied,Very Satisfied,Satisfied,Own,20+ years,"$100,000-$149,999",Female,white,False
1358,Agree,Agree,Agree,Agree,Agree,Neutral,Satisfied,Very Satisfied,Own,20+ years,"$200,000+",Female,white,False
1359,Strongly Agree,Agree,Agree,Agree,Neutral,Neutral,Neutral,Neutral,Own,20+ years,"$100,000-$149,999",Female,white,False
1360,Strongly Agree,Disagree,Disagree,Disagree,Disagree,Very Dissatisfied,Dissatisfied,Very Dissatisfied,Own,11-19 years,,Male,white,False
1361,Agree,Disagree,Agree,Agree,,Neutral,Satisfied,Very Satisfied,Own,,,,,True
1362,Strongly Agree,Strongly Agree,Strongly Disagree,Strongly Disagree,Strongly Disagree,Very Dissatisfied,Dissatisfied,Very Dissatisfied,Own,20+ years,,Female,white,False
1363,Strongly Agree,Strongly Agree,Strongly Agree,Strongly Agree,Strongly Agree,Dissatisfied,Dissatisfied,Satisfied,Own,20+ years,"$200,000+",Female,white,False
1364,Disagree,Neutral,Neutral,Disagree,Neutral,Neutral,Neutral,Neutral,Rent,6-10 years,"$150,000-$199,999",Female,hispanic,False
1365,Agree,Neutral,Strongly Agree,Agree,Strongly Agree,Satisfied,Satisfied,Satisfied,Rent,11-19 years,"$50,000-$99,999",Female,white,False
1366,Strongly Agree,Strongly Agree,Strongly Agree,Strongly Agree,Strongly Agree,Very Satisfied,Very Satisfied,Very Satisfied,Own,11-19 years,"$200,000+",Female,white,False
1367,Strongly Agree,Strongly Agree,Strongly Agree,Strongly Agree,Strongly Agree,Satisfied,Satisfied,Satisfied,Own,20+ years,"$200,000+",Male,white,False
1368,Agree,Disagree,Disagree,Disagree,Disagree,Very Dissatisfied,Dissatisfied,Neutral,Own,11-19 years,"$200,000+",declined,declined,False
1369,Agree,Agree,Agree,Agree,Strongly Agree,Satisfied,Satisfied,Satisfied,Own,20+ years,"$50,000-$99,999",Female,hispanic,False
1370,Agree,Neutral,Agree,Agree,Agree,Dissatisfied,Dissatisfied,Dissatisfied,Rent,11-19 years,"$150,000-$199,999",Female,white,False
1371,Agree,Neutral,Neutral,Disagree,Strongly Disagree,Very Dissatisfied,Dissatisfied,Neutral,Own,20+ years,,Female,white,False
1372,Agree,Agree,Agree,Agree,Agree,Satisfied,Neutral,Neutral,Own,20+ years,"$150,000-$199,999",,declined,False
1373,Agree,Neutral,Disagree,Strongly Disagree,Disagree,Neutral,Neutral,Neutral,Own,20+ years,,Female,declined,False
1374,Neutral,Neutral,Agree,Neutral,Strongly Agree,Neutral,Satisfied,Dissatisfied,Rent,20+ years,"Under $50,000",Female,white,False
1375,Neutral,Neutral,Disagree,Disagree,Disagree,Very Dissatisfied,Dissatisfied,Satisfied,Rent,11-19 years,"$150,000-$199,999",,aapi,False
1376,,,,,,,,,Own,20+ years,"$150,000-$199,999",Female,other_or_multiracial,False
1377,Agree,Neutral,Neutral,Neutral,Neutral,Neutral,Neutral,Neutral,Own,20+ years,,Female,white,False
1378,Strongly Disagree,Neutral,Neutral,Neutral,Neutral,Don't Know,Don't Know,Satisfied,Rent,20+ years,,declined,declined,True
1379,Strongly Agree,Strongly Agree,Agree,Agree,Agree,Satisfied,Very Satisfied,Dissatisfied,Own,20+ years,"$200,000+",Female,white,False
1380,Strongly Agree,Agree,Agree,Agree,Agree,Dissatisfied,Dissatisfied,Very Satisfied,Own,20+ years,"$50,000-$99,999",Female,white,False
1381,Disagree,Agree,Agree,Agree,Agree,Neutral,Satisfied,Very Satisfied,Own,20+ years,"$50,000-$99,999",Female,white,False
1382,Agree,Strongly Agree,Strongly Agree,Strongly Agree,Strongly Agree,Don't Know,Don't Know,Very Satisfied,Own,6-10 years,,Female,white,False
1383,Disagree,Neutral,Agree,Neutral,Neutral,Don't Know,Don't Know,Neutral,,,,,,True
1384,Agree,Agree,Agree,Agree,Agree,Satisfied,Satisfied,Satisfied,,,,,,True
1385,Strongly Agree,Strongly Agree,Strongly Agree,Strongly Agree,Strongly Agree,Satisfied,Very Satisfied,Satisfied,Rent,20+ years,"$50,000-$99,999",Female,white,False
1386,Strongly Agree,Agree,Strongly Agree,Agree,Neutral,Satisfied,Satisfied,Very Satisfied,Own,20+ years,"$100,000-$149,999",Male,white,False
1387,Agree,Neutral,Agree,Agree,Neutral,Dissatisfied,Satisfied,Satisfied,Own,20+ years,"$100,000-$149,999",Male,white,False
1388,Strongly Agree,Strongly Agree,Strongly Agree,Strongly Agree,Strongly Agree,Satisfied,Very Satisfied,Satisfied,Own,20+ years,"$100,000-$149,999",Male,,False
1389,Agree,Neutral,Neutral,Neutral,Neutral,Dissatisfied,Neutral,Neutral,,20+ years,"$50,000-$99,999",Female,white,False
1390,Agree,Strongly Disagree,Strongly Disagree,Strongly Disagree,Disagree,Very Dissatisfied,Very Dissatisfied,Dissatisfied,Own,20+ years,"$50,000-$99,999",Female,white,False
1391,Strongly Agree,Agree,Agree,Agree,Agree,Satisfied,Satisfied,Satisfied,Own,20+ years,"Under $50,000",Male,declined,False
1392,Neutral,Neutral,Agree,Neutral,Neutral,Neutral,Satisfied,Satisfied,Own,11-19 years,"$200,000+",Female,white,False
1393,Strongly Agree,Disagree,Neutral,Disagree,Agree,Dissatisfied,Dissatisfied,Very Satisfied,Own,20+ years,"$100,000-$149,999",Male,white,False
1394,,Strongly Disagree,Strongly Agree,Strongly Agree,Strongly Agree,Don't Know,Don't Know,Satisfied,Rent,20+ years,"$50,000-$99,999",Female,white,False
1395,Neutral,Neutral,Agree,Neutral,Neutral,Don't Know,Don't Know,Don't Know,Own,6-10 years,,Female,white,False
1396,,,,,,,,,,,,Male,,False
1397,Agree,Agree,Agree,Agree,Agree,Very Dissatisfied,Very Dissatisfied,Very Dissatisfied,Own,20+ years,,,declined,True
1398,Agree,Agree,Agree,Agree,Agree,Satisfied,Satisfied,Very Satisfied,Rent,3-5 years,"$200,000+",Male,white,False
1399,Disagree,Neutral,Neutral,Neutral,Neutral,Neutral,Neutral,Satisfied,Rent,11-19 years,"$100,000-$149,999",Female,aapi,False
1400,Strongly Agree,Agree,Agree,Agree,Neutral,Very Dissatisfied,Neutral,Dissatisfied,Own,20+ years,"$100,000-$149,999",Male,white,False
1401,,,,,,,,,,,,Female,,False
1402,Agree,Agree,Neutral,Agree,Agree,Neutral,Very Satisfied,Very Satisfied,Rent,20+ years,"$50,000-$99,999",Female,white,False
1403,Agree,Neutral,Disagree,Disagree,Neutral,Neutral,Neutral,Satisfied,Own,6-10 years,"$200,000+",Male,declined,False
1404,Disagree,Neutral,Agree,Agree,Agree,Neutral,Neutral,Satisfied,Rent,3-5 years,"$150,000-$199,999",Female,white,False
1405,Agree,Neutral,Neutral,Disagree,Disagree,Dissatisfied,Satisfied,Satisfied,Own,20+ years,"$100,000-$149,999",Female,white,False
1406,Strongly Agree,Agree,Agree,Agree,Neutral,Dissatisfied,Dissatisfied,Neutral,Own,20+ years,"Under $50,000",Female,other_or_multiracial,False
1407,,,,,,,,,,,"$200,000+",Female,,False
1408,Neutral,Neutral,Agree,Neutral,Agree,Dissatisfied,Satisfied,Satisfied,Rent,11-19 years,"$100,000-$149,999",Female,white,False
1409,Strongly Agree,Agree,Strongly Agree,Agree,Agree,Dissatisfied,Neutral,Satisfied,,20+ years,"$200,000+",Male,white,False
1410,Agree,Neutral,Neutral,Neutral,Neutral,Dissatisfied,Dissatisfied,Neutral,Own,20+ years,,Female,declined,False
1411,Agree,Agree,Disagree,Disagree,Disagree,Dissatisfied,Dissatisfied,Neutral,Own,20+ years,,Female,declined,False
1412,Agree,Agree,Agree,Agree,Agree,Satisfied,Very Satisfied,Very Satisfied,Own,20+ years,"$100,000-$149,999",Female,white,False
1413,Agree,Disagree,Agree,Disagree,Neutral,Dissatisfied,Dissatisfied,Satisfied,Own,11-19 years,"$50,000-$99,999",Female,declined,False
1414,,,,,,,,,,,,declined,,True
1415,Agree,Agree,Agree,Agree,Strongly Agree,Satisfied,Satisfied,Very Satisfied,Rent,3-5 years,"$100,000-$149,999",Female,white,False
1416,Strongly Agree,Strongly Agree,Strongly Agree,Strongly Agree,Strongly Agree,Very Satisfied,Very Satisfied,Very Satisfied,Own,20+ years,"$150,000-$199,999",Female,white,False
1417,Agree,Strongly Disagree,Strongly Disagree,Strongly Disagree,Neutral,Very Dissatisfied,Very Dissatisfied,Dissatisfied,Own,0-2 years,,,declined,True
1418,Agree,Disagree,Neutral,Disagree,Neutral,Very Dissatisfied,Dissatisfied,Dissatisfied,Own,20+ years,"$200,000+",Male,white,False
1419,Agree,Strongly Agree,Strongly Agree,Agree,Strongly Agree,Neutral,Satisfied,Satisfied,Rent,3-5 years,"$200,000+",Female,white,False
1420,Agree,,Agree,Strongly Agree,,Neutral,Satisfied,Satisfied,,,,,,True
1421,Agree,Neutral,Agree,Agree,Neutral,Don't Know,Don't Know,Satisfied,Own,11-19 years,"$50,000-$99,999",Female,white,False
1422,Strongly Agree,Strongly Agree,Strongly Agree,Strongly Agree,Strongly Agree,Very Satisfied,Satisfied,Very Satisfied,Own,20+ years,"$100,000-$149,999",Female,white,False
1423,Agree,Agree,Strongly Agree,Agree,Agree,Satisfied,Satisfied,,Rent,3-5 years,"Under $50,000",Male,white,False
1424,Strongly Agree,Neutral,Agree,Neutral,Agree,Dissatisfied,Satisfied,Satisfied,Own,20+ years,"$200,000+",Female,white,False
1425,Neutral,Neutral,Agree,Agree,Agree,Satisfied,Satisfied,Very Satisfied,Own,20+ years,"$100,000-$149,999",Male,white,False
1426,Agree,Neutral,Agree,Agree,Agree,Dissatisfied,Satisfied,Satisfied,Own,11-19 years,"$200,000+",Female,white,False
1427,Strongly Agree,Disagree,Strongly Agree,Agree,Agree,Neutral,Satisfied,Satisfied,Own,11-19 years,"$100,000-$149,999",Female,hispanic,False
1428,Agree,Neutral,Disagree,Disagree,Disagree,Neutral,Neutral,Satisfied,Own,20+ years,"$150,000-$199,999",Male,white,False
1429,Agree,Agree,Strongly Agree,Agree,Agree,Neutral,Satisfied,Satisfied,Own,20+ years,"$200,000+",Female,white,False
1430,Strongly Agree,Strongly Disagree,Strongly Disagree,Strongly Disagree,Strongly Disagree,Very Dissatisfied,Very Dissatisfied,Very Dissatisfied,,20+ years,"$200,000+",Male,declined,False
1431,Strongly Agree,Agree,Agree,Disagree,Disagree,Neutral,Neutral,Neutral,Own,20+ years,"$200,000+",Female,white,False
1432,Agree,Neutral,Neutral,Disagree,Disagree,Dissatisfied,Satisfied,Neutral,Own,20+ years,"$200,000+",Female,white,False
1433,Agree,Neutral,Agree,Agree,Agree,Neutral,Satisfied,Neutral,Own,11-19 years,"$200,000+",Female,,False
1434,Strongly Agree,Agree,Agree,Agree,Agree,Satisfied,Don't Know,Very Satisfied,Own,20+ years,"$200,000+",Male,white,False
1435,Agree,,Agree,Disagree,Disagree,Neutral,Neutral,Neutral,Own,11-19 years,"$200,000+",Female,white,False
1436,,,,Disagree,,Very Dissatisfied,,Very Dissatisfied,Own,20+ years,"$200,000+",Female,white,False
1437,Strongly Agree,Neutral,Strongly Agree,Neutral,Strongly Agree,Dissatisfied,Neutral,Satisfied,Own,20+ years,,Female,white,False
1438,Strongly Agree,Strongly Disagree,Strongly Disagree,Strongly Disagree,Strongly Disagree,Very Dissatisfied,Very Dissatisfied,Very Dissatisfied,Own,20+ years,"$200,000+",declined,declined,False
1439,,,,,,,,,,,"$100,000-$149,999",declined,,False
1440,Agree,Disagree,Disagree,Strongly Disagree,Neutral,Very Dissatisfied,Very Dissatisfied,Neutral,Own,20+ years,"$200,000+",Female,white,False
1441,,,,,,,,,Own,,"$50,000-$99,999",Male,white,False
1442,Agree,Neutral,Agree,Neutral,Agree,Neutral,Neutral,Neutral,Own,20+ years,"$200,000+",Female,white,False
1443,Agree,Strongly Disagree,Strongly Disagree,Strongly Disagree,Strongly Disagree,Very Dissatisfied,Dissatisfied,Neutral,Own,6-10 years,"$200,000+",Male,other_or_multiracial,False
1444,Agree,Agree,Agree,Agree,Agree,Neutral,Satisfied,Satisfied,Own,20+ years,"$150,000-$199,999",Female,white,False
1445,Agree,Disagree,Disagree,Disagree,Disagree,Very Dissatisfied,Very Dissatisfied,Very Dissatisfied,Own,20+ years,"$200,000+",Male,declined,False
1446,Agree,Strongly Disagree,Strongly Disagree,Strongly Disagree,Strongly Disagree,Very Dissatisfied,Very Dissatisfied,Very Dissatisfied,,,,,,True
1447,Agree,Neutral,Strongly Disagree,Strongly Disagree,Strongly Disagree,Very Dissatisfied,Very Dissatisfied,Very Dissatisfied,Own,,"$150,000-$199,999",declined,other_or_multiracial,False
1448,Strongly Agree,Strongly Disagree,Strongly Disagree,Strongly Disagree,Strongly Disagree,Very Dissatisfied,Very Dissatisfied,Dissatisfied,Own,20+ years,"$150,000-$199,999",declined,black,False
1449,Agree,Agree,Strongly Agree,Neutral,Agree,Neutral,Neutral,Satisfied,Own,11-19 years,"$200,000+",Female,white,False
1450,Agree,Strongly Agree,Agree,Agree,Agree,Neutral,Satisfied,Satisfied,Own,20+ years,"$100,000-$149,999",Male,white,False
1451,Strongly Agree,Agree,Neutral,Neutral,Neutral,Very Dissatisfied,Dissatisfied,Neutral,Own,20+ years,"$150,000-$199,999",Female,white,False
1452,Neutral,Disagree,Neutral,Disagree,,Very Dissatisfied,Neutral,Neutral,Own,20+ years,,Female,,False
1453,Agree,Neutral,Agree,Neutral,Neutral,Dissatisfied,Satisfied,Satisfied,Own,20+ years,"$150,000-$199,999",Male,hispanic,False
1454,Agree,Disagree,Strongly Disagree,Strongly Disagree,Strongly Disagree,Very Dissatisfied,Very Dissatisfied,Very Dissatisfied,Own,11-19 years,"$200,000+",Female,white,False
1455,Strongly Agree,Agree,Agree,Strongly Agree,Agree,Dissatisfied,Satisfied,Satisfied,Own,20+ years,"$150,000-$199,999",Male,white,False
1456,Strongly Agree,Strongly Agree,Strongly Agree,Strongly Agree,Agree,Very Dissatisfied,Satisfied,Satisfied,Own,20+ years,"$200,000+",Male,white,False
1457,Agree,Neutral,Agree,Agree,Agree,Satisfied,Satisfied,Satisfied,Own,,"$200,000+",Female,white,False
1458,Strongly Agree,Neutral,Neutral,Neutral,Neutral,Neutral,Satisfied,Satisfied,Own,20+ years,"$200,000+",Female,white,False
1459,Strongly Agree,Agree,Agree,Agree,Agree,Neutral,Satisfied,Satisfied,Own,20+ years,"$200,000+",Female,white,False
1460,Agree,Neutral,Disagree,Disagree,Neutral,Dissatisfied,Satisfied,Satisfied,Own,20+ years,"$150,000-$199,999",Female,white,False
1461,,,,,,,,,Own,11-19 years,"$200,000+",Female,white,False
1462,Agree,Agree,Agree,Agree,Agree,Neutral,Neutral,Neutral,Own,6-10 years,"$200,000+",Female,white,False
1463,Agree,Agree,Agree,Neutral,Neutral,Neutral,Neutral,Satisfied,Own,20+ years,"$200,000+",Male,white,False
1464,Strongly Agree,Strongly Agree,Strongly Agree,Neutral,Strongly Agree,Very Satisfied,Very Satisfied,Very Satisfied,Own,20+ years,"$200,000+",Female,,False
1465,Agree,Disagree,Neutral,Neutral,Neutral,Neutral,Neutral,Satisfied,Own,11-19 years,"$200,000+",Female,white,False
1466,Disagree,Disagree,Disagree,Disagree,Disagree,Very Dissatisfied,Dissatisfied,Neutral,Own,20+ years,"$150,000-$199,999",Male,declined,False
1467,Strongly Agree,Agree,Agree,Neutral,Neutral,Neutral,Satisfied,Dissatisfied,Own,20+ years,"$200,000+",Male,white,False
1468,Agree,Neutral,Disagree,Disagree,Disagree,Very Dissatisfied,Dissatisfied,Neutral,Rent,20+ years,,Female,declined,False
1469,Agree,Neutral,Disagree,Disagree,Disagree,Satisfied,Satisfied,Very Dissatisfied,Own,,"$200,000+",Female,black,False
1470,Agree,Strongly Agree,Strongly Agree,Strongly Agree,Strongly Agree,Satisfied,Dissatisfied,Satisfied,Rent,20+ years,"$50,000-$99,999",Female,black,False
1471,Strongly Agree,Strongly Agree,Disagree,Strongly Disagree,Strongly Disagree,Very Dissatisfied,Very Dissatisfied,Very Dissatisfied,Own,20+ years,,,declined,True
1472,Strongly Agree,Strongly Agree,Strongly Agree,Strongly Agree,Strongly Agree,Neutral,Satisfied,Very Satisfied,Own,20+ years,"$200,000+",Female,white,False
1473,Agree,Agree,Strongly Agree,Strongly Agree,Strongly Agree,Very Satisfied,Very Satisfied,Very Satisfied,Own,11-19 years,"$150,000-$199,999",Female,hispanic,False
1474,Disagree,Neutral,Disagree,Disagree,Disagree,Don't Know,Don't Know,Satisfied,Own,20+ years,,Male,other_or_multiracial,False
1475,Strongly Agree,Disagree,Neutral,Neutral,Neutral,Very Dissatisfied,Dissatisfied,Neutral,Rent,20+ years,"$50,000-$99,999",declined,black,False
1476,Agree,Agree,Agree,Agree,Agree,Satisfied,Very Satisfied,Very Satisfied,Own,20+ years,"$200,000+",Female,white,False
1477,Strongly Agree,Neutral,Agree,Agree,Agree,Neutral,Satisfied,Satisfied,Own,20+ years,"$50,000-$99,999",Male,white,False
1478,Strongly Agree,Strongly Disagree,Agree,Neutral,Agree,Very Dissatisfied,Satisfied,Neutral,Own,20+ years,"$150,000-$199,999",Male,hispanic,False
1479,Agree,Strongly Disagree,Disagree,Disagree,Disagree,Very Dissatisfied,Don't Know,Satisfied,Own,20+ years,"$200,000+",Female,declined,False
1480,Strongly Agree,Neutral,Disagree,Disagree,Neutral,Dissatisfied,Dissatisfied,Satisfied,Own,20+ years,"$200,000+",Female,white,False
1481,Strongly Agree,Disagree,Agree,Disagree,Neutral,Dissatisfied,Dissatisfied,Satisfied,Own,20+ years,"$200,000+",Male,white,False
1482,Agree,Agree,Agree,Agree,Agree,Satisfied,Very Satisfied,Satisfied,Rent,6-10 years,"$150,000-$199,999",Female,black,False
1483,Strongly Agree,Strongly Disagree,Disagree,Strongly Disagree,Disagree,Very Dissatisfied,Very Dissatisfied,Dissatisfied,Own,0-2 years,"$150,000-$199,999",Male,white,False
1484,Neutral,Agree,Strongly Agree,Strongly Agree,Agree,Neutral,Neutral,Satisfied,Own,3-5 years,"$100,000-$149,999",Female,white,False
1485,Strongly Agree,Neutral,Disagree,Disagree,Disagree,Very Dissatisfied,Neutral,Neutral,Own,20+ years,,Female,white,False
1486,Strongly Agree,Agree,Agree,Neutral,Agree,Neutral,Satisfied,Satisfied,Own,6-10 years,"$150,000-$199,999",Male,white,False
1487,,,,,,,,,,,,,,True
1488,Strongly Agree,Strongly Agree,Strongly Agree,Strongly Agree,Strongly Agree,Satisfied,Satisfied,Very Satisfied,Own,20+ years,"$200,000+",Male,white,False
1489,Agree,Disagree,Disagree,Disagree,Neutral,Dissatisfied,Dissatisfied,Neutral,Own,20+ years,"$150,000-$199,999",Female,declined,False
1490,,Neutral,Neutral,Agree,Disagree,Very Dissatisfied,Very Dissatisfied,Dissatisfied,Own,20+ years,"$200,000+",declined,other_or_multiracial,False
1491,Strongly Agree,Strongly Agree,Strongly Agree,Strongly Agree,Strongly Agree,Satisfied,Neutral,Satisfied,Own,20+ years,"$200,000+",Female,white,False
1492,Agree,Agree,Agree,Strongly Agree,Strongly Agree,Very Satisfied,Very Satisfied,Very Satisfied,Rent,20+ years,"$100,000-$149,999",Female,black,False
1493,Neutral,Neutral,Strongly Disagree,Strongly Disagree,Strongly Disagree,Very Dissatisfied,Very Dissatisfied,Very Dissatisfied,Own,6-10 years,"$200,000+",,white,False
1494,Strongly Agree,Strongly Disagree,Disagree,Strongly Disagree,Strongly Disagree,,,Dissatisfied,Own,20+ years,"$100,000-$149,999",Female,hispanic,False
1495,Disagree,Disagree,Disagree,Disagree,Disagree,Very Dissatisfied,Very Dissatisfied,Very Dissatisfied,Own,20+ years,"Under $50,000",Female,aapi,False
1496,Agree,Neutral,Agree,Agree,Agree,Don't Know,Don't Know,Satisfied,Own,20+ years,"$150,000-$199,999",Male,other_or_multiracial,False
1497,Strongly Agree,Agree,Disagree,Strongly Disagree,Agree,Dissatisfied,Dissatisfied,Satisfied,Own,20+ years,"$150,000-$199,999",Male,declined,False
1498,,,,,,,,,,6-10 years,,declined,declined,True
1499,Strongly Agree,Strongly Disagree,Disagree,Strongly Disagree,Strongly Disagree,Very Dissatisfied,Very Dissatisfied,Very Dissatisfied,Own,20+ years,"$200,000+",Male,white,False
1500,,,,,,,,,,,,declined,declined,True
1501,Strongly Agree,Strongly Disagree,Neutral,Disagree,Neutral,Dissatisfied,Dissatisfied,Satisfied,Own,11-19 years,,declined,declined,True
1502,Strongly Agree,Strongly Agree,Agree,Neutral,Disagree,Satisfied,Neutral,Neutral,Own,20+ years,"$200,000+",Male,white,False
1503,Strongly Agree,Disagree,Disagree,Disagree,Agree,Very Dissatisfied,Very Dissatisfied,Dissatisfied,Own,11-19 years,"$200,000+",Female,white,False
1504,,,,,,,,,Rent,20+ years,"$200,000+",Male,white,False
1505,Agree,Agree,Agree,Agree,Agree,Satisfied,Satisfied,Satisfied,Own,declined,,,,True
1506,Strongly Agree,Strongly Agree,Strongly Agree,Strongly Agree,Strongly Agree,Very Satisfied,Very Satisfied,Satisfied,Own,20+ years,"$200,000+",Female,other_or_multiracial,False
1507,Neutral,Disagree,Disagree,Disagree,Disagree,Dissatisfied,Dissatisfied,Dissatisfied,,11-19 years,"$150,000-$199,999",Female,aapi,False
1508,Strongly Agree,Strongly Disagree,Strongly Disagree,Strongly Disagree,Disagree,Very Dissatisfied,Very Dissatisfied,Dissatisfied,Own,11-19 years,"$200,000+",Male,white,False
1509,Agree,Disagree,Disagree,Disagree,Strongly Disagree,Very Dissatisfied,Dissatisfied,Neutral,Own,20+ years,,Female,white,False
1510,Agree,Neutral,Disagree,Disagree,Neutral,Dissatisfied,Dissatisfied,Dissatisfied,Rent,6-10 years,"$100,000-$149,999",Female,,False
1511,Disagree,Agree,Disagree,Disagree,Neutral,Very Dissatisfied,Dissatisfied,Satisfied,Own,6-10 years,"$200,000+",declined,declined,False
1512,Strongly Agree,Agree,Agree,Strongly Agree,Neutral,Satisfied,Satisfied,Very Satisfied,Rent,20+ years,"$100,000-$149,999",Female,white,False
1513,Agree,Neutral,Agree,Neutral,Neutral,Neutral,Satisfied,Satisfied,Own,11-19 years,"$100,000-$149,999",Female,other_or_multiracial,False
1514,Strongly Agree,Disagree,Disagree,Disagree,Neutral,Very Dissatisfied,Very Dissatisfied,Neutral,Own,20+ years,"Under $50,000",Male,white,False
1515,Agree,Disagree,Neutral,Disagree,Agree,Very Dissatisfied,Satisfied,Satisfied,Own,11-19 years,"$200,000+",Male,white,False
1516,Strongly Agree,Neutral,Strongly Disagree,Strongly Disagree,Strongly Disagree,Don't Know,Don't Know,Don't Know,Own,6-10 years,,declined,declined,True
1517,Agree,Agree,Agree,Agree,Agree,Very Satisfied,Very Satisfied,Very Satisfied,Own,3-5 years,"$100,000-$149,999",Male,white,False
1518,Agree,Agree,Neutral,Neutral,Agree,Neutral,Satisfied,Neutral,Own,20+ years,"$200,000+",Female,white,False
1519,Strongly Agree,Disagree,Strongly Disagree,Strongly Disagree,Strongly Disagree,Very Dissatisfied,Very Dissatisfied,Very Dissatisfied,,,,,,True
1520,Agree,Agree,Agree,Agree,Agree,Neutral,Satisfied,Satisfied,Own,20+ years,,Male,white,False
1521,Strongly Agree,Agree,Agree,Strongly Agree,Agree,Neutral,Satisfied,Dissatisfied,Own,11-19 years,"$200,000+",Female,white,False
1522,Strongly Agree,Neutral,Neutral,Neutral,Neutral,Very Dissatisfied,Dissatisfied,Satisfied,Own,11-19 years,"$200,000+",Female,white,False
1523,Agree,Strongly Disagree,Neutral,Disagree,Disagree,Dissatisfied,Dissatisfied,Dissatisfied,,20+ years,,,,True
1524,Agree,Agree,Agree,Agree,Agree,Satisfied,Satisfied,Satisfied,Rent,20+ years,"$50,000-$99,999",Female,white,False
1525,,,,,,,,,Own,20+ years,,declined,declined,True
1526,Agree,Neutral,Disagree,Neutral,Disagree,Very Dissatisfied,Neutral,Dissatisfied,Rent,6-10 years,,Female,other_or_multiracial,False
1527,,,,,,,,,,,"$200,000+",Female,,False
1528,Strongly Agree,Neutral,Neutral,Neutral,Agree,Neutral,Satisfied,Dissatisfied,Rent,declined,,declined,white,False
1529,Strongly Agree,Strongly Agree,Strongly Agree,Agree,Strongly Agree,Neutral,Very Satisfied,Very Satisfied,Own,11-19 years,"$200,000+",Female,white,False
1530,Strongly Agree,Neutral,Agree,Agree,Agree,Neutral,Satisfied,Very Dissatisfied,Own,11-19 years,,Female,declined,False
1531,Strongly Agree,Strongly Agree,Agree,Agree,Agree,Neutral,Neutral,Satisfied,Rent,20+ years,,,declined,True
1532,Strongly Agree,Strongly Agree,Strongly Agree,Agree,Strongly Agree,Very Satisfied,Very Satisfied,Very Satisfied,Own,20+ years,"$200,000+",Male,other_or_multiracial,False
1533,Strongly Agree,Neutral,Disagree,Disagree,Neutral,Very Dissatisfied,Dissatisfied,Dissatisfied,Own,20+ years,,Male,white,False
1534,Disagree,Disagree,Strongly Disagree,Strongly Disagree,Strongly Disagree,Very Dissatisfied,Very Dissatisfied,Dissatisfied,Own,20+ years,"$200,000+",Female,,False
1535,Strongly Agree,Neutral,Disagree,Disagree,Disagree,Very Dissatisfied,Neutral,Satisfied,Own,20+ years,,declined,,True
1536,Agree,Disagree,Strongly Disagree,Strongly Disagree,Disagree,Very Dissatisfied,Dissatisfied,Dissatisfied,Own,20+ years,,Female,white,False
1537,Strongly Agree,Strongly Disagree,Strongly Disagree,Strongly Disagree,Strongly Disagree,Very Dissatisfied,Very Dissatisfied,Very Dissatisfied,Own,20+ years,,declined,declined,True
1538,Strongly Agree,Strongly Disagree,Disagree,Strongly Disagree,Strongly Disagree,Very Dissatisfied,Very Dissatisfied,Very Dissatisfied,Own,11-19 years,,,,True
1539,Agree,Neutral,Neutral,Neutral,Neutral,Neutral,Dissatisfied,Very Satisfied,Own,20+ years,"$100,000-$149,999",declined,aapi,False
1540,Strongly Agree,Strongly Disagree,Strongly Disagree,Strongly Disagree,Strongly Disagree,Very Dissatisfied,Very Dissatisfied,Dissatisfied,Own,20+ years,"$150,000-$199,999",declined,declined,False
1541,Strongly Agree,Disagree,Disagree,Disagree,,Dissatisfied,Satisfied,Neutral,Own,20+ years,"$50,000-$99,999",Female,white,False
1542,Agree,Neutral,Neutral,Disagree,Disagree,Dissatisfied,Dissatisfied,Satisfied,Own,20+ years,"$200,000+",Female,white,False
1543,Agree,Strongly Agree,Strongly Agree,Strongly Agree,Strongly Agree,Very Satisfied,Very Satisfied,Very Satisfied,Own,11-19 years,"$200,000+",Female,white,False
1544,Strongly Agree,Neutral,Disagree,Strongly Disagree,Neutral,Very Dissatisfied,Neutral,Neutral,Own,20+ years,,declined,declined,True
1545,Neutral,Neutral,Neutral,Neutral,Neutral,Very Dissatisfied,Neutral,Very Dissatisfied,Own,20+ years,"$100,000-$149,999",Female,white,False
1546,Neutral,Agree,Agree,Agree,Agree,Neutral,Satisfied,Satisfied,Own,6-10 years,"$200,000+",Female,aapi,False
1547,,,,,,,,,Own,11-19 years,"$200,000+",Female,white,False
1548,Disagree,Neutral,Agree,Neutral,Neutral,Dissatisfied,Don't Know,Dissatisfied,Own,0-2 years,"$100,000-$149,999",Female,other_or_multiracial,False
1549,Strongly Agree,Strongly Agree,Strongly Agree,Strongly Agree,Strongly Agree,Very Satisfied,Very Satisfied,Very Satisfied,Own,,"$200,000+",Female,other_or_multiracial,False
1550,Agree,,Disagree,Disagree,Disagree,Very Dissatisfied,Neutral,Neutral,,20+ years,"Under $50,000",Female,white,False
1551,Agree,Agree,Agree,Neutral,Neutral,Satisfied,Satisfied,Don't Know,Own,20+ years,"$200,000+",Male,white,False
1552,Strongly Agree,Disagree,Agree,Strongly Agree,Agree,Neutral,Very Satisfied,Satisfied,Own,20+ years,"$200,000+",Female,white,False
1553,Strongly Agree,Agree,Neutral,Neutral,Neutral,Dissatisfied,Satisfied,Very Satisfied,Own,11-19 years,"$100,000-$149,999",Female,,False
1554,Strongly Agree,Agree,Agree,Neutral,Neutral,Neutral,Dissatisfied,Dissatisfied,Own,20+ years,"$50,000-$99,999",Female,declined,False
1555,Strongly Agree,Disagree,Disagree,Disagree,Agree,Very Dissatisfied,Dissatisfied,Dissatisfied,Own,20+ years,"$150,000-$199,999",Female,white,False
1556,Strongly Agree,Disagree,Disagree,Disagree,Disagree,Very Dissatisfied,Dissatisfied,Neutral,Own,20+ years,,,white,False
1557,,,,,,,,,Own,11-19 years,"Under $50,000",Female,white,False
1558,Disagree,Disagree,Neutral,Disagree,Strongly Disagree,Very Dissatisfied,Neutral,Satisfied,Own,20+ years,"$200,000+",Female,other_or_multiracial,False
1559,Agree,Disagree,Strongly Disagree,Strongly Disagree,Strongly Disagree,Dissatisfied,Dissatisfied,Neutral,Own,11-19 years,"$150,000-$199,999",declined,other_or_multiracial,False
1560,Agree,Agree,Neutral,Disagree,Neutral,Very Dissatisfied,Neutral,Neutral,Own,20+ years,"$150,000-$199,999",Female,white,False
1561,Disagree,Neutral,Agree,Agree,Agree,Neutral,Neutral,Very Satisfied,Own,6-10 years,"$100,000-$149,999",Female,hispanic,False
1562,Strongly Agree,Strongly Agree,Agree,Agree,Agree,Neutral,Satisfied,Satisfied,Own,11-19 years,"$150,000-$199,999",Female,white,False
1563,Strongly Disagree,Disagree,Neutral,Neutral,Neutral,Dissatisfied,Neutral,Satisfied,,,,,,True
1564,Strongly Agree,Neutral,Agree,Agree,Agree,Dissatisfied,Satisfied,Neutral,Own,20+ years,"$200,000+",Male,white,False
1565,Strongly Agree,Strongly Disagree,Agree,Disagree,Disagree,Very Dissatisfied,Dissatisfied,Neutral,Own,20+ years,,Female,white,False
1566,Agree,Agree,Strongly Agree,Strongly Agree,Strongly Agree,Satisfied,Satisfied,Satisfied,Own,3-5 years,"$100,000-$149,999",Non-binary,white,False
1567,Agree,Agree,Agree,Neutral,Neutral,Satisfied,Satisfied,Satisfied,Own,20+ years,"$150,000-$199,999",Female,white,False
1568,Strongly Agree,Agree,Agree,Strongly Agree,Strongly Agree,Satisfied,Satisfied,Very Satisfied,Own,20+ years,"$200,000+",Female,white,False
1569,,,,,,,,,,,,,,True
1570,Agree,Agree,,Disagree,Disagree,Very Dissatisfied,Dissatisfied,Dissatisfied,Own,20+ years,"$150,000-$199,999",Female,white,False
1571,Strongly Agree,Disagree,Neutral,Agree,Neutral,Very Dissatisfied,Satisfied,Dissatisfied,Own,20+ years,"$50,000-$99,999",Female,white,False
1572,Agree,Neutral,Agree,Neutral,Disagree,Dissatisfied,Satisfied,Dissatisfied,Own,20+ years,"$150,000-$199,999",Female,white,False
1573,Strongly Agree,Agree,Agree,Agree,Agree,Satisfied,Very Satisfied,Satisfied,Own,11-19 years,"$200,000+",Female,hispanic,False
1574,Strongly Agree,Neutral,Disagree,Disagree,Disagree,Very Dissatisfied,Dissatisfied,Very Dissatisfied,Own,20+ years,"$200,000+",Male,white,False
1575,,Strongly Disagree,Strongly Disagree,Strongly Disagree,,Very Dissatisfied,,Very Dissatisfied,Own,3-5 years,,,,True
1576,,,,,,,,,,,"$200,000+",Male,white,False
1577,Agree,Agree,Agree,Agree,Agree,Satisfied,Satisfied,Satisfied,Own,20+ years,"$50,000-$99,999",Female,white,False
1578,Strongly Agree,Disagree,Strongly Agree,Agree,Strongly Agree,Satisfied,Very Satisfied,Very Satisfied,Own,20+ years,"$200,000+",Male,white,False
1579,Strongly Agree,Strongly Disagree,Agree,Strongly Disagree,Strongly Disagree,Very Dissatisfied,Very Dissatisfied,Very Dissatisfied,Own,6-10 years,"$200,000+",Male,white,False
1580,Strongly Agree,Strongly Disagree,Strongly Disagree,Strongly Disagree,Strongly Disagree,Very Dissatisfied,Dissatisfied,Very Satisfied,Own,20+ years,"$200,000+",declined,declined,False
1581,Agree,Disagree,Agree,Neutral,Disagree,Dissatisfied,Satisfied,Satisfied,,20+ years,"$150,000-$199,999",declined,declined,False
1582,Strongly Agree,Disagree,Agree,Disagree,Agree,Dissatisfied,Satisfied,Neutral,Own,,"$200,000+",Female,white,False
1583,,,,,,,,,,,"$200,000+",Male,,False
1584,Neutral,Agree,Neutral,Neutral,Neutral,Very Dissatisfied,Satisfied,Satisfied,Own,11-19 years,"$150,000-$199,999",Male,white,False
1585,Strongly Agree,Neutral,Agree,Neutral,Agree,Dissatisfied,Dissatisfied,Dissatisfied,Rent,11-19 years,"$50,000-$99,999",Female,hispanic,False
1586,Strongly Agree,Agree,Agree,Agree,Agree,Satisfied,Satisfied,Satisfied,Own,20+ years,"$150,000-$199,999",Female,white,False
1587,,,,,,,,,Own,20+ years,"$200,000+",Female,white,False
1588,Strongly Agree,Strongly Disagree,Disagree,Disagree,Strongly Disagree,Very Dissatisfied,Very Dissatisfied,Very Dissatisfied,Own,20+ years,"$200,000+",Male,white,False
1589,,,,,,,,,,20+ years,"$200,000+",Female,white,False
1590,Agree,Agree,Neutral,Disagree,Disagree,Dissatisfied,Neutral,Dissatisfied,,,,,,True
1591,Agree,Neutral,Agree,Neutral,Agree,Neutral,Neutral,Satisfied,Rent,3-5 years,"$50,000-$99,999",,other_or_multiracial,False
1592,Agree,Neutral,Agree,Neutral,Neutral,Neutral,Very Satisfied,Neutral,Own,11-19 years,"$200,000+",Male,white,False
1593,Strongly Agree,Neutral,Agree,Agree,Disagree,Satisfied,Satisfied,Dissatisfied,Own,20+ years,"$200,000+",Male,white,False
1594,Strongly Agree,Strongly Disagree,Strongly Disagree,Strongly Disagree,Strongly Disagree,Very Dissatisfied,Very Dissatisfied,Very Dissatisfied,Own,20+ years,,Female,white,False
1595,Strongly Agree,Disagree,Disagree,Neutral,Neutral,Very Dissatisfied,Satisfied,Satisfied,Own,20+ years,,Male,white,False
1596,Disagree,Neutral,Agree,Agree,Agree,Very Dissatisfied,Satisfied,Satisfied,Own,0-2 years,"$200,000+",Male,white,False
1597,Strongly Agree,Strongly Agree,Strongly Agree,Agree,Strongly Agree,Very Satisfied,Very Satisfied,Very Satisfied,Own,11-19 years,,Female,,False
1598,Agree,Neutral,Disagree,Strongly Disagree,Disagree,Dissatisfied,Neutral,Neutral,Own,3-5 years,"$200,000+",Male,hispanic,False
1599,Neutral,Neutral,Neutral,Neutral,Neutral,Don't Know,Don't Know,Neutral,Own,20+ years,"$50,000-$99,999",declined,declined,False
1600,Neutral,Neutral,Agree,Neutral,Agree,Satisfied,Satisfied,Neutral,Own,6-10 years,"$200,000+",Female,,False
1601,Neutral,Disagree,Strongly Disagree,Strongly Disagree,Strongly Disagree,Very Dissatisfied,Very Dissatisfied,Don't Know,Own,11-19 years,,,,True
1602,,,,,,,,,Own,20+ years,"$200,000+",Male,white,False
1603,Strongly Agree,Strongly Disagree,Disagree,Strongly Disagree,Strongly Disagree,Very Dissatisfied,Neutral,Very Dissatisfied,Own,11-19 years,"$200,000+",Female,white,False
1604,Agree,Disagree,Disagree,Disagree,Disagree,Very Dissatisfied,Very Dissatisfied,Very Dissatisfied,Own,20+ years,"$50,000-$99,999",declined,declined,False
1605,Strongly Agree,Disagree,Disagree,Strongly Agree,Agree,Very Dissatisfied,Very Dissatisfied,Very Dissatisfied,Rent,3-5 years,"$200,000+",Female,hispanic,False
1606,Agree,Agree,Strongly Disagree,Strongly Disagree,Strongly Disagree,Very Dissatisfied,Dissatisfied,Very Dissatisfied,Own,6-10 years,"$200,000+",Male,white,False
1607,Agree,Disagree,Disagree,Disagree,Disagree,Very Dissatisfied,Dissatisfied,Very Dissatisfied,Own,20+ years,"$200,000+",Male,declined,False
1608,Strongly Agree,Strongly Agree,Neutral,Neutral,Neutral,Neutral,Very Satisfied,Satisfied,Own,6-10 years,"$200,000+",Male,hispanic,False
1609,Strongly Agree,Strongly Disagree,Agree,Agree,Agree,Neutral,Very Satisfied,Dissatisfied,Own,3-5 years,"$150,000-$199,999",Male,hispanic,False
1610,Strongly Agree,Agree,Strongly Agree,Strongly Agree,Strongly Agree,Very Satisfied,Very Satisfied,Very Satisfied,Own,20+ years,"$150,000-$199,999",Male,white,False
1611,Strongly Agree,Strongly Agree,Strongly Agree,Strongly Agree,Strongly Agree,Satisfied,Very Satisfied,Very Satisfied,Own,20+ years,"$100,000-$149,999",Female,white,False
1612,Strongly Agree,Strongly Disagree,Strongly Disagree,Strongly Disagree,Agree,Very Dissatisfied,Dissatisfied,Satisfied,,20+ years,"$200,000+",,,False
