district,seq,lon,lat,source
Washington,1,-77.16332168249637,38.88624366123647,noetzel1907
Washington,2,-77.16346003322734,38.886353928466754,noetzel1907
Washington,3,-77.16364709677589,38.88649882286086,noetzel1907
Washington,4,-77.1639069055043,38.88669949244905,noetzel1907
Washington,5,-77.16398302591894,38.88676077089055,noetzel1907
Washington,6,-77.16454406716194,38.88719827722768,noetzel1907
Washington,7,-77.16525748157238,38.88775559144236,noetzel1907
Washington,8,-77.16531975737551,38.887805727550635,noetzel1907
Washington,9,-77.16555530820894,38.887986895501314,noetzel1907
Washington,10,-77.1656765549065,38.88808166522129,noetzel1907
Washington,11,-77.1658011785184,38.8881819102952,noetzel1907
Washington,12,-77.16596052175537,38.88830454522152,noetzel1907
Washington,13,-77.16635878016031,38.88861662246072,noetzel1907
Washington,14,-77.16651812531578,38.88873925661705,noetzel1907
Washington,15,-77.16666011087302,38.88885070939589,noetzel1907
Washington,16,-77.16687484646374,38.889017908171894,noetzel1907
Washington,17,-77.16700293471544,38.88912096471509,noetzel1907
Washington,18,-77.16725229058751,38.88931601588379,noetzel1907
Washington,19,-77.1676368146052,38.88961145661406,noetzel1907
Washington,20,-77.16770610360122,38.88966441697099,noetzel1907
Washington,21,-77.16801786401896,38.889906856625,noetzel1907
Washington,22,-77.16810091521381,38.88997370290675,noetzel1907
Washington,23,-77.1685823303566,38.89034987364689,noetzel1907
Washington,24,-77.16877621692547,38.89050310235057,noetzel1907
Washington,25,-77.16900835846901,38.890681478393695,noetzel1907
Washington,26,-77.16923695309036,38.89085981377166,noetzel1907
Washington,27,-77.16934081381864,38.89094337101432,noetzel1907
Washington,28,-77.16956252113935,38.891116135665094,noetzel1907
Washington,29,-77.16975641187237,38.891269362720976,noetzel1907
Washington,30,-77.16996428866456,38.891428239848935,noetzel1907
Washington,31,-77.17015826661203,38.89157874863907,noetzel1907
Washington,32,-77.1704976555676,38.89184615344686,noetzel1907
Washington,33,-77.17078170265286,38.89206630358997,noetzel1907
Washington,34,-77.17102756601825,38.892261306843714,noetzel1907
Washington,35,-77.17118346507951,38.89238114936808,noetzel1907
Washington,36,-77.17141544673498,38.89256501065848,noetzel1907
Washington,37,-77.17177918118588,38.89284647195981,noetzel1907
Washington,38,-77.17195926805141,38.892988527587875,noetzel1907
Washington,39,-77.17214281685641,38.8931334229993,noetzel1907
Washington,40,-77.17231603095209,38.89326718977079,noetzel1907
Washington,41,-77.17211640258728,38.893421456146896,noetzel1907
Washington,42,-77.17199869234504,38.89351623599104,noetzel1907
Washington,43,-77.17183113784485,38.89364615035088,noetzel1907
Washington,44,-77.1716814018617,38.89376256335096,noetzel1907
Washington,45,-77.17144246569788,38.89395208229641,noetzel1907
Washington,46,-77.17141395413569,38.89397372794944,noetzel1907
Washington,47,-77.17121432186518,38.89412799276471,noetzel1907
Washington,48,-77.17097543411313,38.8943147653014,noetzel1907
Washington,49,-77.17073649424528,38.89450428278416,noetzel1907
Washington,50,-77.17057601229519,38.89463152939097,noetzel1907
Washington,51,-77.17047613387872,38.894710033439374,noetzel1907
Washington,52,-77.17047255410947,38.89471548495465,noetzel1907
Washington,53,-77.16980222416993,38.89523787710929,noetzel1907
Washington,54,-77.16940292901167,38.89554914665398,noetzel1907
Washington,55,-77.1690820060731,38.89580089049336,noetzel1907
Washington,56,-77.16863266941236,38.896155526719234,noetzel1907
Washington,57,-77.16821550798574,38.89648031985548,noetzel1907
Washington,58,-77.16804091325602,38.89661014904856,noetzel1907
Washington,59,-77.16803370175407,38.89662003531644,noetzel1907
Washington,60,-77.16802388591482,38.89662824444361,noetzel1907
Washington,61,-77.16801234863338,38.89663453929929,noetzel1907
Washington,62,-77.16778023159553,38.89683236624517,noetzel1907
Washington,63,-77.16775170192822,38.89685675682961,noetzel1907
Washington,64,-77.16749879407719,38.89704061734835,noetzel1907
Washington,65,-77.16729551320327,38.89720309969548,noetzel1907
Washington,66,-77.16688894686807,38.89752248888106,noetzel1907
Washington,67,-77.16682122473644,38.897573922077925,noetzel1907
Washington,68,-77.16669993637741,38.897671402075744,noetzel1907
Washington,69,-77.16636489025296,38.89792572428639,noetzel1907
Washington,70,-77.16628642381478,38.897987991801834,noetzel1907
Washington,71,-77.16602250881574,38.898196438348776,noetzel1907
Washington,72,-77.16569086901865,38.89845628937091,noetzel1907
Washington,73,-77.1655446268651,38.898572706856754,noetzel1907
Washington,74,-77.16533422485851,38.898737823506565,noetzel1907
Washington,75,-77.1651131285968,38.898911056307824,noetzel1907
Washington,76,-77.16488128682808,38.899095150634,noetzel1907
Washington,77,-77.16468875518237,38.899243993147785,noetzel1907
Washington,78,-77.1644177530728,38.89945510158414,noetzel1907
Washington,79,-77.16432497419427,38.899530935158865,noetzel1907
Washington,80,-77.16393272528131,38.89983677439284,noetzel1907
Washington,81,-77.16369745037831,38.900018081345685,noetzel1907
Washington,82,-77.16338714597735,38.90026169253482,noetzel1907
Washington,83,-77.1632087992087,38.90040520201134,noetzel1907
Washington,84,-77.16297699838564,38.90058657452983,noetzel1907
Washington,85,-77.16281654024485,38.90071106490405,noetzel1907
Washington,86,-77.16262410235201,38.900854413106586,noetzel1907
Washington,87,-77.16253850021128,38.90092208894086,noetzel1907
Washington,88,-77.16232808439473,38.9010872001068,noetzel1907
Washington,89,-77.16222818796416,38.90116569701207,noetzel1907
Washington,90,-77.16214975003793,38.90122793465832,noetzel1907
Washington,91,-77.16171108989458,38.901571709676006,noetzel1907
Washington,92,-77.16159701917148,38.90165831008261,noetzel1907
Washington,93,-77.16120118277942,38.90196681797701,noetzel1907
Washington,94,-77.16085524906846,38.902237476657085,noetzel1907
Washington,95,-77.160801777711,38.902278057345995,noetzel1907
Washington,96,-77.15972464388214,38.90312527634331,noetzel1907
Washington,97,-77.159599771642,38.903225454215985,noetzel1907
Washington,98,-77.1591182062881,38.90360714686428,noetzel1907
Washington,99,-77.15895416979284,38.90373433719238,noetzel1907
Washington,100,-77.15866174379279,38.90396169148543,noetzel1907
Washington,101,-77.15829796612616,38.90424586905524,noetzel1907
Washington,102,-77.15811605053099,38.90438933012405,noetzel1907
Washington,103,-77.15734203557344,38.90499834006872,noetzel1907
Washington,104,-77.15687827161025,38.90536649700276,noetzel1907
Washington,105,-77.15684256957897,38.90539629499648,noetzel1907
Washington,106,-77.15633255702892,38.90579412720199,noetzel1907
Washington,107,-77.15628615924098,38.90583204074389,noetzel1907
Washington,108,-77.15589740673339,38.9061351474115,noetzel1907
Washington,109,-77.15587596446456,38.906154124197066,noetzel1907
Washington,110,-77.15572261184482,38.9062731942502,noetzel1907
Washington,111,-77.154624156266,38.90712836105786,noetzel1907
Washington,112,-77.15447432959284,38.907244723861695,noetzel1907
Washington,113,-77.15416048347578,38.9074882978388,noetzel1907
Washington,114,-77.15396072496604,38.90764527821731,noetzel1907
Washington,115,-77.15368965954278,38.9078563614462,noetzel1907
Washington,116,-77.15351485621088,38.90799440493864,noetzel1907
Washington,117,-77.15314385545368,38.90828672198165,noetzel1907
Washington,118,-77.15294409249542,38.90844370059912,noetzel1907
Washington,119,-77.15255169474051,38.90875224654903,noetzel1907
Washington,120,-77.1523519291898,38.908909224140714,noetzel1907
Washington,121,-77.15203806909841,38.90915276488881,noetzel1907
Washington,122,-77.15194883002697,38.90922588339087,noetzel1907
Washington,123,-77.15157791974977,38.9095127045518,noetzel1907
Washington,124,-77.15153156866099,38.90954787075766,noetzel1907
Washington,125,-77.15132818155058,38.90971029708967,noetzel1907
Washington,126,-77.15128539570088,38.90974275811082,noetzel1907
Washington,127,-77.15110350377327,38.909883462695106,noetzel1907
Washington,128,-77.15107492758932,38.909907876197565,noetzel1907
Washington,129,-77.15102139385935,38.909951170321136,noetzel1907
Washington,130,-77.15081449057037,38.91011355540193,noetzel1907
Washington,131,-77.1505541037135,38.910316488597346,noetzel1907
Washington,132,-77.15034001500943,38.9104870558252,noetzel1907
Washington,133,-77.15000474714672,38.910746848824175,noetzel1907
Washington,134,-77.14979422197229,38.91091468253946,noetzel1907
Washington,135,-77.14937332377238,38.91124211255775,noetzel1907
Washington,136,-77.14927338245553,38.911323344063355,noetzel1907
Washington,137,-77.14913070478772,38.91143429028514,noetzel1907
Washington,138,-77.14877408627433,38.91170753693919,noetzel1907
Washington,139,-77.14870985223695,38.91175897246335,noetzel1907
Washington,140,-77.14859926409612,38.911845572979765,noetzel1907
Washington,141,-77.14808921171739,38.9122406233144,noetzel1907
Washington,142,-77.14802141097252,38.91229476344068,noetzel1907
Washington,143,-77.14775036226331,38.912503087293096,noetzel1907
Washington,144,-77.14748277420966,38.91271419637731,noetzel1907
Washington,145,-77.14716882914762,38.91296046929397,noetzel1907
Washington,146,-77.14665876096163,38.913355513304175,noetzel1907
Washington,147,-77.14653385266199,38.91345567702199,noetzel1907
Washington,148,-77.14621276934159,38.913707357211145,noetzel1907
Washington,149,-77.14597018538292,38.91389678287243,noetzel1907
Washington,150,-77.14587028835027,38.91397526601103,noetzel1907
Washington,151,-77.14576331111745,38.914056413475016,noetzel1907
Washington,152,-77.14546356616404,38.914294607509305,noetzel1907
Washington,153,-77.1450281694606,38.91463572235517,noetzel1907
Washington,154,-77.14430760096738,38.91520396363556,noetzel1907
Washington,155,-77.14383300592897,38.91558018269887,noetzel1907
Washington,156,-77.14361893797324,38.91574796457739,noetzel1907
Washington,157,-77.14337985442269,38.91593742535581,noetzel1907
Washington,158,-77.14295166130596,38.91627573244602,noetzel1907
Washington,159,-77.14262342048384,38.916532812294214,noetzel1907
Washington,160,-77.14232737685472,38.91676005711917,noetzel1907
Washington,161,-77.14212400043051,38.916919721799296,noetzel1907
Washington,162,-77.14194553455327,38.91706319796475,noetzel1907
Washington,163,-77.14181361991601,38.91716327574089,noetzel1907
Washington,164,-77.14081447796121,38.917948093862215,noetzel1907
Washington,165,-77.14077161350977,38.91798604221294,noetzel1907
Washington,166,-77.1407038018095,38.918040178035085,noetzel1907
Washington,167,-77.14059503159498,38.918122563269414,noetzel1907
Washington,168,-77.1405870053176,38.91812875878221,noetzel1907
Washington,169,-77.14057898112054,38.91813484447806,noetzel1907
Washington,170,-77.14057180398932,38.91814074775238,noetzel1907
Washington,171,-77.1405638180549,38.918146669129094,noetzel1907
Washington,172,-77.14010439918923,38.9185083027817,noetzel1907
Washington,173,-77.13982255282522,38.918727467632245,noetzel1907
Washington,174,-77.13947650968166,38.91899531676324,noetzel1907
Washington,175,-77.13940156324949,38.919054861258246,noetzel1907
Washington,176,-77.13908048245472,38.91930374872416,noetzel1907
Washington,177,-77.13905551695389,38.919322709126455,noetzel1907
Washington,178,-77.13855243963717,38.91971505328309,noetzel1907
Washington,179,-77.13822427157342,38.9199666297932,noetzel1907
Washington,180,-77.13797802669018,38.92016148873156,noetzel1907
Washington,181,-77.13774966525831,38.920340078406774,noetzel1907
Washington,182,-77.1375320028414,38.92051052619799,noetzel1907
Washington,183,-77.1373287089226,38.92066471905999,noetzel1907
Washington,184,-77.13706824507655,38.92086764925995,noetzel1907
Washington,185,-77.1368469601336,38.92104357326458,noetzel1907
Washington,186,-77.13664366375279,38.92119773746577,noetzel1907
Washington,187,-77.13644739534243,38.92135198287046,noetzel1907
Washington,188,-77.13624755892451,38.92150896001491,noetzel1907
Washington,189,-77.13601205557453,38.921692955488915,noetzel1907
Washington,190,-77.13586577009133,38.921806589912514,noetzel1907
Washington,191,-77.13560905650192,38.92199857639989,noetzel1907
Washington,192,-77.13549834884428,38.9220879368039,noetzel1907
Washington,193,-77.13522712276533,38.92230169458704,noetzel1907
Washington,194,-77.13509870358968,38.92240180550376,noetzel1907
Washington,195,-77.13503801689959,38.92245052882467,noetzel1907
Washington,196,-77.13480612637326,38.922629071848974,noetzel1907
Washington,197,-77.13457418241585,38.922810359811926,noetzel1907
Washington,198,-77.13443502593486,38.922918583284904,noetzel1907
Washington,199,-77.13432797013618,38.92300246555087,noetzel1907
Washington,200,-77.13401755397192,38.92324325269653,noetzel1907
Washington,201,-77.13385342804862,38.92337040732081,noetzel1907
Washington,202,-77.13355360460834,38.92360857038784,noetzel1907
Washington,203,-77.13341801189607,38.92371408809721,noetzel1907
Washington,204,-77.13314687760634,38.92392237763466,noetzel1907
Washington,205,-77.13310402271466,38.92395757731656,noetzel1907
Washington,206,-77.13265076482654,38.924314777807105,noetzel1907
Washington,207,-77.13252587022976,38.924412180941495,noetzel1907
Washington,208,-77.13234385192708,38.92455560134221,noetzel1907
Washington,209,-77.13215118440372,38.924704389533225,noetzel1907
Washington,210,-77.13187993792795,38.924918166897065,noetzel1907
Washington,211,-77.13182286628486,38.92496143863853,noetzel1907
Washington,212,-77.13151951431686,38.92519958295071,noetzel1907
Washington,213,-77.1313945642425,38.92529973026143,noetzel1907
Washington,214,-77.13111617919138,38.92551891476763,noetzel1907
Washington,215,-77.13087703003406,38.92570834961744,noetzel1907
Washington,216,-77.13047751844779,38.92601124774261,noetzel1907
Washington,217,-77.13032759584993,38.926130324983774,noetzel1907
Washington,218,-77.13025982100817,38.92618170926192,noetzel1907
Washington,219,-77.1300885474719,38.92631426739797,noetzel1907
Washington,220,-77.12977091600062,38.92656319737299,noetzel1907
Washington,221,-77.12929978917808,38.92693390678733,noetzel1907
Washington,222,-77.12907138456717,38.92711247927751,noetzel1907
Washington,223,-77.12890724101771,38.92723962686335,noetzel1907
Washington,224,-77.1285609584981,38.92751567944206,noetzel1907
Washington,225,-77.12830401220631,38.92771588546568,noetzel1907
Washington,226,-77.1281790532567,38.92781602929067,noetzel1907
Washington,227,-77.12785427393696,38.92807036272628,noetzel1907
Washington,228,-77.12770790997355,38.92818673220013,noetzel1907
Washington,229,-77.12748668458518,38.92835714744199,noetzel1907
Washington,230,-77.12734388676337,38.928470812104784,noetzel1907
Washington,231,-77.12725113626571,38.92854112502433,noetzel1907
Washington,232,-77.12685855261857,38.928849611388266,noetzel1907
Washington,233,-77.12656943777426,38.92907689790477,noetzel1907
Washington,234,-77.12633388473712,38.929260873613494,noetzel1907
Washington,235,-77.12608761024961,38.92945573501943,noetzel1907
Washington,236,-77.12584840005636,38.929645131572975,noetzel1907
Washington,237,-77.12556998170888,38.92986427523396,noetzel1907
Washington,238,-77.12537015039119,38.93001848813048,noetzel1907
Washington,239,-77.12536300386157,38.93002450068416,noetzel1907
Washington,240,-77.12523091339159,38.93012944589219,noetzel1907
Washington,241,-77.12522021093378,38.93013755872917,noetzel1907
Washington,242,-77.12172592904889,38.9328673840762,noetzel1907
Washington,243,-77.12122250350006,38.93326788879936,noetzel1907
Washington,244,-77.12114401199194,38.933327380187585,noetzel1907
Washington,245,-77.11989461407569,38.93430951739172,noetzel1907
Washington,246,-77.11982574005665,38.93423456634015,noetzel1907
Washington,247,-77.11945866925693,38.93412590681426,noetzel1907
Washington,248,-77.1193619927935,38.934034152837825,noetzel1907
Washington,249,-77.1192893930861,38.93397014173366,noetzel1907
Washington,250,-77.11890089235283,38.933696468014546,noetzel1907
Washington,251,-77.11869469874839,38.93344964983265,noetzel1907
Washington,252,-77.11848158237824,38.93319725785775,noetzel1907
Washington,253,-77.11828215707514,38.93296424850457,noetzel1907
Washington,254,-77.11809668711686,38.93273689489645,noetzel1907
Washington,255,-77.1178423481179,38.93243458873197,noetzel1907
Washington,256,-77.11774604649719,38.93232361565354,noetzel1907
Washington,257,-77.11758875233375,38.93209384652945,noetzel1907
Washington,258,-77.11735619554412,38.93175609724956,noetzel1907
Washington,259,-77.11718180586396,38.931501412272425,noetzel1907
Washington,260,-77.11705160840863,38.93114289850889,noetzel1907
Washington,261,-77.11686142808259,38.93061342575124,noetzel1907
Washington,262,-77.11658090539372,38.92984673187403,noetzel1907
Washington,263,-77.11646403153959,38.929526818282696,noetzel1907
Washington,264,-77.11648835180966,38.929359597656344,noetzel1907
Washington,265,-77.11675384953983,38.92908262931587,noetzel1907
Washington,266,-77.11644530581171,38.92867533300027,noetzel1907
Washington,267,-77.11626006469747,38.928436994664,noetzel1907
Washington,268,-77.11613431056743,38.92821308659419,noetzel1907
Washington,269,-77.1157801529747,38.92779978663953,noetzel1907
Washington,270,-77.11562460538345,38.927666118127085,noetzel1907
Washington,271,-77.11547614086004,38.92752432225341,noetzel1907
Washington,272,-77.1152994353723,38.92739043147842,noetzel1907
Washington,273,-77.11515388563026,38.92728162172735,noetzel1907
Washington,274,-77.11257806509546,38.92450250168712,noetzel1907
Washington,275,-77.10956839831856,38.92217397314901,noetzel1907
Washington,276,-77.10887429685728,38.921712664195546,noetzel1907
Washington,277,-77.10876694762136,38.92162901256779,noetzel1907
Washington,278,-77.1086732482852,38.921564744627005,noetzel1907
Washington,279,-77.10848292007452,38.92141148705834,noetzel1907
Washington,280,-77.10843132273969,38.92135320952046,noetzel1907
Washington,281,-77.1082929310361,38.921238983547376,noetzel1907
Washington,282,-77.108284255328,38.92123319652509,noetzel1907
Washington,283,-77.10827646621361,38.92122700809879,noetzel1907
Washington,284,-77.1082686850929,38.92122040786289,noetzel1907
Washington,285,-77.10826178950016,38.92121346113111,noetzel1907
Washington,286,-77.10825578103378,38.921206085541826,noetzel1907
Washington,287,-77.10825065596369,38.92119847327272,noetzel1907
Washington,288,-77.1082455356902,38.9211906139179,noetzel1907
Washington,289,-77.10824130094407,38.92118240806769,noetzel1907
Washington,290,-77.10823794852811,38.92117402044576,noetzel1907
Washington,291,-77.1082354768435,38.92116553341408,noetzel1907
Washington,292,-77.10823300782367,38.92115690911262,noetzel1907
Washington,293,-77.10823159004256,38.921139400140575,noetzel1907
Washington,294,-77.10822911409717,38.92113113274021,noetzel1907
Washington,295,-77.10822663655385,38.92112294770156,noetzel1907
Washington,296,-77.10822167827189,38.92110674234772,noetzel1907
Washington,297,-77.10821495906565,38.92109070835874,noetzel1907
Washington,298,-77.10821159813155,38.92108275999892,noetzel1907
Washington,299,-77.10820735593585,38.92107493850241,noetzel1907
Washington,300,-77.10820399180623,38.921067154865995,noetzel1907
Washington,301,-77.10819974694805,38.92105947063885,noetzel1907
Washington,302,-77.10819462349296,38.92105177600518,noetzel1907
Washington,303,-77.10819037543956,38.92104425650135,noetzel1907
Washington,304,-77.10818524878945,38.9210367265909,noetzel1907
Washington,305,-77.10818011894327,38.921029361403875,noetzel1907
Washington,306,-77.1081749869667,38.921022106032304,noetzel1907
Washington,307,-77.10816897692668,38.92101481280006,noetzel1907
Washington,308,-77.1081638417551,38.92100772215163,noetzel1907
Washington,309,-77.10815180782643,38.92099384948803,noetzel1907
Washington,310,-77.1081449090696,38.920987067472645,noetzel1907
Washington,311,-77.10813888677953,38.92098040567939,noetzel1907
Washington,312,-77.10813198322934,38.920973870748696,noetzel1907
Washington,313,-77.10812507754892,38.92096744563332,noetzel1907
Washington,314,-77.10811816973822,38.920961130333325,noetzel1907
Washington,315,-77.10811038120058,38.92095491444164,noetzel1907
Washington,316,-77.10810346912929,38.920948818772246,noetzel1907
Washington,317,-77.10809567473251,38.92094290487292,noetzel1907
Washington,318,-77.10808787767257,38.920937128242805,noetzel1907
Washington,319,-77.1080800779494,38.92093148888185,noetzel1907
Washington,320,-77.10807139749961,38.92092594892881,noetzel1907
Washington,321,-77.10806359138418,38.92092063901399,noetzel1907
Washington,322,-77.10805490560794,38.92091537359915,noetzel1907
Washington,323,-77.10804621610265,38.92091030036125,noetzel1907
Washington,324,-77.10803752340112,38.920905391846325,noetzel1907
Washington,325,-77.10802882750332,38.920900648054406,noetzel1907
Washington,326,-77.10802012787626,38.92089609643941,noetzel1907
Washington,327,-77.10801054858861,38.92089158932389,noetzel1907
Washington,328,-77.1080018441675,38.92088728479303,noetzel1907
Washington,329,-77.1079922552895,38.92088327184695,noetzel1907
Washington,330,-77.1079826664126,38.92087925890006,noetzel1907
Washington,331,-77.10797307327329,38.920875465583926,noetzel1907
Washington,332,-77.10796262712043,38.92087034406976,noetzel1907
Washington,333,-77.10795306542693,38.92086493096946,noetzel1907
Washington,334,-77.10794351119607,38.92085913351327,noetzel1907
Washington,335,-77.10793484142452,38.9208530444712,noetzel1907
Washington,336,-77.10792614553988,38.92084830067161,noetzel1907
Washington,337,-77.10791748639902,38.920843474925896,noetzel1907
Washington,338,-77.1079087601695,38.9208384836232,noetzel1907
Washington,339,-77.10790007068385,38.92083341037437,noetzel1907
Washington,340,-77.1078913833313,38.920828227309144,noetzel1907
Washington,341,-77.10788269864484,38.92082290697354,noetzel1907
Washington,342,-77.10787489521945,38.920817459776416,noetzel1907
Washington,343,-77.1078670923282,38.92081198512472,noetzel1907
Washington,344,-77.10785841457422,38.92080630788609,noetzel1907
Washington,345,-77.10785061701526,38.92080055869394,noetzel1907
Washington,346,-77.1078428210565,38.92079472713946,noetzel1907
Washington,347,-77.10783590742443,38.9207887138159,noetzel1907
Washington,348,-77.10782811679802,38.92078260772098,noetzel1907
Washington,349,-77.10782120636632,38.92077642967291,noetzel1907
Washington,350,-77.10781341894048,38.92077015885336,noetzel1907
Washington,351,-77.10780651170923,38.920763816080736,noetzel1907
Washington,352,-77.10779270417939,38.920750773633095,noetzel1907
Washington,353,-77.10778668247488,38.92074408436742,noetzel1907
Washington,354,-77.10777981838733,38.92073733020047,noetzel1907
Washington,355,-77.10777376314046,38.92073055815592,noetzel1907
Washington,356,-77.1077677462365,38.92072362180378,noetzel1907
Washington,357,-77.10776173093278,38.92071660308952,noetzel1907
Washington,358,-77.10775571722927,38.92070950201311,noetzel1907
Washington,359,-77.10775058265344,38.92070238389217,noetzel1907
Washington,360,-77.10774457215035,38.92069511809151,noetzel1907
Washington,361,-77.10773434720909,38.92068041554767,noetzel1907
Washington,362,-77.10772829890065,38.92067328659949,noetzel1907
Washington,363,-77.10772316379713,38.92066619593116,noetzel1907
Washington,364,-77.10771715170074,38.92065901249084,noetzel1907
Washington,365,-77.1077111385395,38.92065188395813,noetzel1907
Washington,366,-77.10770600503831,38.920644710927185,noetzel1907
Washington,367,-77.10769999294546,38.92063752748599,noetzel1907
Washington,368,-77.10769482643482,38.92063024422242,noetzel1907
Washington,369,-77.10768888463167,38.92062306161339,noetzel1907
Washington,370,-77.10768371812325,38.920615778349294,noetzel1907
Washington,371,-77.10767770763421,38.92060851254503,noetzel1907
Washington,372,-77.10766744437706,38.92059397430231,noetzel1907
Washington,373,-77.10766143602366,38.92058659868143,noetzel1907
Washington,374,-77.10764091592311,38.9205571927447,noetzel1907
Washington,375,-77.1076152746167,38.920519982328386,noetzel1907
Washington,376,-77.1076110261225,38.92051249025651,noetzel1907
Washington,377,-77.10759564700496,38.920489872991496,noetzel1907
Washington,378,-77.10759139851459,38.92048238091881,noetzel1907
Washington,379,-77.10758627356674,38.92047476861926,noetzel1907
Washington,380,-77.10758202561134,38.920467249092304,noetzel1907
Washington,381,-77.10757690066558,38.920459636792344,noetzel1907
Washington,382,-77.1075726537782,38.920452062357114,noetzel1907
Washington,383,-77.10756753096688,38.920444340240905,noetzel1907
Washington,384,-77.10756328514758,38.92043671089746,noetzel1907
Washington,385,-77.10747058267874,38.92032305275081,noetzel1907
Washington,386,-77.10735290737385,38.92022829328136,noetzel1907
Washington,387,-77.10734512218116,38.92022191261413,noetzel1907
Washington,388,-77.10733822464121,38.92021507564208,noetzel1907
Washington,389,-77.10733221635343,38.92020770000364,noetzel1907
Washington,390,-77.10732797323907,38.920199933381475,noetzel1907
Washington,391,-77.1073237370569,38.92019180985786,noetzel1907
Washington,392,-77.10732126444798,38.92018337771261,noetzel1907
Washington,393,-77.10731967469201,38.9201747363487,noetzel1907
Washington,394,-77.10731899866671,38.92016610581416,noetzel1907
Washington,395,-77.10731916715123,38.92015743036817,noetzel1907
Washington,396,-77.10732105606603,38.92014885769332,noetzel1907
Washington,397,-77.10732385604442,38.92014043311755,noetzel1907
Washington,398,-77.10732752927686,38.92013229349395,noetzel1907
Washington,399,-77.10733204008639,38.92012446585994,noetzel1907
Washington,400,-77.10733837035681,38.92011707169352,noetzel1907
Washington,401,-77.10734465695174,38.92011011637332,noetzel1907
Washington,402,-77.10735009534987,38.92010158576532,noetzel1907
Washington,403,-77.10735203913003,38.92009199771042,noetzel1907
Washington,404,-77.10734870446355,38.92008270408055,noetzel1907
Washington,405,-77.10729668245726,38.920046389179376,noetzel1907
Washington,406,-77.10719737441498,38.92009189457445,noetzel1907
Washington,407,-77.10718758199502,38.92009836896812,noetzel1907
Washington,408,-77.10717524499799,38.920100117494734,noetzel1907
Washington,409,-77.10716301144855,38.920096539955125,noetzel1907
Washington,410,-77.1071552556153,38.92008864930822,noetzel1907
Washington,411,-77.10700421579445,38.919900129086955,noetzel1907
Washington,412,-77.10680527326298,38.91964788209424,noetzel1907
Washington,413,-77.1065920797156,38.91940370382176,noetzel1907
Washington,414,-77.10630982885347,38.91909554745301,noetzel1907
Washington,415,-77.10607700155417,38.91859575471076,noetzel1907
Washington,416,-77.10589826236827,38.918387682131254,noetzel1907
Washington,417,-77.10587142922077,38.918321459095054,noetzel1907
Washington,418,-77.10578824309447,38.91826280550658,noetzel1907
Washington,419,-77.1056658138915,38.91786867071401,noetzel1907
Washington,420,-77.10564681031624,38.917761350090416,noetzel1907
Washington,421,-77.10555161494356,38.91759545868191,noetzel1907
Washington,422,-77.10554312674127,38.91758006256791,noetzel1907
Washington,423,-77.10553800221824,38.917572450173225,noetzel1907
Washington,424,-77.10553375625102,38.917564848204606,noetzel1907
Washington,425,-77.1055285944525,38.91755734520822,noetzel1907
Washington,426,-77.10551324642903,38.91753500260969,noetzel1907
Washington,427,-77.10550811657387,38.917527664753145,noetzel1907
Washington,428,-77.10550298565207,38.917520381804295,noetzel1907
Washington,429,-77.10549697564333,38.91751311588258,noetzel1907
Washington,430,-77.1054918431221,38.91750591529509,noetzel1907
Washington,431,-77.10547981670422,38.91749171289759,noetzel1907
Washington,432,-77.10547467991533,38.91748473194094,noetzel1907
Washington,433,-77.10546866617538,38.9174776581954,noetzel1907
Washington,434,-77.10546177121374,38.917470711292474,noetzel1907
Washington,435,-77.10545575267142,38.91746388463183,noetzel1907
Washington,436,-77.10544973306247,38.91745711287879,noetzel1907
Washington,437,-77.1054428343675,38.91745035815243,noetzel1907
Washington,438,-77.10543681369316,38.91744364130659,noetzel1907
Washington,439,-77.10542991339905,38.91743696894126,noetzel1907
Washington,440,-77.10541610694192,38.9174239262029,noetzel1907
Washington,441,-77.10540229621867,38.91741110309454,noetzel1907
Washington,442,-77.10539538845637,38.91740481508248,noetzel1907
Washington,443,-77.10538760160873,38.91739854409662,noetzel1907
Washington,444,-77.10538069171334,38.91739236589952,noetzel1907
Washington,445,-77.1053729016649,38.917386259636395,noetzel1907
Washington,446,-77.10536599017023,38.91738016380029,noetzel1907
Washington,447,-77.105350403139,38.91736830817291,noetzel1907
Washington,448,-77.10534260775663,38.91736247644729,noetzel1907
Washington,449,-77.10533481077375,38.917356727082975,noetzel1907
Washington,450,-77.10532792918471,38.91734909382311,noetzel1907
Washington,451,-77.10532015409532,38.917342218845704,noetzel1907
Washington,452,-77.10531148070027,38.91733634923615,noetzel1907
Washington,453,-77.10530103151545,38.91733141965826,noetzel1907
Washington,454,-77.10529055670322,38.91732780786928,noetzel1907
Washington,455,-77.10527918305065,38.91732522890142,noetzel1907
Washington,456,-77.10526778323566,38.91732399517618,noetzel1907
Washington,457,-77.10525547870594,38.91732409626528,noetzel1907
Washington,458,-77.10524402870006,38.917325443209485,noetzel1907
Washington,459,-77.10523260752741,38.917325307639025,noetzel1907
Washington,460,-77.10522209961397,38.91732339798909,noetzel1907
Washington,461,-77.10521162427291,38.917319813647026,noetzel1907
Washington,462,-77.10520293487042,38.917314767648,noetzel1907
Washington,463,-77.10519603087268,38.91730828744643,noetzel1907
Washington,464,-77.10519002411668,38.917300856784856,noetzel1907
Washington,465,-77.10518666850118,38.91729266124505,noetzel1907
Washington,466,-77.10518507853251,38.91728404729962,noetzel1907
Washington,467,-77.10518612528556,38.91727540973292,noetzel1907
Washington,468,-77.1051889227327,38.91726712247137,noetzel1907
Washington,469,-77.10518733276433,38.91725850852597,noetzel1907
Washington,470,-77.10518662294906,38.91724982264748,noetzel1907
Washington,471,-77.10518503084546,38.91724131851777,noetzel1907
Washington,472,-77.10518256179355,38.917232721597244,noetzel1907
Washington,473,-77.10518009167428,38.91722417958457,noetzel1907
Washington,474,-77.1051751471657,38.9172073151906,noetzel1907
Washington,475,-77.10517267331032,38.91719896535541,noetzel1907
Washington,476,-77.1051659652975,38.917182409550435,noetzel1907
Washington,477,-77.1051626096903,38.91717421400965,noetzel1907
Washington,478,-77.1051583755341,38.91716600803966,noetzel1907
Washington,479,-77.10514990028274,38.91714995300059,noetzel1907
Washington,480,-77.10514569486351,38.917142076894706,noetzel1907
Washington,481,-77.10514054007794,38.917134216979065,noetzel1907
Washington,482,-77.10513029438609,38.91711882742882,noetzel1907
Washington,483,-77.10512428978873,38.91711128694776,noetzel1907
Washington,484,-77.10511916267367,38.91710381180364,noetzel1907
Washington,485,-77.10511315434076,38.917096463499654,noetzel1907
Washington,486,-77.10510714280504,38.91708927991908,noetzel1907
Washington,487,-77.10510028786369,38.91708208632581,noetzel1907
Washington,488,-77.10509423584851,38.91707517686694,noetzel1907
Washington,489,-77.10508734149583,38.91706820248734,noetzel1907
Washington,490,-77.10454791047285,38.916474833533464,noetzel1907
Washington,491,-77.10454085601502,38.91646706086924,noetzel1907
Washington,492,-77.10424906807461,38.916252645127734,noetzel1907
Washington,493,-77.10419337268094,38.91617954324111,noetzel1907
Washington,494,-77.1041899456293,38.91617502650074,noetzel1907
Washington,495,-77.10419038486243,38.91615245934749,noetzel1907
Washington,496,-77.10411388635067,38.916064638711326,noetzel1907
Washington,497,-77.10410528802184,38.91605492545659,noetzel1907
Washington,498,-77.10399737803309,38.91577508607626,noetzel1907
Washington,499,-77.10399319753475,38.91576413466531,noetzel1907
Washington,500,-77.1039927562106,38.91569652214024,noetzel1907
Washington,501,-77.10397886697969,38.915687762044875,noetzel1907
Washington,502,-77.10397859935728,38.91561122698117,noetzel1907
Washington,503,-77.10397162108039,38.91542801125722,noetzel1907
Washington,504,-77.10386383855564,38.91518683732738,noetzel1907
Washington,505,-77.10385877050082,38.91517634218856,noetzel1907
Washington,506,-77.10356882522021,38.91485864078019,noetzel1907
Washington,507,-77.1035636658191,38.91485284025563,noetzel1907
Washington,508,-77.10351593698336,38.91473172220227,noetzel1907
Washington,509,-77.10351426066775,38.91472755577078,noetzel1907
Washington,510,-77.10351414572396,38.9145980789994,noetzel1907
Washington,511,-77.10351425638493,38.91459239602845,noetzel1907
Washington,512,-77.10352761751912,38.91458313593821,noetzel1907
Washington,513,-77.10352822943392,38.91450658383864,noetzel1907
Washington,514,-77.10352828213651,38.91432336920353,noetzel1907
Washington,515,-77.1035276094377,38.91431278898451,noetzel1907
Washington,516,-77.103513719997,38.914304056285,noetzel1907
Washington,517,-77.10351381867908,38.91420693029826,noetzel1907
Washington,518,-77.1035140325155,38.91419594871074,noetzel1907
Washington,519,-77.10349938686582,38.914182730988536,noetzel1907
Washington,520,-77.10349921438419,38.91410133654096,noetzel1907
Washington,521,-77.10349929724656,38.9140970811757,noetzel1907
Washington,522,-77.10347358165679,38.91401878821204,noetzel1907
Washington,523,-77.10347195668245,38.91401198619807,noetzel1907
Washington,524,-77.10347107893466,38.91392168621863,noetzel1907
Washington,525,-77.10347124947376,38.91391292840201,noetzel1907
Washington,526,-77.1034574488627,38.91389963833572,noetzel1907
Washington,527,-77.10345728775758,38.91368228794227,noetzel1907
Washington,528,-77.10345744172494,38.91367438119826,noetzel1907
Washington,529,-77.10347164659645,38.91366510368236,noetzel1907
Washington,530,-77.10347162048514,38.913577999214986,noetzel1907
Washington,531,-77.10349980626647,38.91352942737837,noetzel1907
Washington,532,-77.10349901326836,38.9134780946008,noetzel1907
Washington,533,-77.10347834157344,38.91341334459353,noetzel1907
Washington,534,-77.10347338115507,38.913397331184385,noetzel1907
Washington,535,-77.10347002431456,38.913389217949,noetzel1907
Washington,536,-77.10346754277036,38.9133812798792,noetzel1907
Washington,537,-77.10346418432745,38.913373249005566,noetzel1907
Washington,538,-77.10346170385365,38.9133652560276,noetzel1907
Washington,539,-77.10345834380833,38.91335730751573,noetzel1907
Washington,540,-77.10345586173193,38.91334939689952,noetzel1907
Washington,541,-77.1034525032918,38.91334136602552,noetzel1907
Washington,542,-77.10344914111019,38.91333352732919,noetzel1907
Washington,543,-77.10344242049142,38.91331765775842,noetzel1907
Washington,544,-77.10343905884662,38.91330979160786,noetzel1907
Washington,545,-77.10343569827178,38.913301870549155,noetzel1907
Washington,546,-77.10342897445126,38.91328616570132,noetzel1907
Washington,547,-77.10342561067094,38.91327840936616,noetzel1907
Washington,548,-77.10342224902982,38.91327054321501,noetzel1907
Washington,549,-77.10341800674925,38.913262776437506,noetzel1907
Washington,550,-77.10341464297123,38.91325502010197,noetzel1907
Washington,551,-77.10341040069238,38.913247253324165,noetzel1907
Washington,552,-77.10340703745052,38.913239469534425,noetzel1907
Washington,553,-77.10340279517344,38.91323170275632,noetzel1907
Washington,554,-77.10339942979462,38.91322402878219,noetzel1907
Washington,555,-77.10338245428314,38.9131932911152,noetzel1907
Washington,556,-77.10337908730438,38.91318569950237,noetzel1907
Washington,557,-77.10337484182566,38.91317809744697,noetzel1907
Washington,558,-77.10336971784727,38.91317048494896,noetzel1907
Washington,559,-77.10336547237046,38.913162882893225,noetzel1907
Washington,560,-77.10335273113363,38.91314032381075,noetzel1907
Washington,561,-77.10334760555637,38.91313279367363,noetzel1907
Washington,562,-77.10334335848017,38.913125273978935,noetzel1907
Washington,563,-77.10333823183568,38.913117798749305,noetzel1907
Washington,564,-77.10333398208812,38.91311041632411,noetzel1907
Washington,565,-77.10332885491096,38.913102968548046,noetzel1907
Washington,566,-77.10332460623455,38.913095531214545,noetzel1907
Washington,567,-77.10330921936587,38.913073462424016,noetzel1907
Washington,568,-77.1033040884513,38.91306620682462,noetzel1907
Washington,569,-77.10329983817563,38.913058851852085,noetzel1907
Washington,570,-77.10329470726307,38.913051596252224,noetzel1907
Washington,571,-77.1032886983872,38.91304430275512,noetzel1907
Washington,572,-77.1032784333594,38.91302995627802,noetzel1907
Washington,573,-77.10327330245107,38.91302270067718,noetzel1907
Washington,574,-77.10326816887039,38.913015582345984,noetzel1907
Washington,575,-77.1032621583962,38.91300837120937,noetzel1907
Washington,576,-77.1032518550308,38.91299418903592,noetzel1907
Washington,577,-77.1032459116318,38.91298714345777,noetzel1907
Washington,578,-77.10323989902346,38.91298004213584,noetzel1907
Washington,579,-77.10323472763581,38.912973060655226,noetzel1907
Washington,580,-77.10322871396039,38.91296601424069,noetzel1907
Washington,581,-77.10322269814738,38.91295907764171,noetzel1907
Washington,582,-77.10321756083343,38.912952151486046,noetzel1907
Washington,583,-77.10320552921306,38.91293827828656,noetzel1907
Washington,584,-77.10318747644416,38.91291774302469,noetzel1907
Washington,585,-77.10316941940789,38.91289742739181,noetzel1907
Washington,586,-77.1031625197621,38.91289075488539,noetzel1907
Washington,587,-77.10315650075349,38.91288398300676,noetzel1907
Washington,588,-77.10315047800297,38.9128774033056,noetzel1907
Washington,589,-77.1031435788956,38.91287070334408,noetzel1907
Washington,590,-77.1031375566821,38.91286409618832,noetzel1907
Washington,591,-77.10313065543828,38.91285750604189,noetzel1907
Washington,592,-77.10312463108818,38.91285100870133,noetzel1907
Washington,593,-77.10311773038156,38.91284439110017,noetzel1907
Washington,594,-77.10311082593304,38.91283796567645,noetzel1907
Washington,595,-77.10310480212111,38.91283144088085,noetzel1907
Washington,596,-77.10308408878653,38.91281216460605,noetzel1907
Washington,597,-77.10307027722924,38.912799451024,noetzel1907
Washington,598,-77.1030495542875,38.91278066891454,noetzel1907
Washington,599,-77.10303573525572,38.91276833968397,noetzel1907
Washington,600,-77.10302794751345,38.91276215089607,noetzel1907
Washington,601,-77.1030141258151,38.91274995893281,noetzel1907
Washington,602,-77.1030063359376,38.9127438799593,noetzel1907
Washington,603,-77.10299942348708,38.91273786633853,noetzel1907
Washington,604,-77.10299163200781,38.91273186972598,noetzel1907
Washington,605,-77.1029847195597,38.91272585610431,noetzel1907
Washington,606,-77.10297692701337,38.912719914398735,noetzel1907
Washington,607,-77.1029700124285,38.912714010592055,noetzel1907
Washington,608,-77.10294662891818,38.91269648746452,noetzel1907
Washington,609,-77.10293971166404,38.91269072092595,noetzel1907
Washington,610,-77.10293188024185,38.91268497097733,noetzel1907
Washington,611,-77.10290852172868,38.91266796988548,noetzel1907
Washington,612,-77.10288512327344,38.91265121545685,noetzel1907
Washington,613,-77.10287732165149,38.912645740462175,noetzel1907
Washington,614,-77.10286864260637,38.912640200112776,noetzel1907
Washington,615,-77.10285303722924,38.91262935993658,noetzel1907
Washington,616,-77.1028443539093,38.91262403921719,noetzel1907
Washington,617,-77.10283655122375,38.912618619127706,noetzel1907
Washington,618,-77.10282874479547,38.912613391215544,noetzel1907
Washington,619,-77.10282006201412,38.91260804304035,noetzel1907
Washington,620,-77.10281225398366,38.912602897489016,noetzel1907
Washington,621,-77.10280356960024,38.91259763167453,noetzel1907
Washington,622,-77.10279576157211,38.912592486122065,noetzel1907
Washington,623,-77.10278707558658,38.912587302668285,noetzel1907
Washington,624,-77.10277838746289,38.912582229029745,noetzel1907
Washington,625,-77.10277057783362,38.91257716583754,noetzel1907
Washington,626,-77.10275319838303,38.91256718328121,noetzel1907
Washington,627,-77.10274270674404,38.91256447724185,noetzel1907
Washington,628,-77.10273223008244,38.91256100249018,noetzel1907
Washington,629,-77.10272176839855,38.9125567590262,noetzel1907
Washington,630,-77.1027130754692,38.912551932468624,noetzel1907
Washington,631,-77.10270351742041,38.9125464091135,noetzel1907
Washington,632,-77.10269569084693,38.91254041206313,noetzel1907
Washington,633,-77.1026879468568,38.912533784406584,noetzel1907
Washington,634,-77.10268193434175,38.91252668305526,noetzel1907
Washington,635,-77.10267593038624,38.91251914244,noetzel1907
Washington,636,-77.10267081348283,38.9125111730085,noetzel1907
Washington,637,-77.1026665793521,38.91250299439263,noetzel1907
Washington,638,-77.10263959091623,38.91244500670954,noetzel1907
Washington,639,-77.10263623581935,38.91243681108645,noetzel1907
Washington,640,-77.10263291104862,38.91242886296697,noetzel1907
Washington,641,-77.10262775366763,38.91242116765523,noetzel1907
Washington,642,-77.10262174437747,38.91241390157674,noetzel1907
Washington,643,-77.10261572866948,38.912406964945696,noetzel1907
Washington,644,-77.10260882644775,38.91240042967582,noetzel1907
Washington,645,-77.10260015440711,38.912394532404555,noetzel1907
Washington,646,-77.10259235229991,38.91238908484454,noetzel1907
Washington,647,-77.10258278251357,38.91238416546686,noetzel1907
Washington,648,-77.10257319935509,38.91237993243783,noetzel1907
Washington,649,-77.10256360442904,38.912376303395504,noetzel1907
Washington,650,-77.10255308249998,38.91237334983532,noetzel1907
Washington,651,-77.10254261587252,38.91237116582148,noetzel1907
Washington,652,-77.10253210233707,38.91236958537624,noetzel1907
Washington,653,-77.1025206921229,38.91236892791648,noetzel1907
Washington,654,-77.10250929849275,38.91236741938227,noetzel1907
Washington,655,-77.10249792358691,38.91236494995781,noetzel1907
Washington,656,-77.10248744429147,38.91236161245401,noetzel1907
Washington,657,-77.1024769815812,38.91235742387599,noetzel1907
Washington,658,-77.1024674134119,38.912352422126915,noetzel1907
Washington,659,-77.10245873710886,38.912346744476935,noetzel1907
Washington,660,-77.10233064664794,38.912246363592466,noetzel1907
Washington,661,-77.10228268186839,38.9121826342201,noetzel1907
Washington,662,-77.10221741495941,38.91210496881749,noetzel1907
Washington,663,-77.10207899748431,38.91199348064725,noetzel1907
Washington,664,-77.10200989593811,38.911932245704115,noetzel1907
Washington,665,-77.10200387872422,38.9119253914028,noetzel1907
Washington,666,-77.10199785990602,38.91191861946312,noetzel1907
Washington,667,-77.10199092746458,38.91191183665219,noetzel1907
Washington,668,-77.10198497892753,38.911905065548034,noetzel1907
Washington,669,-77.10197895797216,38.91189840342322,noetzel1907
Washington,670,-77.10197202392902,38.91189170297309,noetzel1907
Washington,671,-77.10196600137051,38.91188512320952,noetzel1907
Washington,672,-77.101952199823,38.91187191532135,noetzel1907
Washington,673,-77.1019461761976,38.911865390464726,noetzel1907
Washington,674,-77.10193930869316,38.91185888302668,noetzel1907
Washington,675,-77.10191856134853,38.91183957866944,noetzel1907
Washington,676,-77.10190474964993,38.91182689240113,noetzel1907
Washington,677,-77.10189093474504,38.91181437085502,noetzel1907
Washington,678,-77.10188402568882,38.91180819244326,noetzel1907
Washington,679,-77.10187623815018,38.91180200357748,noetzel1907
Washington,680,-77.10186932909643,38.91179582516485,noetzel1907
Washington,681,-77.10186153941957,38.91178974611395,noetzel1907
Washington,682,-77.10185462876262,38.911783650062375,noetzel1907
Washington,683,-77.10184683801793,38.91177762591846,noetzel1907
Washington,684,-77.10183992522256,38.91177163968191,noetzel1907
Washington,685,-77.10182433999303,38.9117597835694,noetzel1907
Washington,686,-77.10181742666602,38.91175382478549,noetzel1907
Washington,687,-77.10180963164588,38.911748020270885,noetzel1907
Washington,688,-77.10180187123107,38.911742243627934,noetzel1907
Washington,689,-77.1017940416094,38.91173641124012,noetzel1907
Washington,690,-77.10177064853553,38.91171940949967,noetzel1907
Washington,691,-77.10175504994766,38.91170823972728,noetzel1907
Washington,692,-77.10174637056741,38.91170272674762,noetzel1907
Washington,693,-77.10173856967081,38.91169722422198,noetzel1907
Washington,694,-77.10173076716964,38.91169180405779,noetzel1907
Washington,695,-77.1017220861875,38.91168637343824,noetzel1907
Washington,696,-77.10171428315348,38.91168098072687,noetzel1907
Washington,697,-77.10170647744434,38.91167572528489,noetzel1907
Washington,698,-77.10169782946414,38.911670404897635,noetzel1907
Washington,699,-77.1016891101362,38.91166513858133,noetzel1907
Washington,700,-77.10168130228953,38.911659992953545,noetzel1907
Washington,701,-77.1016726164975,38.911654809416135,noetzel1907
Washington,702,-77.10166389342629,38.91164973527575,noetzel1907
Washington,703,-77.10165611911653,38.91164467242643,noetzel1907
Washington,704,-77.101638740047,38.91163468970285,noetzel1907
Washington,705,-77.1016213577705,38.911624871700546,noetzel1907
Washington,706,-77.10160397228695,38.91161521841953,noetzel1907
Washington,707,-77.10158658359623,38.9116057298598,noetzel1907
Washington,708,-77.1015778519721,38.91160109497662,noetzel1907
Washington,709,-77.10156831268186,38.91159642301935,noetzel1907
Washington,710,-77.10155091704122,38.91158729135599,noetzel1907
Washington,711,-77.10154133886805,38.911582811156094,noetzel1907
Washington,712,-77.10152393681015,38.91157400893648,noetzel1907
Washington,713,-77.10151435542842,38.91156969345825,noetzel1907
Washington,714,-77.10150565252849,38.91156538843568,noetzel1907
Washington,715,-77.1014864865586,38.91155692219933,noetzel1907
Washington,716,-77.10147778044977,38.91155278189856,noetzel1907
Washington,717,-77.10146819586154,38.9115486311404,noetzel1907
Washington,718,-77.10145860913298,38.911544590197366,noetzel1907
Washington,719,-77.10144990142118,38.91154053225648,noetzel1907
Washington,720,-77.10144031362401,38.91153654621993,noetzel1907
Washington,721,-77.1014307236864,38.9115326699985,noetzel1907
Washington,722,-77.10142025901726,38.91152859114138,noetzel1907
Washington,723,-77.10141067764785,38.91152427565467,noetzel1907
Washington,724,-77.10140110323951,38.911519603265454,noetzel1907
Washington,725,-77.10139153365088,38.911514683789626,noetzel1907
Washington,726,-77.10138284896816,38.91150944532261,noetzel1907
Washington,727,-77.10137328955452,38.911504004219715,noetzel1907
Washington,728,-77.10136461504689,38.911498244125745,noetzel1907
Washington,729,-77.10135682276818,38.91149230231084,noetzel1907
Washington,730,-77.10134815843588,38.91148602059004,noetzel1907
Washington,731,-77.1013403757971,38.9114795846024,noetzel1907
Washington,732,-77.10133347699325,38.91147288453216,noetzel1907
Washington,733,-77.10132570292373,38.91146600927986,noetzel1907
Washington,734,-77.10131969063303,38.91145890785688,noetzel1907
Washington,735,-77.1013128030768,38.9114516312518,noetzel1907
Washington,736,-77.10130592944274,38.911443640842904,noetzel1907
Washington,737,-77.10129904724354,38.911436089697254,noetzel1907
Washington,738,-77.10129127800012,38.91142896735679,noetzel1907
Washington,739,-77.10128261850004,38.91142243854525,noetzel1907
Washington,740,-77.10127307088504,38.91141639344657,noetzel1907
Washington,741,-77.10126263301343,38.91141094187635,noetzel1907
Washington,742,-77.10125306184248,38.911406104751045,noetzel1907
Washington,743,-77.1012417197942,38.911401960511625,noetzel1907
Washington,744,-77.10123036650289,38.91139839280465,noetzel1907
Washington,745,-77.10121899822016,38.911395593807995,noetzel1907
Washington,746,-77.10120761173289,38.9113937282455,noetzel1907
Washington,747,-77.1011970766174,38.91139146091261,noetzel1907
Washington,748,-77.10118662034827,38.911388755151805,noetzel1907
Washington,749,-77.10117613697274,38.91138563716204,noetzel1907
Washington,750,-77.10116566216563,38.91138207990768,noetzel1907
Washington,751,-77.1011551943207,38.91137816575069,noetzel1907
Washington,752,-77.10114561298731,38.91137385024218,noetzel1907
Washington,753,-77.10113603968729,38.91136912292318,noetzel1907
Washington,754,-77.10112647227886,38.91136409360971,noetzel1907
Washington,755,-77.10111779084662,38.91135869039902,noetzel1907
Washington,756,-77.10098235488954,38.911274696731425,noetzel1907
Washington,757,-77.10094439812008,38.91123854629878,noetzel1907
Washington,758,-77.10067406303774,38.911043104422305,noetzel1907
Washington,759,-77.10066805298965,38.91103589314926,noetzel1907
Washington,760,-77.10066116071918,38.91102886359102,noetzel1907
Washington,761,-77.10065514531696,38.91102192685709,noetzel1907
Washington,762,-77.10064825144212,38.91101497966,noetzel1907
Washington,763,-77.10064135435464,38.911008197186376,noetzel1907
Washington,764,-77.10063445512573,38.91100152452821,noetzel1907
Washington,765,-77.10062667474625,38.91099497867659,noetzel1907
Washington,766,-77.10061977230596,38.91098847074144,noetzel1907
Washington,767,-77.10061198817947,38.91098211706665,noetzel1907
Washington,768,-77.10060420244734,38.91097584575328,noetzel1907
Washington,769,-77.10059641350247,38.91096973916324,noetzel1907
Washington,770,-77.10058862241617,38.910963742388574,noetzel1907
Washington,771,-77.1005808302598,38.91095780052136,noetzel1907
Washington,772,-77.10057215748894,38.91095195800615,noetzel1907
Washington,773,-77.10056435997825,38.91094629067762,noetzel1907
Washington,774,-77.10055568078175,38.9109407776089,noetzel1907
Washington,775,-77.10054699997946,38.910935346901496,noetzel1907
Washington,776,-77.10053831757139,38.91092999855536,noetzel1907
Washington,777,-77.1005296670892,38.910924815350995,noetzel1907
Washington,778,-77.10052006517938,38.91091975811497,noetzel1907
Washington,779,-77.10051137420375,38.9109148490305,noetzel1907
Washington,780,-77.10044914208748,38.91086193305664,noetzel1907
Washington,781,-77.1003730688308,38.91079786802015,noetzel1907
Washington,782,-77.10036793891182,38.91079058483426,noetzel1907
Washington,783,-77.1003619283799,38.91078340099904,noetzel1907
Washington,784,-77.10035591463452,38.91077638188742,noetzel1907
Washington,785,-77.10034989767566,38.91076952749932,noetzel1907
Washington,786,-77.10034299903263,38.910762827369695,noetzel1907
Washington,787,-77.10033609664039,38.91075631941749,noetzel1907
Washington,788,-77.10032919103475,38.91074997618874,noetzel1907
Washington,789,-77.10032228060821,38.91074388004539,noetzel1907
Washington,790,-77.10031449010519,38.91073785579823,noetzel1907
Washington,791,-77.10030665910665,38.91073210567171,noetzel1907
Washington,792,-77.1002980167021,38.910726510640366,noetzel1907
Washington,793,-77.10029021280798,38.91072117274105,noetzel1907
Washington,794,-77.10028152508696,38.910716098915415,noetzel1907
Washington,795,-77.1002728341523,38.91071118981304,noetzel1907
Washington,796,-77.10026326153405,38.91070643496817,noetzel1907
Washington,797,-77.10025459609598,38.91070202045466,noetzel1907
Washington,798,-77.10024497762508,38.91069781426925,noetzel1907
Washington,799,-77.10023538947168,38.91069385558748,noetzel1907
Washington,800,-77.10022579703278,38.91069011653675,noetzel1907
Washington,801,-77.10021620084405,38.91068656966312,noetzel1907
Washington,802,-77.10020659769049,38.9106833796904,noetzel1907
Washington,803,-77.10019611124567,38.91068042633649,noetzel1907
Washington,804,-77.10018564194851,38.91067659445434,noetzel1907
Washington,805,-77.10017606398225,38.91067211414211,noetzel1907
Washington,806,-77.10016649941332,38.910666947479605,noetzel1907
Washington,807,-77.10015870571661,38.910661087945904,noetzel1907
Washington,808,-77.10015004319722,38.91065472377346,noetzel1907
Washington,809,-77.10014314779903,38.91064785890803,noetzel1907
Washington,810,-77.10013714051672,38.91064051033715,noetzel1907
Washington,811,-77.10013114073767,38.91063277741032,noetzel1907
Washington,812,-77.10012690539982,38.910624681060895,noetzel1907
Washington,813,-77.10009933026583,38.91059689214318,noetzel1907
Washington,814,-77.10009244077267,38.910589725280914,noetzel1907
Washington,815,-77.10008643189279,38.91058245906934,noetzel1907
Washington,816,-77.1000804262294,38.91057502813352,noetzel1907
Washington,817,-77.10007442271079,38.91056748738149,noetzel1907
Washington,818,-77.10006930087684,38.9105597923724,noetzel1907
Washington,819,-77.10006418225927,38.91055193263921,noetzel1907
Washington,820,-77.10005906578643,38.9105439630899,noetzel1907
Washington,821,-77.10005482885428,38.91053594909962,noetzel1907
Washington,822,-77.10005238261954,38.91052622644307,noetzel1907
Washington,823,-77.10004817462728,38.910516729937626,noetzel1907
Washington,824,-77.10004219791153,38.91050781648486,noetzel1907
Washington,825,-77.10003533254792,38.91049941418998,noetzel1907
Washington,826,-77.10002757532118,38.91049168777668,noetzel1907
Washington,827,-77.09991014035637,38.91038593901812,noetzel1907
Washington,828,-77.09990144948715,38.910381029887816,noetzel1907
Washington,829,-77.09989276237077,38.91037592857907,noetzel1907
Washington,830,-77.09988407632753,38.91037077236166,noetzel1907
Washington,831,-77.0998753918934,38.91036553378166,noetzel1907
Washington,832,-77.09986670960436,38.9103601853851,noetzel1907
Washington,833,-77.09985890899799,38.910354682732766,noetzel1907
Washington,834,-77.09985023153517,38.910349087249166,noetzel1907
Washington,835,-77.09984239900842,38.91034341945307,noetzel1907
Washington,836,-77.09983463836812,38.91033767013201,noetzel1907
Washington,837,-77.09982684473428,38.91033181057577,noetzel1907
Washington,838,-77.09981905217369,38.91032589611104,noetzel1907
Washington,839,-77.0998034745601,38.91031368282429,noetzel1907
Washington,840,-77.09979653229759,38.91030742150669,noetzel1907
Washington,841,-77.09978878345657,38.91030106819498,noetzel1907
Washington,842,-77.09978187794314,38.91029472493334,noetzel1907
Washington,843,-77.09977497564688,38.91028821694734,noetzel1907
Washington,844,-77.09976896360844,38.91028111544287,noetzel1907
Washington,845,-77.0997629504992,38.91027406884594,noetzel1907
Washington,846,-77.09975605678267,38.91026712159517,noetzel1907
Washington,847,-77.09974915770742,38.91026044888375,noetzel1907
Washington,848,-77.09974225756146,38.9102538310799,noetzel1907
Washington,849,-77.09973447520046,38.91024739498382,noetzel1907
Washington,850,-77.09972756755299,38.910241161534785,noetzel1907
Washington,851,-77.09971977769047,38.910235109793454,noetzel1907
Washington,852,-77.09971198514921,38.910229195321456,noetzel1907
Washington,853,-77.09970331092917,38.91022343510293,noetzel1907
Washington,854,-77.09969551195827,38.91021785007758,noetzel1907
Washington,855,-77.09968683130862,38.91021241930558,noetzel1907
Washington,856,-77.09967814529998,38.9102072630728,noetzel1907
Washington,857,-77.09966857814872,38.91020223363904,noetzel1907
Washington,858,-77.09965988517415,38.910197434306575,noetzel1907
Washington,859,-77.09965030944888,38.91019284413499,noetzel1907
Washington,860,-77.09964073158064,38.91018836377851,noetzel1907
Washington,861,-77.09963114728103,38.91018421286907,noetzel1907
Washington,862,-77.09962155976622,38.91018022668274,noetzel1907
Washington,863,-77.09961196850011,38.910176432673445,noetzel1907
Washington,864,-77.09960238581192,38.910172199399675,noetzel1907
Washington,865,-77.09959368212418,38.91016794914189,noetzel1907
Washington,866,-77.09958410051037,38.91016366095864,noetzel1907
Washington,867,-77.09957540164937,38.91015916361367,noetzel1907
Washington,868,-77.0995658237903,38.91015468325109,noetzel1907
Washington,869,-77.09955712653978,38.91015010354282,noetzel1907
Washington,870,-77.09954846710923,38.910145386982805,noetzel1907
Washington,871,-77.09953885947603,38.91014063165939,noetzel1907
Washington,872,-77.09952147463252,38.91013097806649,noetzel1907
Washington,873,-77.09951278542907,38.910125986545175,noetzel1907
Washington,874,-77.09950409729903,38.9101209401153,noetzel1907
Washington,875,-77.09949628870501,38.91011584924825,noetzel1907
Washington,876,-77.09947892049249,38.91010534457561,noetzel1907
Washington,877,-77.09947111672695,38.91010000662104,noetzel1907
Washington,878,-77.09946247124697,38.91009457625117,noetzel1907
Washington,879,-77.09945463556204,38.91008907315274,noetzel1907
Washington,880,-77.09944683662509,38.91008348811069,noetzel1907
Washington,881,-77.09943815922726,38.91007789259625,noetzel1907
Washington,882,-77.09942253265461,38.91006639264281,noetzel1907
Washington,883,-77.09941477422242,38.910060533477726,noetzel1907
Washington,884,-77.09940698172528,38.91005461898519,noetzel1907
Washington,885,-77.09940006822733,38.9100486875104,noetzel1907
Washington,886,-77.09939227734107,38.91004269065497,noetzel1907
Washington,887,-77.09938536706233,38.9100365944554,noetzel1907
Washington,888,-77.09937757993167,38.91003040542116,noetzel1907
Washington,889,-77.09937070801062,38.910024144915695,noetzel1907
Washington,890,-77.09936288735258,38.910017873099605,noetzel1907
Washington,891,-77.0993559819041,38.91001152981245,noetzel1907
Washington,892,-77.09934907752913,38.910005131616906,noetzel1907
Washington,893,-77.09934217637232,38.90999856869709,noetzel1907
Washington,894,-77.09933615260552,38.90999207115741,noetzel1907
Washington,895,-77.09932235190655,38.90997886295381,noetzel1907
Washington,896,-77.09931633189638,38.90997217323529,noetzel1907
Washington,897,-77.09930943449892,38.90996541813557,noetzel1907
Washington,898,-77.09930341770809,38.909958563692456,noetzel1907
Washington,899,-77.09925832756213,38.909927819715485,noetzel1907
Washington,900,-77.09925053187516,38.90992206993637,noetzel1907
Washington,901,-77.0992427399428,38.909916127978775,noetzel1907
Washington,902,-77.09923494962031,38.90991010365874,noetzel1907
Washington,903,-77.0992271955099,38.90990402484914,noetzel1907
Washington,904,-77.09922025333739,38.9098977634968,noetzel1907
Washington,905,-77.09921246784464,38.90989149208944,noetzel1907
Washington,906,-77.09920556403023,38.9098850664313,noetzel1907
Washington,907,-77.09919866236191,38.90987853095681,noetzel1907
Washington,908,-77.09919176176726,38.90987194057397,noetzel1907
Washington,909,-77.0991848649274,38.909865158012785,noetzel1907
Washington,910,-77.09917884654823,38.909858385925055,noetzel1907
Washington,911,-77.09917195292822,38.90985143863926,noetzel1907
Washington,912,-77.09916593776876,38.909844501826925,noetzel1907
Washington,913,-77.09915391388807,38.909830298753626,noetzel1907
Washington,914,-77.09914878416208,38.90982301551263,noetzel1907
Washington,915,-77.09914277758696,38.9098156394354,noetzel1907
Washington,916,-77.09913764893561,38.90980830128595,noetzel1907
Washington,917,-77.09912719322826,38.90980378295912,noetzel1907
Washington,918,-77.09911761544467,38.90979930255957,noetzel1907
Washington,919,-77.09910716295734,38.90979461950706,noetzel1907
Washington,920,-77.0990975883937,38.90978997438199,noetzel1907
Washington,921,-77.09908801758506,38.90978513707829,noetzel1907
Washington,922,-77.0990775683193,38.909780289299235,noetzel1907
Washington,923,-77.0990679991221,38.90977536963194,noetzel1907
Washington,924,-77.09905843153497,38.90977036760193,noetzel1907
Washington,925,-77.09904886555799,38.9097652832092,noetzel1907
Washington,926,-77.09903930172746,38.90976008899977,noetzel1907
Washington,927,-77.09902973897087,38.90975483988154,noetzel1907
Washington,928,-77.0990156922216,38.9097542330181,noetzel1907
Washington,929,-77.09900345573737,38.9097491167775,noetzel1907
Washington,930,-77.09899487576226,38.909740336987134,noetzel1907
Washington,931,-77.0989916046126,38.90972967081496,noetzel1907
Washington,932,-77.09899263724193,38.90971998961611,noetzel1907
Washington,933,-77.0989919859138,38.90971015103493,noetzel1907
Washington,934,-77.09898950203159,38.90970056520507,noetzel1907
Washington,935,-77.09898704953426,38.90969117197197,noetzel1907
Washington,936,-77.09898195469414,38.9096821042147,noetzel1907
Washington,937,-77.09897597335382,38.909673437791625,noetzel1907
Washington,938,-77.0989691012231,38.90966539233436,noetzel1907
Washington,939,-77.09896133937471,38.90965791293479,noetzel1907
Washington,940,-77.09895710637169,38.90964970672524,noetzel1907
Washington,941,-77.09895290368114,38.90964174802037,noetzel1907
Washington,942,-77.09894774528647,38.90963413490348,noetzel1907
Washington,943,-77.09894173821151,38.90962678626955,noetzel1907
Washington,944,-77.09893484249147,38.90961994878536,noetzel1907
Washington,945,-77.09892706241696,38.909613402818835,noetzel1907
Washington,946,-77.09891927215388,38.90960737847738,noetzel1907
Washington,947,-77.09891059485479,38.90960178292329,noetzel1907
Washington,948,-77.09890190575796,38.90959679135613,noetzel1907
Washington,949,-77.09889144795099,38.90959238282398,noetzel1907
Washington,950,-77.09888185894742,38.90958847893855,noetzel1907
Washington,951,-77.09887137915321,38.90958519601784,noetzel1907
Washington,952,-77.09886085134958,38.909582571572635,noetzel1907
Washington,953,-77.09882660641033,38.909538226569424,noetzel1907
Washington,954,-77.09852052849281,38.909194067175015,noetzel1907
Washington,955,-77.09851539726724,38.90918686626713,noetzel1907
Washington,956,-77.09850938544584,38.9091797646961,noetzel1907
Washington,957,-77.09850425207652,38.909172673603656,noetzel1907
Washington,958,-77.0984982402574,38.90916557203204,noetzel1907
Washington,959,-77.09848621394035,38.909151506157784,noetzel1907
Washington,960,-77.0984810789659,38.909144497426226,noetzel1907
Washington,961,-77.09846904890036,38.90913062372795,noetzel1907
Washington,962,-77.09846303225989,38.90912376924034,noetzel1907
Washington,963,-77.09845613663384,38.909116931727134,noetzel1907
Washington,964,-77.0984380818945,38.90909661534698,noetzel1907
Washington,965,-77.09843118305444,38.90908994255614,noetzel1907
Washington,966,-77.09842516373851,38.909083225336445,noetzel1907
Washington,967,-77.09841136284565,38.90907004447668,noetzel1907
Washington,968,-77.09840530571266,38.90906346410663,noetzel1907
Washington,969,-77.09839843879783,38.9090569564569,noetzel1907
Washington,970,-77.0983777288911,38.90903762442553,noetzel1907
Washington,971,-77.09836391782177,38.90902496518573,noetzel1907
Washington,972,-77.09835010461121,38.90901241576017,noetzel1907
Washington,973,-77.09834231768104,38.90900622665566,noetzel1907
Washington,974,-77.098335409201,38.90900004803074,noetzel1907
Washington,975,-77.09832849857598,38.90899397922131,noetzel1907
Washington,976,-77.09832071004007,38.90898787247728,noetzel1907
Washington,977,-77.09831376481604,38.9089817757938,noetzel1907
Washington,978,-77.09830600927448,38.908975779283935,noetzel1907
Washington,979,-77.09829821752315,38.90896983726225,noetzel1907
Washington,980,-77.09829130368487,38.90896393317451,noetzel1907
Washington,981,-77.09827571643265,38.90895224130652,noetzel1907
Washington,982,-77.09826616081493,38.90894663522331,noetzel1907
Washington,983,-77.09825749223174,38.908940600356296,noetzel1907
Washington,984,-77.09824883169851,38.90893415367892,noetzel1907
Washington,985,-77.09824017814226,38.90892735009911,noetzel1907
Washington,986,-77.09823241108403,38.9089201451898,noetzel1907
Washington,987,-77.09822552945053,38.90891259385916,noetzel1907
Washington,988,-77.09821953270497,38.90890472356131,noetzel1907
Washington,989,-77.09821354132657,38.90889657872327,noetzel1907
Washington,990,-77.09820843000665,38.90888836200404,noetzel1907
Washington,991,-77.09820331385862,38.908880392370456,noetzel1907
Washington,992,-77.09819819234589,38.90887269727647,noetzel1907
Washington,993,-77.09819131072054,38.90886514594371,noetzel1907
Washington,994,-77.09818530217771,38.90885787963162,noetzel1907
Washington,995,-77.09817753191295,38.90885083944245,noetzel1907
Washington,996,-77.0981705985195,38.90884413876267,noetzel1907
Washington,997,-77.09816197153381,38.90883777485989,noetzel1907
Washington,998,-77.09815418302905,38.90883166810458,noetzel1907
Washington,999,-77.09814463065652,38.90882589728743,noetzel1907
Washington,1000,-77.09813595029271,38.90882046639888,noetzel1907
Washington,1001,-77.09812638289799,38.90881546429173,noetzel1907
Washington,1002,-77.09811680852859,38.908810819085595,noetzel1907
Washington,1003,-77.09810638494903,38.90880646580989,noetzel1907
Washington,1004,-77.0980958819725,38.90880257841241,noetzel1907
Washington,1005,-77.09808540608547,38.908799103243005,noetzel1907
Washington,1006,-77.09807492161337,38.90879606733639,noetzel1907
Washington,1007,-77.09806444894814,38.908792427441234,noetzel1907
Washington,1008,-77.09805486009651,38.908788523487544,noetzel1907
Washington,1009,-77.09804527929559,38.90878420772331,noetzel1907
Washington,1010,-77.09803570547223,38.90877953505655,noetzel1907
Washington,1011,-77.09802701653591,38.90877454342361,noetzel1907
Washington,1012,-77.09801745344811,38.90876932167567,noetzel1907
Washington,1013,-77.09800965691323,38.908763626720386,noetzel1907
Washington,1014,-77.09800098515376,38.90875775655809,noetzel1907
Washington,1015,-77.0979931977447,38.908751594884,noetzel1907
Washington,1016,-77.09798541785031,38.90874504885361,noetzel1907
Washington,1017,-77.0979785190862,38.90873837603561,noetzel1907
Washington,1018,-77.09797250628219,38.90873132934423,noetzel1907
Washington,1019,-77.0979656177174,38.90872413489975,noetzel1907
Washington,1020,-77.09795961135596,38.90871675875995,noetzel1907
Washington,1021,-77.09795448827101,38.90870914601694,noetzel1907
Washington,1022,-77.09794937001726,38.908701286187835,noetzel1907
Washington,1023,-77.09794513181966,38.90869335447965,noetzel1907
Washington,1024,-77.09794086277863,38.90868520272004,noetzel1907
Washington,1025,-77.09793754460568,38.90867695246607,noetzel1907
Washington,1026,-77.09793503674926,38.90866860204059,noetzel1907
Washington,1027,-77.09793013342852,38.9086515455455,noetzel1907
Washington,1028,-77.09792412331998,38.90864436158164,noetzel1907
Washington,1029,-77.09791899058354,38.908637243008606,noetzel1907
Washington,1030,-77.09791297886723,38.90863014140606,noetzel1907
Washington,1031,-77.09790696393196,38.908623204527096,noetzel1907
Washington,1032,-77.09790007055383,38.90861625716443,noetzel1907
Washington,1033,-77.09789405401087,38.90860940264673,noetzel1907
Washington,1034,-77.09788715795182,38.90860259255318,noetzel1907
Washington,1035,-77.0978811371176,38.90859595766666,noetzel1907
Washington,1036,-77.09787423730411,38.90858933975025,noetzel1907
Washington,1037,-77.09786733534504,38.90858283164934,noetzel1907
Washington,1038,-77.0978604317771,38.90857640591,noetzel1907
Washington,1039,-77.09785352660023,38.908570062532135,noetzel1907
Washington,1040,-77.0978457413711,38.90856379103205,noetzel1907
Washington,1041,-77.0978388345866,38.908557530015266,noetzel1907
Washington,1042,-77.09783104613976,38.90855142323802,noetzel1907
Washington,1043,-77.09782325608407,38.90854539882229,noetzel1907
Washington,1044,-77.09781546388277,38.90853948422197,noetzel1907
Washington,1045,-77.09780767060926,38.90853362452898,noetzel1907
Washington,1046,-77.09779987519012,38.90852787465148,noetzel1907
Washington,1047,-77.09778427791464,38.908516704342674,noetzel1907
Washington,1048,-77.09776691678105,38.90850586996486,noetzel1907
Washington,1049,-77.09775911170667,38.90850061425628,noetzel1907
Washington,1050,-77.09775042604389,38.90849545787866,noetzel1907
Washington,1051,-77.09774173930886,38.908490356408315,noetzel1907
Washington,1052,-77.09773304881773,38.908485447115225,noetzel1907
Washington,1053,-77.09772435618073,38.90848064763743,noetzel1907
Washington,1054,-77.09771478617618,38.90847578276622,noetzel1907
Washington,1055,-77.09770605357294,38.90847122995349,noetzel1907
Washington,1056,-77.09769651280406,38.908466667494025,noetzel1907
Washington,1057,-77.09768784779453,38.908462252788645,noetzel1907
Washington,1058,-77.09767823192163,38.90845793657475,noetzel1907
Washington,1059,-77.09766864957717,38.908453703141376,noetzel1907
Washington,1060,-77.09765990946448,38.90844953468097,noetzel1907
Washington,1061,-77.0976503563552,38.90844560365931,noetzel1907
Washington,1062,-77.09764076757249,38.90844169967147,noetzel1907
Washington,1063,-77.09763029659143,38.90843797737534,noetzel1907
Washington,1064,-77.0976207024428,38.90843434792568,noetzel1907
Washington,1065,-77.09761110668468,38.90843080083718,noetzel1907
Washington,1066,-77.097601566464,38.90842621091598,noetzel1907
Washington,1067,-77.09759195865331,38.908421482885224,noetzel1907
Washington,1068,-77.09758238866564,38.90841661800317,noetzel1907
Washington,1069,-77.09757282082657,38.90841164330442,noetzel1907
Washington,1070,-77.09756413196702,38.908406651636774,noetzel1907
Washington,1071,-77.09755456842514,38.90840145730461,noetzel1907
Washington,1072,-77.09754588493641,38.9083961910958,noetzel1907
Washington,1073,-77.09753632408143,38.908390859492265,noetzel1907
Washington,1074,-77.09751896677368,38.9083798328995,noetzel1907
Washington,1075,-77.09751029134286,38.90837415487828,noetzel1907
Washington,1076,-77.09750161752397,38.90836839449441,noetzel1907
Washington,1077,-77.09749382375784,38.90836256223442,noetzel1907
Washington,1078,-77.09748515369968,38.90835660967146,noetzel1907
Washington,1079,-77.09747648686407,38.90835049238395,noetzel1907
Washington,1080,-77.09746869793369,38.90834441303643,noetzel1907
Washington,1081,-77.09746091276271,38.908338141510455,noetzel1907
Washington,1082,-77.09744534618287,38.908325406279054,noetzel1907
Washington,1083,-77.09743756584784,38.90831888766566,noetzel1907
Washington,1084,-77.09743155420588,38.90831178603792,noetzel1907
Washington,1085,-77.09742465929313,38.90830492100871,noetzel1907
Washington,1086,-77.0974177276334,38.908298137921584,noetzel1907
Washington,1087,-77.09741086088141,38.90829163021288,noetzel1907
Washington,1088,-77.09740307947939,38.90828516650511,noetzel1907
Washington,1089,-77.09739529217299,38.90827900479063,noetzel1907
Washington,1090,-77.09738750057282,38.9082730627075,noetzel1907
Washington,1091,-77.09737882677601,38.90826730231442,noetzel1907
Washington,1092,-77.09737102819878,38.90826171713193,noetzel1907
Washington,1093,-77.09736234635115,38.908256368547434,noetzel1907
Washington,1094,-77.09735278069631,38.90825128401459,noetzel1907
Washington,1095,-77.09734409026076,38.908246374692425,noetzel1907
Washington,1096,-77.09733450742739,38.90824216868558,noetzel1907
Washington,1097,-77.0973249305012,38.90823766068414,noetzel1907
Washington,1098,-77.0973162368477,38.908232916083755,noetzel1907
Washington,1099,-77.09730667173618,38.90822780409319,noetzel1907
Washington,1100,-77.09729798936054,38.90822248295781,noetzel1907
Washington,1101,-77.09729019079447,38.908216897769904,noetzel1907
Washington,1102,-77.09728151862306,38.908211055007705,noetzel1907
Washington,1103,-77.09727376539882,38.90820494861248,noetzel1907
Washington,1104,-77.09726682517208,38.908198604780054,noetzel1907
Washington,1105,-77.09725904701479,38.908191976338664,noetzel1907
Washington,1106,-77.09725302949478,38.90818517669534,noetzel1907
Washington,1107,-77.09724613729598,38.908178174385554,noetzel1907
Washington,1108,-77.09724009215807,38.90817098996626,noetzel1907
Washington,1109,-77.09720541932641,38.90814860766114,noetzel1907
Washington,1110,-77.0971053999963,38.90805130200041,noetzel1907
Washington,1111,-77.09709160759957,38.90803770917234,noetzel1907
Washington,1112,-77.09708474358705,38.90803106417419,noetzel1907
Washington,1113,-77.09707693032732,38.90802443530092,noetzel1907
Washington,1114,-77.09707002849497,38.908017927152194,noetzel1907
Washington,1115,-77.09705446527613,38.90800502714407,noetzel1907
Washington,1116,-77.09704755861449,38.90799876607987,noetzel1907
Washington,1117,-77.09703977351784,38.90799249452543,noetzel1907
Washington,1118,-77.09703110783828,38.907986322296566,noetzel1907
Washington,1119,-77.09702331952222,38.907980215464875,noetzel1907
Washington,1120,-77.0970155295964,38.90797419099467,noetzel1907
Washington,1121,-77.09700773752377,38.90796827633989,noetzel1907
Washington,1122,-77.09699903080501,38.90796240568279,noetzel1907
Washington,1123,-77.09699127065021,38.90795665617037,noetzel1907
Washington,1124,-77.09698259531234,38.907950978109554,noetzel1907
Washington,1125,-77.09696524141845,38.90793978670981,noetzel1907
Washington,1126,-77.09695744774251,38.907933954413615,noetzel1907
Washington,1127,-77.09694965782727,38.90792792993896,noetzel1907
Washington,1128,-77.09694187274684,38.90792165837792,noetzel1907
Washington,1129,-77.09693496771425,38.90791531494499,noetzel1907
Washington,1130,-77.09692806805354,38.907908696971845,noetzel1907
Washington,1131,-77.09692117107942,38.907901941728355,noetzel1907
Washington,1132,-77.09691427625489,38.90789507666849,noetzel1907
Washington,1133,-77.09690826523735,38.90788794755919,noetzel1907
Washington,1134,-77.09690225529513,38.907880763541584,noetzel1907
Washington,1135,-77.09689712754843,38.907873397836674,noetzel1907
Washington,1136,-77.09689200248818,38.9078658948616,noetzel1907
Washington,1137,-77.09688687957731,38.907858282070364,noetzel1907
Washington,1138,-77.09688176042711,38.90785047710097,noetzel1907
Washington,1139,-77.09687752078658,38.90784262771442,noetzel1907
Washington,1140,-77.09405753379875,38.90629584613689,noetzel1907
Washington,1141,-77.09363701044596,38.90605465326485,noetzel1907
Washington,1142,-77.09348121128144,38.905934708289855,noetzel1907
Washington,1143,-77.09347434712406,38.90592630560162,noetzel1907
Washington,1144,-77.09346925324827,38.905917237596505,noetzel1907
Washington,1145,-77.09346592480811,38.905907751360466,noetzel1907
Washington,1146,-77.09346348070105,38.90589797364707,noetzel1907
Washington,1147,-77.09346367451636,38.90588809021345,noetzel1907
Washington,1148,-77.09346562515125,38.90587822781284,noetzel1907
Washington,1149,-77.09346844881155,38.905868650468584,noetzel1907
Washington,1150,-77.09347907371368,38.9058644938451,noetzel1907
Washington,1151,-77.09348620529157,38.905857466974254,noetzel1907
Washington,1152,-77.09348992580485,38.90584875163992,noetzel1907
Washington,1153,-77.09348922720953,38.90583957149328,noetzel1907
Washington,1154,-77.09348323716262,38.905831398953616,noetzel1907
Washington,1155,-77.09347456720482,38.90582547354478,noetzel1907
Washington,1156,-77.09346319849287,38.905822756155615,noetzel1907
Washington,1157,-77.09345176194593,38.905823497967205,noetzel1907
Washington,1158,-77.09344113543312,38.90582773695021,noetzel1907
Washington,1159,-77.09343400331537,38.90583479127239,noetzel1907
Washington,1160,-77.09343028333443,38.90584347915098,noetzel1907
Washington,1161,-77.09341880855798,38.90584617019213,noetzel1907
Washington,1162,-77.09340735208613,38.90584792779672,noetzel1907
Washington,1163,-77.09339591338099,38.90584877941879,noetzel1907
Washington,1164,-77.09338361564872,38.90584863217924,noetzel1907
Washington,1165,-77.09337221570873,38.90584750711229,noetzel1907
Washington,1166,-77.09336083353679,38.90584547606281,noetzel1907
Washington,1167,-77.09334946967174,38.90584251157684,noetzel1907
Washington,1168,-77.09333900090807,38.90583870653384,noetzel1907
Washington,1169,-77.09332854937517,38.905834022962395,noetzel1907
Washington,1170,-77.09188235572762,38.9052070764424,noetzel1907
Washington,1171,-77.09187277631544,38.9052027327169,noetzel1907
Washington,1172,-77.09186319259256,38.905198608622406,noetzel1907
Washington,1173,-77.091854485655,38.9051945774177,noetzel1907
Washington,1174,-77.09184486410324,38.90519059017051,noetzel1907
Washington,1175,-77.0918353101297,38.90518674103468,noetzel1907
Washington,1176,-77.09182484262006,38.90518288094815,noetzel1907
Washington,1177,-77.09181524920055,38.905179251021366,noetzel1907
Washington,1178,-77.09180565416499,38.90517570345578,noetzel1907
Washington,1179,-77.09179605697433,38.90517226570527,noetzel1907
Washington,1180,-77.09178557868867,38.905168954694815,noetzel1907
Washington,1181,-77.09177597880482,38.9051656542126,noetzel1907
Washington,1182,-77.09176553188388,38.90516253579936,noetzel1907
Washington,1183,-77.09175592553352,38.90515956476323,noetzel1907
Washington,1184,-77.0917454402442,38.90515661065088,noetzel1907
Washington,1185,-77.09173495172153,38.905153821261514,noetzel1907
Washington,1186,-77.09172533944424,38.9051511522167,noetzel1907
Washington,1187,-77.09170435216107,38.90514609505901,noetzel1907
Washington,1188,-77.09168335517796,38.905141532069166,noetzel1907
Washington,1189,-77.09167285965219,38.905139099576026,noetzel1907
Washington,1190,-77.09166237275213,38.90513622781819,noetzel1907
Washington,1191,-77.09165189232161,38.9051330266117,noetzel1907
Washington,1192,-77.09164229730031,38.90512947903269,noetzel1907
Washington,1193,-77.09163271090512,38.905125492189235,noetzel1907
Washington,1194,-77.09162316611588,38.905121176318474,noetzel1907
Washington,1195,-77.09161355806377,38.90511650270277,noetzel1907
Washington,1196,-77.09160487001809,38.90511151059018,noetzel1907
Washington,1197,-77.09159618898168,38.905106161575155,noetzel1907
Washington,1198,-77.09158839281568,38.90510049364238,noetzel1907
Washington,1199,-77.09157972310275,38.90509456809264,noetzel1907
Washington,1200,-77.09157281719924,38.905088306701884,noetzel1907
Washington,1201,-77.09156503828808,38.905081760240165,noetzel1907
Washington,1202,-77.09155902049056,38.905075015207736,noetzel1907
Washington,1203,-77.09155212968557,38.90506798510432,noetzel1907
Washington,1204,-77.09154612105516,38.90506077335352,noetzel1907
Washington,1205,-77.09154099567736,38.90505332504752,noetzel1907
Washington,1206,-77.09153587515259,38.90504562965546,noetzel1907
Washington,1207,-77.09153166978147,38.90503786285351,noetzel1907
Washington,1208,-77.09152739953042,38.90502982066908,noetzel1907
Washington,1209,-77.08886721015334,38.90376769666364,noetzel1907
Washington,1210,-77.08874969461739,38.90366742736223,noetzel1907
Washington,1211,-77.08865563965587,38.90362510676424,noetzel1907
Washington,1212,-77.08858607142811,38.90358857237324,noetzel1907
Washington,1213,-77.08840844854669,38.90350680288822,noetzel1907
Washington,1214,-77.08831785348242,38.903467269633104,noetzel1907
Washington,1215,-77.08829012357361,38.90344771408541,noetzel1907
Washington,1216,-77.08812947450555,38.90339635465345,noetzel1907
Washington,1217,-77.08796206887473,38.90333118355212,noetzel1907
Washington,1218,-77.08785390673185,38.903291438782205,noetzel1907
Washington,1219,-77.0877246636653,38.90325144048687,noetzel1907
Washington,1220,-77.08757120463417,38.90319192857194,noetzel1907
Washington,1221,-77.0874346645688,38.90316557245872,noetzel1907
Washington,1222,-77.08719207065437,38.90317089338767,noetzel1907
Washington,1223,-77.08708634108912,38.90318609810928,noetzel1907
Washington,1224,-77.0869985575818,38.90318229625477,noetzel1907
Washington,1225,-77.0869176393728,38.903186787596375,noetzel1907
Washington,1226,-77.0869038552506,38.903172919015674,noetzel1907
Washington,1227,-77.08694034186914,38.90310473415878,noetzel1907
Washington,1228,-77.0868291550224,38.90304018269841,noetzel1907
Washington,1229,-77.0863287265581,38.90293258553987,noetzel1907
Washington,1230,-77.0862168359817,38.90290377856739,noetzel1907
Washington,1231,-77.08610181082682,38.90285571142271,noetzel1907
Washington,1232,-77.08586419275464,38.902786946176505,noetzel1907
Washington,1233,-77.08563652009533,38.90274850671569,noetzel1907
Washington,1234,-77.08553187359894,38.902708802102325,noetzel1907
Washington,1235,-77.08534257888698,38.90268455438745,noetzel1907
Washington,1236,-77.08520922917656,38.90267471037435,noetzel1907
Washington,1237,-77.08517496083991,38.90263036089018,noetzel1907
Washington,1238,-77.08508409734402,38.902604579570415,noetzel1907
Washington,1239,-77.08496426064917,38.902622331058986,noetzel1907
Washington,1240,-77.08493150198109,38.90267960349974,noetzel1907
Washington,1241,-77.08487263948616,38.90263495767489,noetzel1907
Washington,1242,-77.08474610020697,38.90263617936861,noetzel1907
Washington,1243,-77.08462303926407,38.902637442833445,noetzel1907
Washington,1244,-77.08458453452025,38.902631486820304,noetzel1907
Washington,1245,-77.08446561816686,38.902602593513976,noetzel1907
Washington,1246,-77.08435351211838,38.90258476635031,noetzel1907
Washington,1247,-77.0842936747127,38.90258953736975,noetzel1907
Washington,1248,-77.08425104440322,38.90261099202347,noetzel1907
Washington,1249,-77.08420172833605,38.90261863584066,noetzel1907
Washington,1250,-77.084072054962,38.90260059669095,noetzel1907
Washington,1251,-77.08396637977464,38.90261305321082,noetzel1907
Washington,1252,-77.0838898421744,38.902573685932495,noetzel1907
Washington,1253,-77.08381638449372,38.90255632412816,noetzel1907
Washington,1254,-77.08367309112765,38.902516151948326,noetzel1907
Washington,1255,-77.08349493433715,38.90246182897418,noetzel1907
Washington,1256,-77.08344239500215,38.90245295730829,noetzel1907
Washington,1257,-77.08334774832093,38.9024408318049,noetzel1907
Washington,1258,-77.08322461436946,38.90244758502078,noetzel1907
Washington,1259,-77.08314374989837,38.90244938327602,noetzel1907
Washington,1260,-77.0830807786863,38.90243489353134,noetzel1907
Washington,1261,-77.08300402482111,38.90240650725792,noetzel1907
Washington,1262,-77.08288532643653,38.90236663076665,noetzel1907
Washington,1263,-77.08280505926207,38.90233820198005,noetzel1907
Washington,1264,-77.08278419547904,38.902326966084615,noetzel1907
Washington,1265,-77.08281338800175,38.90227239724857,noetzel1907
Washington,1266,-77.08282079460984,38.90225326424644,noetzel1907
Washington,1267,-77.0826803106424,38.90224882338441,noetzel1907
Washington,1268,-77.082637479076,38.90228400528159,noetzel1907
Washington,1269,-77.08248079014598,38.90238646463158,noetzel1907
Washington,1270,-77.08241003258927,38.902410325276946,noetzel1907
Washington,1271,-77.08228019725345,38.90240052033542,noetzel1907
Washington,1272,-77.08216447006775,38.90238813947242,noetzel1907
Washington,1273,-77.08203468907801,38.902375588864,noetzel1907
Washington,1274,-77.08194031411658,38.90234973524907,noetzel1907
Washington,1275,-77.08190144840806,38.90236027775867,noetzel1907
Washington,1276,-77.08186582584031,38.90238453473768,noetzel1907
Washington,1277,-77.07689159351884,38.90210744423718,noetzel1907
Washington,1278,-77.07683360803618,38.90201886808482,noetzel1907
Washington,1279,-77.07549888856967,38.90162925514849,noetzel1907
Washington,1280,-77.07542661403959,38.901554235267085,noetzel1907
Washington,1281,-77.07438565881742,38.90141254286711,noetzel1907
Washington,1282,-77.0741002891842,38.9014502702538,noetzel1907
Washington,1283,-77.07390756228043,38.90142047025028,noetzel1907
Washington,1284,-77.07391287745679,38.9013298874974,noetzel1907
Washington,1285,-77.07372923238356,38.9013771144485,noetzel1907
Washington,1286,-77.07307830699258,38.901061651508,noetzel1907
Washington,1287,-77.07219600872013,38.901072899677715,noetzel1907
Washington,1288,-77.0716368328562,38.90109356259918,noetzel1907
Washington,1289,-77.07155529456058,38.90113101594225,noetzel1907
Washington,1290,-77.07131627442797,38.901133601422615,noetzel1907
Washington,1291,-77.07104570798428,38.90113031058072,noetzel1907
Washington,1292,-77.07097796900699,38.90117891560632,noetzel1907
Washington,1293,-77.07077397324733,38.901187418147806,noetzel1907
Washington,1294,-77.0705769771521,38.901169149072494,noetzel1907
Washington,1295,-77.07029946299595,38.90107364176511,noetzel1907
Washington,1296,-77.06967363677965,38.90082211879349,noetzel1907
Washington,1297,-77.06929309115284,38.90063835943789,noetzel1907
Washington,1298,-77.06912192403415,38.90057440599584,noetzel1907
Washington,1299,-77.06896314339488,38.90055720379267,noetzel1907
Washington,1300,-77.0688518803287,38.90053621404456,noetzel1907
Washington,1301,-77.06877514429145,38.90046327752406,noetzel1907
Washington,1302,-77.06839508566947,38.90019897923187,noetzel1907
Washington,1303,-77.06814076139048,38.89992970412667,noetzel1907
Washington,1304,-77.06810902152914,38.899842020040296,noetzel1907
Washington,1305,-77.06807118088491,38.89977828959227,noetzel1907
Washington,1306,-77.06802717981134,38.89974502021085,noetzel1907
Washington,1307,-77.06796628923904,38.89971810800449,noetzel1907
Washington,1308,-77.06787742450805,38.89969302411835,noetzel1907
Washington,1309,-77.06780791141658,38.8996790779507,noetzel1907
Washington,1310,-77.06774663776075,38.89966959843328,noetzel1907
Washington,1311,-77.06767817012945,38.89960329758637,noetzel1907
Washington,1312,-77.06763813650767,38.89956494129803,noetzel1907
Washington,1313,-77.06757597604192,38.89949956857029,noetzel1907
Washington,1314,-77.06755202207108,38.899444382752655,noetzel1907
Washington,1315,-77.06754169852715,38.89940526282403,noetzel1907
Washington,1316,-77.06753655380727,38.8993654920698,noetzel1907
Washington,1317,-77.06753661426403,38.89932551018165,noetzel1907
Washington,1318,-77.06754180139897,38.89928572811138,noetzel1907
Washington,1319,-77.06754794760177,38.89919625265595,noetzel1907
Washington,1320,-77.07014,38.89877,noetzel1907
Washington,1321,-77.07908,38.89827,noetzel1907
Washington,1322,-77.08711,38.89721,noetzel1907
Washington,1323,-77.10005,38.89556,noetzel1907
Washington,1324,-77.11125,38.89586,noetzel1907
Washington,1325,-77.12062,38.89503,noetzel1907
Washington,1326,-77.13463,38.89161,noetzel1907
Washington,1327,-77.14864,38.8882,noetzel1907
Washington,1328,-77.16332168249637,38.88624366123647,noetzel1907
Arlington,1,-77.06754794760177,38.89919625265595,noetzel1907
Arlington,2,-77.06754938178555,38.89917537403354,noetzel1907
Arlington,3,-77.06752954050945,38.89911309860051,noetzel1907
Arlington,4,-77.06752971211165,38.89910450552654,noetzel1907
Arlington,5,-77.06753079662147,38.89909595104529,noetzel1907
Arlington,6,-77.06753184490157,38.89908745104343,noetzel1907
Arlington,7,-77.0675337709559,38.89907898920588,noetzel1907
Arlington,8,-77.06753569536502,38.899070609730025,noetzel1907
Arlington,9,-77.06753849699977,38.899062295872326,noetzel1907
Arlington,10,-77.06754217476328,38.89905410254058,noetzel1907
Arlington,11,-77.06754584868823,38.899046101386126,noetzel1907
Arlington,12,-77.06754951987118,38.89903823750105,noetzel1907
Arlington,13,-77.06755494550464,38.899030504852064,noetzel1907
Arlington,14,-77.06755948952545,38.89902292621604,noetzel1907
Arlington,15,-77.06756582038798,38.89901561651385,noetzel1907
Arlington,16,-77.06757119937217,38.89900845996778,noetzel1907
Arlington,17,-77.06757832951656,38.89900159938082,noetzel1907
Arlington,18,-77.06758552444307,38.89899501418931,noetzel1907
Arlington,19,-77.0675926798496,38.898988648200294,noetzel1907
Arlington,20,-77.06759982977262,38.89898255674992,noetzel1907
Arlington,21,-77.06760872921056,38.898976843619714,noetzel1907
Arlington,22,-77.06761674484349,38.89897139431816,noetzel1907
Arlington,23,-77.06762733349142,38.89896907943729,noetzel1907
Arlington,24,-77.06763793529562,38.89896610566162,noetzel1907
Arlington,25,-77.06764855354506,38.89896230826765,noetzel1907
Arlington,26,-77.06765830772525,38.89895778636144,noetzel1907
Arlington,27,-77.06766719728793,38.89895256739718,noetzel1907
Arlington,28,-77.06767609836136,38.8989467719001,noetzel1907
Arlington,29,-77.06768413372066,38.89894033425307,noetzel1907
Arlington,30,-77.06769042394848,38.89893329865473,noetzel1907
Arlington,31,-77.06769672294602,38.89892582379347,noetzel1907
Arlington,32,-77.0677021507478,38.8989179813218,noetzel1907
Arlington,33,-77.06770670680594,38.89890979869377,noetzel1907
Arlington,34,-77.0677095128,38.8989012652004,noetzel1907
Arlington,35,-77.06771144266561,38.89889261118218,noetzel1907
Arlington,36,-77.06771249804767,38.89888375427735,noetzel1907
Arlington,37,-77.06771267401282,38.89887494157125,noetzel1907
Arlington,38,-77.06771197220598,38.898866090702136,noetzel1907
Arlington,39,-77.06771038824203,38.89885742130128,noetzel1907
Arlington,40,-77.06770704489767,38.89884886775166,noetzel1907
Arlington,41,-77.06762161560408,38.89837550379665,noetzel1907
Arlington,42,-77.06761914676932,38.898367153130664,noetzel1907
Arlington,43,-77.06761667957979,38.89835872010291,noetzel1907
Arlington,44,-77.06761509070465,38.898350297784845,noetzel1907
Arlington,45,-77.06761262570899,38.898341754941235,noetzel1907
Arlington,46,-77.0676110368347,38.89833333262309,noetzel1907
Arlington,47,-77.06760944960543,38.8983248279432,noetzel1907
Arlington,48,-77.06760874288278,38.89831622415742,noetzel1907
Arlington,49,-77.06760715565414,38.898307719477465,noetzel1907
Arlington,50,-77.06760644893195,38.89829911569164,noetzel1907
Arlington,51,-77.06760574001707,38.898290621721515,noetzel1907
Arlington,52,-77.06760432602528,38.89827344160369,noetzel1907
Arlington,53,-77.06760518452928,38.898230448769695,noetzel1907
Arlington,54,-77.0676072837874,38.89821331149127,noetzel1907
Arlington,55,-77.06760833807589,38.89820450949372,noetzel1907
Arlington,56,-77.06760851460038,38.89819566933232,noetzel1907
Arlington,57,-77.06760640923888,38.898169116718385,noetzel1907
Arlington,58,-77.06760324520513,38.89815158573322,noetzel1907
Arlington,59,-77.06760078350703,38.89814287816542,noetzel1907
Arlington,60,-77.06759831961665,38.89813428041325,noetzel1907
Arlington,61,-77.06759581949797,38.89812573714045,noetzel1907
Arlington,62,-77.06759250914097,38.89811729383001,noetzel1907
Arlington,63,-77.06758828369678,38.89810892174281,noetzel1907
Arlington,64,-77.06758409009669,38.89810071480736,noetzel1907
Arlington,65,-77.067579824588,38.898092589376674,noetzel1907
Arlington,66,-77.0675747120646,38.89808464584151,noetzel1907
Arlington,67,-77.06756959680116,38.89807683957567,noetzel1907
Arlington,68,-77.06756360103562,38.8980691324151,noetzel1907
Arlington,69,-77.06755760033722,38.89806167233944,noetzel1907
Arlington,70,-77.06755159580247,38.898054404440934,noetzel1907
Arlington,71,-77.0675455972995,38.89804683454896,noetzel1907
Arlington,72,-77.06754048094548,38.89803908318965,noetzel1907
Arlington,73,-77.06753536733378,38.8980311945605,noetzel1907
Arlington,74,-77.06753113696716,38.89802306955632,noetzel1907
Arlington,75,-77.06752690769797,38.898014889644145,noetzel1907
Arlington,76,-77.06752356057706,38.89800652826486,noetzel1907
Arlington,77,-77.0675202156499,38.897998057069806,noetzel1907
Arlington,78,-77.06731297756252,38.897465540011595,noetzel1907
Arlington,79,-77.06730962884721,38.89745726098681,noetzel1907
Arlington,80,-77.06730628177763,38.89744889960016,noetzel1907
Arlington,81,-77.06730293635383,38.89744045585165,noetzel1907
Arlington,82,-77.06729800595167,38.89742339760119,noetzel1907
Arlington,83,-77.06729554212231,38.89741479984108,noetzel1907
Arlington,84,-77.06729079157533,38.89738873670397,noetzel1907
Arlington,85,-77.0672886808718,38.897362458618026,noetzel1907
Arlington,86,-77.0672892056222,38.89733618521479,noetzel1907
Arlington,87,-77.06729131150955,38.89731871849101,noetzel1907
Arlington,88,-77.06729324302805,38.897309982114294,noetzel1907
Arlington,89,-77.06729429405182,38.89730134484109,noetzel1907
Arlington,90,-77.06729710222531,38.897292701538305,noetzel1907
Arlington,91,-77.06729902990413,38.89728415733894,noetzel1907
Arlington,92,-77.06730095429255,38.897275777863065,noetzel1907
Arlington,93,-77.06730409858568,38.897250305305576,noetzel1907
Arlington,94,-77.0673046074283,38.89722482806528,noetzel1907
Arlington,95,-77.06730389855976,38.89721633409093,noetzel1907
Arlington,96,-77.06730231248825,38.897207774496565,noetzel1907
Arlington,97,-77.06730160307184,38.897199307976145,noetzel1907
Arlington,98,-77.06730001206606,38.897190995466985,noetzel1907
Arlington,99,-77.06729754605112,38.897182507522075,noetzel1907
Arlington,100,-77.06729507729517,38.89717415684674,noetzel1907
Arlington,101,-77.0672926068948,38.89716588853309,noetzel1907
Arlington,102,-77.06729013485001,38.89715770258112,noetzel1907
Arlington,103,-77.0672867823134,38.89714961573252,noetzel1907
Arlington,104,-77.06728339300061,38.89714161081705,noetzel1907
Arlington,105,-77.06727919455695,38.897133650954,noetzel1907
Arlington,106,-77.06727495933728,38.89712577302398,noetzel1907
Arlington,107,-77.06727072192521,38.89711800490959,noetzel1907
Arlington,108,-77.06726560292545,38.89711039080606,noetzel1907
Arlington,109,-77.06726048228177,38.89710285906407,noetzel1907
Arlington,110,-77.06725535834913,38.897095492045395,noetzel1907
Arlington,111,-77.06724935392585,38.8970882241296,noetzel1907
Arlington,112,-77.06724334566539,38.89708114839094,noetzel1907
Arlington,113,-77.06723733521272,38.89707418246768,noetzel1907
Arlington,114,-77.0672304442698,38.897067315647064,noetzel1907
Arlington,115,-77.06722354839299,38.89706069591136,noetzel1907
Arlington,116,-77.06721665032406,38.89705418599095,noetzel1907
Arlington,117,-77.06720974677283,38.89704795060932,noetzel1907
Arlington,118,-77.0672019643767,38.89704173196833,noetzel1907
Arlington,119,-77.06719417594992,38.89703581531992,noetzel1907
Arlington,120,-77.06718634800559,38.89703011787386,noetzel1907
Arlington,121,-77.06717770983535,38.89702452038692,noetzel1907
Arlington,122,-77.06716815549522,38.89701904902723,noetzel1907
Arlington,123,-77.06715948987306,38.89701306675555,noetzel1907
Arlington,124,-77.06715083192965,38.897006700128195,noetzel1907
Arlington,125,-77.06714305941398,38.89699998731259,noetzel1907
Arlington,126,-77.06713529512552,38.89699286268762,noetzel1907
Arlington,127,-77.06712844975142,38.89698547466484,noetzel1907
Arlington,128,-77.0671215406956,38.896977756337506,noetzel1907
Arlington,129,-77.06711555000552,38.896969802066565,noetzel1907
Arlington,130,-77.06711044309749,38.896961583969706,noetzel1907
Arlington,131,-77.06710621942281,38.89695312950087,noetzel1907
Arlington,132,-77.06710199958792,38.89694448285442,noetzel1907
Arlington,133,-77.06709866134082,38.89693568219798,noetzel1907
Arlington,134,-77.06629956428834,38.8954238083663,noetzel1907
Arlington,135,-77.06608668886162,38.894998343711535,noetzel1907
Arlington,136,-77.06600050801846,38.89491490975383,noetzel1907
Arlington,137,-77.0659396873053,38.894793340453354,noetzel1907
Arlington,138,-77.065933682665,38.8947878574006,noetzel1907
Arlington,139,-77.06593086945125,38.89478620287788,noetzel1907
Arlington,140,-77.06592798378071,38.894784657313,noetzel1907
Arlington,141,-77.06592495429412,38.8947832747561,noetzel1907
Arlington,142,-77.06592181721992,38.894782000728114,noetzel1907
Arlington,143,-77.06591860604246,38.894780918019784,noetzel1907
Arlington,144,-77.0659153224081,38.894779944269295,noetzel1907
Arlington,145,-77.0659119652193,38.89477913438454,noetzel1907
Arlington,146,-77.06590853392707,38.89477851581939,noetzel1907
Arlington,147,-77.06590510043962,38.894778007069895,noetzel1907
Arlington,148,-77.06590159284869,38.89477768963996,noetzel1907
Arlington,149,-77.0658980825136,38.89477750947966,noetzel1907
Arlington,150,-77.06589456888548,38.89477749404282,noetzel1907
Arlington,151,-77.0658910865462,38.89477767121233,noetzel1907
Arlington,152,-77.06588760146275,38.89477798565138,noetzel1907
Arlington,153,-77.06588411308613,38.89477846481397,noetzel1907
Arlington,154,-77.0658807268088,38.894779109986736,noetzel1907
Arlington,155,-77.06587733778717,38.89477989242914,noetzel1907
Arlington,156,-77.0658740508647,38.89478084088175,noetzel1907
Arlington,157,-77.06587083091067,38.89478195491572,noetzel1907
Arlington,158,-77.06586771415353,38.89478318005206,noetzel1907
Arlington,159,-77.06586466436465,38.89478457076973,noetzel1907
Arlington,160,-77.06586175235466,38.89478610047269,noetzel1907
Arlington,161,-77.0658589429926,38.89478776873199,noetzel1907
Arlington,162,-77.0658562719582,38.894789548522645,noetzel1907
Arlington,163,-77.06585377383342,38.89479146772753,noetzel1907
Arlington,164,-77.06585137945429,38.89479347058086,noetzel1907
Arlington,165,-77.06584876386185,38.894795992485385,noetzel1907
Arlington,166,-77.06583960631936,38.89483045361651,noetzel1907
Arlington,167,-77.06579598814851,38.894853811810506,noetzel1907
Arlington,168,-77.0657927006727,38.89485478771471,noetzel1907
Arlington,169,-77.06578941429463,38.89485570871103,noetzel1907
Arlington,170,-77.06578609278559,38.894856629278294,noetzel1907
Arlington,171,-77.06578277237426,38.89485749493756,noetzel1907
Arlington,172,-77.06577941738088,38.89485833271391,noetzel1907
Arlington,173,-77.06577606348522,38.8948591155823,noetzel1907
Arlington,174,-77.06577267500752,38.89485987056767,noetzel1907
Arlington,175,-77.06576928707867,38.894860598099065,noetzel1907
Arlington,176,-77.06576589969865,38.89486129817643,noetzel1907
Arlington,177,-77.0657624782855,38.89486194291686,noetzel1907
Arlington,178,-77.06575905742113,38.89486256020323,noetzel1907
Arlington,179,-77.06575560197487,38.894863149606664,noetzel1907
Arlington,180,-77.06575218220824,38.89486371198499,noetzel1907
Arlington,181,-77.0657487284085,38.89486421902642,noetzel1907
Arlington,182,-77.0657452751576,38.8948646986138,noetzel1907
Arlington,183,-77.06574178787366,38.89486512286428,noetzel1907
Arlington,184,-77.06573830113855,38.89486551966069,noetzel1907
Arlington,185,-77.0657348500832,38.89486588943201,noetzel1907
Arlington,186,-77.06573132986391,38.89486620343752,noetzel1907
Arlington,187,-77.06572784532428,38.89486649041787,noetzel1907
Arlington,188,-77.06572436133361,38.894866749944214,noetzel1907
Arlington,189,-77.06572084330988,38.89486695413366,noetzel1907
Arlington,190,-77.06571736041695,38.89486715875196,noetzel1907
Arlington,191,-77.06571384349103,38.8948673080333,noetzel1907
Arlington,192,-77.06571032766288,38.89486740240672,noetzel1907
Arlington,193,-77.06570681238365,38.89486746932602,noetzel1907
Arlington,194,-77.06570333278412,38.89486750922031,noetzel1907
Arlington,195,-77.06569978402084,38.89486749334872,noetzel1907
Arlington,196,-77.06569627093727,38.89486745045203,noetzel1907
Arlington,197,-77.06569247735592,38.89486737666951,noetzel1907
Arlington,198,-77.0656426629578,38.8948280489,noetzel1907
Arlington,199,-77.06564013518721,38.89482617817074,noetzel1907
Arlington,200,-77.06563757228598,38.89482430701242,noetzel1907
Arlington,201,-77.06563497370509,38.89482246287903,noetzel1907
Arlington,202,-77.06563233944456,38.89482064577048,noetzel1907
Arlington,203,-77.06562970518424,38.89481882866193,noetzel1907
Arlington,204,-77.06562707092397,38.89481701155324,noetzel1907
Arlington,205,-77.0656244004352,38.89481524892344,noetzel1907
Arlington,206,-77.06562169536463,38.89481345841061,noetzel1907
Arlington,207,-77.06561898919635,38.89481172280558,noetzel1907
Arlington,208,-77.06561628302818,38.89480998720051,noetzel1907
Arlington,209,-77.06561354118037,38.894808278620296,noetzel1907
Arlington,210,-77.06561436016989,38.89480598192781,noetzel1907
Arlington,211,-77.06561222487817,38.894803813923644,noetzel1907
Arlington,212,-77.06561037392665,38.894801484627735,noetzel1907
Arlington,213,-77.06560877163564,38.8947990210651,noetzel1907
Arlington,214,-77.06560752229959,38.89479647943058,noetzel1907
Arlington,215,-77.06560655620589,38.8947938314123,noetzel1907
Arlington,216,-77.06560587225647,38.894791131918055,noetzel1907
Arlington,217,-77.06560557584385,38.89478838223492,noetzel1907
Arlington,218,-77.06560555992863,38.89478566343764,noetzel1907
Arlington,219,-77.06560593100109,38.89478292190538,noetzel1907
Arlington,220,-77.06560658202191,38.894780238712954,noetzel1907
Arlington,221,-77.0656075827038,38.89477764217226,noetzel1907
Arlington,222,-77.06560886443191,38.89477504906347,noetzel1907
Arlington,223,-77.06561049417411,38.8947726249682,noetzel1907
Arlington,224,-77.0656123676359,38.89477031369162,noetzel1907
Arlington,225,-77.0656145545299,38.89476814354558,noetzel1907
Arlington,226,-77.06561694836587,38.89476616815093,noetzel1907
Arlington,227,-77.06561958537242,38.89476433302885,noetzel1907
Arlington,228,-77.06562402502776,38.89476197070654,noetzel1907
Arlington,229,-77.06588342617515,38.89469681596095,noetzel1907
Arlington,230,-77.06600427557564,38.89460690235772,noetzel1907
Arlington,231,-77.0659522719385,38.89452064522491,noetzel1907
Arlington,232,-77.0658644041529,38.894540964298194,noetzel1907
Arlington,233,-77.06586114962762,38.894542050449054,noetzel1907
Arlington,234,-77.06585786326474,38.89454297144734,noetzel1907
Arlington,235,-77.06585450828696,38.89454380922591,noetzel1907
Arlington,236,-77.06585112147155,38.89454448185184,noetzel1907
Arlington,237,-77.06584766604135,38.894545071257994,noetzel1907
Arlington,238,-77.06584421390419,38.894545495940456,noetzel1907
Arlington,239,-77.0658406937011,38.89454580994922,noetzel1907
Arlington,240,-77.06583721192186,38.89454595966321,noetzel1907
Arlington,241,-77.0658336966585,38.89454602658638,noetzel1907
Arlington,242,-77.06583018468832,38.8945459287858,noetzel1907
Arlington,243,-77.06582667491361,38.89454572116938,noetzel1907
Arlington,244,-77.06582320301392,38.89454537671213,noetzel1907
Arlington,245,-77.06581973385866,38.89454489498509,noetzel1907
Arlington,246,-77.06581630257843,38.894544276417236,noetzel1907
Arlington,247,-77.06581290862445,38.89454354846246,noetzel1907
Arlington,248,-77.06580958767626,38.89454268409574,noetzel1907
Arlington,249,-77.06580630405433,38.89454171034218,noetzel1907
Arlington,250,-77.06580309288931,38.8945406276306,noetzel1907
Arlington,251,-77.06579995473021,38.89453940850721,noetzel1907
Arlington,252,-77.06579688957686,38.89453805297184,noetzel1907
Arlington,253,-77.06579389633166,38.894536615932566,noetzel1907
Arlington,254,-77.06579101122298,38.894535042910285,noetzel1907
Arlington,255,-77.06578819802243,38.894533388384026,noetzel1907
Arlington,256,-77.06578552754023,38.894531625757736,noetzel1907
Arlington,257,-77.06578292951504,38.89452975417351,noetzel1907
Arlington,258,-77.06578047365933,38.89452780194322,noetzel1907
Arlington,259,-77.06577812539126,38.894525741183955,noetzel1907
Arlington,260,-77.06577591874377,38.89452362723251,noetzel1907
Arlington,261,-77.06577385481467,38.89452140518112,noetzel1907
Arlington,262,-77.0657718973754,38.89451912950862,noetzel1907
Arlington,263,-77.0657700821056,38.89451677319009,noetzel1907
Arlington,264,-77.06576844413597,38.894514336654446,noetzel1907
Arlington,265,-77.06576613868032,38.89450837700723,noetzel1907
Arlington,266,-77.06576273539247,38.89450284332554,noetzel1907
Arlington,267,-77.06525460811926,38.89373048605005,noetzel1907
Arlington,268,-77.06524595569547,38.89363426810718,noetzel1907
Arlington,269,-77.06526476390472,38.89357408442079,noetzel1907
Arlington,270,-77.06520103656845,38.89342227245258,noetzel1907
Arlington,271,-77.06519488910322,38.89337826032541,noetzel1907
Arlington,272,-77.06514362165822,38.89330623639313,noetzel1907
Arlington,273,-77.06507984141044,38.892981421601114,noetzel1907
Arlington,274,-77.06515705383704,38.89281210877843,noetzel1907
Arlington,275,-77.06515076416812,38.89242209067596,noetzel1907
Arlington,276,-77.06514829582584,38.89241373994527,noetzel1907
Arlington,277,-77.06514670407748,38.89240548230472,noetzel1907
Arlington,278,-77.06514176410089,38.892388945566765,noetzel1907
Arlington,279,-77.06513841422573,38.89238074883118,noetzel1907
Arlington,280,-77.06513594259162,38.892372562823894,noetzel1907
Arlington,281,-77.06513259052144,38.892364475903925,noetzel1907
Arlington,282,-77.06512923735379,38.89235644389167,noetzel1907
Arlington,283,-77.06512500594691,38.89234840115088,noetzel1907
Arlington,284,-77.06512165058437,38.89234047895422,noetzel1907
Arlington,285,-77.06511318063656,38.89232475037314,noetzel1907
Arlington,286,-77.06510894374212,38.892316982171195,noetzel1907
Arlington,287,-77.06510470520122,38.89230929633091,noetzel1907
Arlington,288,-77.06509446834875,38.89229406791611,noetzel1907
Arlington,289,-77.06508422491102,38.892279168947745,noetzel1907
Arlington,290,-77.06507910099721,38.89227182927901,noetzel1907
Arlington,291,-77.06506709065451,38.89225743047644,noetzel1907
Arlington,292,-77.06505507317777,38.8922433885739,noetzel1907
Arlington,293,-77.06504906114628,38.89223653234583,noetzel1907
Arlington,294,-77.06504217032827,38.89222969284229,noetzel1907
Arlington,295,-77.06503524218549,38.89222296272498,noetzel1907
Arlington,296,-77.06502838155723,38.89221637073535,noetzel1907
Arlington,297,-77.06502148525156,38.89220980577004,noetzel1907
Arlington,298,-77.06501458400474,38.89220348788983,noetzel1907
Arlington,299,-77.06500770527477,38.89219604439743,noetzel1907
Arlington,300,-77.06500171082504,38.8921883096405,noetzel1907
Arlington,301,-77.06499659900781,38.892180365981176,noetzel1907
Arlington,302,-77.06499149103591,38.89217223014389,noetzel1907
Arlington,303,-77.06498726624537,38.8921638579504,noetzel1907
Arlington,304,-77.06498304310334,38.89215540339492,noetzel1907
Arlington,305,-77.06497970369149,38.892146685029275,noetzel1907
Arlington,306,-77.06497724196869,38.8921380048471,noetzel1907
Arlington,307,-77.06497478409067,38.89212913248719,noetzel1907
Arlington,308,-77.06497320609796,38.892120188494985,noetzel1907
Arlington,309,-77.06497162975316,38.89211116214085,noetzel1907
Arlington,310,-77.06497093219485,38.89210211906238,noetzel1907
Arlington,311,-77.06497111232439,38.89209311416745,noetzel1907
Arlington,312,-77.06496157363709,38.892086901364834,noetzel1907
Arlington,313,-77.06495293076193,38.89207982076486,noetzel1907
Arlington,314,-77.06494514197935,38.89207220138585,noetzel1907
Arlington,315,-77.06493922933853,38.89206389095101,noetzel1907
Arlington,316,-77.06493410162925,38.892054985971306,noetzel1907
Arlington,317,-77.06492989222967,38.89204584506492,noetzel1907
Arlington,318,-77.06492744809044,38.89203628635514,noetzel1907
Arlington,319,-77.0649267620715,38.892026666743305,noetzel1907
Arlington,320,-77.06473998121903,38.89135159837654,noetzel1907
Arlington,321,-77.06460780895088,38.89128407765195,noetzel1907
Arlington,322,-77.06459733889255,38.89128051711946,noetzel1907
Arlington,323,-77.0645877805703,38.891275292627455,noetzel1907
Arlington,324,-77.06458000946466,38.891268552178474,noetzel1907
Arlington,325,-77.06457401623715,38.891260762490056,noetzel1907
Arlington,326,-77.06457071039779,38.89125212690197,noetzel1907
Arlington,327,-77.06456997721999,38.89124311084378,noetzel1907
Arlington,328,-77.064571070753,38.89123411710939,noetzel1907
Arlington,329,-77.06457471991688,38.89122559397744,noetzel1907
Arlington,330,-77.0645810240555,38.89121784472892,noetzel1907
Arlington,331,-77.06463849649317,38.8909796392748,noetzel1907
Arlington,332,-77.06463425643379,38.89097203577676,noetzel1907
Arlington,333,-77.06462917328128,38.89096442197567,noetzel1907
Arlington,334,-77.06462489644693,38.89095690040986,noetzel1907
Arlington,335,-77.06462065639032,38.8909492969113,noetzel1907
Arlington,336,-77.06461553591473,38.89094179249615,noetzel1907
Arlington,337,-77.0646112942121,38.890934271359065,noetzel1907
Arlington,338,-77.06460617209063,38.890926849305295,noetzel1907
Arlington,339,-77.0646010527168,38.89091928998152,noetzel1907
Arlington,340,-77.06459680936908,38.89091185120576,noetzel1907
Arlington,341,-77.06459168725071,38.89090442915134,noetzel1907
Arlington,342,-77.06458656403477,38.89089706200458,noetzel1907
Arlington,343,-77.06458144246785,38.89088961249568,noetzel1907
Arlington,344,-77.06457631870472,38.89088227280242,noetzel1907
Arlington,345,-77.06457119384399,38.8908749880168,noetzel1907
Arlington,346,-77.06456607063228,38.890867620869095,noetzel1907
Arlington,347,-77.06455069496083,38.89084582141808,noetzel1907
Arlington,348,-77.06454465455778,38.890838635284965,noetzel1907
Arlington,349,-77.06453956318423,38.89083143328905,noetzel1907
Arlington,350,-77.0645335579123,38.890824247584696,noetzel1907
Arlington,351,-77.06452843141206,38.89081704515895,noetzel1907
Arlington,352,-77.06452242449446,38.89080994181585,noetzel1907
Arlington,353,-77.06451729579899,38.890802849205464,noetzel1907
Arlington,354,-77.06451128723565,38.89079582822362,noetzel1907
Arlington,355,-77.06450528032154,38.890788724879606,noetzel1907
Arlington,356,-77.0645001505306,38.890781687176286,noetzel1907
Arlington,357,-77.06449414032265,38.89077474855539,noetzel1907
Arlington,358,-77.06448813176394,38.89076772757231,noetzel1907
Arlington,359,-77.06447611135391,38.890753850328935,noetzel1907
Arlington,360,-77.06445807525392,38.89073330900107,noetzel1907
Arlington,361,-77.06445118518602,38.89072644200632,noetzel1907
Arlington,362,-77.06443915819764,38.89071289420646,noetzel1907
Arlington,363,-77.06443226428787,38.89070621938825,noetzel1907
Arlington,364,-77.06442624969785,38.89069950039537,noetzel1907
Arlington,365,-77.0644193557906,38.89069282557637,noetzel1907
Arlington,366,-77.06441333955478,38.890686188944706,noetzel1907
Arlington,367,-77.06440644510062,38.89067954157887,noetzel1907
Arlington,368,-77.06440042776833,38.89067295985446,noetzel1907
Arlington,369,-77.06437973672564,38.89065340210876,noetzel1907
Arlington,370,-77.06437283843199,38.89064694691855,noetzel1907
Arlington,371,-77.06436681945733,38.89064044755419,noetzel1907
Arlington,372,-77.0643599189685,38.89063410217912,noetzel1907
Arlington,373,-77.0643530201291,38.8906276744417,noetzel1907
Arlington,374,-77.06434524142402,38.89062131833143,noetzel1907
Arlington,375,-77.06431763289807,38.8905962662707,noetzel1907
Arlington,376,-77.06430985090302,38.8905900748818,noetzel1907
Arlington,377,-77.06430294712756,38.89058389422698,noetzel1907
Arlington,378,-77.06429516348685,38.89057778519889,noetzel1907
Arlington,379,-77.06428825806556,38.89057168690506,noetzel1907
Arlington,380,-77.06427957697943,38.890566528029694,noetzel1907
Arlington,381,-77.06427086461188,38.89056117654657,noetzel1907
Arlington,382,-77.06426310621522,38.89055556211697,noetzel1907
Arlington,383,-77.06425531488885,38.8905498374416,noetzel1907
Arlington,384,-77.06424752960757,38.89054381077222,noetzel1907
Arlington,385,-77.06423974707481,38.89053764683256,noetzel1907
Arlington,386,-77.06423284715657,38.89053127399582,noetzel1907
Arlington,387,-77.06422595163511,38.89052468152707,noetzel1907
Arlington,388,-77.0642190231841,38.890517978812625,noetzel1907
Arlington,389,-77.06421308328281,38.89051104103572,noetzel1907
Arlington,390,-77.06420707477368,38.8905040200378,noetzel1907
Arlington,391,-77.06420103608214,38.89049675152454,noetzel1907
Arlington,392,-77.06419591128706,38.89048946672183,noetzel1907
Arlington,393,-77.06419079198764,38.89048190737937,noetzel1907
Arlington,394,-77.06418567323877,38.890474320582655,noetzel1907
Arlington,395,-77.064181436554,38.89046655234355,noetzel1907
Arlington,396,-77.06417720151858,38.890458701742475,noetzel1907
Arlington,397,-77.0641738117699,38.89045075163151,noetzel1907
Arlington,398,-77.06416961516167,38.890442736735785,noetzel1907
Arlington,399,-77.06416714205646,38.89043463306593,noetzel1907
Arlington,400,-77.06416379238391,38.89042643629847,noetzel1907
Arlington,401,-77.06416132257674,38.89041816790468,noetzel1907
Arlington,402,-77.06415973263466,38.89040982788467,noetzel1907
Arlington,403,-77.06415655659791,38.89039295566681,noetzel1907
Arlington,404,-77.06415584652115,38.89038454402051,noetzel1907
Arlington,405,-77.06415513809294,38.89037605001238,noetzel1907
Arlington,406,-77.064154428566,38.890367610912065,noetzel1907
Arlington,407,-77.06415476814124,38.89035064436709,noetzel1907
Arlington,408,-77.06415581669354,38.890342144376305,noetzel1907
Arlington,409,-77.0641518680336,38.89018831633149,noetzel1907
Arlington,410,-77.06415115795942,38.89017990468475,noetzel1907
Arlington,411,-77.06415044623698,38.89017157539987,noetzel1907
Arlington,412,-77.06415061437619,38.89016317448882,noetzel1907
Arlington,413,-77.06414990430238,38.890154762842,noetzel1907
Arlington,414,-77.06415007299111,38.89014633447697,noetzel1907
Arlington,415,-77.06415111934307,38.890137944301664,noetzel1907
Arlington,416,-77.06415128748212,38.89012954339054,noetzel1907
Arlington,417,-77.0641523321853,38.890121235577034,noetzel1907
Arlington,418,-77.0641533790861,38.89011281794767,noetzel1907
Arlington,419,-77.06415442378879,38.89010451013411,noetzel1907
Arlington,420,-77.06416019253152,38.89007961890038,noetzel1907
Arlington,421,-77.06416211379646,38.890071404184226,noetzel1907
Arlington,422,-77.0641649132728,38.89006320020368,noetzel1907
Arlington,423,-77.06416683288838,38.890055067849325,noetzel1907
Arlington,424,-77.06417050892682,38.89004695696611,noetzel1907
Arlington,425,-77.06417330510448,38.89003891770904,noetzel1907
Arlington,426,-77.0641769772951,38.890030999003365,noetzel1907
Arlington,427,-77.06417977182304,38.890023042107984,noetzel1907
Arlington,428,-77.06418344456159,38.890015095948065,noetzel1907
Arlington,429,-77.06418799166431,38.89000735270121,noetzel1907
Arlington,430,-77.06419166055495,38.889999598718745,noetzel1907
Arlington,431,-77.06419620655689,38.88999191037943,noetzel1907
Arlington,432,-77.06420075036003,38.88998433185579,noetzel1907
Arlington,433,-77.06420617072466,38.88997684642919,noetzel1907
Arlington,434,-77.06421071287745,38.889969350267016,noetzel1907
Arlington,435,-77.06422154645844,38.88995473631407,noetzel1907
Arlington,436,-77.06422696022534,38.88994758033392,noetzel1907
Arlington,437,-77.06423325165208,38.88994046254269,noetzel1907
Arlington,438,-77.06424407863086,38.88992617803502,noetzel1907
Arlington,439,-77.06425037225176,38.889918950426924,noetzel1907
Arlington,440,-77.0642612025205,38.88990450119391,noetzel1907
Arlington,441,-77.06428287018733,38.889875245823106,noetzel1907
Arlington,442,-77.06429370758532,38.88986043968536,noetzel1907
Arlington,443,-77.0642991279309,38.88985295425423,noetzel1907
Arlington,444,-77.06430366786847,38.8898455679041,noetzel1907
Arlington,445,-77.06430908876129,38.889838055018515,noetzel1907
Arlington,446,-77.06431366822056,38.88983044946563,noetzel1907
Arlington,447,-77.064319052884,38.8898229910581,noetzel1907
Arlington,448,-77.06432359666347,38.889815412529366,noetzel1907
Arlington,449,-77.06432901865072,38.88980784473491,noetzel1907
Arlington,450,-77.06433356242819,38.88980026620579,noetzel1907
Arlington,451,-77.06435174467053,38.88976959518583,noetzel1907
Arlington,452,-77.06435629283831,38.889761797024086,noetzel1907
Arlington,453,-77.06436083770876,38.88975416358585,noetzel1907
Arlington,454,-77.0643653847758,38.88974642033163,noetzel1907
Arlington,455,-77.06436905583146,38.88973855652721,noetzel1907
Arlington,456,-77.06437360289662,38.88973081327267,noetzel1907
Arlington,457,-77.06437815215834,38.889722960202015,noetzel1907
Arlington,458,-77.06438549371433,38.88970726004616,noetzel1907
Arlington,459,-77.06439004242387,38.88969943442901,noetzel1907
Arlington,460,-77.06439371457321,38.88969151571584,noetzel1907
Arlington,461,-77.06439934475708,38.88967354286618,noetzel1907
Arlington,462,-77.0644067242101,38.88965594838539,noetzel1907
Arlington,463,-77.06441128829644,38.88964735405641,noetzel1907
Arlington,464,-77.06441584963484,38.88963889699693,noetzel1907
Arlington,465,-77.06442040877474,38.88963054975317,noetzel1907
Arlington,466,-77.06442584282384,38.889622377966674,noetzel1907
Arlington,467,-77.06443215343,38.88961429927546,noetzel1907
Arlington,468,-77.06443846073861,38.88960638530767,noetzel1907
Arlington,469,-77.06444476255224,38.88959874587917,noetzel1907
Arlington,470,-77.06445192883677,38.889591803532895,noetzel1907
Arlington,471,-77.06445910226151,38.889584504284635,noetzel1907
Arlington,472,-77.06446456099334,38.88957685455089,noetzel1907
Arlington,473,-77.06446995496098,38.88956892941861,noetzel1907
Arlington,474,-77.06447451079401,38.88956074689635,noetzel1907
Arlington,475,-77.06447819336447,38.88955230655497,noetzel1907
Arlington,476,-77.06448187977948,38.88954367403565,noetzel1907
Arlington,477,-77.06448574582824,38.88952606407017,noetzel1907
Arlington,478,-77.06448680476674,38.88951704244932,noetzel1907
Arlington,479,-77.06448540542826,38.88949917590635,noetzel1907
Arlington,480,-77.06448382755438,38.88949023190158,noetzel1907
Arlington,481,-77.0644822458355,38.88948148007452,noetzel1907
Arlington,482,-77.0644788698328,38.889472843621256,noetzel1907
Arlington,483,-77.06441677609232,38.88924141499857,noetzel1907
Arlington,484,-77.06419065617884,38.88842581480214,noetzel1907
Arlington,485,-77.06417380663062,38.888389909930574,noetzel1907
Arlington,486,-77.06416068376065,38.88838725058475,noetzel1907
Arlington,487,-77.06414827534333,38.888392783256336,noetzel1907
Arlington,488,-77.06414542977535,38.888403293373415,noetzel1907
Arlington,489,-77.06414967014275,38.888412626923625,noetzel1907
Arlington,490,-77.0641529593168,38.88842208614885,noetzel1907
Arlington,491,-77.06415543670903,38.888431727674906,noetzel1907
Arlington,492,-77.06415696400614,38.88844143996823,noetzel1907
Arlington,493,-77.06415852423353,38.88845126250684,noetzel1907
Arlington,494,-77.06415832697796,38.888461118481914,noetzel1907
Arlington,495,-77.06414942637177,38.88846694118201,noetzel1907
Arlington,496,-77.06413795877137,38.88846935483558,noetzel1907
Arlington,497,-77.06412568605748,38.888468106374184,noetzel1907
Arlington,498,-77.0641152406109,38.888463337821534,noetzel1907
Arlington,499,-77.06410839965842,38.88845578488291,noetzel1907
Arlington,500,-77.06410591018319,38.888446747343224,noetzel1907
Arlington,501,-77.06411010979747,38.888412472825614,noetzel1907
Arlington,502,-77.06411028123415,38.88840390718707,noetzel1907
Arlington,503,-77.06411133086222,38.88839535228453,noetzel1907
Arlington,504,-77.06411236387636,38.88834373882096,noetzel1907
Arlington,505,-77.06411098549526,38.88832658650082,noetzel1907
Arlington,506,-77.06411115748111,38.88831799340815,noetzel1907
Arlington,507,-77.06411041559942,38.888309416603875,noetzel1907
Arlington,508,-77.06410882900683,38.88830091185489,noetzel1907
Arlington,509,-77.06410741659874,38.88828370419717,noetzel1907
Arlington,510,-77.0641058651347,38.88827519987749,noetzel1907
Arlington,511,-77.06410512160565,38.88826670543502,noetzel1907
Arlington,512,-77.06410194842402,38.88824969593668,noetzel1907
Arlington,513,-77.06410389767,38.88824008106514,noetzel1907
Arlington,514,-77.0640996644229,38.88823214809489,noetzel1907
Arlington,515,-77.06409630991556,38.88822419840661,noetzel1907
Arlington,516,-77.06409208875884,38.88821566144871,noetzel1907
Arlington,517,-77.0640869899635,38.888207086300376,noetzel1907
Arlington,518,-77.06408276386354,38.88819879642778,noetzel1907
Arlington,519,-77.06407678138672,38.88819048508244,noetzel1907
Arlington,520,-77.06407167325368,38.88818237665092,noetzel1907
Arlington,521,-77.06406568418559,38.88817439475259,noetzel1907
Arlington,522,-77.0640605628671,38.88816694521587,noetzel1907
Arlington,523,-77.06406075354138,38.88815741868787,noetzel1907
Arlington,524,-77.06405740893274,38.88814897482688,noetzel1907
Arlington,525,-77.06405494251321,38.888140541702256,noetzel1907
Arlington,526,-77.06405159790606,38.88813209784108,noetzel1907
Arlington,527,-77.06403821344077,38.88809862438887,noetzel1907
Arlington,528,-77.06403483041305,38.88809034482146,noetzel1907
Arlington,529,-77.06403151599253,38.88808214847479,noetzel1907
Arlington,530,-77.06402728990633,38.888073858599974,noetzel1907
Arlington,531,-77.06402394035996,38.8880656618236,noetzel1907
Arlington,532,-77.06401971207758,38.88805748176435,noetzel1907
Arlington,533,-77.06400702393915,38.888033106309386,noetzel1907
Arlington,534,-77.06399856133837,38.88801704818303,noetzel1907
Arlington,535,-77.06399263218974,38.88800607379774,noetzel1907
Arlington,536,-77.06397863066054,38.88800343114838,noetzel1907
Arlington,537,-77.06396705652,38.888011170856096,noetzel1907
Arlington,538,-77.06396310414937,38.8880330910849,noetzel1907
Arlington,539,-77.06396540793332,38.8880935327707,noetzel1907
Arlington,540,-77.06396786719687,38.8881023227989,noetzel1907
Arlington,541,-77.06397120684703,38.88811101374829,noetzel1907
Arlington,542,-77.06397366611188,38.88811980377637,noetzel1907
Arlington,543,-77.06398034486652,38.888137213128594,noetzel1907
Arlington,544,-77.0639836856189,38.8881458491696,noetzel1907
Arlington,545,-77.06398698959596,38.88815456714293,noetzel1907
Arlington,546,-77.06400038884317,38.888189056826896,noetzel1907
Arlington,547,-77.06400373179844,38.88819758305129,noetzel1907
Arlington,548,-77.06400795294357,38.88820612001247,noetzel1907
Arlington,549,-77.06401129535098,38.88821467369063,noetzel1907
Arlington,550,-77.06401551649802,38.888223210651454,noetzel1907
Arlington,551,-77.0640590942627,38.88832809404226,noetzel1907
Arlington,552,-77.06406325332931,38.88833973329974,noetzel1907
Arlington,553,-77.06405514190271,38.888350014272376,noetzel1907
Arlington,554,-77.06404196574273,38.88835001794836,noetzel1907
Arlington,555,-77.06403066245986,38.88834422285456,noetzel1907
Arlington,556,-77.0640158859808,38.88833640812684,noetzel1907
Arlington,557,-77.06399932235072,38.88833010934579,noetzel1907
Arlington,558,-77.06399510944213,38.88832116057506,noetzel1907
Arlington,559,-77.06398667813286,38.88830353757277,noetzel1907
Arlington,560,-77.06398246083117,38.88829480843326,noetzel1907
Arlington,561,-77.06397736314237,38.888286178372425,noetzel1907
Arlington,562,-77.06397229948334,38.88827760364874,noetzel1907
Arlington,563,-77.06396275538735,38.888269935269065,noetzel1907
Arlington,564,-77.06395233525912,38.88826390381912,noetzel1907
Arlington,565,-77.06393924319468,38.88825970702613,noetzel1907
Arlington,566,-77.06392614504347,38.88825756970894,noetzel1907
Arlington,567,-77.06391293212418,38.888257655302816,noetzel1907
Arlington,568,-77.0639015035677,38.8882581197016,noetzel1907
Arlington,569,-77.06388924133567,38.88825634959004,noetzel1907
Arlington,570,-77.06387878054787,38.88825234972723,noetzel1907
Arlington,571,-77.06387011515966,38.88824642210741,noetzel1907
Arlington,572,-77.06386323747736,38.88823895108647,noetzel1907
Arlington,573,-77.06385901689711,38.8882303866662,noetzel1907
Arlington,574,-77.06385744242664,38.88822127792631,noetzel1907
Arlington,575,-77.06375963958232,38.88801687290088,noetzel1907
Arlington,576,-77.06367621802576,38.887796167230114,noetzel1907
Arlington,577,-77.06365300298991,38.887727231596685,noetzel1907
Arlington,578,-77.0636496617472,38.88771862299931,noetzel1907
Arlington,579,-77.06364896219965,38.8877096897188,noetzel1907
Arlington,580,-77.06365089720083,38.887700788656765,noetzel1907
Arlington,581,-77.0636545819713,38.88769223852127,noetzel1907
Arlington,582,-77.06366000551759,38.88768458839165,noetzel1907
Arlington,583,-77.0636680432738,38.8876779862769,noetzel1907
Arlington,584,-77.06367346681759,38.88767033614664,noetzel1907
Arlington,585,-77.06367714773636,38.88766197818825,noetzel1907
Arlington,586,-77.06367907943495,38.88765324184945,noetzel1907
Arlington,587,-77.06367837823545,38.887644390930866,noetzel1907
Arlington,588,-77.06367679390732,38.88763577635872,noetzel1907
Arlington,589,-77.06367168585896,38.88762766790865,noetzel1907
Arlington,590,-77.06366564966237,38.88762028954665,noetzel1907
Arlington,591,-77.06360673795095,38.88758112412043,noetzel1907
Arlington,592,-77.06359535951995,38.887579090177994,noetzel1907
Arlington,593,-77.06358489005252,38.88757552955189,noetzel1907
Arlington,594,-77.06357532405245,38.887570716782214,noetzel1907
Arlington,595,-77.06356666097037,38.88756467932304,noetzel1907
Arlington,596,-77.06355977623916,38.88755756518475,noetzel1907
Arlington,597,-77.06355466381214,38.88754967636118,noetzel1907
Arlington,598,-77.06355132094046,38.88754115012256,noetzel1907
Arlington,599,-77.06354974157702,38.88753228846269,noetzel1907
Arlington,600,-77.06354992022439,38.8875233659214,noetzel1907
Arlington,601,-77.0635518535838,38.88751454722247,noetzel1907
Arlington,602,-77.06355901644847,38.887507769650824,noetzel1907
Arlington,603,-77.063564438342,38.8875002018872,noetzel1907
Arlington,604,-77.06356811596666,38.88749200865567,noetzel1907
Arlington,605,-77.06357092035739,38.88748355759819,noetzel1907
Arlington,606,-77.06357197388402,38.88747481052063,noetzel1907
Arlington,607,-77.06357039122145,38.88746611358476,noetzel1907
Arlington,608,-77.06356792488262,38.88745768044843,noetzel1907
Arlington,609,-77.0635637307159,38.88744955570906,noetzel1907
Arlington,610,-77.06355857602311,38.887442023357536,noetzel1907
Arlington,611,-77.06355168250957,38.887435348482114,noetzel1907
Arlington,612,-77.0635430161477,38.88742947574484,noetzel1907
Arlington,613,-77.0635334501699,38.88742466297156,noetzel1907
Arlington,614,-77.0635238259791,38.88742100283476,noetzel1907
Arlington,615,-77.06351248929938,38.88741863986608,noetzel1907
Arlington,616,-77.06350197148572,38.887417495182206,noetzel1907
Arlington,617,-77.06349054855748,38.88741768500134,noetzel1907
Arlington,618,-77.06348000490792,38.887417830652254,noetzel1907
Arlington,619,-77.06346859572243,38.88741733411992,noetzel1907
Arlington,620,-77.06345807296219,38.88741643651786,noetzel1907
Arlington,621,-77.06344668246763,38.88741500654828,noetzel1907
Arlington,622,-77.06343617839872,38.88741317550919,noetzel1907
Arlington,623,-77.06342568697416,38.8874107130277,noetzel1907
Arlington,624,-77.06341520379635,38.887407838735655,noetzel1907
Arlington,625,-77.06340560704467,38.88740456337449,noetzel1907
Arlington,626,-77.06339514310953,38.88740072819158,noetzel1907
Arlington,627,-77.06338644377992,38.88739650268112,noetzel1907
Arlington,628,-77.06337687451853,38.88739185461891,noetzel1907
Arlington,629,-77.06336819278314,38.887386750579935,noetzel1907
Arlington,630,-77.06335951929533,38.88738123473071,noetzel1907
Arlington,631,-77.0633517305848,38.88737540017491,noetzel1907
Arlington,632,-77.06334394902244,38.88736920871693,noetzel1907
Arlington,633,-77.06333705388657,38.88736261619071,noetzel1907
Arlington,634,-77.06333016424963,38.88735574912432,noetzel1907
Arlington,635,-77.06332415774044,38.88734864571366,noetzel1907
Arlington,636,-77.06331903655786,38.887341196143055,noetzel1907
Arlington,637,-77.06331391922478,38.88733355439437,noetzel1907
Arlington,638,-77.06330968446919,38.88732570375571,noetzel1907
Arlington,639,-77.06330633284064,38.88731761677323,noetzel1907
Arlington,640,-77.06330298341196,38.887309419974706,noetzel1907
Arlington,641,-77.0633005154606,38.887301069194365,noetzel1907
Arlington,642,-77.06329892843655,38.88729259188619,noetzel1907
Arlington,643,-77.06329734141286,38.88728411457801,noetzel1907
Arlington,644,-77.06329663311692,38.887275620558,noetzel1907
Arlington,645,-77.06329680519778,38.887267027464155,noetzel1907
Arlington,646,-77.0632978703,38.88725770385521,noetzel1907
Arlington,647,-77.06329718124653,38.88724824894602,noetzel1907
Arlington,648,-77.06329648889455,38.88723895876063,noetzel1907
Arlington,649,-77.06329315926276,38.88722977361861,noetzel1907
Arlington,650,-77.06328982413399,38.88722086301621,noetzel1907
Arlington,651,-77.06328472495544,38.887212315284906,noetzel1907
Arlington,652,-77.06327873770526,38.88720425098253,noetzel1907
Arlington,653,-77.06327098365718,38.887196686820765,noetzel1907
Arlington,654,-77.0632632175153,38.887189726645886,noetzel1907
Arlington,655,-77.06325633779834,38.88718236540333,noetzel1907
Arlington,656,-77.06325034010769,38.88717482272502,noetzel1907
Arlington,657,-77.06324343131422,38.88716715905823,noetzel1907
Arlington,658,-77.0632375066293,38.88715947996878,noetzel1907
Arlington,659,-77.06323235913905,38.8871515907007,noetzel1907
Arlington,660,-77.06322636970056,38.88714363621152,noetzel1907
Arlington,661,-77.06322126063853,38.88713558264877,noetzel1907
Arlington,662,-77.06321615322707,38.887127446723895,noetzel1907
Arlington,663,-77.06321104911564,38.88711914607495,noetzel1907
Arlington,664,-77.06320682318098,38.887110856168555,noetzel1907
Arlington,665,-77.06319834278534,38.887093946477904,noetzel1907
Arlington,666,-77.06319169614561,38.8870767022302,noetzel1907
Arlington,667,-77.06318835718783,38.88706798380237,noetzel1907
Arlington,668,-77.06304857050185,38.88685482626266,noetzel1907
Arlington,669,-77.06304611799216,38.8868457067647,noetzel1907
Arlington,670,-77.06304278401167,38.88683674124644,noetzel1907
Arlington,671,-77.06303768324022,38.886828275865525,noetzel1907
Arlington,672,-77.06303169440022,38.886820293911725,noetzel1907
Arlington,673,-77.06302393492088,38.8868130042727,noetzel1907
Arlington,674,-77.06301616059628,38.88680645589041,noetzel1907
Arlington,675,-77.06300661233324,38.886800764546216,noetzel1907
Arlington,676,-77.06299616720378,38.88679599589205,noetzel1907
Arlington,677,-77.06298482465776,38.88679217738157,noetzel1907
Arlington,678,-77.062973460117,38.88678945702908,noetzel1907
Arlington,679,-77.06296207248113,38.88678788974243,noetzel1907
Arlington,680,-77.06295159326226,38.88678482323076,noetzel1907
Arlington,681,-77.06294112559239,38.88678118018469,noetzel1907
Arlington,682,-77.06293154984292,38.88677686153315,noetzel1907
Arlington,683,-77.06292198619282,38.88677193889337,noetzel1907
Arlington,684,-77.06291334794051,38.88676642344012,noetzel1907
Arlington,685,-77.06290552860554,38.886760368792245,noetzel1907
Arlington,686,-77.06289775319757,38.886753875310006,noetzel1907
Arlington,687,-77.06289086696073,38.886746843492915,noetzel1907
Arlington,688,-77.06288486604532,38.88673946551893,noetzel1907
Arlington,689,-77.06287975210098,38.88673165902633,noetzel1907
Arlington,690,-77.06287552237787,38.88672356128502,noetzel1907
Arlington,691,-77.06287217467593,38.88671528211107,noetzel1907
Arlington,692,-77.06286970954487,38.88670679405054,noetzel1907
Arlington,693,-77.06286724936382,38.88669805890415,noetzel1907
Arlington,694,-77.06286654662398,38.886689290340534,noetzel1907
Arlington,695,-77.06286672150465,38.8866805599762,noetzel1907
Arlington,696,-77.06286777510533,38.88667181290324,noetzel1907
Arlington,697,-77.062869705226,38.88666315893747,noetzel1907
Arlington,698,-77.06287337958747,38.88665513044979,noetzel1907
Arlington,699,-77.06287705889756,38.886646854876226,noetzel1907
Arlington,700,-77.06287898186729,38.88663855781199,noetzel1907
Arlington,701,-77.06288283495455,38.88662160678163,noetzel1907
Arlington,702,-77.0628833502411,38.88659588240562,noetzel1907
Arlington,703,-77.06288176603158,38.886587267820445,noetzel1907
Arlington,704,-77.06288017797291,38.88657884541307,noetzel1907
Arlington,705,-77.06287771174573,38.88657041226037,noetzel1907
Arlington,706,-77.06287524221949,38.88656214383148,noetzel1907
Arlington,707,-77.06287104818357,38.88655401906553,noetzel1907
Arlington,708,-77.06286678004548,38.886546085617624,noetzel1907
Arlington,709,-77.06286254208568,38.88653839968515,noetzel1907
Arlington,710,-77.06285742265868,38.88653086773094,noetzel1907
Arlington,711,-77.06285142011494,38.886523572116765,noetzel1907
Arlington,712,-77.0628445344547,38.88651651284262,noetzel1907
Arlington,713,-77.0628376410965,38.88650983792368,noetzel1907
Arlington,714,-77.06283074279001,38.88650341009012,noetzel1907
Arlington,715,-77.06260259926138,38.8861408829233,noetzel1907
Arlington,716,-77.06242225969481,38.885847592166144,noetzel1907
Arlington,717,-77.06241375927947,38.88583169821066,noetzel1907
Arlington,718,-77.06240532581995,38.88581596983827,noetzel1907
Arlington,719,-77.0624002114435,38.88580819077693,noetzel1907
Arlington,720,-77.06239597522759,38.885800422464214,noetzel1907
Arlington,721,-77.06239086085327,38.885792643402496,noetzel1907
Arlington,722,-77.06238662298892,38.88578495745137,noetzel1907
Arlington,723,-77.06238150751648,38.88577723329708,noetzel1907
Arlington,724,-77.06237127217393,38.885762004619714,noetzel1907
Arlington,725,-77.06235591366699,38.8857394361417,noetzel1907
Arlington,726,-77.06234991509137,38.88573194832258,noetzel1907
Arlington,727,-77.0623447935752,38.8857245261604,noetzel1907
Arlington,728,-77.06233879225132,38.88571717561066,noetzel1907
Arlington,729,-77.0623336679867,38.88570989071785,noetzel1907
Arlington,730,-77.06232166259419,38.885695326886655,noetzel1907
Arlington,731,-77.06231565797427,38.885688141059525,noetzel1907
Arlington,732,-77.0623036459873,38.8856739066742,noetzel1907
Arlington,733,-77.06229676156275,38.8856667924584,noetzel1907
Arlington,734,-77.0622907536468,38.88565977135383,noetzel1907
Arlington,735,-77.06228474408157,38.885652832610866,noetzel1907
Arlington,736,-77.06227782123374,38.88564588268783,noetzel1907
Arlington,737,-77.06227096698926,38.885639015986314,noetzel1907
Arlington,738,-77.06226495522702,38.88563218705825,noetzel1907
Arlington,739,-77.06225806475854,38.885625374833886,noetzel1907
Arlington,740,-77.06224427887395,38.885611997469766,noetzel1907
Arlington,741,-77.06223648879563,38.88560624519935,noetzel1907
Arlington,742,-77.0622287025698,38.885600300750546,noetzel1907
Arlington,743,-77.06222091744561,38.88559430139329,noetzel1907
Arlington,744,-77.06221313452343,38.8855881922195,noetzel1907
Arlington,745,-77.06220535325319,38.88558200068329,noetzel1907
Arlington,746,-77.06219757363479,38.88557572678463,noetzel1907
Arlington,747,-77.06219067382489,38.885569381273896,noetzel1907
Arlington,748,-77.06218377566678,38.88556295340084,noetzel1907
Arlington,749,-77.0621760037551,38.88555629514498,noetzel1907
Arlington,750,-77.06216910835053,38.88554973000113,noetzel1907
Arlington,751,-77.06216309385448,38.88554303833755,noetzel1907
Arlington,752,-77.06214931515606,38.885529304060285,noetzel1907
Arlington,753,-77.06214330561545,38.88552236530983,noetzel1907
Arlington,754,-77.0621372977266,38.88551534419716,noetzel1907
Arlington,755,-77.06213129148956,38.88550824072222,noetzel1907
Arlington,756,-77.06212528690436,38.88550105488503,noetzel1907
Arlington,757,-77.06211928452122,38.88549375923155,noetzel1907
Arlington,758,-77.06211416139527,38.88548641942083,noetzel1907
Arlington,759,-77.06210816231582,38.88547895904293,noetzel1907
Arlington,760,-77.06210304139296,38.8854715094157,noetzel1907
Arlington,761,-77.06209792212184,38.88546397742637,noetzel1907
Arlington,762,-77.06209280450244,38.88545636307485,noetzel1907
Arlington,763,-77.06186647467432,38.88517898473416,noetzel1907
Arlington,764,-77.06172005565801,38.8849465217002,noetzel1907
Arlington,765,-77.06160091264987,38.88475558360316,noetzel1907
Arlington,766,-77.06130787873391,38.88429889239243,noetzel1907
Arlington,767,-77.06130544029581,38.884289086502584,noetzel1907
Arlington,768,-77.06130826905058,38.88427942751689,noetzel1907
Arlington,769,-77.06131720019664,38.88427206760272,noetzel1907
Arlington,770,-77.06132955967486,38.88426895117521,noetzel1907
Arlington,771,-77.0613472325855,38.88426367551402,noetzel1907
Arlington,772,-77.06135447790878,38.88425277997338,noetzel1907
Arlington,773,-77.061333457592,38.88424977641268,noetzel1907
Arlington,774,-77.06132113610258,38.88425099851566,noetzel1907
Arlington,775,-77.0613088713159,38.8842493928568,noetzel1907
Arlington,776,-77.06129754137372,38.8842449701933,noetzel1907
Arlington,777,-77.06128797938217,38.884238235023965,noetzel1907
Arlington,778,-77.06117908113994,38.88406389837286,noetzel1907
Arlington,779,-77.06116547138828,38.88404176305522,noetzel1907
Arlington,780,-77.06116479641094,38.88403162177616,noetzel1907
Arlington,781,-77.06116500067236,38.88402143634721,noetzel1907
Arlington,782,-77.0611678365929,38.884011420462386,noetzel1907
Arlington,783,-77.06117154514418,38.88400168987545,noetzel1907
Arlington,784,-77.06117700005846,38.883992474976054,noetzel1907
Arlington,785,-77.06118329677123,38.88398508279752,noetzel1907
Arlington,786,-77.06118788389607,38.88397709299942,noetzel1907
Arlington,787,-77.06119153199168,38.8839686248648,noetzel1907
Arlington,788,-77.06119258575677,38.88395987780082,noetzel1907
Arlington,789,-77.06119276468837,38.88395095525503,noetzel1907
Arlington,790,-77.06119118184132,38.883942285733355,noetzel1907
Arlington,791,-77.06118783996911,38.88393373196567,noetzel1907
Arlington,792,-77.06118360895017,38.883925716519734,noetzel1907
Arlington,793,-77.06117673031005,38.88391832769522,noetzel1907
Arlington,794,-77.06116983570492,38.88391173503602,noetzel1907
Arlington,795,-77.06116116445789,38.88390613665767,noetzel1907
Arlington,796,-77.06115071822072,38.88390145019781,noetzel1907
Arlington,797,-77.0611411258954,38.883897982470785,noetzel1907
Arlington,798,-77.06112975142186,38.883895783563645,noetzel1907
Arlington,799,-77.06111401104609,38.88389229543367,noetzel1907
Arlington,800,-77.06110187131,38.88388445769799,noetzel1907
Arlington,801,-77.06108117816856,38.883865146423496,noetzel1907
Arlington,802,-77.0610742813749,38.88385866357454,noetzel1907
Arlington,803,-77.06106826381907,38.883852136576,noetzel1907
Arlington,804,-77.06106136812905,38.88384559881822,noetzel1907
Arlington,805,-77.06105447354149,38.88383900615212,noetzel1907
Arlington,806,-77.0610484559891,38.88383247915252,noetzel1907
Arlington,807,-77.061041561404,38.8838258864856,noetzel1907
Arlington,808,-77.06103466902263,38.88381918400231,noetzel1907
Arlington,809,-77.06102865257496,38.88381260209372,noetzel1907
Arlington,810,-77.06102176019607,38.88380589960966,noetzel1907
Arlington,811,-77.06101574540256,38.88379923533842,noetzel1907
Arlington,812,-77.06100885302618,38.88379253285356,noetzel1907
Arlington,813,-77.06100284043751,38.88378575876566,noetzel1907
Arlington,814,-77.06099682564745,38.88377909449342,noetzel1907
Arlington,815,-77.06098993492667,38.8837723096455,noetzel1907
Arlington,816,-77.0609839239934,38.883765453194584,noetzel1907
Arlington,817,-77.06097791140934,38.88375867910537,noetzel1907
Arlington,818,-77.06095991319452,38.88373813763431,noetzel1907
Arlington,819,-77.06095390391893,38.88373119881991,noetzel1907
Arlington,820,-77.06094785731658,38.88372436939068,noetzel1907
Arlington,821,-77.06093583932183,38.88371046430631,noetzel1907
Arlington,822,-77.06092983170285,38.88370344312864,noetzel1907
Arlington,823,-77.06092382243307,38.88369650431261,noetzel1907
Arlington,824,-77.06091180775164,38.88368243450168,noetzel1907
Arlington,825,-77.06090667992254,38.883675341720775,noetzel1907
Arlington,826,-77.06090067230934,38.88366832054155,noetzel1907
Arlington,827,-77.06089466634936,38.88366121700009,noetzel1907
Arlington,828,-77.06088953907413,38.88365409676442,noetzel1907
Arlington,829,-77.06088353311642,38.88364699322234,noetzel1907
Arlington,830,-77.0608784069447,38.883639818078215,noetzel1907
Arlington,831,-77.06087240098927,38.88363271453553,noetzel1907
Arlington,832,-77.06086214920177,38.88361833679199,noetzel1907
Arlington,833,-77.0608561454525,38.883611123432466,noetzel1907
Arlington,834,-77.06084077246318,38.88358932345569,noetzel1907
Arlington,835,-77.06083477037055,38.88358202773308,noetzel1907
Arlington,836,-77.06082961073513,38.8835747697943,noetzel1907
Arlington,837,-77.06082452355409,38.88356740290019,noetzel1907
Arlington,838,-77.06081939904603,38.88356014539139,noetzel1907
Arlington,839,-77.06081427729251,38.88355275061241,noetzel1907
Arlington,840,-77.06080915609076,38.883545328379135,noetzel1907
Arlington,841,-77.0608049113694,38.88353799926848,noetzel1907
Arlington,842,-77.06079978906826,38.88353063194277,noetzel1907
Arlington,843,-77.06078954722265,38.88351576002076,noetzel1907
Arlington,844,-77.06078530470793,38.88350832109331,noetzel1907
Arlington,845,-77.06078018571519,38.883500789042806,noetzel1907
Arlington,846,-77.06077506507137,38.883493339354,noetzel1907
Arlington,847,-77.0607708242116,38.88348581806406,noetzel1907
Arlington,848,-77.06076570467127,38.88347831346687,noetzel1907
Arlington,849,-77.06076146381339,38.88347079217654,noetzel1907
Arlington,850,-77.06075634482582,38.88346326012492,noetzel1907
Arlington,851,-77.0607521061727,38.88345562901826,noetzel1907
Arlington,852,-77.06074786476684,38.88344813518139,noetzel1907
Arlington,853,-77.06074274743449,38.88344052076714,noetzel1907
Arlington,854,-77.06073002983402,38.88341770980709,noetzel1907
Arlington,855,-77.06072158986774,38.8834023382061,noetzel1907
Arlington,856,-77.06071731554603,38.88339473412164,noetzel1907
Arlington,857,-77.06071307800258,38.88338704810546,noetzel1907
Arlington,858,-77.06070884266298,38.88337925227317,noetzel1907
Arlington,859,-77.06070460512136,38.883371566256685,noetzel1907
Arlington,860,-77.06003511989016,38.882242961352894,noetzel1907
Arlington,861,-77.06002645940215,38.882236841262554,noetzel1907
Arlington,862,-77.06001868364294,38.882230402490286,noetzel1907
Arlington,863,-77.06001091504808,38.882223606815614,noetzel1907
Arlington,864,-77.06000402952888,38.88221657482123,noetzel1907
Arlington,865,-77.05999714897008,38.88220929574051,noetzel1907
Arlington,866,-77.05999115369075,38.88220167052432,noetzel1907
Arlington,867,-77.05998603983365,38.88219389135076,noetzel1907
Arlington,868,-77.05998093148774,38.88218583763699,noetzel1907
Arlington,869,-77.05997582644903,38.88217761919906,noetzel1907
Arlington,870,-77.05997248259985,38.88216917520901,noetzel1907
Arlington,871,-77.05996914095549,38.88216062140282,noetzel1907
Arlington,872,-77.05996580041395,38.88215201268856,noetzel1907
Arlington,873,-77.05996334349767,38.88214314020133,noetzel1907
Arlington,874,-77.05996172957158,38.88213427805044,noetzel1907
Arlington,875,-77.05996106400913,38.88212542752801,noetzel1907
Arlington,876,-77.05996036662837,38.88211641185085,noetzel1907
Arlington,877,-77.05996054570859,38.88210748930278,noetzel1907
Arlington,878,-77.05987155625982,38.881988316883294,noetzel1907
Arlington,879,-77.0595525553557,38.88142967001759,noetzel1907
Arlington,880,-77.05955009079888,38.88142118187609,noetzel1907
Arlington,881,-77.05954586231572,38.88141305655,noetzel1907
Arlington,882,-77.05954074690959,38.88140535971749,noetzel1907
Arlington,883,-77.05953386151499,38.88139832769414,noetzel1907
Arlington,884,-77.05952608589084,38.88139188888789,noetzel1907
Arlington,885,-77.05951741342301,38.88138637274663,noetzel1907
Arlington,886,-77.05950784576494,38.88138169690809,noetzel1907
Arlington,887,-77.05949825716299,38.88137806432069,noetzel1907
Arlington,888,-77.05948777171672,38.88137535439778,noetzel1907
Arlington,889,-77.05947638391383,38.88137384167904,noetzel1907
Arlington,890,-77.05946768885286,38.88136945114794,noetzel1907
Arlington,891,-77.05945812120028,38.8813647753054,noetzel1907
Arlington,892,-77.05944943330721,38.88136002787097,noetzel1907
Arlington,893,-77.05944078715392,38.88135495141876,noetzel1907
Arlington,894,-77.0594329505117,38.88134980251331,noetzel1907
Arlington,895,-77.0594242764025,38.8813443687271,noetzel1907
Arlington,896,-77.05941648370624,38.881338780987434,noetzel1907
Arlington,897,-77.05940869431855,38.881333028523265,noetzel1907
Arlington,898,-77.0594017868949,38.8813270946519,noetzel1907
Arlington,899,-77.05939400412437,38.88132101273877,noetzel1907
Arlington,900,-77.05938710497152,38.88131466705655,noetzel1907
Arlington,901,-77.05938020802482,38.88130821155789,noetzel1907
Arlington,902,-77.05937331218183,38.88130170115083,noetzel1907
Arlington,903,-77.05936729995628,38.88129492697499,noetzel1907
Arlington,904,-77.0593612542614,38.881288070005915,noetzel1907
Arlington,905,-77.05935524699932,38.88128104874343,noetzel1907
Arlington,906,-77.0593501562736,38.88127387395922,noetzel1907
Arlington,907,-77.05934503262968,38.88126658892785,noetzel1907
Arlington,908,-77.05933991008932,38.88125924898829,noetzel1907
Arlington,909,-77.05933479140873,38.88125171687051,noetzel1907
Arlington,910,-77.05933055248619,38.88124411316229,noetzel1907
Arlington,911,-77.0593263152183,38.88123642709194,noetzel1907
Arlington,912,-77.0593229582593,38.881228641977295,noetzel1907
Arlington,913,-77.05931872595441,38.881220708820635,noetzel1907
Arlington,914,-77.05931621528322,38.88121276932284,noetzel1907
Arlington,915,-77.05931289786064,38.88120476500679,noetzel1907
Arlington,916,-77.05931039049815,38.88119666078478,noetzel1907
Arlington,917,-77.05930548445482,38.881180288909334,noetzel1907
Arlington,918,-77.05930389362805,38.88117203116608,noetzel1907
Arlington,919,-77.05930318090384,38.88116378419485,noetzel1907
Arlington,920,-77.05930159173145,38.88115544408951,noetzel1907
Arlington,921,-77.05930016959161,38.88113878542287,noetzel1907
Arlington,922,-77.05930067289292,38.88111371992293,noetzel1907
Arlington,923,-77.05930276315966,38.88109710434425,noetzel1907
Arlington,924,-77.05930032329388,38.88108913825361,noetzel1907
Arlington,925,-77.05929022724702,38.88106528830342,noetzel1907
Arlington,926,-77.0592877495034,38.88105745905159,noetzel1907
Arlington,927,-77.0592843958646,38.881049509211465,noetzel1907
Arlington,928,-77.05928104002143,38.881041669187326,noetzel1907
Arlington,929,-77.05927680442458,38.881033900752776,noetzel1907
Arlington,930,-77.05927341401022,38.88102603284341,noetzel1907
Arlington,931,-77.05927009163959,38.88101827561175,noetzel1907
Arlington,932,-77.05926585604534,38.8810105071768,noetzel1907
Arlington,933,-77.05926249910348,38.88100272205996,noetzel1907
Arlington,934,-77.05925826130583,38.8809950634407,noetzel1907
Arlington,935,-77.0592549027117,38.88098736068563,noetzel1907
Arlington,936,-77.05925066546706,38.88097967461205,noetzel1907
Arlington,937,-77.0592464265695,38.88097207090026,noetzel1907
Arlington,938,-77.05924218932668,38.88096438482635,noetzel1907
Arlington,939,-77.05923794877704,38.880956863476264,noetzel1907
Arlington,940,-77.05923370988216,38.880949259764016,noetzel1907
Arlington,941,-77.05922946933434,38.88094173841357,noetzel1907
Arlington,942,-77.059224350688,38.88093420629036,noetzel1907
Arlington,943,-77.05922010793687,38.8809267947556,noetzel1907
Arlington,944,-77.05921498819,38.88091931753995,noetzel1907
Arlington,945,-77.05921078056465,38.88091190643569,noetzel1907
Arlington,946,-77.05920562514459,38.8809044562427,noetzel1907
Arlington,947,-77.05920050264433,38.88089711629639,noetzel1907
Arlington,948,-77.05919625714138,38.88088984203064,noetzel1907
Arlington,949,-77.05919113464313,38.880882502083885,noetzel1907
Arlington,950,-77.05918601104331,38.88087521704488,noetzel1907
Arlington,951,-77.05917575998765,38.88086083914418,noetzel1907
Arlington,952,-77.05916975608733,38.88085365314743,noetzel1907
Arlington,953,-77.05915950173015,38.88083943996926,noetzel1907
Arlington,954,-77.0591534961793,38.8808323363336,noetzel1907
Arlington,955,-77.0591474889757,38.88082531505971,noetzel1907
Arlington,956,-77.05914235821724,38.88081838692067,noetzel1907
Arlington,957,-77.0591363510159,38.88081136564617,noetzel1907
Arlington,958,-77.05913034050776,38.88080450909534,noetzel1907
Arlington,959,-77.05912433165477,38.88079757018215,noetzel1907
Arlington,960,-77.05911832114894,38.88079071363069,noetzel1907
Arlington,961,-77.05910028412504,38.88077041851431,noetzel1907
Arlington,962,-77.05909427031577,38.88076372668556,noetzel1907
Arlington,963,-77.05908737620506,38.88075713389888,noetzel1907
Arlington,964,-77.05908136074407,38.880750524431384,noetzel1907
Arlington,965,-77.0590745017597,38.88074393207489,noetzel1907
Arlington,966,-77.05906844952311,38.88073740453779,noetzel1907
Arlington,967,-77.05906155376326,38.88073089411149,noetzel1907
Arlington,968,-77.05904775893919,38.880718037981694,noetzel1907
Arlington,969,-77.05904173797157,38.88071170305216,noetzel1907
Arlington,970,-77.05902793708977,38.88069914891394,noetzel1907
Arlington,971,-77.05902015827859,38.88069287479709,noetzel1907
Arlington,972,-77.05900635299321,38.880680540288296,noetzel1907
Arlington,973,-77.05899944897385,38.88067444166824,noetzel1907
Arlington,974,-77.05899166520548,38.88066841463544,noetzel1907
Arlington,975,-77.05898475898303,38.88066242583058,noetzel1907
Arlington,976,-77.05897700868684,38.88065648158975,noetzel1907
Arlington,977,-77.05897006568883,38.88065057471499,noetzel1907
Arlington,978,-77.05896228027133,38.88064463004221,noetzel1907
Arlington,979,-77.05894670172073,38.880633125051105,noetzel1907
Arlington,980,-77.05893979109428,38.880627355875475,noetzel1907
Arlington,981,-77.05893200016781,38.88062168574063,noetzel1907
Arlington,982,-77.0589164150102,38.88061051019343,noetzel1907
Arlington,983,-77.05890774433792,38.880604911644035,noetzel1907
Arlington,984,-77.05888435613753,38.88058866994352,noetzel1907
Arlington,985,-77.0588756805076,38.880583318477754,noetzel1907
Arlington,986,-77.05886788076823,38.880578087602586,noetzel1907
Arlington,987,-77.05885920348652,38.880572818497626,noetzel1907
Arlington,988,-77.05885136697144,38.88056766955233,noetzel1907
Arlington,989,-77.05883403981795,38.88055751612623,noetzel1907
Arlington,990,-77.0588262351215,38.88055253233428,noetzel1907
Arlington,991,-77.05880018179221,38.88053779571397,noetzel1907
Arlington,992,-77.05877411854738,38.880523553259785,noetzel1907
Arlington,993,-77.05875673588754,38.8805144151891,noetzel1907
Arlington,994,-77.05874720131314,38.88050984953466,noetzel1907
Arlington,995,-77.05873847127775,38.88050545851756,noetzel1907
Arlington,996,-77.05872977857305,38.88050095811487,noetzel1907
Arlington,997,-77.05872020391513,38.88049663911316,noetzel1907
Arlington,998,-77.05871150735229,38.88049233088714,noetzel1907
Arlington,999,-77.05870280913602,38.88048810502243,noetzel1907
Arlington,1000,-77.05868365321012,38.88047979646176,noetzel1907
Arlington,1001,-77.05867495168803,38.88047573531899,noetzel1907
Arlington,1002,-77.05865578859914,38.88046778365575,noetzel1907
Arlington,1003,-77.05864708321957,38.88046391468893,noetzel1907
Arlington,1004,-77.05862791296725,38.88045631992312,noetzel1907
Arlington,1005,-77.05861832508502,38.88045265980905,noetzel1907
Arlington,1006,-77.0586087734305,38.880448945217246,noetzel1907
Arlington,1007,-77.05858955868656,38.88044181673205,noetzel1907
Arlington,1008,-77.058579966396,38.88043837624683,noetzel1907
Arlington,1009,-77.05856077961144,38.88043160508997,noetzel1907
Arlington,1010,-77.05855118401435,38.8804283293264,noetzel1907
Arlington,1011,-77.05854158731503,38.88042510846999,noetzel1907
Arlington,1012,-77.05853111031739,38.88042198665104,noetzel1907
Arlington,1013,-77.05852151196517,38.880418848154974,noetzel1907
Arlington,1014,-77.05851191140756,38.880415819474145,noetzel1907
Arlington,1015,-77.05850143110317,38.88041286237655,noetzel1907
Arlington,1016,-77.05849182889254,38.88040991605607,noetzel1907
Arlington,1017,-77.05848218824951,38.88040713402768,noetzel1907
Arlington,1018,-77.05847173976194,38.880404342082464,noetzel1907
Arlington,1019,-77.0584621342442,38.88040156048355,noetzel1907
Arlington,1020,-77.05845164732499,38.88039893282948,noetzel1907
Arlington,1021,-77.05844203794767,38.88039634340691,noetzel1907
Arlington,1022,-77.05843154937519,38.88039379811298,noetzel1907
Arlington,1023,-77.0584219383445,38.88039129105079,noetzel1907
Arlington,1024,-77.05840095403241,38.88038655736041,noetzel1907
Arlington,1025,-77.05839133803933,38.88038429738166,noetzel1907
Arlington,1026,-77.05838084395435,38.88038202662321,noetzel1907
Arlington,1027,-77.05835984916699,38.88037781455146,noetzel1907
Arlington,1028,-77.05835022766018,38.88037582910936,noetzel1907
Arlington,1029,-77.05832922625693,38.8803719464801,noetzel1907
Arlington,1030,-77.05831872334964,38.8803701149801,noetzel1907
Arlington,1031,-77.05830821878794,38.880368365841115,noetzel1907
Arlington,1032,-77.0582985906642,38.88036670984272,noetzel1907
Arlington,1033,-77.05828808500023,38.880365015609925,noetzel1907
Arlington,1034,-77.05825655642658,38.88036050943989,noetzel1907
Arlington,1035,-77.05824604359294,38.880359172105315,noetzel1907
Arlington,1036,-77.0581521123937,38.88031133560737,noetzel1907
Arlington,1037,-77.05804315381377,38.88031548998959,noetzel1907
Arlington,1038,-77.05803266361204,38.88031302702205,noetzel1907
Arlington,1039,-77.05801167493455,38.880308512894,noetzel1907
Arlington,1040,-77.05800117921743,38.88030632446359,noetzel1907
Arlington,1041,-77.05799068184562,38.88030421839422,noetzel1907
Arlington,1042,-77.05797930307249,38.88030226626595,noetzel1907
Arlington,1043,-77.0579688018396,38.88030035237262,noetzel1907
Arlington,1044,-77.05795829950375,38.88029849338628,noetzel1907
Arlington,1045,-77.05794783008497,38.880296744646365,noetzel1907
Arlington,1046,-77.05793641122455,38.88029503916864,noetzel1907
Arlington,1047,-77.0579259033725,38.88029345471941,noetzel1907
Arlington,1048,-77.05791539386558,38.88029195263125,noetzel1907
Arlington,1049,-77.05790400240527,38.88029063193764,noetzel1907
Arlington,1050,-77.05789348958844,38.8802892945715,noetzel1907
Arlington,1051,-77.05788297511663,38.880288039566366,noetzel1907
Arlington,1052,-77.05787158034671,38.88028688359363,noetzel1907
Arlington,1053,-77.05786102744113,38.88028579287921,noetzel1907
Arlington,1054,-77.05784966393294,38.8802848295136,noetzel1907
Arlington,1055,-77.05783914284076,38.88028390395254,noetzel1907
Arlington,1056,-77.05782861954162,38.88028308820653,noetzel1907
Arlington,1057,-77.05781721649603,38.88028234403837,noetzel1907
Arlington,1058,-77.0578066898864,38.880281693014375,noetzel1907
Arlington,1059,-77.05779528132297,38.88028122338413,noetzel1907
Arlington,1060,-77.05778475140269,38.880280737082096,noetzel1907
Arlington,1061,-77.05777334118405,38.88028034981175,noetzel1907
Arlington,1062,-77.05776280740115,38.880280055685745,noetzel1907
Arlington,1063,-77.05775139387164,38.880279833137166,noetzel1907
Arlington,1064,-77.0577408567778,38.88027970373321,noetzel1907
Arlington,1065,-77.05772943993726,38.88027964590648,noetzel1907
Arlington,1066,-77.05771889953233,38.8802796812245,noetzel1907
Arlington,1067,-77.05770747717321,38.88027989793561,noetzel1907
Arlington,1068,-77.05769693345701,38.88028009797564,noetzel1907
Arlington,1069,-77.057685509994,38.880280369592604,noetzel1907
Arlington,1070,-77.05767492729088,38.88028076137724,noetzel1907
Arlington,1071,-77.05740445515336,38.88028018536407,noetzel1907
Arlington,1072,-77.05706643947177,38.88031725141534,noetzel1907
Arlington,1073,-77.05679526942203,38.880349618359034,noetzel1907
Arlington,1074,-77.0564147185709,38.88040535490896,noetzel1907
Arlington,1075,-77.05640413174832,38.8804076962441,noetzel1907
Arlington,1076,-77.05639442412233,38.880409993464056,noetzel1907
Arlington,1077,-77.05638384226974,38.88041208771146,noetzel1907
Arlington,1078,-77.05637326373078,38.88041401723396,noetzel1907
Arlington,1079,-77.0563626868484,38.880415864393534,noetzel1907
Arlington,1080,-77.05635211383215,38.88041751937422,noetzel1907
Arlington,1081,-77.05634154192019,38.88041911944603,noetzel1907
Arlington,1082,-77.05633097387452,38.880420527338934,noetzel1907
Arlington,1083,-77.0563204074856,38.88042185286892,noetzel1907
Arlington,1084,-77.05629928464987,38.88042400975424,noetzel1907
Arlington,1085,-77.05628872875562,38.880424813655615,noetzel1907
Arlington,1086,-77.05627817396594,38.880425562648036,noetzel1907
Arlington,1087,-77.05626762359537,38.88042609200759,noetzel1907
Arlington,1088,-77.05625619623677,38.88042655566344,noetzel1907
Arlington,1089,-77.05624565028529,38.88042686538916,noetzel1907
Arlington,1090,-77.05623510820071,38.88042698293596,noetzel1907
Arlington,1091,-77.05622456722097,38.88042704557392,noetzel1907
Arlington,1092,-77.05621403010826,38.88042691603296,noetzel1907
Arlington,1093,-77.05620261656021,38.88042669333386,noetzel1907
Arlington,1094,-77.05618155614624,38.88042574789739,noetzel1907
Arlington,1095,-77.05617103118777,38.88042501436483,noetzel1907
Arlington,1096,-77.0561605078869,38.88042419846938,noetzel1907
Arlington,1097,-77.05614998845347,38.88042319039505,noetzel1907
Arlington,1098,-77.05613859148015,38.88042214407013,noetzel1907
Arlington,1099,-77.05612807757204,38.88042086145398,noetzel1907
Arlington,1100,-77.05611756642668,38.88041944156695,noetzel1907
Arlington,1101,-77.05610705638665,38.880417966771034,noetzel1907
Arlington,1102,-77.05609655076694,38.88041627234225,noetzel1907
Arlington,1103,-77.05608604625267,38.880414523004525,noetzel1907
Arlington,1104,-77.05607554560636,38.880412581487995,noetzel1907
Arlington,1105,-77.05606501315187,38.88041047481465,noetzel1907
Arlington,1106,-77.05605543014288,38.8804083248925,noetzel1907
Arlington,1107,-77.0560449383383,38.88040594410941,noetzel1907
Arlington,1108,-77.05603444763943,38.8804035084174,noetzel1907
Arlington,1109,-77.05602396080886,38.88040088054655,noetzel1907
Arlington,1110,-77.05601435538645,38.88039809874744,noetzel1907
Arlington,1111,-77.05600387353007,38.88039522378891,noetzel1907
Arlington,1112,-77.05598379619987,38.880389072856005,noetzel1907
Arlington,1113,-77.05597419962103,38.88038585178984,noetzel1907
Arlington,1114,-77.05595501641164,38.88037891548327,noetzel1907
Arlington,1115,-77.05593584315172,38.88037148500185,noetzel1907
Arlington,1116,-77.05592622526737,38.88036757715012,noetzel1907
Arlington,1117,-77.05591668039419,38.88036353289152,noetzel1907
Arlington,1118,-77.05589567912622,38.8803596498271,noetzel1907
Arlington,1119,-77.05588605603235,38.880357746545066,noetzel1907
Arlington,1120,-77.05586506139856,38.88035353402736,noetzel1907
Arlington,1121,-77.05585456574029,38.88035134540512,noetzel1907
Arlington,1122,-77.05584494817441,38.88034916757984,noetzel1907
Arlington,1123,-77.05582396017655,38.88034462560691,noetzel1907
Arlington,1124,-77.05581434869097,38.88034214578527,noetzel1907
Arlington,1125,-77.0558038557989,38.880339819888576,noetzel1907
Arlington,1126,-77.05579336677567,38.88033730181302,noetzel1907
Arlington,1127,-77.05578375639732,38.880334767080896,noetzel1907
Arlington,1128,-77.05577326737554,38.88033224900354,noetzel1907
Arlington,1129,-77.05576366086684,38.880329522091834,noetzel1907
Arlington,1130,-77.05575317516221,38.88032683928882,noetzel1907
Arlington,1131,-77.05574356810237,38.880324139829426,noetzel1907
Arlington,1132,-77.05573308405714,38.880321374662635,noetzel1907
Arlington,1133,-77.05571387657268,38.880315646292026,noetzel1907
Arlington,1134,-77.0557033969509,38.8803126614906,noetzel1907
Arlington,1135,-77.0556841961028,38.88030660366733,noetzel1907
Arlington,1136,-77.05567371924677,38.880303481593366,noetzel1907
Arlington,1137,-77.05566412158804,38.88030031540973,noetzel1907
Arlington,1138,-77.05564492737841,38.88029392813215,noetzel1907
Arlington,1139,-77.0556344560525,38.880290531514795,noetzel1907
Arlington,1140,-77.05562486060786,38.880287255512016,noetzel1907
Arlington,1141,-77.05559605076168,38.880276850533214,noetzel1907
Arlington,1142,-77.05558649597106,38.8802733004194,noetzel1907
Arlington,1143,-77.0555673194614,38.880266034601526,noetzel1907
Arlington,1144,-77.05554814682448,38.88025857660257,noetzel1907
Arlington,1145,-77.05553943997975,38.88025478976716,noetzel1907
Arlington,1146,-77.05552027398112,38.880247002315805,noetzel1907
Arlington,1147,-77.05551069291782,38.8802430125,noetzel1907
Arlington,1148,-77.0555019893932,38.88023906093785,noetzel1907
Arlington,1149,-77.05549240999012,38.88023498875861,noetzel1907
Arlington,1150,-77.05548283224628,38.88023083421661,noetzel1907
Arlington,1151,-77.05547413259373,38.88022669047449,noetzel1907
Arlington,1152,-77.05546455485204,38.88022253593098,noetzel1907
Arlington,1153,-77.0554558568597,38.88021830982551,noetzel1907
Arlington,1154,-77.05544628243656,38.88021399055665,noetzel1907
Arlington,1155,-77.05543758610453,38.880209682087866,noetzel1907
Arlington,1156,-77.05542801334185,38.88020528045549,noetzel1907
Arlington,1157,-77.0554193186702,38.880200889623424,noetzel1907
Arlington,1158,-77.05541062621054,38.88019638897472,noetzel1907
Arlington,1159,-77.05540193485753,38.88019183341742,noetzel1907
Arlington,1160,-77.05539236596864,38.88018723960425,noetzel1907
Arlington,1161,-77.05538367461789,38.88018268404554,noetzel1907
Arlington,1162,-77.05537498492646,38.880178046124264,noetzel1907
Arlington,1163,-77.05535760996909,38.88016855064792,noetzel1907
Arlington,1164,-77.05534023833297,38.880158890445045,noetzel1907
Arlington,1165,-77.05532287001814,38.88014906551566,noetzel1907
Arlington,1166,-77.05531506560999,38.880144081489874,noetzel1907
Arlington,1167,-77.05530638311383,38.880139086661664,noetzel1907
Arlington,1168,-77.05529770227727,38.88013400947085,noetzel1907
Arlington,1169,-77.05528990174201,38.880128833265495,noetzel1907
Arlington,1170,-77.05528122090782,38.88012375607346,noetzel1907
Arlington,1171,-77.05527254394444,38.88011848670286,noetzel1907
Arlington,1172,-77.05525694564605,38.88010799701828,noetzel1907
Arlington,1173,-77.05524826979196,38.8801026727379,noetzel1907
Arlington,1174,-77.05524047258051,38.88009733180526,noetzel1907
Arlington,1175,-77.05523179949299,38.88009187025373,noetzel1907
Arlington,1176,-77.05520841671441,38.88007540818724,noetzel1907
Arlington,1177,-77.0551928328082,38.880064204690385,noetzel1907
Arlington,1178,-77.05517725111817,38.88005289137552,noetzel1907
Arlington,1179,-77.05516167385572,38.880041358426666,noetzel1907
Arlington,1180,-77.05515388660851,38.880035523316465,noetzel1907
Arlington,1181,-77.05514697855592,38.880029644100894,noetzel1907
Arlington,1182,-77.05513919241683,38.88002375408172,noetzel1907
Arlington,1183,-77.05513228547228,38.88001781995733,noetzel1907
Arlington,1184,-77.05512450154707,38.88001182012121,noetzel1907
Arlington,1185,-77.05511763138692,38.880005804066094,noetzel1907
Arlington,1186,-77.05510981289365,38.87999977634291,noetzel1907
Arlington,1187,-77.05510290871813,38.87999370494674,noetzel1907
Arlington,1188,-77.05509512700942,38.87998759529274,noetzel1907
Arlington,1189,-77.05508132308731,38.87997523286645,noetzel1907
Arlington,1190,-77.05506752193429,38.87996273316851,noetzel1907
Arlington,1191,-77.05504682601904,38.8799436953517,noetzel1907
Arlington,1192,-77.05467034059274,38.87962323596592,noetzel1907
Arlington,1193,-77.05419617866492,38.879268564953094,noetzel1907
Arlington,1194,-77.05418922789669,38.879263069603454,noetzel1907
Arlington,1195,-77.05409971324742,38.879174092976555,noetzel1907
Arlington,1196,-77.05396137874467,38.879065292596394,noetzel1907
Arlington,1197,-77.05395270698581,38.879059776041,noetzel1907
Arlington,1198,-77.05394491496375,38.87905418793512,noetzel1907
Arlington,1199,-77.0539362465273,38.87904850665457,noetzel1907
Arlington,1200,-77.05392846059405,38.8790426165537,noetzel1907
Arlington,1201,-77.05392067466208,38.879036726452306,noetzel1907
Arlington,1202,-77.05391289149793,38.879030699080474,noetzel1907
Arlington,1203,-77.05390511165494,38.87902450698417,noetzel1907
Arlington,1204,-77.05389733347322,38.87901823252541,noetzel1907
Arlington,1205,-77.05389043502787,38.87901188651662,noetzel1907
Arlington,1206,-77.0538835382437,38.87900545814547,noetzel1907
Arlington,1207,-77.05387576670576,38.878998854237395,noetzel1907
Arlington,1208,-77.0538688386744,38.878992233254955,noetzel1907
Arlington,1209,-77.05386198421027,38.8789854484132,noetzel1907
Arlington,1210,-77.05385597380574,38.87897861904325,noetzel1907
Arlington,1211,-77.05384908588113,38.878971751406254,noetzel1907
Arlington,1212,-77.05384307935229,38.87896472985775,noetzel1907
Arlington,1213,-77.05383707503799,38.878957598492995,noetzel1907
Arlington,1214,-77.05383107183152,38.878950412219915,noetzel1907
Arlington,1215,-77.05382507083964,38.87894311613062,noetzel1907
Arlington,1216,-77.05381994902979,38.87893577594598,noetzel1907
Arlington,1217,-77.05381394970027,38.878928397494114,noetzel1907
Arlington,1218,-77.053808831766,38.87892086513111,noetzel1907
Arlington,1219,-77.05379859922078,38.878905635680425,noetzel1907
Arlington,1220,-77.05379348460987,38.87889793859278,noetzel1907
Arlington,1221,-77.05378924918028,38.878890197410165,noetzel1907
Arlington,1222,-77.05377185013548,38.87888017963779,noetzel1907
Arlington,1223,-77.0537632052361,38.87887507531054,noetzel1907
Arlington,1224,-77.053755404395,38.87886992645559,noetzel1907
Arlington,1225,-77.05373805044346,38.87885941493899,noetzel1907
Arlington,1226,-77.05373025347949,38.87885407390447,noetzel1907
Arlington,1227,-77.05372157955043,38.87884866714763,noetzel1907
Arlington,1228,-77.05371382103203,38.878843161820605,noetzel1907
Arlington,1229,-77.05369820195051,38.878831985143435,noetzel1907
Arlington,1230,-77.05369041163318,38.878826314658355,noetzel1907
Arlington,1231,-77.05368262353065,38.87882053435684,noetzel1907
Arlington,1232,-77.05366704954297,38.87880886393623,noetzel1907
Arlington,1233,-77.0536592647646,38.87880291890919,noetzel1907
Arlington,1234,-77.05365148164778,38.87879689151967,noetzel1907
Arlington,1235,-77.05364457605116,38.87879090239791,noetzel1907
Arlington,1236,-77.05363679459708,38.878784792645455,noetzel1907
Arlington,1237,-77.05362299115758,38.878772430043995,noetzel1907
Arlington,1238,-77.05361521302787,38.87876615556614,noetzel1907
Arlington,1239,-77.05360831463167,38.878759809540405,noetzel1907
Arlington,1240,-77.05359452116356,38.87874695276371,noetzel1907
Arlington,1241,-77.05358762664505,38.87874041455885,noetzel1907
Arlington,1242,-77.053581609646,38.8787339146223,noetzel1907
Arlington,1243,-77.0535747162368,38.87872732150866,noetzel1907
Arlington,1244,-77.0535678250426,38.87872061857863,noetzel1907
Arlington,1245,-77.05356181192106,38.87871392646316,noetzel1907
Arlington,1246,-77.05355492183624,38.87870716862437,noetzel1907
Arlington,1247,-77.05354891037737,38.87870039414627,noetzel1907
Arlington,1248,-77.05354286545709,38.87869353687326,noetzel1907
Arlington,1249,-77.05353685732118,38.87868659767055,noetzel1907
Arlington,1250,-77.05352821412217,38.87868141096378,noetzel1907
Arlington,1251,-77.05351953690847,38.87867616891575,noetzel1907
Arlington,1252,-77.05351174330144,38.87867066314254,noetzel1907
Arlington,1253,-77.05350307494558,38.87866498182949,noetzel1907
Arlington,1254,-77.0534952863222,38.87865922896926,noetzel1907
Arlington,1255,-77.05348750323473,38.87865320156868,noetzel1907
Arlington,1256,-77.05348059987949,38.87864710262114,noetzel1907
Arlington,1257,-77.05347282343621,38.87864074577169,noetzel1907
Arlington,1258,-77.05346592672512,38.87863431737541,noetzel1907
Arlington,1259,-77.05345903222914,38.878627779162755,noetzel1907
Arlington,1260,-77.05345214216229,38.87862102131783,noetzel1907
Arlington,1261,-77.05344613238077,38.87861416447233,noetzel1907
Arlington,1262,-77.05344012426086,38.87860722526454,noetzel1907
Arlington,1263,-77.05343411946302,38.878600121332525,noetzel1907
Arlington,1264,-77.05342811854078,38.878592825222285,noetzel1907
Arlington,1265,-77.05342299679651,38.87858548501971,noetzel1907
Arlington,1266,-77.05341787726726,38.87857803500097,noetzel1907
Arlington,1267,-77.05341275939956,38.87857050262004,noetzel1907
Arlington,1268,-77.05340852347689,38.87856278887705,noetzel1907
Arlington,1269,-77.05340340837874,38.87855511922572,noetzel1907
Arlington,1270,-77.0534000187255,38.87854725114197,noetzel1907
Arlington,1271,-77.05339582235638,38.87853931819921,noetzel1907
Arlington,1272,-77.05332333765854,38.87847526544397,noetzel1907
Arlington,1273,-77.05263121554863,38.87778021698939,noetzel1907
Arlington,1274,-77.05175942186547,38.87658865367747,noetzel1907
Arlington,1275,-77.0517551856834,38.876580967325,noetzel1907
Arlington,1276,-77.05175007145736,38.876573270143865,noetzel1907
Arlington,1277,-77.05174583527717,38.876565583791034,noetzel1907
Arlington,1278,-77.05174160076028,38.87655781507605,noetzel1907
Arlington,1279,-77.05173736513606,38.87655010126892,noetzel1907
Arlington,1280,-77.051733130621,38.876542332553605,noetzel1907
Arlington,1281,-77.05172889776921,38.87653448147612,noetzel1907
Arlington,1282,-77.0517246638101,38.876526685306494,noetzel1907
Arlington,1283,-77.05172043096019,38.87651883422869,noetzel1907
Arlington,1284,-77.05171707615531,38.87651099397946,noetzel1907
Arlington,1285,-77.05170861101398,38.876495264369105,noetzel1907
Arlington,1286,-77.05170525676562,38.87648739666553,noetzel1907
Arlington,1287,-77.05170102558253,38.87647946322496,noetzel1907
Arlington,1288,-77.05169431986037,38.87646359054721,noetzel1907
Arlington,1289,-77.05169008923401,38.87645562965224,noetzel1907
Arlington,1290,-77.05168673776025,38.87644762467802,noetzel1907
Arlington,1291,-77.05168342030063,38.87643967504491,noetzel1907
Arlington,1292,-77.05167333187259,38.87641560478025,noetzel1907
Arlington,1293,-77.05166998206496,38.87640751744352,noetzel1907
Arlington,1294,-77.05166663114983,38.87639948501469,noetzel1907
Arlington,1295,-77.05166328189787,38.8763913702238,noetzel1907
Arlington,1296,-77.05166081013508,38.87638329371589,noetzel1907
Arlington,1297,-77.05165411163475,38.87636706413353,noetzel1907
Arlington,1298,-77.05165164209042,38.87635887780945,noetzel1907
Arlington,1299,-77.05164829284207,38.876350763018,noetzel1907
Arlington,1300,-77.05164335320228,38.87633441782342,noetzel1907
Arlington,1301,-77.0516400050643,38.87632624812372,noetzel1907
Arlington,1302,-77.05163259699624,38.87630166169609,noetzel1907
Arlington,1303,-77.05162766124252,38.8762851243227,noetzel1907
Arlington,1304,-77.05162519170405,38.876276937997886,noetzel1907
Arlington,1305,-77.05162360186976,38.87626868014047,noetzel1907
Arlington,1306,-77.0516186661204,38.87625214276655,noetzel1907
Arlington,1307,-77.05161707794991,38.876243802547,noetzel1907
Arlington,1308,-77.05161460952239,38.87623556131388,noetzel1907
Arlington,1309,-77.05161302190689,38.87622719364027,noetzel1907
Arlington,1310,-77.05161055403455,38.87621892495304,noetzel1907
Arlington,1311,-77.05160896586575,38.87621058473331,noetzel1907
Arlington,1312,-77.05160649633196,38.87620239840796,noetzel1907
Arlington,1313,-77.05160490483898,38.876194222912126,noetzel1907
Arlington,1314,-77.05160243530622,38.87618603658663,noetzel1907
Arlington,1315,-77.05160084381406,38.8761778610907,noetzel1907
Arlington,1316,-77.0515992539848,38.87616960323275,noetzel1907
Arlington,1317,-77.05159766193918,38.876161455190726,noetzel1907
Arlington,1318,-77.05159519407088,38.87615318650304,noetzel1907
Arlington,1319,-77.05159360258028,38.876145011006955,noetzel1907
Arlington,1320,-77.05158883309821,38.87612023743248,noetzel1907
Arlington,1321,-77.05158812131079,38.87611199040397,noetzel1907
Arlington,1322,-77.05158494165843,38.8760954746874,noetzel1907
Arlington,1323,-77.05158423153425,38.87608714529684,noetzel1907
Arlington,1324,-77.05158264170888,38.87607888743847,noetzel1907
Arlington,1325,-77.05158192992259,38.876070640409814,noetzel1907
Arlington,1326,-77.05158034231457,38.87606227273544,noetzel1907
Arlington,1327,-77.05157963219125,38.87605394334475,noetzel1907
Arlington,1328,-77.05157892040556,38.87604569631604,noetzel1907
Arlington,1329,-77.05157750015974,38.87602903753458,noetzel1907
Arlington,1330,-77.05157678837452,38.87602079050581,noetzel1907
Arlington,1331,-77.05157394788553,38.87598747294253,noetzel1907
Arlington,1332,-77.05157411580129,38.8759791543815,noetzel1907
Arlington,1333,-77.05157340623367,38.87597079753661,noetzel1907
Arlington,1334,-77.05157357414946,38.875962478975545,noetzel1907
Arlington,1335,-77.05157286402792,38.87595414958461,noetzel1907
Arlington,1336,-77.05157303194373,38.87594583102348,noetzel1907
Arlington,1337,-77.0515723218224,38.87593750163254,noetzel1907
Arlington,1338,-77.05157349889494,38.87587918934215,noetzel1907
Arlington,1339,-77.05157454540094,38.87587085415668,noetzel1907
Arlington,1340,-77.05157471331636,38.8758625355954,noetzel1907
Arlington,1341,-77.05157575982199,38.87585420040991,noetzel1907
Arlington,1342,-77.05157592773722,38.87584588184858,noetzel1907
Arlington,1343,-77.0515769736883,38.87583757411706,noetzel1907
Arlington,1344,-77.05157714160335,38.87582925555568,noetzel1907
Arlington,1345,-77.05158237190852,38.87578768944349,noetzel1907
Arlington,1346,-77.05158341619547,38.87577946407375,noetzel1907
Arlington,1347,-77.05158550809368,38.87576284861024,noetzel1907
Arlington,1348,-77.05158655237993,38.87575462324044,noetzel1907
Arlington,1349,-77.05158847636318,38.87574632633831,noetzel1907
Arlington,1350,-77.05158952064883,38.87573810096847,noetzel1907
Arlington,1351,-77.05159144463133,38.87572980406627,noetzel1907
Arlington,1352,-77.05159248891638,38.875721578696336,noetzel1907
Arlington,1353,-77.05159441123557,38.87571336415607,noetzel1907
Arlington,1354,-77.05159545718257,38.875705056424074,noetzel1907
Arlington,1355,-77.05159650479182,38.87569666633006,noetzel1907
Arlington,1356,-77.0515996783061,38.87567171611309,noetzel1907
Arlington,1357,-77.05160069079307,38.87566332558579,noetzel1907
Arlington,1358,-77.05160085870497,38.87565500702404,noetzel1907
Arlington,1359,-77.05160295059552,38.87563839155968,noetzel1907
Arlington,1360,-77.05160399875707,38.875629974011474,noetzel1907
Arlington,1361,-77.05160717171167,38.87560505124786,noetzel1907
Arlington,1362,-77.0516081841968,38.875596660720355,noetzel1907
Arlington,1363,-77.0516092301405,38.875588352988,noetzel1907
Arlington,1364,-77.05161115467084,38.875580028631205,noetzel1907
Arlington,1365,-77.05161324655681,38.87556341316632,noetzel1907
Arlington,1366,-77.05161425904062,38.8755550226387,noetzel1907
Arlington,1367,-77.0516195244256,38.87551345695519,noetzel1907
Arlington,1368,-77.05162057202924,38.875505066860576,noetzel1907
Arlington,1369,-77.05162158284888,38.87549675869474,noetzel1907
Arlington,1370,-77.05162354194246,38.8754884622247,noetzel1907
Arlington,1371,-77.0516277268107,38.8754551763857,noetzel1907
Arlington,1372,-77.05162965022701,38.87544690693631,noetzel1907
Arlington,1373,-77.05163069782849,38.87543851684144,noetzel1907
Arlington,1374,-77.05163383564414,38.87541359364272,noetzel1907
Arlington,1375,-77.05163576016693,38.87540526928517,noetzel1907
Arlington,1376,-77.05163889797936,38.875380346086125,noetzel1907
Arlington,1377,-77.05164082194653,38.87537204918236,noetzel1907
Arlington,1378,-77.05164291381958,38.87535543371612,noetzel1907
Arlington,1379,-77.05164483778562,38.87534713681226,noetzel1907
Arlington,1380,-77.05164693021116,38.87533049389185,noetzel1907
Arlington,1381,-77.05164885417607,38.875322196987874,noetzel1907
Arlington,1382,-77.05165094604583,38.8753055815213,noetzel1907
Arlington,1383,-77.05165287000959,38.8752972846172,noetzel1907
Arlington,1384,-77.05165496187769,38.87528066915044,noetzel1907
Arlington,1385,-77.05165688639445,38.87527234479224,noetzel1907
Arlington,1386,-77.05165793066537,38.8752641194208,noetzel1907
Arlington,1387,-77.05165985462725,38.87525582251649,noetzel1907
Arlington,1388,-77.0516609356811,38.87524751521615,noetzel1907
Arlington,1389,-77.05166282452105,38.87523921787861,noetzel1907
Arlington,1390,-77.05166386989906,38.87523093759904,noetzel1907
Arlington,1391,-77.05172101986295,38.8748361514549,noetzel1907
Arlington,1392,-77.05172203010744,38.87482787074085,noetzel1907
Arlington,1393,-77.05172311336416,38.87481945362304,noetzel1907
Arlington,1394,-77.05172328125991,38.87481113505934,noetzel1907
Arlington,1395,-77.05172432884116,38.87480274496232,noetzel1907
Arlington,1396,-77.05172537475984,38.87479443722727,noetzel1907
Arlington,1397,-77.0517264223406,38.874786047130215,noetzel1907
Arlington,1398,-77.0517265902359,38.87477772856644,noetzel1907
Arlington,1399,-77.05172868595051,38.874760920918185,noetzel1907
Arlington,1400,-77.05172885384546,38.87475260235435,noetzel1907
Arlington,1401,-77.0517298663043,38.874744211824,noetzel1907
Arlington,1402,-77.05173003419908,38.87473589326014,noetzel1907
Arlington,1403,-77.05173111745346,38.87472747614207,noetzel1907
Arlington,1404,-77.05173216337026,38.87471916840681,noetzel1907
Arlington,1405,-77.05173233348114,38.87471074002686,noetzel1907
Arlington,1406,-77.05173338105988,38.87470234992955,noetzel1907
Arlington,1407,-77.05173354840005,38.874694058819635,noetzel1907
Arlington,1408,-77.05173459653248,38.874685641268286,noetzel1907
Arlington,1409,-77.05173476442658,38.874677322704265,noetzel1907
Arlington,1410,-77.05173581200457,38.87466893260688,noetzel1907
Arlington,1411,-77.05173598156078,38.874660531680846,noetzel1907
Arlington,1412,-77.05173702747605,38.87465222394541,noetzel1907
Arlington,1413,-77.0517373654799,38.874635477001256,noetzel1907
Arlington,1414,-77.05173841305692,38.874627086903736,noetzel1907
Arlington,1415,-77.05173875050622,38.87461036741345,noetzel1907
Arlington,1416,-77.051739763516,38.874601949428765,noetzel1907
Arlington,1417,-77.05174027052038,38.87457682901214,noetzel1907
Arlington,1418,-77.05174131865034,38.87456841146051,noetzel1907
Arlington,1419,-77.05174199354688,38.874534972479374,noetzel1907
Arlington,1420,-77.05174304112191,38.874526582381606,noetzel1907
Arlington,1421,-77.05174541045612,38.87440918904317,noetzel1907
Arlington,1422,-77.05174470032999,38.87440085965006,noetzel1907
Arlington,1423,-77.05174554699418,38.87435890992478,noetzel1907
Arlington,1424,-77.05174483686854,38.87435058053156,noetzel1907
Arlington,1425,-77.05174500642293,38.87434217960485,noetzel1907
Arlington,1426,-77.05174219344532,38.87413344250317,noetzel1907
Arlington,1427,-77.05174236299955,38.87412504157597,noetzel1907
Arlington,1428,-77.05174165509298,38.87411660236625,noetzel1907
Arlington,1429,-77.05174094829478,38.87410810824842,noetzel1907
Arlington,1430,-77.05174111784909,38.874099707321186,noetzel1907
Arlington,1431,-77.05173474337498,38.87402391915596,noetzel1907
Arlington,1432,-77.0517331552403,38.87401557893335,noetzel1907
Arlington,1433,-77.05173173832347,38.87399875542123,noetzel1907
Arlington,1434,-77.0517301501897,38.873990415198485,noetzel1907
Arlington,1435,-77.05172856427271,38.87398196515973,noetzel1907
Arlington,1436,-77.05172785415277,38.87397363576565,noetzel1907
Arlington,1437,-77.05172626602,38.8739652955428,noetzel1907
Arlington,1438,-77.05172467954992,38.87395687295787,noetzel1907
Arlington,1439,-77.05172309197201,38.87394850528098,noetzel1907
Arlington,1440,-77.05172238129892,38.87394020334078,noetzel1907
Arlington,1441,-77.05171920559064,38.87392349544082,noetzel1907
Arlington,1442,-77.05171673944761,38.873915144389024,noetzel1907
Arlington,1443,-77.05171514965512,38.873906886527976,noetzel1907
Arlington,1444,-77.05171197339587,38.873890206081654,noetzel1907
Arlington,1445,-77.05170950559253,38.8738819373917,noetzel1907
Arlington,1446,-77.05170791580159,38.87387367953047,noetzel1907
Arlington,1447,-77.05170544966163,38.87386532847831,noetzel1907
Arlington,1448,-77.0517038598715,38.87385707061701,noetzel1907
Arlington,1449,-77.05169892426952,38.873840533236496,noetzel1907
Arlington,1450,-77.05169733448072,38.87383227537504,noetzel1907
Arlington,1451,-77.0516948650187,38.873824089046686,noetzel1907
Arlington,1452,-77.05169239721958,38.8738158203562,noetzel1907
Arlington,1453,-77.05168992775867,38.87380763402769,noetzel1907
Arlington,1454,-77.05168745996073,38.87379936533709,noetzel1907
Arlington,1455,-77.051680051029,38.87377483380493,noetzel1907
Arlington,1456,-77.05167670189803,38.87376671900907,noetzel1907
Arlington,1457,-77.05167423244062,38.87375853268015,noetzel1907
Arlington,1458,-77.0516717613214,38.87375042871317,noetzel1907
Arlington,1459,-77.05166841385487,38.873742231555,noetzel1907
Arlington,1460,-77.05166594218275,38.87373415504185,noetzel1907
Arlington,1461,-77.05166259305526,38.8737260402455,noetzel1907
Arlington,1462,-77.05164918934918,38.87369393796114,noetzel1907
Arlington,1463,-77.05164495833698,38.873686004513,noetzel1907
Arlington,1464,-77.05163825621307,38.873669967096866,noetzel1907
Arlington,1465,-77.0516349037669,38.87366201702367,noetzel1907
Arlington,1466,-77.05163063763781,38.873654083141794,noetzel1907
Arlington,1467,-77.05162396676143,38.87363823833602,noetzel1907
Arlington,1468,-77.05161973686357,38.87363024997886,noetzel1907
Arlington,1469,-77.05161638386717,38.87362232735905,noetzel1907
Arlington,1470,-77.05161215341695,38.87361436645562,noetzel1907
Arlington,1471,-77.05160792075111,38.873606515368024,noetzel1907
Arlington,1472,-77.05160456831126,38.873598565293854,noetzel1907
Arlington,1473,-77.05160033564717,38.87359071420595,noetzel1907
Arlington,1474,-77.05159698154645,38.87358284649359,noetzel1907
Arlington,1475,-77.05158428411639,38.87355926577454,noetzel1907
Arlington,1476,-77.05158092946473,38.87355142551562,noetzel1907
Arlington,1477,-77.05157669458939,38.873543684242854,noetzel1907
Arlington,1478,-77.05157246303992,38.873535778245845,noetzel1907
Arlington,1479,-77.0515470576917,38.87348913842662,noetzel1907
Arlington,1480,-77.05154194370832,38.87348144123047,noetzel1907
Arlington,1481,-77.05153770994964,38.87347364504814,noetzel1907
Arlington,1482,-77.05152500202902,38.87345058594831,noetzel1907
Arlington,1483,-77.05151988805075,38.873442888751114,noetzel1907
Arlington,1484,-77.05151565208003,38.87343520238398,noetzel1907
Arlington,1485,-77.0515105364413,38.8734275875484,noetzel1907
Arlington,1486,-77.05150630047247,38.8734199011809,noetzel1907
Arlington,1487,-77.05150206284202,38.87341229717523,noetzel1907
Arlington,1488,-77.05149694720637,38.87340468233905,noetzel1907
Arlington,1489,-77.0514927090236,38.87339710578708,noetzel1907
Arlington,1490,-77.05148247831173,38.8733818486595,noetzel1907
Arlington,1491,-77.0514782758063,38.87337424508617,noetzel1907
Arlington,1492,-77.05147312339302,38.873366712177656,noetzel1907
Arlington,1493,-77.05144837297415,38.87337464512304,noetzel1907
Arlington,1494,-77.05142116353663,38.87333037211242,noetzel1907
Arlington,1495,-77.05142829842052,38.87332496795709,noetzel1907
Arlington,1496,-77.0508430263688,38.872386823629185,noetzel1907
Arlington,1497,-77.05083237955968,38.87239218440875,noetzel1907
Arlington,1498,-77.05079831326405,38.87233958835428,noetzel1907
Arlington,1499,-77.0508337656419,38.87232354936322,noetzel1907
Arlington,1500,-77.05067018149069,38.87207438268528,noetzel1907
Arlington,1501,-77.05066417973165,38.87206716878399,noetzel1907
Arlington,1502,-77.05065905319083,38.87206010298908,noetzel1907
Arlington,1503,-77.05064704579708,38.87204586736308,noetzel1907
Arlington,1504,-77.05062902944755,38.87202477473486,noetzel1907
Arlington,1505,-77.050617014857,38.872010896007886,noetzel1907
Arlington,1506,-77.05060499638945,38.871997209457774,noetzel1907
Arlington,1507,-77.050598109446,38.87199034161812,noetzel1907
Arlington,1508,-77.0505920988289,38.871983566977256,noetzel1907
Arlington,1509,-77.05058520856085,38.87197686386096,noetzel1907
Arlington,1510,-77.05057919739156,38.87197011667343,noetzel1907
Arlington,1511,-77.05057230546242,38.87196349591841,noetzel1907
Arlington,1512,-77.05056629318638,38.871956803638255,noetzel1907
Arlington,1513,-77.05055940070518,38.87195021033645,noetzel1907
Arlington,1514,-77.05053871827829,38.871930677514726,noetzel1907
Arlington,1515,-77.05052492778178,38.87191776544758,noetzel1907
Arlington,1516,-77.0505111328538,38.87190507301089,noetzel1907
Arlington,1517,-77.05050335740411,38.87189871595413,noetzel1907
Arlington,1518,-77.05049645606135,38.87189256191281,noetzel1907
Arlington,1519,-77.05048955749257,38.87188627060105,noetzel1907
Arlington,1520,-77.05048177871946,38.87188007826692,noetzel1907
Arlington,1521,-77.05047399828399,38.871873968294366,noetzel1907
Arlington,1522,-77.05046709528241,38.871867896613345,noetzel1907
Arlington,1523,-77.05045931484952,38.87186178663978,noetzel1907
Arlington,1524,-77.0504524107412,38.87185576986597,noetzel1907
Arlington,1525,-77.05042905836254,38.87183798902105,noetzel1907
Arlington,1526,-77.05028026320493,38.871726308642224,noetzel1907
Arlington,1527,-77.0500549270632,38.871577983846365,noetzel1907
Arlington,1528,-77.04990184440322,38.87150469524472,noetzel1907
Arlington,1529,-77.04975210753088,38.87143968602187,noetzel1907
Arlington,1530,-77.04974341648786,38.87143518494392,noetzel1907
Arlington,1531,-77.04973384690942,38.87143070047573,noetzel1907
Arlington,1532,-77.04972515364923,38.87142630921245,noetzel1907
Arlington,1533,-77.04971558240854,38.87142190710483,noetzel1907
Arlington,1534,-77.04970688748597,38.87141759820227,noetzel1907
Arlington,1535,-77.04969731291841,38.87141336081725,noetzel1907
Arlington,1536,-77.04968861577852,38.87140916172943,noetzel1907
Arlington,1537,-77.04966946387458,38.8714008242257,noetzel1907
Arlington,1538,-77.04965988598221,38.87139675156174,noetzel1907
Arlington,1539,-77.04965118662702,38.87139266228717,noetzel1907
Arlington,1540,-77.04964160429773,38.87138880925386,noetzel1907
Arlington,1541,-77.04963205986316,38.871384819383465,noetzel1907
Arlington,1542,-77.04962244297158,38.871380938460746,noetzel1907
Arlington,1543,-77.04961286009052,38.87137711287912,noetzel1907
Arlington,1544,-77.0495841047946,38.87136596557767,noetzel1907
Arlington,1545,-77.04957451858814,38.871362304717024,noetzel1907
Arlington,1546,-77.04955534173884,38.87135520262545,noetzel1907
Arlington,1547,-77.04954571597675,38.87135176096075,noetzel1907
Arlington,1548,-77.04953615934413,38.8713483750709,noetzel1907
Arlington,1549,-77.04952568961261,38.87134497790139,noetzel1907
Arlington,1550,-77.04950650222905,38.87133839742817,noetzel1907
Arlington,1551,-77.04949602917077,38.871335164980074,noetzel1907
Arlington,1552,-77.04947683402335,38.87132896885826,noetzel1907
Arlington,1553,-77.04946635819307,38.87132587367761,noetzel1907
Arlington,1554,-77.04945675923406,38.87132284424969,noetzel1907
Arlington,1555,-77.04944627896587,38.87131996869941,noetzel1907
Arlington,1556,-77.04943667834367,38.8713170216319,noetzel1907
Arlington,1557,-77.04942619641224,38.871314228441875,noetzel1907
Arlington,1558,-77.04941659412673,38.87131136373479,noetzel1907
Arlington,1559,-77.04940611053199,38.871308652905014,noetzel1907
Arlington,1560,-77.04939650491818,38.871305952920395,noetzel1907
Arlington,1561,-77.04938601910509,38.87130335190489,noetzel1907
Arlington,1562,-77.04937465420278,38.87130079495021,noetzel1907
Arlington,1563,-77.04936327820153,38.87129878707476,noetzel1907
Arlington,1564,-77.04935101090113,38.87129742724826,noetzel1907
Arlington,1565,-77.04933960937127,38.871296682255405,noetzel1907
Arlington,1566,-77.04932731765166,38.8712965304032,noetzel1907
Arlington,1567,-77.04931589170197,38.87129699338484,noetzel1907
Arlington,1568,-77.04930357556192,38.87129804950697,noetzel1907
Arlington,1569,-77.04929212408118,38.87129977537115,noetzel1907
Arlington,1570,-77.04928066149951,38.87130205031456,noetzel1907
Arlington,1571,-77.04926926662992,38.87130097586665,noetzel1907
Arlington,1572,-77.04925786177016,38.87130039558996,noetzel1907
Arlington,1573,-77.049246446365,38.871300336938496,noetzel1907
Arlington,1574,-77.04923590005929,38.87130072839753,noetzel1907
Arlington,1575,-77.04922446578274,38.871301603180555,noetzel1907
Arlington,1576,-77.04921302318022,38.871302889772736,noetzel1907
Arlington,1577,-77.0492024814655,38.871304791633634,noetzel1907
Arlington,1578,-77.04919098487107,38.87130701122632,noetzel1907
Arlington,1579,-77.04918039138423,38.87130973627191,noetzel1907
Arlington,1580,-77.04916978957067,38.87131287312677,noetzel1907
Arlington,1581,-77.049159177765,38.871316504153,noetzel1907
Arlington,1582,-77.0491494350574,38.8713205852905,noetzel1907
Arlington,1583,-77.04913968513274,38.87132502332936,noetzel1907
Arlington,1584,-77.04912995963024,38.871328253390686,noetzel1907
Arlington,1585,-77.04911936169731,38.87133119806287,noetzel1907
Arlington,1586,-77.04910880221323,38.87133397844392,noetzel1907
Arlington,1587,-77.04909817915095,38.87133642850793,noetzel1907
Arlington,1588,-77.04908759453772,38.87133871428081,noetzel1907
Arlington,1589,-77.04907701325442,38.87134083532863,noetzel1907
Arlington,1590,-77.04906643974186,38.87134257201929,noetzel1907
Arlington,1591,-77.04905590634401,38.871344062056785,noetzel1907
Arlington,1592,-77.04904442805736,38.871345375652574,noetzel1907
Arlington,1593,-77.04903386953144,38.87134637108185,noetzel1907
Arlington,1594,-77.04902331489106,38.87134717433205,noetzel1907
Arlington,1595,-77.04901188726595,38.87134771964613,noetzel1907
Arlington,1596,-77.04900134261737,38.87134802872207,noetzel1907
Arlington,1597,-77.04898992553946,38.871348052407726,noetzel1907
Arlington,1598,-77.04897939143828,38.87134783985534,noetzel1907
Arlington,1599,-77.04896798435288,38.87134736936656,noetzel1907
Arlington,1600,-77.04895746079958,38.871346635185944,noetzel1907
Arlington,1601,-77.04894606259685,38.87134572543076,noetzel1907
Arlington,1602,-77.04893554959189,38.871344469621874,noetzel1907
Arlington,1603,-77.04886470045712,38.87137380105337,noetzel1907
Arlington,1604,-77.04885580072941,38.87137962261951,noetzel1907
Arlington,1605,-77.0488469082177,38.87138508728277,noetzel1907
Arlington,1606,-77.0488371466066,38.87139010183083,noetzel1907
Arlington,1607,-77.0488273949876,38.87139462220577,noetzel1907
Arlington,1608,-77.04881765114013,38.87139875822367,noetzel1907
Arlington,1609,-77.04880703819354,38.871402444126,noetzel1907
Arlington,1610,-77.04879643468436,38.87140566330914,noetzel1907
Arlington,1611,-77.0487849620763,38.87140843237639,noetzel1907
Arlington,1612,-77.04877437966334,38.87141060830497,noetzel1907
Arlington,1613,-77.04876292759667,38.871412361571494,noetzel1907
Arlington,1614,-77.04875148607867,38.8714135932106,noetzel1907
Arlington,1615,-77.04850071598213,38.87147914587956,noetzel1907
Arlington,1616,-77.0483101072742,38.87152621917541,noetzel1907
Arlington,1617,-77.04820796315225,38.87154143288097,noetzel1907
Arlington,1618,-77.0481445466357,38.871548887073146,noetzel1907
Arlington,1619,-77.04812343005418,38.87155085031478,noetzel1907
Arlington,1620,-77.04811286981885,38.8715519280232,noetzel1907
Arlington,1621,-77.04808118411162,38.871555408228886,noetzel1907
Arlington,1622,-77.04807062054209,38.87155665065758,noetzel1907
Arlington,1623,-77.04803892483181,38.87156062502407,noetzel1907
Arlington,1624,-77.04802835570577,38.87156214198905,noetzel1907
Arlington,1625,-77.0480177888013,38.871563549137065,noetzel1907
Arlington,1626,-77.04800722022989,38.871565038646175,noetzel1907
Arlington,1627,-77.04797550840235,38.87156980916179,noetzel1907
Arlington,1628,-77.04796493649597,38.87157146339115,noetzel1907
Arlington,1629,-77.04795524035018,38.871573238292456,noetzel1907
Arlington,1630,-77.04794466622074,38.87157500233601,noetzel1907
Arlington,1631,-77.04791293938493,38.871580514093026,noetzel1907
Arlington,1632,-77.04790236192007,38.87158244285683,noetzel1907
Arlington,1633,-77.04789266021571,38.87158449229304,noetzel1907
Arlington,1634,-77.04788208108306,38.87158650341704,noetzel1907
Arlington,1635,-77.0478609194826,38.87159069038623,noetzel1907
Arlington,1636,-77.04785121666482,38.87159279472707,noetzel1907
Arlington,1637,-77.04784059852149,38.87159499759107,noetzel1907
Arlington,1638,-77.04783004950495,38.87159725623078,noetzel1907
Arlington,1639,-77.04782034279631,38.87159955274712,noetzel1907
Arlington,1640,-77.04780975865917,38.871601810950686,noetzel1907
Arlington,1641,-77.04779917229902,38.8716041789693,noetzel1907
Arlington,1642,-77.04778946225491,38.87160664020714,noetzel1907
Arlington,1643,-77.04777887533777,38.87160903567795,noetzel1907
Arlington,1644,-77.04776916473669,38.87161152436814,noetzel1907
Arlington,1645,-77.04775857504015,38.87161405710716,noetzel1907
Arlington,1646,-77.04774886110407,38.8716167105197,noetzel1907
Arlington,1647,-77.0477382702948,38.871619298164894,noetzel1907
Arlington,1648,-77.04772859203224,38.8716219245561,noetzel1907
Arlington,1649,-77.04771796387963,38.871624621581155,noetzel1907
Arlington,1650,-77.04770824716252,38.87162741226039,noetzel1907
Arlington,1651,-77.0476976519052,38.871630219533955,noetzel1907
Arlington,1652,-77.04768790006719,38.87163300977715,noetzel1907
Arlington,1653,-77.04767821680018,38.87163588325024,noetzel1907
Arlington,1654,-77.04766761987351,38.87163877288316,noetzel1907
Arlington,1655,-77.04765789981865,38.87164172828225,noetzel1907
Arlington,1656,-77.04752037863253,38.87166748818838,noetzel1907
Arlington,1657,-77.04731228567712,38.87170882396851,noetzel1907
Arlington,1658,-77.04729999166811,38.87170878172019,noetzel1907
Arlington,1659,-77.04728856008185,38.87170951904457,noetzel1907
Arlington,1660,-77.04727623550436,38.87171098676408,noetzel1907
Arlington,1661,-77.04726477501626,38.87171315169447,noetzel1907
Arlington,1662,-77.04725329674199,38.87171619515188,noetzel1907
Arlington,1663,-77.04724180457168,38.87171992495835,noetzel1907
Arlington,1664,-77.04723117704572,38.87172432452215,noetzel1907
Arlington,1665,-77.04721874630467,38.87173103595066,noetzel1907
Arlington,1666,-77.04720634335206,38.87173637467757,noetzel1907
Arlington,1667,-77.04719221221848,38.8717403189777,noetzel1907
Arlington,1668,-77.04717986317739,38.87174299466331,noetzel1907
Arlington,1669,-77.047167482351,38.87174550518906,noetzel1907
Arlington,1670,-77.04715521188442,38.87174776993097,noetzel1907
Arlington,1671,-77.04714284161722,38.871749758828024,noetzel1907
Arlington,1672,-77.04713050980386,38.871751583434275,noetzel1907
Arlington,1673,-77.04711818354835,38.8717531334992,noetzel1907
Arlington,1674,-77.04709974752633,38.87175282300964,noetzel1907
Arlington,1675,-77.04708317586811,38.87174718071313,noetzel1907
Arlington,1676,-77.04707183599157,38.87174338810568,noetzel1907
Arlington,1677,-77.0470604483113,38.87174195654149,noetzel1907
Arlington,1678,-77.04704813039409,38.87174309478899,noetzel1907
Arlington,1679,-77.04703752175274,38.871746560899055,noetzel1907
Arlington,1680,-77.04702771039369,38.87175228866578,noetzel1907
Arlington,1681,-77.0470205704303,38.87175966967872,noetzel1907
Arlington,1682,-77.04701600317544,38.87176837318664,noetzel1907
Arlington,1683,-77.04700711770205,38.87177348080796,noetzel1907
Arlington,1684,-77.04699736091263,38.87177824811654,noetzel1907
Arlington,1685,-77.04698761246041,38.87178260361424,noetzel1907
Arlington,1686,-77.04697699324814,38.871786591344886,noetzel1907
Arlington,1687,-77.04696726147077,38.871790123220826,noetzel1907
Arlington,1688,-77.04695666004541,38.87179323242148,noetzel1907
Arlington,1689,-77.04694518952807,38.87179589149272,noetzel1907
Arlington,1690,-77.04693460700219,38.87179806725526,noetzel1907
Arlington,1691,-77.04692315316099,38.87179990270422,noetzel1907
Arlington,1692,-77.04691258953542,38.87180114502868,noetzel1907
Arlington,1693,-77.0469011551508,38.871802019585395,noetzel1907
Arlington,1694,-77.0468897307728,38.87180239996888,noetzel1907
Arlington,1695,-77.04687831528972,38.87180234108727,noetzel1907
Arlington,1696,-77.04686602348872,38.87180218897744,noetzel1907
Arlington,1697,-77.04685370222236,38.87180349192856,noetzel1907
Arlington,1698,-77.04684134759822,38.87180644211852,noetzel1907
Arlington,1699,-77.04682984149306,38.87181085823466,noetzel1907
Arlington,1700,-77.046820065784,38.87181655896459,noetzel1907
Arlington,1701,-77.04681114359687,38.871823478535234,noetzel1907
Arlington,1702,-77.04680313052847,38.871828871546576,noetzel1907
Arlington,1703,-77.0467942394727,38.87183425369176,noetzel1907
Arlington,1704,-77.04678622640184,38.87183964670193,noetzel1907
Arlington,1705,-77.0467773336755,38.87184511120784,noetzel1907
Arlington,1706,-77.04674526691905,38.87186739704449,noetzel1907
Arlington,1707,-77.04673724883683,38.87187303713728,noetzel1907
Arlington,1708,-77.04672922852934,38.87187878704556,noetzel1907
Arlington,1709,-77.0467212104446,38.87188442713719,noetzel1907
Arlington,1710,-77.04671318902255,38.87189023195234,noetzel1907
Arlington,1711,-77.04670516871124,38.87189598185889,noetzel1907
Arlington,1712,-77.04668912530465,38.87190761894036,noetzel1907
Arlington,1713,-77.04668110165336,38.87191353356928,noetzel1907
Arlington,1714,-77.04667395598794,38.8719194590641,noetzel1907
Arlington,1715,-77.04666593066597,38.87192545605396,noetzel1907
Arlington,1716,-77.0466579075668,38.87193134322729,noetzel1907
Arlington,1717,-77.04665075856148,38.87193743344467,noetzel1907
Arlington,1718,-77.04664273323559,38.87194343043294,noetzel1907
Arlington,1719,-77.0466355842278,38.871949520649395,noetzel1907
Arlington,1720,-77.04662755556306,38.87195568236058,noetzel1907
Arlington,1721,-77.04662040655276,38.8719617725761,noetzel1907
Arlington,1722,-77.04661325587311,38.871967945153166,noetzel1907
Arlington,1723,-77.04660522498018,38.8719742166788,noetzel1907
Arlington,1724,-77.04659803917853,38.87198038882025,noetzel1907
Arlington,1725,-77.04659092027828,38.87198672655463,noetzel1907
Arlington,1726,-77.04658376792541,38.87199298149188,noetzel1907
Arlington,1727,-77.04656945932358,38.87200568354301,noetzel1907
Arlington,1728,-77.04654083543183,38.87203141708795,noetzel1907
Arlington,1729,-77.04653367750943,38.87203794656204,noetzel1907
Arlington,1730,-77.04652739590617,38.87204456926528,noetzel1907
Arlington,1731,-77.04652023853733,38.87205107128458,noetzel1907
Arlington,1732,-77.04651307894282,38.872057683119394,noetzel1907
Arlington,1733,-77.04650679733595,38.87206430582148,noetzel1907
Arlington,1734,-77.04649963607064,38.87207100001747,noetzel1907
Arlington,1735,-77.04649335334916,38.87207767762683,noetzel1907
Arlington,1736,-77.04647904805101,38.87209021494272,noetzel1907
Arlington,1737,-77.04646473941126,38.872102916980765,noetzel1907
Arlington,1738,-77.04645042742978,38.87211578374106,noetzel1907
Arlington,1739,-77.0464441497048,38.87212221426173,noetzel1907
Arlington,1740,-77.0464370291086,38.87212863434855,noetzel1907
Arlington,1741,-77.04642983604747,38.87213516338146,noetzel1907
Arlington,1742,-77.04642355609445,38.87214170371698,noetzel1907
Arlington,1743,-77.04641639815038,38.872148233183765,noetzel1907
Arlington,1744,-77.04641011708279,38.87215482842657,noetzel1907
Arlington,1745,-77.04640295746779,38.8721614402545,noetzel1907
Arlington,1746,-77.04639667584168,38.87216806295052,noetzel1907
Arlington,1747,-77.046390392546,38.8721747680082,noetzel1907
Arlington,1748,-77.0463832312588,38.87218146219689,noetzel1907
Arlington,1749,-77.04637694851685,38.87218813979988,noetzel1907
Arlington,1750,-77.04637066354915,38.87219492721849,noetzel1907
Arlington,1751,-77.0463643802487,38.87220163227473,noetzel1907
Arlington,1752,-77.04635809361021,38.872208502054626,noetzel1907
Arlington,1753,-77.04635180863896,38.87221528947218,noetzel1907
Arlington,1754,-77.04633294815653,38.87223592626269,noetzel1907
Arlington,1755,-77.04632037152936,38.872249830542664,noetzel1907
Arlington,1756,-77.04631496064906,38.87225682100524,noetzel1907
Arlington,1757,-77.0463086723325,38.8722637731444,noetzel1907
Arlington,1758,-77.04630238234625,38.87227080764518,noetzel1907
Arlington,1759,-77.04629696979411,38.8722778804689,noetzel1907
Arlington,1760,-77.04629067980547,38.87228491496906,noetzel1907
Arlington,1761,-77.04628526613875,38.872292042700224,noetzel1907
Arlington,1762,-77.04627724741678,38.87229771021497,noetzel1907
Arlington,1763,-77.0462692214632,38.87230373463116,noetzel1907
Arlington,1764,-77.0462620646013,38.8723102091803,noetzel1907
Arlington,1765,-77.04625577961204,38.87231699659252,noetzel1907
Arlington,1766,-77.04624948572264,38.87232422326838,noetzel1907
Arlington,1767,-77.04624406481842,38.872331707899505,noetzel1907
Arlington,1768,-77.04623951689963,38.872339450486095,noetzel1907
Arlington,1769,-77.04623584307888,38.87234739612018,noetzel1907
Arlington,1770,-77.04623216425156,38.8723555888401,noetzel1907
Arlington,1771,-77.04622936174738,38.872363874791695,noetzel1907
Arlington,1772,-77.04622743389807,38.872372336337,noetzel1907
Arlington,1773,-77.04622638181627,38.87238091856801,noetzel1907
Arlington,1774,-77.04622620995187,38.87238940185287,noetzel1907
Arlington,1775,-77.04622691385563,38.87239800582347,noetzel1907
Arlington,1776,-77.04622849797742,38.872406510847874,noetzel1907
Arlington,1777,-77.04623008376818,38.8724149335103,noetzel1907
Arlington,1778,-77.04623431855636,38.872422647523976,noetzel1907
Arlington,1779,-77.04623855223308,38.872430416445546,noetzel1907
Arlington,1780,-77.04624278757929,38.872438103004946,noetzel1907
Arlington,1781,-77.04624702125783,38.87244587192618,noetzel1907
Arlington,1782,-77.04625549195478,38.87246124504417,noetzel1907
Arlington,1783,-77.04625972507988,38.87246904141887,noetzel1907
Arlington,1784,-77.04626396043062,38.87247672797745,noetzel1907
Arlington,1785,-77.0462690737763,38.87248442540536,noetzel1907
Arlington,1786,-77.04627330912898,38.87249211196353,noetzel1907
Arlington,1787,-77.046277542814,38.87249988088357,noetzel1907
Arlington,1788,-77.04629871903929,38.8725383411252,noetzel1907
Arlington,1789,-77.0463029527298,38.87254611004422,noetzel1907
Arlington,1790,-77.04630806608462,38.87255380747029,noetzel1907
Arlington,1791,-77.04633347770763,38.872599954261744,noetzel1907
Arlington,1792,-77.04633859051341,38.87260767914039,noetzel1907
Arlington,1793,-77.04634706180524,38.872623024797136,noetzel1907
Arlington,1794,-77.04635129884286,38.87263062899027,noetzel1907
Arlington,1795,-77.04635553365681,38.8726383429992,noetzel1907
Arlington,1796,-77.04636064702383,38.8726460404228,noetzel1907
Arlington,1797,-77.04637335314257,38.87266910008608,noetzel1907
Arlington,1798,-77.04637759018574,38.87267670427818,noetzel1907
Arlington,1799,-77.04638270355784,38.872684401700745,noetzel1907
Arlington,1800,-77.04638693893448,38.87269208825447,noetzel1907
Arlington,1801,-77.04639114086059,38.872699692011295,noetzel1907
Arlington,1802,-77.04639541135887,38.87270737899943,noetzel1907
Arlington,1803,-77.04640052417895,38.87271510387512,noetzel1907
Arlington,1804,-77.04640476122769,38.87272270806615,noetzel1907
Arlington,1805,-77.04641323199111,38.87273808117172,noetzel1907
Arlington,1806,-77.0464183470398,38.872745696230616,noetzel1907
Arlington,1807,-77.04642258242386,38.87275338278294,noetzel1907
Arlington,1808,-77.0464268194772,38.8727609869731,noetzel1907
Arlington,1809,-77.04643193286061,38.87276868439337,noetzel1907
Arlington,1810,-77.04643613479598,38.87277628814844,noetzel1907
Arlington,1811,-77.04644040530364,38.87278397513477,noetzel1907
Arlington,1812,-77.04644464236067,38.87279157932426,noetzel1907
Arlington,1813,-77.04644975574818,38.87279927674366,noetzel1907
Arlington,1814,-77.04645822986693,38.8728144851217,noetzel1907
Arlington,1815,-77.04646334325751,38.87282218254049,noetzel1907
Arlington,1816,-77.04646758031924,38.87282978672904,noetzel1907
Arlington,1817,-77.04647781711557,38.872844687393616,noetzel1907
Arlington,1818,-77.04648293384702,38.87285222008752,noetzel1907
Arlington,1819,-77.04648713579267,38.87285982384059,noetzel1907
Arlington,1820,-77.04649140631076,38.87286751082495,noetzel1907
Arlington,1821,-77.04649651970871,38.872875208242206,noetzel1907
Arlington,1822,-77.04649987544154,38.87288296628566,noetzel1907
Arlington,1823,-77.04650833901505,38.87289869628564,noetzel1907
Arlington,1824,-77.04651169085766,38.87290664650668,noetzel1907
Arlington,1825,-77.04651839176464,38.87292268421839,noetzel1907
Arlington,1826,-77.04652174027294,38.87293079916307,noetzel1907
Arlington,1827,-77.04652421133844,38.87293887578606,noetzel1907
Arlington,1828,-77.04652755984816,38.872946990730554,noetzel1907
Arlington,1829,-77.04653002869054,38.87295517716933,noetzel1907
Arlington,1830,-77.04653249586524,38.87296344597008,noetzel1907
Arlington,1831,-77.04653408504048,38.8729717039032,noetzel1907
Arlington,1832,-77.04653655166013,38.872980000157824,noetzel1907
Arlington,1833,-77.04653814139228,38.872988230636864,noetzel1907
Arlington,1834,-77.046541316409,38.87300491122683,noetzel1907
Arlington,1835,-77.0465429022497,38.87301333388373,noetzel1907
Arlington,1836,-77.04654448920292,38.873021701632574,noetzel1907
Arlington,1837,-77.04654661272542,38.87304693700073,noetzel1907
Arlington,1838,-77.04654644200944,38.87305536537665,noetzel1907
Arlington,1839,-77.04654714985068,38.873063777165946,noetzel1907
Arlington,1840,-77.04654680730656,38.8730806888257,noetzel1907
Arlington,1841,-77.04654751125555,38.87308929279289,noetzel1907
Arlington,1842,-77.04654821798508,38.87309775949013,noetzel1907
Arlington,1843,-77.04654804393272,38.873106352589886,noetzel1907
Arlington,1844,-77.04654874843818,38.87311492910303,noetzel1907
Arlington,1845,-77.0465485743858,38.87312352220276,noetzel1907
Arlington,1846,-77.04654928055973,38.87313201635393,noetzel1907
Arlington,1847,-77.0465484114098,38.873174926944195,noetzel1907
Arlington,1848,-77.04654736157894,38.873183399360414,noetzel1907
Arlington,1849,-77.04654718752626,38.87319199246,noetzel1907
Arlington,1850,-77.04654613602676,38.87320054723815,noetzel1907
Arlington,1851,-77.04654596197388,38.87320914033771,noetzel1907
Arlington,1852,-77.04654491214224,38.87321761275383,noetzel1907
Arlington,1853,-77.04654386008602,38.87322619498592,noetzel1907
Arlington,1854,-77.046538255081,38.87324276690024,noetzel1907
Arlington,1855,-77.04653633002492,38.87325109117881,noetzel1907
Arlington,1856,-77.04653352585264,38.87325945949779,noetzel1907
Arlington,1857,-77.04652231583006,38.87329260332489,noetzel1907
Arlington,1858,-77.04652039132688,38.87330090014907,noetzel1907
Arlington,1859,-77.0465175871508,38.87330926846758,noetzel1907
Arlington,1860,-77.04651201725343,38.87332584081501,noetzel1907
Arlington,1861,-77.04651005762796,38.87333413720429,noetzel1907
Arlington,1862,-77.04650725456155,38.873342450614494,noetzel1907
Arlington,1863,-77.04650445038233,38.8733508189325,noetzel1907
Arlington,1864,-77.04650164787071,38.87335910488857,noetzel1907
Arlington,1865,-77.04649972336337,38.87336740171227,noetzel1907
Arlington,1866,-77.04649692085059,38.873375687668144,noetzel1907
Arlington,1867,-77.04649411666884,38.87338405598592,noetzel1907
Arlington,1868,-77.04649131359864,38.873392369395624,noetzel1907
Arlington,1869,-77.04648938908919,38.87340066621908,noetzel1907
Arlington,1870,-77.0464865849056,38.87340903453663,noetzel1907
Arlington,1871,-77.04648097987308,38.87342560644749,noetzel1907
Arlington,1872,-77.04647905369322,38.87343398563271,noetzel1907
Arlington,1873,-77.04647625061935,38.873442299041955,noetzel1907
Arlington,1874,-77.04646995720954,38.873449498273565,noetzel1907
Arlington,1875,-77.0464636593496,38.873456917136785,noetzel1907
Arlington,1876,-77.04645824060663,38.87346429195973,noetzel1907
Arlington,1877,-77.0464519382952,38.873471930454215,noetzel1907
Arlington,1878,-77.04644651398871,38.873479579816504,noetzel1907
Arlington,1879,-77.04644196435063,38.87348740477066,noetzel1907
Arlington,1880,-77.04643653614905,38.87349524631038,noetzel1907
Arlington,1881,-77.04643198261603,38.87350326344202,noetzel1907
Arlington,1882,-77.04642739229338,38.87351136250076,noetzel1907
Arlington,1883,-77.04642375021687,38.87351947329705,noetzel1907
Arlington,1884,-77.04641638914738,38.87353602346771,noetzel1907
Arlington,1885,-77.04641270694297,38.87354438091481,noetzel1907
Arlington,1886,-77.04640990052027,38.873552859046185,noetzel1907
Arlington,1887,-77.04640428489222,38.87356995257857,noetzel1907
Arlington,1888,-77.04640235591884,38.873578469032175,noetzel1907
Arlington,1889,-77.0463984918532,38.87359580393311,noetzel1907
Arlington,1890,-77.04639536128056,38.87362201777539,noetzel1907
Arlington,1891,-77.04639518331562,38.87363080305174,noetzel1907
Arlington,1892,-77.04639238300506,38.87363897918865,noetzel1907
Arlington,1893,-77.04638276036307,38.87368046329481,noetzel1907
Arlington,1894,-77.04637890741016,38.87369724911486,noetzel1907
Arlington,1895,-77.04637471409225,38.873730836775266,noetzel1907
Arlington,1896,-77.04637366423275,38.87373930918877,noetzel1907
Arlington,1897,-77.04637261604144,38.87374769924027,noetzel1907
Arlington,1898,-77.04637244530336,38.87375612761448,noetzel1907
Arlington,1899,-77.04637139544323,38.87376460002786,noetzel1907
Arlington,1900,-77.04637071082148,38.87379839588633,noetzel1907
Arlington,1901,-77.04637141642483,38.8738069174911,noetzel1907
Arlington,1902,-77.04637124624266,38.87381531841114,noetzel1907
Arlington,1903,-77.04637195407082,38.87382373019993,noetzel1907
Arlington,1904,-77.04637266023073,38.873832224350664,noetzel1907
Arlington,1905,-77.04637549098967,38.87386589895946,noetzel1907
Arlington,1906,-77.04637866211439,38.87388277172805,noetzel1907
Arlington,1907,-77.04638659910913,38.873924500658134,noetzel1907
Arlington,1908,-77.04638906630063,38.87393276945985,noetzel1907
Arlington,1909,-77.04639505777537,38.87394047774804,noetzel1907
Arlington,1910,-77.04640105258824,38.87394802131204,noetzel1907
Arlington,1911,-77.04640792763898,38.87395546592816,noetzel1907
Arlington,1912,-77.04641480547183,38.87396277327395,noetzel1907
Arlington,1913,-77.0464216855306,38.87396997080341,noetzel1907
Arlington,1914,-77.04642857059592,38.873976921246566,noetzel1907
Arlington,1915,-77.04643633367499,38.87398388255755,noetzel1907
Arlington,1916,-77.0464432237482,38.87399058591394,noetzel1907
Arlington,1917,-77.0464518737407,38.87399711882827,noetzel1907
Arlington,1918,-77.04645964739048,38.87400355851192,noetzel1907
Arlington,1919,-77.04646742604669,38.87400975110918,noetzel1907
Arlington,1920,-77.0464760843854,38.87401587221189,noetzel1907
Arlington,1921,-77.04648474828667,38.87402171877411,noetzel1907
Arlington,1922,-77.04649429131452,38.874027521295474,noetzel1907
Arlington,1923,-77.0465029618919,38.874033038408534,noetzel1907
Arlington,1924,-77.04650630711366,38.8740413180753,noetzel1907
Arlington,1925,-77.0465096545606,38.87404948792605,noetzel1907
Arlington,1926,-77.04651388280212,38.87405753137436,noetzel1907
Arlington,1927,-77.04651903140775,38.874065229223056,noetzel1907
Arlington,1928,-77.04652411144177,38.874072843840146,noetzel1907
Arlington,1929,-77.0465301112841,38.87408014031137,noetzel1907
Arlington,1930,-77.04653696124994,38.87408709031326,noetzel1907
Arlington,1931,-77.0465438870191,38.8740937666443,noetzel1907
Arlington,1932,-77.046550784342,38.874100113092375,noetzel1907
Arlington,1933,-77.04655944436698,38.87410615182686,noetzel1907
Arlington,1934,-77.0465672336084,38.874111822791605,noetzel1907
Arlington,1935,-77.04657590920627,38.87411709281324,noetzel1907
Arlington,1936,-77.04658547171667,38.8741219344376,noetzel1907
Arlington,1937,-77.04660103297029,38.87413412743665,noetzel1907
Arlington,1938,-77.04661662212094,38.87414667777009,noetzel1907
Arlington,1939,-77.04662436290538,38.87415300719201,noetzel1907
Arlington,1940,-77.04663213380724,38.87415958413395,noetzel1907
Arlington,1941,-77.04663902780797,38.87416609530064,noetzel1907
Arlington,1942,-77.04664592014178,38.874172688828885,noetzel1907
Arlington,1943,-77.04665368826755,38.874179403039264,noetzel1907
Arlington,1944,-77.0466605767117,38.87418618874452,noetzel1907
Arlington,1945,-77.04667431514706,38.87419992444312,noetzel1907
Arlington,1946,-77.04668035569625,38.87420694680123,noetzel1907
Arlington,1947,-77.04668723914126,38.87421397959074,noetzel1907
Arlington,1948,-77.04669324290421,38.87422108387552,noetzel1907
Arlington,1949,-77.04670012301567,38.87422828138819,noetzel1907
Arlington,1950,-77.04671212331934,38.87424284685786,noetzel1907
Arlington,1951,-77.04671812152694,38.87425022568112,noetzel1907
Arlington,1952,-77.04672411806769,38.87425768686606,noetzel1907
Arlington,1953,-77.04672923492575,38.87426521954658,noetzel1907
Arlington,1954,-77.04673523035689,38.87427273563889,noetzel1907
Arlington,1955,-77.04674034499313,38.87428037813488,noetzel1907
Arlington,1956,-77.04675413971077,38.8742930710069,noetzel1907
Arlington,1957,-77.04676191341974,38.8742995106701,noetzel1907
Arlington,1958,-77.0467825999493,38.87431882451354,noetzel1907
Arlington,1959,-77.04680328204208,38.87433835798516,noetzel1907
Arlington,1960,-77.04681017385155,38.87434497895748,noetzel1907
Arlington,1961,-77.04681706733025,38.87435151756738,noetzel1907
Arlington,1962,-77.04682395969824,38.87435811108489,noetzel1907
Arlington,1963,-77.04682997182647,38.87436480355262,noetzel1907
Arlington,1964,-77.04683686419693,38.87437139706935,noetzel1907
Arlington,1965,-77.04684375434476,38.87437810040158,noetzel1907
Arlington,1966,-77.04684976647648,38.87438479286825,noetzel1907
Arlington,1967,-77.04685662206205,38.87439146831115,noetzel1907
Arlington,1968,-77.04686354566647,38.874398254438745,noetzel1907
Arlington,1969,-77.04686955613386,38.874405029266335,noetzel1907
Arlington,1970,-77.04687644462008,38.8744118149586,noetzel1907
Arlington,1971,-77.04688245564577,38.87441856233149,noetzel1907
Arlington,1972,-77.04688934246664,38.8744254303849,noetzel1907
Arlington,1973,-77.04690135952028,38.874439172214935,noetzel1907
Arlington,1974,-77.04690821178012,38.87444601237861,noetzel1907
Arlington,1975,-77.04693227546747,38.87447377100783,noetzel1907
Arlington,1976,-77.0469623028629,38.87450888055375,noetzel1907
Arlington,1977,-77.04698031375501,38.87453022081725,noetzel1907
Arlington,1978,-77.04698543733045,38.87453742403832,noetzel1907
Arlington,1979,-77.0469914394822,38.8745446106692,noetzel1907
Arlington,1980,-77.0469974433029,38.87455171493782,noetzel1907
Arlington,1981,-77.04700256521384,38.87455900052003,noetzel1907
Arlington,1982,-77.04700856736912,38.87456618714998,noetzel1907
Arlington,1983,-77.04701368928222,38.874573472731726,noetzel1907
Arlington,1984,-77.04701969143981,38.87458065936106,noetzel1907
Arlington,1985,-77.047024813911,38.874587917488284,noetzel1907
Arlington,1986,-77.04703081217959,38.87459529629495,noetzel1907
Arlington,1987,-77.04703593409705,38.874602581875635,noetzel1907
Arlington,1988,-77.04704016965684,38.87461026840209,noetzel1907
Arlington,1989,-77.04704528323781,38.8746179657921,noetzel1907
Arlington,1990,-77.04705375102677,38.87463350356807,noetzel1907
Arlington,1991,-77.04705798269906,38.874641382271726,noetzel1907
Arlington,1992,-77.0470613369075,38.8746492226577,noetzel1907
Arlington,1993,-77.04706556691387,38.874657183723045,noetzel1907
Arlington,1994,-77.04706891945622,38.874665106470665,noetzel1907
Arlington,1995,-77.04707314946435,38.87467306753573,noetzel1907
Arlington,1996,-77.04707985066173,38.87468910520829,noetzel1907
Arlington,1997,-77.04708989718254,38.87471342252925,noetzel1907
Arlington,1998,-77.04709236614987,38.874721608952605,noetzel1907
Arlington,1999,-77.04709571313937,38.874729806239245,noetzel1907
Arlington,2000,-77.047100651077,38.87474617908564,noetzel1907
Arlington,2001,-77.04710311837903,38.874754447870664,noetzel1907
Arlington,2002,-77.04710911889309,38.87476171685709,noetzel1907
Arlington,2003,-77.04711423916274,38.874769084795965,noetzel1907
Arlington,2004,-77.0471193560982,38.874776617458586,noetzel1907
Arlington,2005,-77.04712359167722,38.87478430398166,noetzel1907
Arlington,2006,-77.04712779046861,38.87479207243209,noetzel1907
Arlington,2007,-77.04713205616756,38.87480000647529,noetzel1907
Arlington,2008,-77.04713540816806,38.87480795667472,noetzel1907
Arlington,2009,-77.04713875683412,38.874816071597984,noetzel1907
Arlington,2010,-77.0471412258105,38.874824258020176,noetzel1907
Arlington,2011,-77.04714369311989,38.8748325268042,noetzel1907
Arlington,2012,-77.04714615876226,38.87484087795006,noetzel1907
Arlington,2013,-77.0471477463821,38.87484921823298,noetzel1907
Arlington,2014,-77.0471484543115,38.874857630014894,noetzel1907
Arlington,2015,-77.0471500402644,38.874866052659726,noetzel1907
Arlington,2016,-77.04714986794738,38.87487456339463,noetzel1907
Arlington,2017,-77.0471505758773,38.87488297517648,noetzel1907
Arlington,2018,-77.04715040411614,38.87489145845738,noetzel1907
Arlington,2019,-77.0471493537754,38.87489995832932,noetzel1907
Arlington,2020,-77.04714725754003,38.874916738441335,noetzel1907
Arlington,2021,-77.04714533139794,38.87492511763432,noetzel1907
Arlington,2022,-77.04714340636714,38.874933441919325,noetzel1907
Arlington,2023,-77.04713780470243,38.87494984913136,noetzel1907
Arlington,2024,-77.04713219636473,38.87496658579077,noetzel1907
Arlington,2025,-77.04712939386252,38.87497487175847,noetzel1907
Arlington,2026,-77.04712571333492,38.87498314686297,noetzel1907
Arlington,2027,-77.04712203447409,38.8749913396054,noetzel1907
Arlington,2028,-77.04711468008516,38.87500756036592,noetzel1907
Arlington,2029,-77.04711012653195,38.87501557752085,noetzel1907
Arlington,2030,-77.04710557520123,38.875023484859675,noetzel1907
Arlington,2031,-77.04710102498127,38.87503133729031,noetzel1907
Arlington,2032,-77.04709647698385,38.87503907990487,noetzel1907
Arlington,2033,-77.04709105207169,38.87504675674793,noetzel1907
Arlington,2034,-77.04708650518403,38.87505444445404,noetzel1907
Arlington,2035,-77.04708020669105,38.87506189080133,noetzel1907
Arlington,2036,-77.04706940309754,38.87507669584049,noetzel1907
Arlington,2037,-77.04706310960393,38.87508389510097,noetzel1907
Arlington,2038,-77.04705678209983,38.875091039018585,noetzel1907
Arlington,2039,-77.04705049360682,38.875097991192526,noetzel1907
Arlington,2040,-77.04704332708634,38.87510493250243,noetzel1907
Arlington,2041,-77.04703704192622,38.875111719951754,noetzel1907
Arlington,2042,-77.04702988040626,38.87511841417498,noetzel1907
Arlington,2043,-77.04702272222043,38.875124943673896,noetzel1907
Arlington,2044,-77.04701468823042,38.87513135249251,noetzel1907
Arlington,2045,-77.04700753337744,38.87513771726659,noetzel1907
Arlington,2046,-77.04700037018436,38.87514449384991,noetzel1907
Arlington,2047,-77.04699320921364,38.87515116061685,noetzel1907
Arlington,2048,-77.04698689059141,38.87515786526692,noetzel1907
Arlington,2049,-77.04697976585106,38.875164477559615,noetzel1907
Arlington,2050,-77.04697260432049,38.875171171779265,noetzel1907
Arlington,2051,-77.04696544612419,38.87517770127464,noetzel1907
Arlington,2052,-77.04695828681473,38.875184285677435,noetzel1907
Arlington,2053,-77.0469439704156,38.87519734466587,noetzel1907
Arlington,2054,-77.0469359347426,38.87520383584089,noetzel1907
Arlington,2055,-77.04691446568957,38.87522314977883,noetzel1907
Arlington,2056,-77.04690643334676,38.875229476227965,noetzel1907
Arlington,2057,-77.0468992784744,38.875235840995295,noetzel1907
Arlington,2058,-77.04689124779674,38.87524208508137,noetzel1907
Arlington,2059,-77.04688409514561,38.875248340031824,noetzel1907
Arlington,2060,-77.04687606446522,38.875254584116895,noetzel1907
Arlington,2061,-77.04686891181154,38.87526083906641,noetzel1907
Arlington,2062,-77.04685285322383,38.87527318996392,noetzel1907
Arlington,2063,-77.04684570390215,38.8752792801881,noetzel1907
Arlington,2064,-77.04682964919822,38.875291438904576,noetzel1907
Arlington,2065,-77.04682162351219,38.87529743590006,noetzel1907
Arlington,2066,-77.04651607823502,38.87546665788566,noetzel1907
Arlington,2067,-77.04635296333716,38.87554152926056,noetzel1907
Arlington,2068,-77.04634326558491,38.87554508897012,noetzel1907
Arlington,2069,-77.04633350092631,38.87554848308556,noetzel1907
Arlington,2070,-77.04632377305659,38.87555179527301,noetzel1907
Arlington,2071,-77.0463140468545,38.875555025097704,noetzel1907
Arlington,2072,-77.04630432232011,38.875558172559714,noetzel1907
Arlington,2073,-77.04629372197795,38.87556119933573,noetzel1907
Arlington,2074,-77.04628400244763,38.8755640997102,noetzel1907
Arlington,2075,-77.04627428514134,38.87556689026805,noetzel1907
Arlington,2076,-77.04626369147108,38.87556958759363,noetzel1907
Arlington,2077,-77.0462539775005,38.87557221342593,noetzel1907
Arlington,2078,-77.04624338883465,38.87557466366387,noetzel1907
Arlington,2079,-77.04623367819994,38.87557712477068,noetzel1907
Arlington,2080,-77.0462230934262,38.87557938282896,noetzel1907
Arlington,2081,-77.04621251143294,38.87558150361643,noetzel1907
Arlington,2082,-77.04620284314846,38.87558360825379,noetzel1907
Arlington,2083,-77.04619222992635,38.875585536426854,noetzel1907
Arlington,2084,-77.04618165349365,38.87558738267179,noetzel1907
Arlington,2085,-77.04617107928534,38.8755891190999,noetzel1907
Arlington,2086,-77.04616050785778,38.87559071825714,noetzel1907
Arlington,2087,-77.04614993865472,38.8755922075976,noetzel1907
Arlington,2088,-77.04613937056375,38.87559364202916,noetzel1907
Arlington,2089,-77.04612880469739,38.87559496664387,noetzel1907
Arlington,2090,-77.04611824216819,38.875596126533765,noetzel1907
Arlington,2091,-77.0461076818637,38.8755971766068,noetzel1907
Arlington,2092,-77.04609712267145,38.87559817177095,noetzel1907
Arlington,2093,-77.04608656737285,38.87559897475634,noetzel1907
Arlington,2094,-77.04607601374282,38.875599695378874,noetzel1907
Arlington,2095,-77.04606546122515,38.87560036109251,noetzel1907
Arlington,2096,-77.04604436453359,38.87560128070731,noetzel1907
Arlington,2097,-77.0460338209161,38.87560150715453,noetzel1907
Arlington,2098,-77.04602236470139,38.875601694840626,noetzel1907
Arlington,2099,-77.04601185954287,38.87560175699693,noetzel1907
Arlington,2100,-77.04600132148828,38.875601708901485,noetzel1907
Arlington,2101,-77.04599078510263,38.87560157844318,noetzel1907
Arlington,2102,-77.0459802520549,38.875601283260096,noetzel1907
Arlington,2103,-77.04596975635378,38.875600878695025,noetzel1907
Arlington,2104,-77.04595919152293,38.87560041835137,noetzel1907
Arlington,2105,-77.04594778767564,38.875599755391875,noetzel1907
Arlington,2106,-77.04593726352965,38.87559902094137,noetzel1907
Arlington,2107,-77.0459267410529,38.87559820412798,noetzel1907
Arlington,2108,-77.04591622024537,38.875597304951775,noetzel1907
Arlington,2109,-77.04590570277617,38.8755962410508,noetzel1907
Arlington,2110,-77.04589518697634,38.87559509478693,noetzel1907
Arlington,2111,-77.0458846739586,38.87559381125224,noetzel1907
Arlington,2112,-77.045874163723,38.875592390446776,noetzel1907
Arlington,2113,-77.04586365460054,38.87559091473241,noetzel1907
Arlington,2114,-77.04585314826032,38.87558930174723,noetzel1907
Arlington,2115,-77.04584260958113,38.875587551056334,noetzel1907
Arlington,2116,-77.04583214281413,38.87558571887243,noetzel1907
Arlington,2117,-77.04582164370827,38.875583748982805,noetzel1907
Arlington,2118,-77.04581114515935,38.87558175163824,noetzel1907
Arlington,2119,-77.04580152853754,38.87557957298794,noetzel1907
Arlington,2120,-77.04579103555368,38.87557730110187,noetzel1907
Arlington,2121,-77.04578054423963,38.875574946852986,noetzel1907
Arlington,2122,-77.04577005515185,38.875572482787206,noetzel1907
Arlington,2123,-77.04576044687852,38.875569892323995,noetzel1907
Arlington,2124,-77.0457499627998,38.87556718117065,noetzel1907
Arlington,2125,-77.04574035842273,38.87556439852796,noetzel1907
Arlington,2126,-77.04572987768401,38.87556152264901,noetzel1907
Arlington,2127,-77.04572027831621,38.8755584929189,noetzel1907
Arlington,2128,-77.04570980258694,38.87555536995245,noetzel1907
Arlington,2129,-77.04570020711576,38.875552148042885,noetzel1907
Arlington,2130,-77.04569061331469,38.87554884377064,noetzel1907
Arlington,2131,-77.04567143239242,38.875541905776075,noetzel1907
Arlington,2132,-77.04566184471486,38.87553829950781,noetzel1907
Arlington,2133,-77.04565225982046,38.87553455596882,noetzel1907
Arlington,2134,-77.0456426754835,38.875530784975105,noetzel1907
Arlington,2135,-77.04562351571579,38.87552280372181,noetzel1907
Arlington,2136,-77.04561481720333,38.875518659244506,noetzel1907
Arlington,2137,-77.045605207209,38.87551442109522,noetzel1907
Arlington,2138,-77.04559654715862,38.87551011232773,noetzel1907
Arlington,2139,-77.04558701074772,38.87550571032307,noetzel1907
Arlington,2140,-77.04557828435232,38.8755012085064,noetzel1907
Arlington,2141,-77.04556871616137,38.87549664134146,noetzel1907
Arlington,2142,-77.04555134363515,38.875487144403266,noetzel1907
Arlington,2143,-77.04554266071266,38.875482231209375,noetzel1907
Arlington,2144,-77.04553397946079,38.87547723565291,noetzel1907
Arlington,2145,-77.04552617624061,38.8754722509709,noetzel1907
Arlington,2146,-77.04551749888655,38.87546706323538,noetzel1907
Arlington,2147,-77.04550882264674,38.87546182059132,noetzel1907
Arlington,2148,-77.04550106178561,38.87545647944091,noetzel1907
Arlington,2149,-77.04549235209657,38.875451153998725,noetzel1907
Arlington,2150,-77.0454845600122,38.87544562023444,noetzel1907
Arlington,2151,-77.04547676848554,38.87544005901565,noetzel1907
Arlington,2152,-77.04527590464198,38.87529749303678,noetzel1907
Arlington,2153,-77.0449574108814,38.87506562192954,noetzel1907
Arlington,2154,-77.04461135817097,38.874808721042754,noetzel1907
Arlington,2155,-77.04450032839362,38.87473869274382,noetzel1907
Arlington,2156,-77.0442235389233,38.8745293051554,noetzel1907
Arlington,2157,-77.04393225713947,38.874341705890906,noetzel1907
Arlington,2158,-77.04381396117722,38.87428531726068,noetzel1907
Arlington,2159,-77.04380617714877,38.87427939902781,noetzel1907
Arlington,2160,-77.04378283119966,38.87426134233234,noetzel1907
Arlington,2161,-77.04377592742028,38.874255325169656,noetzel1907
Arlington,2162,-77.04376036327751,38.87424329652045,noetzel1907
Arlington,2163,-77.04374480304003,38.87423107569134,noetzel1907
Arlington,2164,-77.04373790038109,38.87422500361839,noetzel1907
Arlington,2165,-77.04372234015142,38.87421278278629,noetzel1907
Arlington,2166,-77.04371543972479,38.874206600896045,noetzel1907
Arlington,2167,-77.04370765961319,38.87420049047875,noetzel1907
Arlington,2168,-77.0436998806173,38.87419432515297,noetzel1907
Arlington,2169,-77.04369294507379,38.8741881428259,noetzel1907
Arlington,2170,-77.04368520175825,38.87418195048073,noetzel1907
Arlington,2171,-77.04367742499502,38.8741756753375,noetzel1907
Arlington,2172,-77.04367052457586,38.87416949344464,noetzel1907
Arlington,2173,-77.04366274781525,38.87416321830047,noetzel1907
Arlington,2174,-77.04365584907012,38.87415695404479,noetzel1907
Arlington,2175,-77.04364807231217,38.87415067889963,noetzel1907
Arlington,2176,-77.04363427482805,38.8741381503861,noetzel1907
Arlington,2177,-77.04362649974563,38.87413179287755,noetzel1907
Arlington,2178,-77.04361960267829,38.874125446257786,noetzel1907
Arlington,2179,-77.04361182592692,38.87411917111013,noetzel1907
Arlington,2180,-77.04360492830489,38.87411285194348,noetzel1907
Arlington,2181,-77.04359803402735,38.8741063680525,noetzel1907
Arlington,2182,-77.0435902589516,38.87410001054151,noetzel1907
Arlington,2183,-77.04358339868267,38.874093581993264,noetzel1907
Arlington,2184,-77.04357646650232,38.87408723493531,noetzel1907
Arlington,2185,-77.0435626762869,38.874074349511496,noetzel1907
Arlington,2186,-77.04355490288941,38.87406790963624,noetzel1907
Arlington,2187,-77.04354800917795,38.874061398288305,noetzel1907
Arlington,2188,-77.04354111435326,38.87405494184791,noetzel1907
Arlington,2189,-77.0435273269366,38.874041919150045,noetzel1907
Arlington,2190,-77.0435204354591,38.874035297984555,noetzel1907
Arlington,2191,-77.04351266206965,38.87402885810642,noetzel1907
Arlington,2192,-77.04349887187688,38.87401597267494,noetzel1907
Arlington,2193,-77.04349109849144,38.87400953279532,noetzel1907
Arlington,2194,-77.04348420144784,38.87400318616744,noetzel1907
Arlington,2195,-77.04347642472155,38.87399691101066,noetzel1907
Arlington,2196,-77.04346952768046,38.873990564381856,noetzel1907
Arlington,2197,-77.04346174928502,38.873984371586,noetzel1907
Arlington,2198,-77.04345397256273,38.873978096427706,noetzel1907
Arlington,2199,-77.0434470721818,38.87397191452138,noetzel1907
Arlington,2200,-77.04342373143861,38.87395361066743,noetzel1907
Arlington,2201,-77.04340816742031,38.87394158197065,noetzel1907
Arlington,2202,-77.04339260006343,38.873929717995615,noetzel1907
Arlington,2203,-77.04338481499371,38.87392385464223,noetzel1907
Arlington,2204,-77.0433761513568,38.87391800785121,noetzel1907
Arlington,2205,-77.04336054220227,38.873906472883824,noetzel1907
Arlington,2206,-77.04335191201797,38.873900708888534,noetzel1907
Arlington,2207,-77.04334412305354,38.87389503771026,noetzel1907
Arlington,2208,-77.04333033626065,38.87388198753471,noetzel1907
Arlington,2209,-77.04332256290486,38.873875547643735,noetzel1907
Arlington,2210,-77.04331566756098,38.8738691186438,noetzel1907
Arlington,2211,-77.04330880956803,38.873862580263186,noetzel1907
Arlington,2212,-77.04330187910627,38.873856150826754,noetzel1907
Arlington,2213,-77.04329410408384,38.87384979329578,noetzel1907
Arlington,2214,-77.04328720874501,38.873843364294125,noetzel1907
Arlington,2215,-77.04328031173542,38.873837017653976,noetzel1907
Arlington,2216,-77.0432725389463,38.873830550305584,noetzel1907
Arlington,2217,-77.04325874493338,38.8738178570231,noetzel1907
Arlington,2218,-77.04325096824688,38.8738115818511,noetzel1907
Arlington,2219,-77.04324407124354,38.87380523520883,noetzel1907
Arlington,2220,-77.0432362945597,38.87379896003581,noetzel1907
Arlington,2221,-77.04322939644416,38.87379266830053,noetzel1907
Arlington,2222,-77.04321384252576,38.873780145406016,noetzel1907
Arlington,2223,-77.04320694385665,38.8737738811234,noetzel1907
Arlington,2224,-77.04319916550735,38.873767688309776,noetzel1907
Arlington,2225,-77.04319226628336,38.87376145148021,noetzel1907
Arlington,2226,-77.0431767101487,38.87374903839658,noetzel1907
Arlington,2227,-77.04316980758419,38.87374296628955,noetzel1907
Arlington,2228,-77.04316202924147,38.87373677347342,noetzel1907
Arlington,2229,-77.04315424922792,38.873730663018755,noetzel1907
Arlington,2230,-77.04314381400887,38.87372556313595,noetzel1907
Arlington,2231,-77.04313427296425,38.873719677979906,noetzel1907
Arlington,2232,-77.04312559153121,38.87371297966124,noetzel1907
Arlington,2233,-77.04311787284128,38.873705579303085,noetzel1907
Arlington,2234,-77.04311101041853,38.873697530506504,noetzel1907
Arlington,2235,-77.04310503548142,38.87368902588508,noetzel1907
Arlington,2236,-77.04310082659534,38.873680048878185,noetzel1907
Arlington,2237,-77.04309750240722,38.87367075331671,noetzel1907
Arlington,2238,-77.04309593813768,38.87366128736371,noetzel1907
Arlington,2239,-77.0430899347777,38.87365418289406,noetzel1907
Arlington,2240,-77.04308305173893,38.87364714989269,noetzel1907
Arlington,2241,-77.04307104223804,38.87363307822153,noetzel1907
Arlington,2242,-77.04306415920313,38.87362604521903,noetzel1907
Arlington,2243,-77.04305815473442,38.87361899565568,noetzel1907
Arlington,2244,-77.0430512711447,38.873611990106376,noetzel1907
Arlington,2245,-77.04304526444875,38.873605050358194,noetzel1907
Arlington,2246,-77.04303149504615,38.87359114907349,noetzel1907
Arlington,2247,-77.04302548835388,38.873584209324264,noetzel1907
Arlington,2248,-77.04301860365581,38.873577258680925,noetzel1907
Arlington,2249,-77.04301259696594,38.873570318931,noetzel1907
Arlington,2250,-77.04300571059814,38.873563450648774,noetzel1907
Arlington,2251,-77.042998825904,38.87355650000423,noetzel1907
Arlington,2252,-77.04299193953887,38.8735496317212,noetzel1907
Arlington,2253,-77.04298593118153,38.87354277433183,noetzel1907
Arlington,2254,-77.04297904258915,38.87353601586391,noetzel1907
Arlington,2255,-77.04297215622788,38.87352914757968,noetzel1907
Arlington,2256,-77.04296526819556,38.87352236165696,noetzel1907
Arlington,2257,-77.04295838183693,38.87351549337186,noetzel1907
Arlington,2258,-77.04295149380722,38.87350870744832,noetzel1907
Arlington,2259,-77.04294548322734,38.87350195987269,noetzel1907
Arlington,2260,-77.04293859352778,38.87349525631029,noetzel1907
Arlington,2261,-77.04293174062208,38.87348847082127,noetzel1907
Arlington,2262,-77.04292481524743,38.873481794276266,noetzel1907
Arlington,2263,-77.04291792722414,38.873475008350695,noetzel1907
Arlington,2264,-77.04291015952417,38.87346829389199,noetzel1907
Arlington,2265,-77.04290326760122,38.87346170014336,noetzel1907
Arlington,2266,-77.04288948766153,38.873448320467,noetzel1907
Arlington,2267,-77.0428825957424,38.87344172671708,noetzel1907
Arlington,2268,-77.04287924817923,38.873433584215704,noetzel1907
Arlington,2269,-77.04287502149685,38.873425485727346,noetzel1907
Arlington,2270,-77.04287167003291,38.87341753540354,noetzel1907
Arlington,2271,-77.04286743833491,38.87340968400058,noetzel1907
Arlington,2272,-77.04286232807561,38.873401849156515,noetzel1907
Arlington,2273,-77.04285721447249,38.87339417903598,noetzel1907
Arlington,2274,-77.04285209808296,38.873386646185125,noetzel1907
Arlington,2275,-77.04284701458467,38.87337922358576,noetzel1907
Arlington,2276,-77.04284101684792,38.87337184456315,noetzel1907
Arlington,2277,-77.04283498008975,38.8733646572822,noetzel1907
Arlington,2278,-77.04282897733793,38.87335752534472,noetzel1907
Arlington,2279,-77.0428229706848,38.87335058558471,noetzel1907
Arlington,2280,-77.04281608212621,38.873343827106915,noetzel1907
Arlington,2281,-77.04280919078138,38.87333720589855,noetzel1907
Arlington,2282,-77.04280229720777,38.87333069450569,noetzel1907
Arlington,2283,-77.04279452228656,38.87332433694079,noetzel1907
Arlington,2284,-77.04278674234901,38.87331822646114,noetzel1907
Arlington,2285,-77.04277896074024,38.87331219834284,noetzel1907
Arlington,2286,-77.0427711746726,38.87330638985582,noetzel1907
Arlington,2287,-77.04276250893011,38.8733006528345,noetzel1907
Arlington,2288,-77.0427547145021,38.87329525615602,noetzel1907
Arlington,2289,-77.0427460409568,38.87328990348906,noetzel1907
Arlington,2290,-77.04273736183744,38.87328482536124,noetzel1907
Arlington,2291,-77.04272780137083,38.87327990106061,noetzel1907
Arlington,2292,-77.04271911333325,38.87327526219504,noetzel1907
Arlington,2293,-77.0427095093858,38.87327074926669,noetzel1907
Arlington,2294,-77.042699971777,38.873266429387066,noetzel1907
Arlington,2295,-77.0426819468633,38.87324585717159,noetzel1907
Arlington,2296,-77.04267506000073,38.873239016323474,noetzel1907
Arlington,2297,-77.04266304061197,38.873225438780686,noetzel1907
Arlington,2298,-77.04265615040775,38.87321876265522,noetzel1907
Arlington,2299,-77.04265013764966,38.87321212487985,noetzel1907
Arlington,2300,-77.04264324856308,38.87320539384565,noetzel1907
Arlington,2301,-77.04263723636488,38.87319872861564,noetzel1907
Arlington,2302,-77.04262345317977,38.87318551363104,noetzel1907
Arlington,2303,-77.04261656019517,38.87317897477302,noetzel1907
Arlington,2304,-77.04261054465614,38.87317247426545,noetzel1907
Arlington,2305,-77.04259675813546,38.87315942400145,noetzel1907
Arlington,2306,-77.04258296771663,38.87314656591363,noetzel1907
Arlington,2307,-77.04256227763682,38.87312749841055,noetzel1907
Arlington,2308,-77.0425553790873,38.8731212340886,noetzel1907
Arlington,2309,-77.04254760253781,38.873114958868946,noetzel1907
Arlington,2310,-77.04253380544499,38.87310243022287,noetzel1907
Arlington,2311,-77.0425260255537,38.87309631972561,noetzel1907
Arlington,2312,-77.04251912477987,38.8730901652174,noetzel1907
Arlington,2313,-77.04251135109321,38.87308405959034,noetzel1907
Arlington,2314,-77.0523,38.86756,noetzel1907
Arlington,2315,-77.05583,38.8655,noetzel1907
Arlington,2316,-77.0638,38.86258,noetzel1907
Arlington,2317,-77.07224,38.85994,noetzel1907
Arlington,2318,-77.07845,38.85774,noetzel1907
Arlington,2319,-77.086,38.85577,noetzel1907
Arlington,2320,-77.09089,38.85457,noetzel1907
Arlington,2321,-77.10068,38.85216,noetzel1907
Arlington,2322,-77.114,38.84832,noetzel1907
Arlington,2323,-77.11449030104694,38.84812133400017,noetzel1907
Arlington,2324,-77.11483220629773,38.848389240751565,noetzel1907
Arlington,2325,-77.1150501579922,38.84855932279591,noetzel1907
Arlington,2326,-77.1153995638411,38.8488325596718,noetzel1907
Arlington,2327,-77.11594261689532,38.84926185880578,noetzel1907
Arlington,2328,-77.1160291190865,38.84932875692211,noetzel1907
Arlington,2329,-77.1162193598002,38.84947928748655,noetzel1907
Arlington,2330,-77.11640527513056,38.849626526383425,noetzel1907
Arlington,2331,-77.1165065307325,38.84970235798638,noetzel1907
Arlington,2332,-77.11674518551371,38.849891903225185,noetzel1907
Arlington,2333,-77.11705651304821,38.850137225526744,noetzel1907
Arlington,2334,-77.11720871957034,38.85025709955845,noetzel1907
Arlington,2335,-77.1174093393916,38.850415988572095,noetzel1907
Arlington,2336,-77.11757899606896,38.850541559762355,noetzel1907
Arlington,2337,-77.11884865446667,38.85153685132011,noetzel1907
Arlington,2338,-77.11929151343719,38.85188257330721,noetzel1907
Arlington,2339,-77.11971011623491,38.85221153194103,noetzel1907
Arlington,2340,-77.11991766355456,38.85237599005055,noetzel1907
Arlington,2341,-77.12004913003514,38.85247913999612,noetzel1907
Arlington,2342,-77.12092098937406,38.85316217173231,noetzel1907
Arlington,2343,-77.12101101145537,38.853229134814455,noetzel1907
Arlington,2344,-77.12119100338411,38.85336580621545,noetzel1907
Arlington,2345,-77.12229124566046,38.85422725766587,noetzel1907
Arlington,2346,-77.12240542673777,38.85431647166713,noetzel1907
Arlington,2347,-77.12253690034703,38.85441961877818,noetzel1907
Arlington,2348,-77.12300400426125,38.85478483302427,noetzel1907
Arlington,2349,-77.1233742744247,38.85507202008306,noetzel1907
Arlington,2350,-77.12343306920548,38.85511939259414,noetzel1907
Arlington,2351,-77.12349537576476,38.855166778789474,noetzel1907
Arlington,2352,-77.12377211061812,38.85538698970903,noetzel1907
Arlington,2353,-77.12402131954883,38.855579389232894,noetzel1907
Arlington,2354,-77.12415622125513,38.85568532068693,noetzel1907
Arlington,2355,-77.12440875049921,38.855885996451946,noetzel1907
Arlington,2356,-77.12456119193187,38.85599487899621,noetzel1907
Arlington,2357,-77.1246200408604,38.856039505455435,noetzel1907
Arlington,2358,-77.12481382859966,38.85619006298139,noetzel1907
Arlington,2359,-77.12520475999757,38.85649945451505,noetzel1907
Arlington,2360,-77.1260666053458,38.857171289788624,noetzel1907
Arlington,2361,-77.12607072542697,38.85717438613358,noetzel1907
Arlington,2362,-77.12607311089289,38.85717636375393,noetzel1907
Arlington,2363,-77.12608542919456,38.85718600928474,noetzel1907
Arlington,2364,-77.12649202834862,38.85750310388955,noetzel1907
Arlington,2365,-77.12651278086787,38.857519823041805,noetzel1907
Arlington,2366,-77.12655433847105,38.85755051588839,noetzel1907
Arlington,2367,-77.12666863519586,38.85763423477783,noetzel1907
Arlington,2368,-77.12697658884197,38.857873997931165,noetzel1907
Arlington,2369,-77.12702164127914,38.85790745007694,noetzel1907
Arlington,2370,-77.1281393170068,38.858782805765955,noetzel1907
Arlington,2371,-77.12904251337592,38.85948808151452,noetzel1907
Arlington,2372,-77.1291948121791,38.859605194285706,noetzel1907
Arlington,2373,-77.1303611251914,38.860511274874646,noetzel1907
Arlington,2374,-77.13068643398873,38.860764960584085,noetzel1907
Arlington,2375,-77.13100828598847,38.86101585898623,noetzel1907
Arlington,2376,-77.1310878976554,38.86107720048795,noetzel1907
Arlington,2377,-77.13145477349158,38.86136157523193,noetzel1907
Arlington,2378,-77.13149617838397,38.86140050263923,noetzel1907
Arlington,2379,-77.13180771092581,38.86164029423799,noetzel1907
Arlington,2380,-77.1319357522934,38.86174064427231,noetzel1907
Arlington,2381,-77.13201877240122,38.86180751694051,noetzel1907
Arlington,2382,-77.1353134898808,38.864383212058016,noetzel1907
Arlington,2383,-77.13541727279447,38.864466799844145,noetzel1907
Arlington,2384,-77.13550723526374,38.8645364966625,noetzel1907
Arlington,2385,-77.13565267153894,38.86464802880892,noetzel1907
Arlington,2386,-77.13715131736272,38.86581877492776,noetzel1907
Arlington,2387,-77.13719980346113,38.865855036355256,noetzel1907
Arlington,2388,-77.13794377366744,38.86644583158729,noetzel1907
Arlington,2389,-77.13807529182534,38.86654896098953,noetzel1907
Arlington,2390,-77.13840747040348,38.86681368817606,noetzel1907
Arlington,2391,-77.13869121580757,38.86703940817918,noetzel1907
Arlington,2392,-77.13876046164876,38.86709238590782,noetzel1907
Arlington,2393,-77.13900274479812,38.86728192579938,noetzel1907
Arlington,2394,-77.13917583472261,38.86741574229864,noetzel1907
Arlington,2395,-77.13952191241395,38.86768886540961,noetzel1907
Arlington,2396,-77.13969503940594,38.86782268153699,noetzel1907
Arlington,2397,-77.13987155710326,38.86795925526099,noetzel1907
Arlington,2398,-77.14021760442465,38.86823240333254,noetzel1907
Arlington,2399,-77.14039073402495,38.86836621841621,noetzel1907
Arlington,2400,-77.14056728898132,38.86850281893709,noetzel1907
Arlington,2401,-77.1407403847675,38.868636633089665,noetzel1907
Arlington,2402,-77.14091342920457,38.868773192428144,noetzel1907
Arlington,2403,-77.14110036576483,38.86891815041224,noetzel1907
Arlington,2404,-77.14129072784563,38.869065893769026,noetzel1907
Arlington,2405,-77.1414638614575,38.86919970724282,noetzel1907
Arlington,2406,-77.14163690862887,38.86933626549609,noetzel1907
Arlington,2407,-77.14181352030421,38.869470118665085,noetzel1907
Arlington,2408,-77.14199008120386,38.8696066895549,noetzel1907
Arlington,2409,-77.14215972235489,38.869737715517914,noetzel1907
Arlington,2410,-77.14275340272015,38.870199928412816,noetzel1907
Arlington,2411,-77.14276897945348,38.87021210867433,noetzel1907
Arlington,2412,-77.14277680423947,38.87021813057411,noetzel1907
Arlington,2413,-77.14278628930658,38.87022551722551,noetzel1907
Arlington,2414,-77.1433262599026,38.87064915593646,noetzel1907
Arlington,2415,-77.14362744003651,38.870883303008,noetzel1907
Arlington,2416,-77.14407058961842,38.87122618442326,noetzel1907
Arlington,2417,-77.14440914168453,38.87149239535687,noetzel1907
Arlington,2418,-77.14440983593035,38.8714909754285,noetzel1907
Arlington,2419,-77.14504340566317,38.871981591410965,noetzel1907
Arlington,2420,-77.14664973034667,38.87323308825097,noetzel1907
Arlington,2421,-77.14679160259155,38.87334731092371,noetzel1907
Arlington,2422,-77.14696472166854,38.87348111573985,noetzel1907
Arlington,2423,-77.14701321790224,38.87351737304605,noetzel1907
Arlington,2424,-77.14714481381239,38.87361774666387,noetzel1907
Arlington,2425,-77.14726251697405,38.87370972196703,noetzel1907
Arlington,2426,-77.14919404866605,38.87523129410026,noetzel1907
Arlington,2427,-77.14925633749851,38.87528143928654,noetzel1907
Arlington,2428,-77.14946407091331,38.87544309877496,noetzel1907
Arlington,2429,-77.14966493587966,38.87559644078394,noetzel1907
Arlington,2430,-77.14992106705836,38.87579984651085,noetzel1907
Arlington,2431,-77.1501114655537,38.87594757531465,noetzel1907
Arlington,2432,-77.15029843989873,38.87609249094213,noetzel1907
Arlington,2433,-77.15035726915664,38.87613987717662,noetzel1907
Arlington,2434,-77.15060312570635,38.87632943307024,noetzel1907
Arlington,2435,-77.15066546810363,38.87637683205083,noetzel1907
Arlington,2436,-77.15093549900428,38.87658863328163,noetzel1907
Arlington,2437,-77.15112237294804,38.876739065917405,noetzel1907
Arlington,2438,-77.15116049208298,38.87676693666637,noetzel1907
Arlington,2439,-77.15139937947328,38.876953692191016,noetzel1907
Arlington,2440,-77.15153439689279,38.87705959202642,noetzel1907
Arlington,2441,-77.15172478507161,38.87721009147018,noetzel1907
Arlington,2442,-77.15191522614472,38.877357817700705,noetzel1907
Arlington,2443,-77.15208485268313,38.87749154706167,noetzel1907
Arlington,2444,-77.15223722729655,38.87760862941803,noetzel1907
Arlington,2445,-77.15273237090054,38.877993263853746,noetzel1907
Arlington,2446,-77.15285360071317,38.878085273746365,noetzel1907
Arlington,2447,-77.15319992010306,38.878352865331394,noetzel1907
Arlington,2448,-77.15333490768906,38.87845876265687,noetzel1907
Arlington,2449,-77.15350805129812,38.87859255765576,noetzel1907
Arlington,2450,-77.15372959570198,38.87876809776837,noetzel1907
Arlington,2451,-77.15407929589345,38.879041217464184,noetzel1907
Arlington,2452,-77.15413472121061,38.87908304317474,noetzel1907
Arlington,2453,-77.15430776483791,38.87922232786196,noetzel1907
Arlington,2454,-77.15448086113497,38.87935883939073,noetzel1907
Arlington,2455,-77.15469905181006,38.8795261285212,noetzel1907
Arlington,2456,-77.15472679056538,38.879545668508925,noetzel1907
Arlington,2457,-77.15488955662059,38.8796711043987,noetzel1907
Arlington,2458,-77.15508001074035,38.87981882540605,noetzel1907
Arlington,2459,-77.1552185004457,38.87992747914324,noetzel1907
Arlington,2460,-77.15541236492383,38.88008075816422,noetzel1907
Arlington,2461,-77.15542620878018,38.88009190079536,noetzel1907
Arlington,2462,-77.15558897729703,38.88021733569861,noetzel1907
Arlington,2463,-77.15574828539371,38.88033998472446,noetzel1907
Arlington,2464,-77.15590408211871,38.88046256587689,noetzel1907
Arlington,2465,-77.15591451655217,38.88046817736207,noetzel1907
Arlington,2466,-77.15607382576219,38.88059082593862,noetzel1907
Arlington,2467,-77.15639234299381,38.88084161332012,noetzel1907
Arlington,2468,-77.15658972542015,38.88099490309254,noetzel1907
Arlington,2469,-77.15670053066428,38.88108129752045,noetzel1907
Arlington,2470,-77.15680782370964,38.88116765166985,noetzel1907
Arlington,2471,-77.1568562273244,38.88120939572917,noetzel1907
Arlington,2472,-77.15712980716181,38.881421222630834,noetzel1907
Arlington,2473,-77.15730291361825,38.88155775737921,noetzel1907
Arlington,2474,-77.15746914986154,38.88168597523159,noetzel1907
Arlington,2475,-77.1576319255656,38.88181140725322,noetzel1907
Arlington,2476,-77.15776003903704,38.88191172861904,noetzel1907
Arlington,2477,-77.15778771514879,38.88193283237363,noetzel1907
Arlington,2478,-77.15795747868091,38.882062270607776,noetzel1907
Arlington,2479,-77.15812712708764,38.88219601853777,noetzel1907
Arlington,2480,-77.15828644391573,38.882318664059696,noetzel1907
Arlington,2481,-77.15913139104607,38.8829763769176,noetzel1907
Arlington,2482,-77.15932523699459,38.883129648960974,noetzel1907
Arlington,2483,-77.15949843868269,38.883263407917546,noetzel1907
Arlington,2484,-77.15957117733556,38.88331913123885,noetzel1907
Arlington,2485,-77.15988971838895,38.8835699364174,noetzel1907
Arlington,2486,-77.1599105375062,38.88358390411352,noetzel1907
Arlington,2487,-77.16213031449418,38.8853144941171,noetzel1907
Arlington,2488,-77.16260465774236,38.88568786393056,noetzel1907
Arlington,2489,-77.16310347654071,38.88606974841219,noetzel1907
Arlington,2490,-77.16332168249637,38.88624366123647,noetzel1907
Arlington,2491,-77.14864,38.8882,noetzel1907
Arlington,2492,-77.13463,38.89161,noetzel1907
Arlington,2493,-77.12062,38.89503,noetzel1907
Arlington,2494,-77.11125,38.89586,noetzel1907
Arlington,2495,-77.10005,38.89556,noetzel1907
Arlington,2496,-77.08711,38.89721,noetzel1907
Arlington,2497,-77.07908,38.89827,noetzel1907
Arlington,2498,-77.07014,38.89877,noetzel1907
Arlington,2499,-77.06754794760177,38.89919625265595,noetzel1907
Jefferson,1,-77.04251135109321,38.87308405959034,noetzel1907
Jefferson,2,-77.04251134489118,38.873084054719136,noetzel1907
Jefferson,3,-77.04250444356217,38.873077927664,noetzel1907
Jefferson,4,-77.04249666256078,38.873071872072664,noetzel1907
Jefferson,5,-77.0424897590037,38.87306585483257,noetzel1907
Jefferson,6,-77.04248197744724,38.87305982669425,noetzel1907
Jefferson,7,-77.04247419366155,38.873053908371254,noetzel1907
Jefferson,8,-77.04246728843513,38.87304797349174,noetzel1907
Jefferson,9,-77.04245950465194,38.87304205516775,noetzel1907
Jefferson,10,-77.04244393430118,38.87303035578814,noetzel1907
Jefferson,11,-77.04242057348678,38.873013067527566,noetzel1907
Jefferson,12,-77.04241279696079,38.8730067922988,noetzel1907
Jefferson,13,-77.04239899935462,38.8729942910905,noetzel1907
Jefferson,14,-77.04239122506321,38.87298790604443,noetzel1907
Jefferson,15,-77.04238432654205,38.872981641712215,noetzel1907
Jefferson,16,-77.04237655392636,38.87297517430317,noetzel1907
Jefferson,17,-77.04236965652305,38.87296885506215,noetzel1907
Jefferson,18,-77.04235586673921,38.87295596949308,noetzel1907
Jefferson,19,-77.04234809357118,38.87294952953607,noetzel1907
Jefferson,20,-77.04234120007665,38.8729430181155,noetzel1907
Jefferson,21,-77.04233430546797,38.872936561602465,noetzel1907
Jefferson,22,-77.04232741197595,38.87293005018108,noetzel1907
Jefferson,23,-77.04232048559597,38.872923428507384,noetzel1907
Jefferson,24,-77.04231359210644,38.87291691708521,noetzel1907
Jefferson,25,-77.04229980903506,38.87290370206168,noetzel1907
Jefferson,26,-77.04228602931501,38.87289032231263,noetzel1907
Jefferson,27,-77.04228001717637,38.87288365706379,noetzel1907
Jefferson,28,-77.04226623802155,38.87287024985841,noetzel1907
Jefferson,29,-77.04226022811731,38.87286347479264,noetzel1907
Jefferson,30,-77.04224645175869,38.87284993031498,noetzel1907
Jefferson,31,-77.04224044353117,38.87284307288622,noetzel1907
Jefferson,32,-77.04223355730709,38.872836204557515,noetzel1907
Jefferson,33,-77.04222754908196,38.87282934712809,noetzel1907
Jefferson,34,-77.0422206628604,38.87282247879861,noetzel1907
Jefferson,35,-77.04221465463765,38.872815621368446,noetzel1907
Jefferson,36,-77.04220864808926,38.872808681576096,noetzel1907
Jefferson,37,-77.04220176354472,38.87280173088352,noetzel1907
Jefferson,38,-77.04219575699874,38.87279479109048,noetzel1907
Jefferson,39,-77.04218975212714,38.872787768935254,noetzel1907
Jefferson,40,-77.04211031504764,38.87272087657033,noetzel1907
Jefferson,41,-77.04202050951253,38.872645617143576,noetzel1907
Jefferson,42,-77.04201538768612,38.87263835879459,noetzel1907
Jefferson,43,-77.042010268092,38.872630990629496,noetzel1907
Jefferson,44,-77.04200514459421,38.872623814641976,noetzel1907
Jefferson,45,-77.04200002332874,38.87261652883832,noetzel1907
Jefferson,46,-77.04198977689616,38.87260214940809,noetzel1907
Jefferson,47,-77.04198377540776,38.8725949625181,noetzel1907
Jefferson,48,-77.04197868703503,38.87258778696543,noetzel1907
Jefferson,49,-77.04197352730804,38.87258066544831,noetzel1907
Jefferson,50,-77.04196752247613,38.87257364328128,noetzel1907
Jefferson,51,-77.04196239731324,38.872566549653776,noetzel1907
Jefferson,52,-77.04195038765509,38.87255250531822,noetzel1907
Jefferson,53,-77.04194522570218,38.8725454936157,noetzel1907
Jefferson,54,-77.04193328294339,38.87253161487434,noetzel1907
Jefferson,55,-77.04192723965268,38.87252475699295,noetzel1907
Jefferson,56,-77.04192123315643,38.8725178171854,noetzel1907
Jefferson,57,-77.04191522498778,38.872510959739465,noetzel1907
Jefferson,58,-77.04190921514675,38.872504184655114,noetzel1907
Jefferson,59,-77.04190320698041,38.872497327208485,noetzel1907
Jefferson,60,-77.04189719658382,38.87249057957749,noetzel1907
Jefferson,61,-77.04189118507263,38.872483886854134,noetzel1907
Jefferson,62,-77.0418842955693,38.87247718322813,noetzel1907
Jefferson,63,-77.04187227199485,38.87246382523369,noetzel1907
Jefferson,64,-77.04186538026374,38.87245723142248,noetzel1907
Jefferson,65,-77.04185936708473,38.87245062105936,noetzel1907
Jefferson,66,-77.04185247368244,38.87244410960928,noetzel1907
Jefferson,67,-77.04184646050572,38.87243749924548,noetzel1907
Jefferson,68,-77.04183956543226,38.872431070156544,noetzel1907
Jefferson,69,-77.04183267203366,38.87242455870528,noetzel1907
Jefferson,70,-77.04182577752057,38.87241810216152,noetzel1907
Jefferson,71,-77.04181975988544,38.872411711428114,noetzel1907
Jefferson,72,-77.04180596696006,38.87239899051654,noetzel1907
Jefferson,73,-77.0417990685466,38.87239272614905,noetzel1907
Jefferson,74,-77.04179217180801,38.87238637941918,noetzel1907
Jefferson,75,-77.04178527172328,38.87238019741276,noetzel1907
Jefferson,76,-77.04177749532143,38.87237392214096,noetzel1907
Jefferson,77,-77.04176369515807,38.872361558125974,noetzel1907
Jefferson,78,-77.04175675828483,38.8723554580436,noetzel1907
Jefferson,79,-77.04174901310243,38.87234937538385,noetzel1907
Jefferson,80,-77.04174210967751,38.872343358098696,noetzel1907
Jefferson,81,-77.04173432826221,38.87233732990972,noetzel1907
Jefferson,82,-77.04172742428179,38.872331340077686,noetzel1907
Jefferson,83,-77.04171964119524,38.872325394249685,noetzel1907
Jefferson,84,-77.0417127355434,38.87231948677863,noetzel1907
Jefferson,85,-77.04168938015793,38.872301951283745,noetzel1907
Jefferson,86,-77.04168247172119,38.87229618108076,noetzel1907
Jefferson,87,-77.04167468473663,38.872290427427565,noetzel1907
Jefferson,88,-77.04165131876898,38.8722734135505,noetzel1907
Jefferson,89,-77.04163573811569,38.87226223568704,noetzel1907
Jefferson,90,-77.04162706812645,38.87225671821224,noetzel1907
Jefferson,91,-77.0416192410094,38.87225121120491,noetzel1907
Jefferson,92,-77.04160368878993,38.87224036322095,noetzel1907
Jefferson,93,-77.04159501490004,38.87223503792162,noetzel1907
Jefferson,94,-77.04157942422032,38.87222435422209,noetzel1907
Jefferson,95,-77.04157074866022,38.872219111282874,noetzel1907
Jefferson,96,-77.04156295109142,38.872213879247646,noetzel1907
Jefferson,97,-77.04154559718751,38.872203530635936,noetzel1907
Jefferson,98,-77.04153779627431,38.87219846332284,noetzel1907
Jefferson,99,-77.04152043902978,38.87218827943123,noetzel1907
Jefferson,100,-77.04151263644603,38.8721832944784,noetzel1907
Jefferson,101,-77.04148658971081,38.872168553986874,noetzel1907
Jefferson,102,-77.0414779057941,38.87216372285032,noetzel1907
Jefferson,103,-77.0414692553241,38.87215897451121,noetzel1907
Jefferson,104,-77.04146053629012,38.872154142937156,noetzel1907
Jefferson,105,-77.04143447283539,38.87214022605323,noetzel1907
Jefferson,106,-77.04142490647233,38.87213560363888,noetzel1907
Jefferson,107,-77.04140752805363,38.87212646298145,noetzel1907
Jefferson,108,-77.04139883521869,38.87212207110259,noetzel1907
Jefferson,109,-77.04138923150866,38.872117558064986,noetzel1907
Jefferson,110,-77.04138057212127,38.872113248982934,noetzel1907
Jefferson,111,-77.04137187928957,38.87210885710212,noetzel1907
Jefferson,112,-77.04136230679613,38.872104536676346,noetzel1907
Jefferson,113,-77.04135361061826,38.87210030951798,noetzel1907
Jefferson,114,-77.04134403645288,38.87209607145267,noetzel1907
Jefferson,115,-77.04133533860292,38.87209192665487,noetzel1907
Jefferson,116,-77.04132576276554,38.87208777094993,noetzel1907
Jefferson,117,-77.04131887279495,38.87208109474411,noetzel1907
Jefferson,118,-77.04131198561603,38.872074281268,noetzel1907
Jefferson,119,-77.04130597363621,38.87206761596797,noetzel1907
Jefferson,120,-77.04129908311134,38.87206096721492,noetzel1907
Jefferson,121,-77.04129219258775,38.87205431846144,noetzel1907
Jefferson,122,-77.04127841321863,38.87204093859134,noetzel1907
Jefferson,123,-77.04126462994805,38.87202775089739,noetzel1907
Jefferson,124,-77.0412577411051,38.87202101977998,noetzel1907
Jefferson,125,-77.04124395840022,38.87200780462959,noetzel1907
Jefferson,126,-77.04123706509633,38.87200129314267,noetzel1907
Jefferson,127,-77.04122328239903,38.87198807798977,noetzel1907
Jefferson,128,-77.04120949635816,38.87197502755907,noetzel1907
Jefferson,129,-77.04120260473488,38.871968433708155,noetzel1907
Jefferson,130,-77.04119571199662,38.8719618947648,noetzel1907
Jefferson,131,-77.04118797415987,38.871955455165725,noetzel1907
Jefferson,132,-77.0411741530122,38.87194240429449,noetzel1907
Jefferson,133,-77.04116725804653,38.8719359751653,noetzel1907
Jefferson,134,-77.04115948677004,38.87192945276609,noetzel1907
Jefferson,135,-77.04113880244257,38.87191013792068,noetzel1907
Jefferson,136,-77.04113102949702,38.87190369788145,noetzel1907
Jefferson,137,-77.04112413342266,38.87189732365759,noetzel1907
Jefferson,138,-77.0411172384658,38.87189089452544,noetzel1907
Jefferson,139,-77.04110946384984,38.87188453684669,noetzel1907
Jefferson,140,-77.04110253377614,38.87187810727728,noetzel1907
Jefferson,141,-77.04109479428226,38.871871750033876,noetzel1907
Jefferson,142,-77.04108100158918,38.8718590290354,noetzel1907
Jefferson,143,-77.04107322530537,38.87185275371614,noetzel1907
Jefferson,144,-77.04106632868286,38.87184640694281,noetzel1907
Jefferson,145,-77.04105855463439,38.871840021806655,noetzel1907
Jefferson,146,-77.04105165578173,38.87183378484835,noetzel1907
Jefferson,147,-77.04104387950323,38.8718275095271,noetzel1907
Jefferson,148,-77.04103698121122,38.87182124511395,noetzel1907
Jefferson,149,-77.04102920493537,38.87181496979169,noetzel1907
Jefferson,150,-77.04100521466171,38.8717872108073,noetzel1907
Jefferson,151,-77.04099920999091,38.87178018858935,noetzel1907
Jefferson,152,-77.04099316796915,38.87177327575064,noetzel1907
Jefferson,153,-77.04098716385887,38.87176622607812,noetzel1907
Jefferson,154,-77.04098115751701,38.8717592862212,noetzel1907
Jefferson,155,-77.04096914818598,38.87174524178245,noetzel1907
Jefferson,156,-77.04096314184763,38.87173830192456,noetzel1907
Jefferson,157,-77.04093912376256,38.871710185588064,noetzel1907
Jefferson,158,-77.04093312077933,38.871703081004696,noetzel1907
Jefferson,159,-77.04092799466443,38.87169604223837,noetzel1907
Jefferson,160,-77.04092198945061,38.871689047470355,noetzel1907
Jefferson,161,-77.04091598647084,38.87168194288606,noetzel1907
Jefferson,162,-77.0409099823758,38.87167489320943,noetzel1907
Jefferson,163,-77.04090397995662,38.87166776117054,noetzel1907
Jefferson,164,-77.04089885273066,38.87166077731087,noetzel1907
Jefferson,165,-77.0408808443671,38.87163943609943,noetzel1907
Jefferson,166,-77.04087571937836,38.8716323424228,noetzel1907
Jefferson,167,-77.04086371343865,38.87161813324898,noetzel1907
Jefferson,168,-77.04085858901135,38.87161101211762,noetzel1907
Jefferson,169,-77.04085258771913,38.871603825168,noetzel1907
Jefferson,170,-77.04084658475335,38.87159672058003,noetzel1907
Jefferson,171,-77.04084146032929,38.87158959944782,noetzel1907
Jefferson,172,-77.04083545904057,38.87158241249737,noetzel1907
Jefferson,173,-77.04083033406036,38.871575318818635,noetzel1907
Jefferson,174,-77.04081833204698,38.871560917462176,noetzel1907
Jefferson,175,-77.04081320874481,38.871553741420726,noetzel1907
Jefferson,176,-77.04080720802017,38.87154652701475,noetzel1907
Jefferson,177,-77.04080208304534,38.871539433334725,noetzel1907
Jefferson,178,-77.04079608343955,38.87153216402019,noetzel1907
Jefferson,179,-77.0407909606999,38.87152496052377,noetzel1907
Jefferson,180,-77.04078495942163,38.87151777357058,noetzel1907
Jefferson,181,-77.04077983668415,38.87151057007358,noetzel1907
Jefferson,182,-77.04077383540819,38.87150338311986,noetzel1907
Jefferson,183,-77.04076871378939,38.87149612471442,noetzel1907
Jefferson,184,-77.04076359105508,38.87148892121676,noetzel1907
Jefferson,185,-77.04075759145742,38.871481651900154,noetzel1907
Jefferson,186,-77.0407524698418,38.871474393494005,noetzel1907
Jefferson,187,-77.04074646912991,38.87146717908477,noetzel1907
Jefferson,188,-77.04074134807476,38.87145989322414,noetzel1907
Jefferson,189,-77.04055555692433,38.871268103896824,noetzel1907
Jefferson,190,-77.04029858567426,38.87094910920428,noetzel1907
Jefferson,191,-77.04015833987174,38.87076337754618,noetzel1907
Jefferson,192,-77.03988509762648,38.87038101944786,noetzel1907
Jefferson,193,-77.03967713087866,38.87007087087422,noetzel1907
Jefferson,194,-77.03944508594947,38.86973570755247,noetzel1907
Jefferson,195,-77.03926271163412,38.86937644679495,noetzel1907
Jefferson,196,-77.03914460376213,38.869138840858874,noetzel1907
Jefferson,197,-77.03902950655711,38.8689259321638,noetzel1907
Jefferson,198,-77.03890432128895,38.868690956514975,noetzel1907
Jefferson,199,-77.0388499214759,38.8686024045719,noetzel1907
Jefferson,200,-77.03879557825698,38.86851107974889,noetzel1907
Jefferson,201,-77.03873504905845,38.86837854141845,noetzel1907
Jefferson,202,-77.03870144076785,38.86830397861208,noetzel1907
Jefferson,203,-77.03869809280064,38.868295890889094,noetzel1907
Jefferson,204,-77.03869562333479,38.86828778663817,noetzel1907
Jefferson,205,-77.03869227760515,38.86827958909904,noetzel1907
Jefferson,206,-77.03868980869954,38.86827145739393,noetzel1907
Jefferson,207,-77.03868645849897,38.868263479486515,noetzel1907
Jefferson,208,-77.03868311109437,38.86825536430904,noetzel1907
Jefferson,209,-77.03868064163159,38.868247260057714,noetzel1907
Jefferson,210,-77.03867729422842,38.86823914488005,noetzel1907
Jefferson,211,-77.03867394458979,38.86823113951821,noetzel1907
Jefferson,212,-77.03867059718812,38.86822302434032,noetzel1907
Jefferson,213,-77.03866812605071,38.868215002450626,noetzel1907
Jefferson,214,-77.03866477809139,38.868206914726485,noetzel1907
Jefferson,215,-77.03864133345235,38.868150739918505,noetzel1907
Jefferson,216,-77.03863798214465,38.868142816917434,noetzel1907
Jefferson,217,-77.03863463307395,38.86813478410032,noetzel1907
Jefferson,218,-77.03863040382821,38.868126850172416,noetzel1907
Jefferson,219,-77.0386270547591,38.86811881735505,noetzel1907
Jefferson,220,-77.03862035270967,38.86810294389791,noetzel1907
Jefferson,221,-77.03861612402643,38.868094982515416,noetzel1907
Jefferson,222,-77.03860942198165,38.86807910905752,noetzel1907
Jefferson,223,-77.03860519274194,38.86807117512863,noetzel1907
Jefferson,224,-77.03860183976471,38.86806333448836,noetzel1907
Jefferson,225,-77.03859761108586,38.868055373105165,noetzel1907
Jefferson,226,-77.03859425811021,38.86804753246462,noetzel1907
Jefferson,227,-77.03859002943312,38.868039571081134,noetzel1907
Jefferson,228,-77.03858667645905,38.86803173044035,noetzel1907
Jefferson,229,-77.03857818007823,38.868015999413416,noetzel1907
Jefferson,230,-77.03857486222405,38.868008159209325,noetzel1907
Jefferson,231,-77.03857063187418,38.86800028018701,noetzel1907
Jefferson,232,-77.03832762735686,38.86751394269221,noetzel1907
Jefferson,233,-77.03832427611354,38.86750601968093,noetzel1907
Jefferson,234,-77.03832004917588,38.86749797592466,noetzel1907
Jefferson,235,-77.03831669793414,38.86749005291314,noetzel1907
Jefferson,236,-77.03831334892988,38.86748202008555,noetzel1907
Jefferson,237,-77.03830912367236,38.867473893966874,noetzel1907
Jefferson,238,-77.03830577411054,38.86746588859301,noetzel1907
Jefferson,239,-77.0383024267862,38.86745777340311,noetzel1907
Jefferson,240,-77.03829907778504,38.86744974057505,noetzel1907
Jefferson,241,-77.03829660783414,38.86744166376798,noetzel1907
Jefferson,242,-77.03829326218955,38.86743346621577,noetzel1907
Jefferson,243,-77.03828991486814,38.86742535102542,noetzel1907
Jefferson,244,-77.03828744715588,38.867417164402184,noetzel1907
Jefferson,245,-77.03828410151347,38.86740896684966,noetzel1907
Jefferson,246,-77.03828163380247,38.86740078022625,noetzel1907
Jefferson,247,-77.03827828816148,38.86739258267349,noetzel1907
Jefferson,248,-77.03827581989249,38.86738442350393,noetzel1907
Jefferson,249,-77.03827335386086,38.86737615451833,noetzel1907
Jefferson,250,-77.03827088615219,38.867367967894616,noetzel1907
Jefferson,251,-77.03826591897462,38.86735142948588,noetzel1907
Jefferson,252,-77.03826348974003,38.86734307857518,noetzel1907
Jefferson,253,-77.03826102371124,38.86733480958923,noetzel1907
Jefferson,254,-77.03825855991984,38.867326430787216,noetzel1907
Jefferson,255,-77.03825697182181,38.867318172730535,noetzel1907
Jefferson,256,-77.03825454258946,38.86730982181961,noetzel1907
Jefferson,257,-77.03806719119554,38.86684889133227,noetzel1907
Jefferson,258,-77.03806207353827,38.86684146807643,noetzel1907
Jefferson,259,-77.03805695979702,38.86683385264242,noetzel1907
Jefferson,260,-77.03805272621753,38.86682613832312,noetzel1907
Jefferson,261,-77.03804761583403,38.86681835816472,noetzel1907
Jefferson,262,-77.03804338337504,38.86681058893707,noetzel1907
Jefferson,263,-77.03804003275522,38.86680263846229,noetzel1907
Jefferson,264,-77.03803580533155,38.86679462214839,noetzel1907
Jefferson,265,-77.0380324915081,38.866786589748685,noetzel1907
Jefferson,266,-77.03802576522413,38.86677019418914,noetzel1907
Jefferson,267,-77.03802329700527,38.86676203501303,noetzel1907
Jefferson,268,-77.03802083102411,38.866753766020864,noetzel1907
Jefferson,269,-77.0380183672807,38.866745387212575,noetzel1907
Jefferson,270,-77.03801678257892,38.86673696442752,noetzel1907
Jefferson,271,-77.03801519619964,38.86672862400436,noetzel1907
Jefferson,272,-77.03801361317649,38.86672011885721,noetzel1907
Jefferson,273,-77.03801290695728,38.86671167954921,noetzel1907
Jefferson,274,-77.03801132393477,38.866703174402026,noetzel1907
Jefferson,275,-77.03801149675655,38.86669469111725,noetzel1907
Jefferson,276,-77.03801079221573,38.86668616944724,noetzel1907
Jefferson,277,-77.03800832064567,38.86667817499458,noetzel1907
Jefferson,278,-77.03800585131334,38.866670070725895,noetzel1907
Jefferson,279,-77.0380033803037,38.86666204881912,noetzel1907
Jefferson,280,-77.03800003081386,38.866654043434934,noetzel1907
Jefferson,281,-77.03799756148332,38.86664593916603,noetzel1907
Jefferson,282,-77.03799505535859,38.866637916821766,noetzel1907
Jefferson,283,-77.03798768192947,38.86661363190566,noetzel1907
Jefferson,284,-77.03798521092381,38.86660560999834,noetzel1907
Jefferson,285,-77.03798365407489,38.86659754455172,noetzel1907
Jefferson,286,-77.03797374109507,38.86656515449056,noetzel1907
Jefferson,287,-77.0379721496908,38.866557061152456,noetzel1907
Jefferson,288,-77.03796968036677,38.86654895688276,noetzel1907
Jefferson,289,-77.03796721272117,38.86654077025099,noetzel1907
Jefferson,290,-77.03796474339823,38.866532665981154,noetzel1907
Jefferson,291,-77.0379631514364,38.866524600096845,noetzel1907
Jefferson,292,-77.03796064867565,38.86651641302765,noetzel1907
Jefferson,293,-77.03795905727394,38.866508319689274,noetzel1907
Jefferson,294,-77.03795658963098,38.8665001330572,noetzel1907
Jefferson,295,-77.03795499767078,38.86649206717272,noetzel1907
Jefferson,296,-77.03795253002883,38.86648388054055,noetzel1907
Jefferson,297,-77.03795093862878,38.866475787201985,noetzel1907
Jefferson,298,-77.03794847098786,38.866467600569685,noetzel1907
Jefferson,299,-77.03794688126655,38.866459424869056,noetzel1907
Jefferson,300,-77.03794441362666,38.866451238236635,noetzel1907
Jefferson,301,-77.03794282166892,38.866443172351865,noetzel1907
Jefferson,302,-77.0379412319488,38.866434996651115,noetzel1907
Jefferson,303,-77.03793876486972,38.86642678256452,noetzel1907
Jefferson,304,-77.03793399515362,38.86640228291588,noetzel1907
Jefferson,305,-77.03793149240043,38.86639409584579,noetzel1907
Jefferson,306,-77.03792993779945,38.866385920582005,noetzel1907
Jefferson,307,-77.03792834976002,38.86637766251896,noetzel1907
Jefferson,308,-77.03792358005077,38.86635316286959,noetzel1907
Jefferson,309,-77.03792199201283,38.866344904806375,noetzel1907
Jefferson,310,-77.03792043741392,38.86633672954243,noetzel1907
Jefferson,311,-77.03791881426005,38.866328471041854,noetzel1907
Jefferson,312,-77.03791563483077,38.86631211963919,noetzel1907
Jefferson,313,-77.03791404679464,38.86630386157581,noetzel1907
Jefferson,314,-77.03791333667593,38.86629561444436,noetzel1907
Jefferson,315,-77.03791174696245,38.86628743874289,noetzel1907
Jefferson,316,-77.03791015892732,38.8662791806794,noetzel1907
Jefferson,317,-77.03790856921457,38.86627100497782,noetzel1907
Jefferson,318,-77.03790785909682,38.86626275784628,noetzel1907
Jefferson,319,-77.03790468302891,38.86624624171904,noetzel1907
Jefferson,320,-77.03790397067453,38.86623810440344,noetzel1907
Jefferson,321,-77.03790079404929,38.86622161573002,noetzel1907
Jefferson,322,-77.03790008449226,38.86621334114428,noetzel1907
Jefferson,323,-77.0378984964601,38.8662050830805,noetzel1907
Jefferson,324,-77.03789778634416,38.86619683594874,noetzel1907
Jefferson,325,-77.03789619831265,38.866188577884856,noetzel1907
Jefferson,326,-77.03789477808179,38.86617208362128,noetzel1907
Jefferson,327,-77.03789319005118,38.86616382555731,noetzel1907
Jefferson,328,-77.03789176982151,38.866147331293575,noetzel1907
Jefferson,329,-77.03789014667515,38.86613907279224,noetzel1907
Jefferson,330,-77.03788947167746,38.86613082609759,noetzel1907
Jefferson,331,-77.03788876380065,38.86612246914964,noetzel1907
Jefferson,332,-77.0378873435728,38.86610597488565,noetzel1907
Jefferson,333,-77.03788575554451,38.86609771682148,noetzel1907
Jefferson,334,-77.0378850103145,38.86608946925217,noetzel1907
Jefferson,335,-77.03788433699587,38.8660811401954,noetzel1907
Jefferson,336,-77.03788291732921,38.866064618477225,noetzel1907
Jefferson,337,-77.03788220833515,38.86605631643709,noetzel1907
Jefferson,338,-77.03788149822253,38.86604806930495,noetzel1907
Jefferson,339,-77.03788078978815,38.86603973981079,noetzel1907
Jefferson,340,-77.03788011479239,38.86603149311589,noetzel1907
Jefferson,341,-77.03788028259402,38.8660232569159,noetzel1907
Jefferson,342,-77.03787953904349,38.86601492698439,noetzel1907
Jefferson,343,-77.0378788289316,38.86600667985216,noetzel1907
Jefferson,344,-77.03787812049792,38.86599835035788,noetzel1907
Jefferson,345,-77.03787741038637,38.8659901032256,noetzel1907
Jefferson,346,-77.03787757930687,38.865981812117525,noetzel1907
Jefferson,347,-77.03787686975491,38.8659735375312,noetzel1907
Jefferson,348,-77.03787616132176,38.86596520803683,noetzel1907
Jefferson,349,-77.03787632912369,38.86595697183674,noetzel1907
Jefferson,350,-77.0378756563666,38.86594861532563,noetzel1907
Jefferson,351,-77.03787582416854,38.86594037912548,noetzel1907
Jefferson,352,-77.03787508061937,38.865932049193816,noetzel1907
Jefferson,353,-77.03787261468382,38.8659237801968,noetzel1907
Jefferson,354,-77.03787102498322,38.865915604494,noetzel1907
Jefferson,355,-77.03786855904868,38.8659073354969,noetzel1907
Jefferson,356,-77.03786696878956,38.865899187248054,noetzel1907
Jefferson,357,-77.03786450285608,38.86589091825083,noetzel1907
Jefferson,358,-77.03786132681459,38.86587440212092,noetzel1907
Jefferson,359,-77.03785885920456,38.86586621548549,noetzel1907
Jefferson,360,-77.03785727118485,38.86585795742043,noetzel1907
Jefferson,361,-77.0378548052539,38.8658496884229,noetzel1907
Jefferson,362,-77.03785321555694,38.86584151271973,noetzel1907
Jefferson,363,-77.03785074962703,38.865833243722115,noetzel1907
Jefferson,364,-77.03784757359126,38.865816727591564,noetzel1907
Jefferson,365,-77.03784510766283,38.865808458593754,noetzel1907
Jefferson,366,-77.03784351796793,38.8658002828904,noetzel1907
Jefferson,367,-77.03784105204053,38.86579201389246,noetzel1907
Jefferson,368,-77.03783787600884,38.86577549776149,noetzel1907
Jefferson,369,-77.03783541008293,38.865767228763424,noetzel1907
Jefferson,370,-77.03783223405362,38.86575071263218,noetzel1907
Jefferson,371,-77.03782976812924,38.8657424436339,noetzel1907
Jefferson,372,-77.03782500408943,38.86571766943665,noetzel1907
Jefferson,373,-77.037822538167,38.86570940043817,noetzel1907
Jefferson,374,-77.03781777413188,38.86568462624039,noetzel1907
Jefferson,375,-77.03781530821142,38.86567635724167,noetzel1907
Jefferson,376,-77.03780895617156,38.86564332497727,noetzel1907
Jefferson,377,-77.03780649025356,38.86563505597831,noetzel1907
Jefferson,378,-77.03780490392305,38.86562671555003,noetzel1907
Jefferson,379,-77.03779855189238,38.86559368328464,noetzel1907
Jefferson,380,-77.0377969661231,38.86558531540218,noetzel1907
Jefferson,381,-77.03779449964908,38.86557707385685,noetzel1907
Jefferson,382,-77.03779132363759,38.86556055772373,noetzel1907
Jefferson,383,-77.03778973786989,38.86555218984112,noetzel1907
Jefferson,384,-77.0377865618606,38.865535673707754,noetzel1907
Jefferson,385,-77.03778497553463,38.86552733327904,noetzel1907
Jefferson,386,-77.03778179952755,38.86551081714547,noetzel1907
Jefferson,387,-77.03778021320267,38.86550247671668,noetzel1907
Jefferson,388,-77.03777862520003,38.865494218649786,noetzel1907
Jefferson,389,-77.037777040554,38.86548579585885,noetzel1907
Jefferson,390,-77.03777633381542,38.86547738400088,noetzel1907
Jefferson,391,-77.03777316508439,38.86546051096485,noetzel1907
Jefferson,392,-77.03777245834648,38.8654520991068,noetzel1907
Jefferson,393,-77.0377692896175,38.86543522607053,noetzel1907
Jefferson,394,-77.0377685828803,38.865426814212455,noetzel1907
Jefferson,395,-77.03776699823695,38.86541839142122,noetzel1907
Jefferson,396,-77.03776629317831,38.86540989720105,noetzel1907
Jefferson,397,-77.03776470909496,38.86540144695575,noetzel1907
Jefferson,398,-77.03776329562247,38.865384623239336,noetzel1907
Jefferson,399,-77.03776171321819,38.86537609063191,noetzel1907
Jefferson,400,-77.0377602646306,38.86535926647802,noetzel1907
Jefferson,401,-77.03775871678413,38.86535076176189,noetzel1907
Jefferson,402,-77.03775730387338,38.86533391059114,noetzel1907
Jefferson,403,-77.03775659881671,38.86532541637073,noetzel1907
Jefferson,404,-77.03775497962017,38.8653169656878,noetzel1907
Jefferson,405,-77.03775430968017,38.865308471904704,noetzel1907
Jefferson,406,-77.03775360294597,38.86530006004622,noetzel1907
Jefferson,407,-77.03775289844945,38.86529153837167,noetzel1907
Jefferson,408,-77.03775219171558,38.865283126513205,noetzel1907
Jefferson,409,-77.03775148666003,38.865274632292646,noetzel1907
Jefferson,410,-77.0377507799265,38.865266220434094,noetzel1907
Jefferson,411,-77.03775011054677,38.865257699196846,noetzel1907
Jefferson,412,-77.03774936869743,38.865249286900905,noetzel1907
Jefferson,413,-77.03774795914721,38.8652322710056,noetzel1907
Jefferson,414,-77.03774725241448,38.86522385914696,noetzel1907
Jefferson,415,-77.03774584342463,38.8652068157975,noetzel1907
Jefferson,416,-77.03774601347726,38.865198469780005,noetzel1907
Jefferson,417,-77.03774460448821,38.86518142643048,noetzel1907
Jefferson,418,-77.03774389775639,38.86517301457168,noetzel1907
Jefferson,419,-77.0377440706061,38.8651645312841,noetzel1907
Jefferson,420,-77.03774336611203,38.865156009609265,noetzel1907
Jefferson,421,-77.03773920827393,38.86484290273893,noetzel1907
Jefferson,422,-77.03774025902257,38.86483443038394,noetzel1907
Jefferson,423,-77.03774043019374,38.86482602945765,noetzel1907
Jefferson,424,-77.03774148150136,38.86481752964866,noetzel1907
Jefferson,425,-77.03774253057118,38.86480913965562,noetzel1907
Jefferson,426,-77.03774358131892,38.86480066730052,noetzel1907
Jefferson,427,-77.03774463094766,38.864792249853416,noetzel1907
Jefferson,428,-77.03774568113552,38.86478380495228,noetzel1907
Jefferson,429,-77.03774778039174,38.86476697005796,noetzel1907
Jefferson,430,-77.03774970735834,38.86475859099802,noetzel1907
Jefferson,431,-77.03775075642636,38.86475020100479,noetzel1907
Jefferson,432,-77.03775268339216,38.86474182194471,noetzel1907
Jefferson,433,-77.03775373301895,38.86473340449739,noetzel1907
Jefferson,434,-77.0377575869485,38.86471664637708,noetzel1907
Jefferson,435,-77.0377595122345,38.86470834967884,noetzel1907
Jefferson,436,-77.03776147431401,38.86469997105587,noetzel1907
Jefferson,437,-77.03776529032724,38.86468334976782,noetzel1907
Jefferson,438,-77.03776721728956,38.864674970707405,noetzel1907
Jefferson,439,-77.0377700204704,38.864666684942016,noetzel1907
Jefferson,440,-77.03777194407552,38.8646584706055,noetzel1907
Jefferson,441,-77.0377747121393,38.864650184402635,noetzel1907
Jefferson,442,-77.03777667253739,38.864641888141314,noetzel1907
Jefferson,443,-77.03778507703662,38.86461727793004,noetzel1907
Jefferson,444,-77.03778700063867,38.86460906359317,noetzel1907
Jefferson,445,-77.0377906800329,38.864600871122086,noetzel1907
Jefferson,446,-77.03779627967045,38.86458462903791,noetzel1907
Jefferson,447,-77.03779908116636,38.86457642563365,noetzel1907
Jefferson,448,-77.03780275887947,38.864568315524174,noetzel1907
Jefferson,449,-77.03780555701788,38.86456027684373,noetzel1907
Jefferson,450,-77.03780923472942,38.86455216673399,noetzel1907
Jefferson,451,-77.0378120323071,38.86454415550745,noetzel1907
Jefferson,452,-77.03781938437014,38.86452810001147,noetzel1907
Jefferson,453,-77.03783047846136,38.864500777193264,noetzel1907
Jefferson,454,-77.03783240373315,38.86449248049342,noetzel1907
Jefferson,455,-77.03783800670885,38.86447607368273,noetzel1907
Jefferson,456,-77.03783993030106,38.86446785934471,noetzel1907
Jefferson,457,-77.03784273010939,38.8644597383012,noetzel1907
Jefferson,458,-77.0378455315951,38.86445153489562,noetzel1907
Jefferson,459,-77.03784920929658,38.86444342478438,noetzel1907
Jefferson,460,-77.03785200910288,38.8644353037406,noetzel1907
Jefferson,461,-77.03785480723059,38.86442726505876,noetzel1907
Jefferson,462,-77.03786583473229,38.86440320926385,noetzel1907
Jefferson,463,-77.0378731477378,38.86438734550474,noetzel1907
Jefferson,464,-77.03788052761563,38.86437164734373,noetzel1907
Jefferson,465,-77.03788507760923,38.86436382270357,noetzel1907
Jefferson,466,-77.03788874858986,38.86435604203907,noetzel1907
Jefferson,467,-77.0378978457757,38.86434053002794,noetzel1907
Jefferson,468,-77.03790693904239,38.86432521019415,noetzel1907
Jefferson,469,-77.03791602894934,38.864310055083635,noetzel1907
Jefferson,470,-77.0379214150004,38.8643025703848,noetzel1907
Jefferson,471,-77.03792599338918,38.864295075628334,noetzel1907
Jefferson,472,-77.03793683236148,38.86428027182804,noetzel1907
Jefferson,473,-77.0379476679735,38.864265632750715,noetzel1907
Jefferson,474,-77.03795849966603,38.864251185850456,noetzel1907
Jefferson,475,-77.03796391355313,38.864244058489,noetzel1907
Jefferson,476,-77.03797020589033,38.86423691460478,noetzel1907
Jefferson,477,-77.03797649598916,38.86422988053632,noetzel1907
Jefferson,478,-77.0379819087543,38.864222808081955,noetzel1907
Jefferson,479,-77.03798819717287,38.86421585637486,noetzel1907
Jefferson,480,-77.03799448391237,38.86420898702949,noetzel1907
Jefferson,481,-77.03800163288236,38.86420289732742,noetzel1907
Jefferson,482,-77.03800965974256,38.86419681855619,noetzel1907
Jefferson,483,-77.03801677191656,38.8641908107779,noetzel1907
Jefferson,484,-77.03802483053416,38.864184897166936,noetzel1907
Jefferson,485,-77.03804087361921,38.86417326124688,noetzel1907
Jefferson,486,-77.03804801363353,38.86416761080618,noetzel1907
Jefferson,487,-77.03805690998797,38.8641619547728,noetzel1907
Jefferson,488,-77.03807294243694,38.864150840474615,noetzel1907
Jefferson,489,-77.03808896817,38.86414005562233,noetzel1907
Jefferson,490,-77.0380978572477,38.864134756487985,noetzel1907
Jefferson,491,-77.03810674464633,38.86412953971502,noetzel1907
Jefferson,492,-77.0381147519162,38.864124421826986,noetzel1907
Jefferson,493,-77.03812363763465,38.86411928741478,noetzel1907
Jefferson,494,-77.03814140235704,38.86410934803651,noetzel1907
Jefferson,495,-77.03815028192027,38.864104515616425,noetzel1907
Jefferson,496,-77.03817691221467,38.864090430162335,noetzel1907
Jefferson,497,-77.03818578562192,38.86408589973364,noetzel1907
Jefferson,498,-77.0381946567912,38.86408147912043,noetzel1907
Jefferson,499,-77.03820440473099,38.86407712434431,noetzel1907
Jefferson,500,-77.03821327422048,38.86407278609171,noetzel1907
Jefferson,501,-77.03822302048039,38.86406851367609,noetzel1907
Jefferson,502,-77.03823276282479,38.86406443343779,noetzel1907
Jefferson,503,-77.03824162727834,38.864060342269184,noetzel1907
Jefferson,504,-77.03825136738385,38.864056371845365,noetzel1907
Jefferson,505,-77.03827084199993,38.8640487055355,noetzel1907
Jefferson,506,-77.0382805776289,38.8640449547414,noetzel1907
Jefferson,507,-77.03829031157933,38.86404128630851,noetzel1907
Jefferson,508,-77.03830004329214,38.8640377276909,noetzel1907
Jefferson,509,-77.0383097733265,38.86403425143453,noetzel1907
Jefferson,510,-77.03831950168245,38.86403085753937,noetzel1907
Jefferson,511,-77.03832922836003,38.86402754600546,noetzel1907
Jefferson,512,-77.03833986636415,38.86402432819872,noetzel1907
Jefferson,513,-77.03834955401037,38.86402120840407,noetzel1907
Jefferson,514,-77.03836013844551,38.8640188961409,noetzel1907
Jefferson,515,-77.03837071840685,38.86401680350887,noetzel1907
Jefferson,516,-77.03838217122467,38.86401496889052,noetzel1907
Jefferson,517,-77.03839277903168,38.86401323359589,noetzel1907
Jefferson,518,-77.03840419002336,38.86401172798644,noetzel1907
Jefferson,519,-77.03841475376795,38.86401043151693,noetzel1907
Jefferson,520,-77.03842619316485,38.86400925579067,noetzel1907
Jefferson,521,-77.03843675075849,38.864008261313344,noetzel1907
Jefferson,522,-77.03844818232722,38.86400746994118,noetzel1907
Jefferson,523,-77.0384596088638,38.86400692565403,noetzel1907
Jefferson,524,-77.03847015583375,38.86400645280002,noetzel1907
Jefferson,525,-77.03848157510178,38.86400626541301,noetzel1907
Jefferson,526,-77.03849299101522,38.864006242748914,noetzel1907
Jefferson,527,-77.03850352400775,38.86400645624232,noetzel1907
Jefferson,528,-77.03851493321226,38.864006763024314,noetzel1907
Jefferson,529,-77.03852544496003,38.86400801976839,noetzel1907
Jefferson,530,-77.0385368435425,38.864008848174585,noetzel1907
Jefferson,531,-77.03854737318115,38.86400922638815,noetzel1907
Jefferson,532,-77.03855878741784,38.864009286079735,noetzel1907
Jefferson,533,-77.03857021059952,38.86400890650592,noetzel1907
Jefferson,534,-77.03858076427768,38.8640081041938,noetzel1907
Jefferson,535,-77.03859129178487,38.86400686217936,noetzel1907
Jefferson,536,-77.0386027746796,38.86400527506268,noetzel1907
Jefferson,537,-77.03861335295475,38.86400326477083,noetzel1907
Jefferson,538,-77.03862394017395,38.86400081521377,noetzel1907
Jefferson,539,-77.03863453410082,38.863998036207555,noetzel1907
Jefferson,540,-77.03864422396673,38.86399480657252,noetzel1907
Jefferson,541,-77.03865399077127,38.8639912483626,noetzel1907
Jefferson,542,-77.03866460761549,38.863987343738955,noetzel1907
Jefferson,543,-77.03867347538902,38.86398308781354,noetzel1907
Jefferson,544,-77.03868322999458,38.86397840354938,noetzel1907
Jefferson,545,-77.03869211230021,38.86397343381804,noetzel1907
Jefferson,546,-77.03870100131269,38.86396813463784,noetzel1907
Jefferson,547,-77.0387090197023,38.8639624676287,noetzel1907
Jefferson,548,-77.03871964985372,38.86395963414381,noetzel1907
Jefferson,549,-77.03873020194735,38.86395718414008,noetzel1907
Jefferson,550,-77.03874078021184,38.86395517383674,noetzel1907
Jefferson,551,-77.03875222630248,38.86395366863047,noetzel1907
Jefferson,552,-77.0387627872373,38.86395250939973,noetzel1907
Jefferson,553,-77.0387742154397,38.863951882719896,noetzel1907
Jefferson,554,-77.03878563302132,38.86395177766536,noetzel1907
Jefferson,555,-77.0387961660067,38.863951991132495,noetzel1907
Jefferson,556,-77.03880756626033,38.863952737150385,noetzel1907
Jefferson,557,-77.03882871272181,38.8639492107011,noetzel1907
Jefferson,558,-77.03883928371597,38.86394755729117,noetzel1907
Jefferson,559,-77.03887099278286,38.86394278923364,noetzel1907
Jefferson,560,-77.03889212805959,38.86393981185337,noetzel1907
Jefferson,561,-77.03890269457945,38.86393837806981,noetzel1907
Jefferson,562,-77.03892382314648,38.86393573013203,noetzel1907
Jefferson,563,-77.0389555109639,38.86393200530442,noetzel1907
Jefferson,564,-77.03896607189226,38.863930846055375,noetzel1907
Jefferson,565,-77.03898718983567,38.86392871973259,noetzel1907
Jefferson,566,-77.03901886199789,38.863925763600406,noetzel1907
Jefferson,567,-77.03903029410596,38.863924944717496,noetzel1907
Jefferson,568,-77.03904084944328,38.86392406000196,noetzel1907
Jefferson,569,-77.03905140310373,38.863923257647485,noetzel1907
Jefferson,570,-77.03906195564619,38.86392251020008,noetzel1907
Jefferson,571,-77.03907250595299,38.86392187256783,noetzel1907
Jefferson,572,-77.03908305737731,38.86392118002659,noetzel1907
Jefferson,573,-77.03909448445417,38.86392060822369,noetzel1907
Jefferson,574,-77.03910506987589,38.86391997102544,noetzel1907
Jefferson,575,-77.03913667561876,38.86391855184965,noetzel1907
Jefferson,576,-77.03914809878293,38.86391817221962,noetzel1907
Jefferson,577,-77.03915864349997,38.863917809119854,noetzel1907
Jefferson,578,-77.03916918709926,38.86391750092715,noetzel1907
Jefferson,579,-77.03919027038582,38.86391707671708,noetzel1907
Jefferson,580,-77.03920168963774,38.86391688926,noetzel1907
Jefferson,581,-77.03921222988383,38.86391674578755,noetzel1907
Jefferson,582,-77.03922276789464,38.86391671213027,noetzel1907
Jefferson,583,-77.03937789028102,38.86388846236556,noetzel1907
Jefferson,584,-77.03955358014959,38.86388512818313,noetzel1907
Jefferson,585,-77.03968724255469,38.86387580629596,noetzel1907
Jefferson,586,-77.0396978503876,38.86387234084313,noetzel1907
Jefferson,587,-77.03970758089046,38.863868837016746,noetzel1907
Jefferson,588,-77.03971818704551,38.86386545392412,noetzel1907
Jefferson,589,-77.03973939600094,38.86385885246019,noetzel1907
Jefferson,590,-77.03974911923805,38.86385570553267,noetzel1907
Jefferson,591,-77.03977035604143,38.86384946140216,noetzel1907
Jefferson,592,-77.03979151590711,38.86384354584267,noetzel1907
Jefferson,593,-77.03982326292306,38.863835180614025,noetzel1907
Jefferson,594,-77.03983476643033,38.86383257757795,noetzel1907
Jefferson,595,-77.03984535693407,38.86382996318653,noetzel1907
Jefferson,596,-77.03985594576132,38.86382743115622,noetzel1907
Jefferson,597,-77.03987711950371,38.8638225592709,noetzel1907
Jefferson,598,-77.03988858118886,38.86382028524113,noetzel1907
Jefferson,599,-77.0398991644277,38.863818027747165,noetzel1907
Jefferson,600,-77.03990976553928,38.86381489172339,noetzel1907
Jefferson,601,-77.03992036274018,38.86381194787693,noetzel1907
Jefferson,602,-77.0399309588231,38.86380905893747,noetzel1907
Jefferson,603,-77.03995214316706,38.863803665412114,noetzel1907
Jefferson,604,-77.03997331745441,38.86379876605537,noetzel1907
Jefferson,605,-77.03999448056862,38.86379441577534,noetzel1907
Jefferson,606,-77.040005937219,38.86379238882031,noetzel1907
Jefferson,607,-77.04001647639846,38.86379057014351,noetzel1907
Jefferson,608,-77.04002708469136,38.863788807247055,noetzel1907
Jefferson,609,-77.04003853407947,38.863787137191245,noetzel1907
Jefferson,610,-77.04004910167093,38.86378564839641,noetzel1907
Jefferson,611,-77.04006054547312,38.863784252878695,noetzel1907
Jefferson,612,-77.04007110803738,38.863783011168174,noetzel1907
Jefferson,613,-77.04008254681241,38.86378186273449,noetzel1907
Jefferson,614,-77.04010374893976,38.863777320693174,noetzel1907
Jefferson,615,-77.0401142992839,38.86377495292702,noetzel1907
Jefferson,616,-77.04013547299328,38.863770080995074,noetzel1907
Jefferson,617,-77.04014606180148,38.86376754893855,noetzel1907
Jefferson,618,-77.04016724332475,38.863762292644424,noetzel1907
Jefferson,619,-77.0401884276371,38.86375689907638,noetzel1907
Jefferson,620,-77.0401990214674,38.86375411992881,noetzel1907
Jefferson,621,-77.04020958185669,38.863751257981626,noetzel1907
Jefferson,622,-77.04022021470978,38.86374828709059,noetzel1907
Jefferson,623,-77.04022993400187,38.86374533230135,noetzel1907
Jefferson,624,-77.04024053173778,38.86374236097188,noetzel1907
Jefferson,625,-77.04026173334945,38.86373611631571,noetzel1907
Jefferson,626,-77.04027145654706,38.86373296934485,noetzel1907
Jefferson,627,-77.04028206098023,38.86372966856329,noetzel1907
Jefferson,628,-77.04029178752643,38.86372635686657,noetzel1907
Jefferson,629,-77.04030239195771,38.863723056083174,noetzel1907
Jefferson,630,-77.04031299806317,38.86371967293673,noetzel1907
Jefferson,631,-77.04032272795692,38.86371619651329,noetzel1907
Jefferson,632,-77.04033331172512,38.86371391152608,noetzel1907
Jefferson,633,-77.04035534597782,38.8637099015431,noetzel1907
Jefferson,634,-77.0403667953457,38.863708231455206,noetzel1907
Jefferson,635,-77.04037736291872,38.863706742630825,noetzel1907
Jefferson,636,-77.0403888033518,38.86370551180524,noetzel1907
Jefferson,637,-77.04040024210944,38.8637043633406,noetzel1907
Jefferson,638,-77.04041167528317,38.86370348941518,noetzel1907
Jefferson,639,-77.04042222610411,38.86370282420758,noetzel1907
Jefferson,640,-77.04043365034384,38.86370238954443,noetzel1907
Jefferson,641,-77.04044507179172,38.86370209215028,noetzel1907
Jefferson,642,-77.04045648765617,38.86370206929536,noetzel1907
Jefferson,643,-77.04046790017061,38.86370221116343,noetzel1907
Jefferson,644,-77.04047930933515,38.86370251775456,noetzel1907
Jefferson,645,-77.04048979991536,38.8637030875357,noetzel1907
Jefferson,646,-77.04050123582078,38.863703806371625,noetzel1907
Jefferson,647,-77.04051263046958,38.86370482676429,noetzel1907
Jefferson,648,-77.04052319133937,38.86370366737511,noetzel1907
Jefferson,649,-77.04053463009454,38.86370251889737,noetzel1907
Jefferson,650,-77.04054518593891,38.86370160659253,noetzel1907
Jefferson,651,-77.04055661911045,38.86370073265292,noetzel1907
Jefferson,652,-77.04056717104623,38.86370001252428,noetzel1907
Jefferson,653,-77.04057859919264,38.86369938566883,noetzel1907
Jefferson,654,-77.04058911266287,38.863698829825886,noetzel1907
Jefferson,655,-77.0406005708998,38.86369845049098,noetzel1907
Jefferson,656,-77.04061199234638,38.863698153080634,noetzel1907
Jefferson,657,-77.04062253367407,38.86369795457357,noetzel1907
Jefferson,658,-77.04063395177087,38.86369782188519,noetzel1907
Jefferson,659,-77.04064448863235,38.8636978430084,noetzel1907
Jefferson,660,-77.0406559011465,38.86369798485821,noetzel1907
Jefferson,661,-77.04066643354194,38.86369822561163,noetzel1907
Jefferson,662,-77.04067784047369,38.86369864199963,noetzel1907
Jefferson,663,-77.04068584974517,38.86369341411954,noetzel1907
Jefferson,664,-77.04069472796914,38.863688636414615,noetzel1907
Jefferson,665,-77.04070447737858,38.8636841990685,noetzel1907
Jefferson,666,-77.04071334164426,38.86368010771287,noetzel1907
Jefferson,667,-77.04072303807253,38.86367654845768,noetzel1907
Jefferson,668,-77.04073279803194,38.8636733195229,noetzel1907
Jefferson,669,-77.04074339238704,38.86367051287217,noetzel1907
Jefferson,670,-77.04075397725155,38.86366817293896,noetzel1907
Jefferson,671,-77.04076370929751,38.863666316703075,noetzel1907
Jefferson,672,-77.04077424174073,38.86366482740659,noetzel1907
Jefferson,673,-77.04078567713648,38.863663843628544,noetzel1907
Jefferson,674,-77.04079622459889,38.863663343111554,noetzel1907
Jefferson,675,-77.04080676368817,38.86366325440403,noetzel1907
Jefferson,676,-77.04081729384625,38.86366360496006,noetzel1907
Jefferson,677,-77.04082781228237,38.863664532049754,noetzel1907
Jefferson,678,-77.04083920190585,38.863665799496985,noetzel1907
Jefferson,679,-77.04084970359709,38.86366755020564,noetzel1907
Jefferson,680,-77.04085931847251,38.86366972926785,noetzel1907
Jefferson,681,-77.0408698006286,38.86367244086574,noetzel1907
Jefferson,682,-77.04087939820194,38.86367547100126,noetzel1907
Jefferson,683,-77.04088986305638,38.86367903367231,noetzel1907
Jefferson,684,-77.04089944277015,38.86368294233511,noetzel1907
Jefferson,685,-77.04090813622693,38.86368725189804,noetzel1907
Jefferson,686,-77.04091682298684,38.86369189090867,noetzel1907
Jefferson,687,-77.04092550025922,38.86369699663714,noetzel1907
Jefferson,688,-77.04093417139318,38.86370240435931,noetzel1907
Jefferson,689,-77.04094195515397,38.86370826789003,noetzel1907
Jefferson,690,-77.04094889112224,38.863714368033584,noetzel1907
Jefferson,691,-77.04095575183756,38.86372071439018,noetzel1907
Jefferson,692,-77.04096263929735,38.86372747299328,noetzel1907
Jefferson,693,-77.04096864496529,38.86373441286497,noetzel1907
Jefferson,694,-77.04097376716672,38.86374161636753,noetzel1907
Jefferson,695,-77.04097888434596,38.86374906695619,noetzel1907
Jefferson,696,-77.04098934754167,38.86375271198037,noetzel1907
Jefferson,697,-77.04100073099599,38.8637560114465,noetzel1907
Jefferson,698,-77.04101205259236,38.863758898228376,noetzel1907
Jefferson,699,-77.04102341767685,38.863761373635,noetzel1907
Jefferson,700,-77.04103478945947,38.863763519592226,noetzel1907
Jefferson,701,-77.04104617296312,38.86376508901369,noetzel1907
Jefferson,702,-77.04105756316453,38.86376632898569,noetzel1907
Jefferson,703,-77.04106983962447,38.863767168054515,noetzel1907
Jefferson,704,-77.04108124656952,38.8637675844033,noetzel1907
Jefferson,705,-77.0410935760043,38.863767545376994,noetzel1907
Jefferson,706,-77.04110496513485,38.86376711021222,noetzel1907
Jefferson,707,-77.04111546517309,38.86376894325912,noetzel1907
Jefferson,708,-77.04112597023462,38.863770529218826,noetzel1907
Jefferson,709,-77.04113648031928,38.86377186809132,noetzel1907
Jefferson,710,-77.04114787722017,38.86377277860619,noetzel1907
Jefferson,711,-77.04115839958305,38.86377351348803,noetzel1907
Jefferson,712,-77.04116892920096,38.863773891466536,noetzel1907
Jefferson,713,-77.04118034340243,38.8637739509033,noetzel1907
Jefferson,714,-77.04119088473968,38.86377375234517,noetzel1907
Jefferson,715,-77.04120143165736,38.863773279245805,noetzel1907
Jefferson,716,-77.04121198582952,38.86377244924312,noetzel1907
Jefferson,717,-77.04122342402661,38.86377132815235,noetzel1907
Jefferson,718,-77.04123399047508,38.86376989415896,noetzel1907
Jefferson,719,-77.0412445613874,38.86376824053234,noetzel1907
Jefferson,720,-77.04125513899558,38.86376625745644,noetzel1907
Jefferson,721,-77.04126572329952,38.86376394493122,noetzel1907
Jefferson,722,-77.0412754358544,38.863761319503794,noetzel1907
Jefferson,723,-77.04128606643276,38.86375845833235,noetzel1907
Jefferson,724,-77.04129575447303,38.86375531084041,noetzel1907
Jefferson,725,-77.04130548264997,38.863751916697666,noetzel1907
Jefferson,726,-77.04131521640608,38.8637482480138,noetzel1907
Jefferson,727,-77.0413249568572,38.86374424988071,noetzel1907
Jefferson,728,-77.04133470065526,38.8637400870226,noetzel1907
Jefferson,729,-77.04134357381986,38.863735556354975,noetzel1907
Jefferson,730,-77.04135245033127,38.86373086096244,noetzel1907
Jefferson,731,-77.04136133186346,38.86372591848297,noetzel1907
Jefferson,732,-77.04137021897425,38.86372070146248,noetzel1907
Jefferson,733,-77.0413782332196,38.86371522644894,noetzel1907
Jefferson,734,-77.04138621569614,38.86370958627441,noetzel1907
Jefferson,735,-77.04139427398209,38.8637036724315,noetzel1907
Jefferson,736,-77.04140142261326,38.86369758252167,noetzel1907
Jefferson,737,-77.04140857626498,38.863691245525175,noetzel1907
Jefferson,738,-77.04141914939358,38.863689482066675,noetzel1907
Jefferson,739,-77.04143059538568,38.86368797659924,noetzel1907
Jefferson,740,-77.041441157912,38.86368673476542,noetzel1907
Jefferson,741,-77.04145259274414,38.863685778376485,noetzel1907
Jefferson,742,-77.04146314690053,38.8636849483512,noetzel1907
Jefferson,743,-77.04147457336289,38.86368440377062,noetzel1907
Jefferson,744,-77.04148511636,38.86368412282397,noetzel1907
Jefferson,745,-77.04149653222123,38.86368409986792,noetzel1907
Jefferson,746,-77.04150794306109,38.86368432399701,noetzel1907
Jefferson,747,-77.04151847266775,38.86368470194416,noetzel1907
Jefferson,748,-77.0415298729072,38.86368544769781,noetzel1907
Jefferson,749,-77.04154126979934,38.863686358174505,noetzel1907
Jefferson,750,-77.04155178378485,38.863687504831624,noetzel1907
Jefferson,751,-77.04156317175102,38.86368885457073,noetzel1907
Jefferson,752,-77.041573675137,38.86369052285253,noetzel1907
Jefferson,753,-77.04158423933495,38.86368919864372,noetzel1907
Jefferson,754,-77.04159480018512,38.86368803915816,noetzel1907
Jefferson,755,-77.04160623668909,38.86368700039218,noetzel1907
Jefferson,756,-77.04161679251756,38.86368608799096,noetzel1907
Jefferson,757,-77.04162734444054,38.86368536776701,noetzel1907
Jefferson,758,-77.04163877257537,38.863684740808374,noetzel1907
Jefferson,759,-77.04164932115067,38.86368418530666,noetzel1907
Jefferson,760,-77.04165990149394,38.86368379496435,noetzel1907
Jefferson,761,-77.04167128558694,38.86368360683094,noetzel1907
Jefferson,762,-77.04168182579382,38.86368346313684,noetzel1907
Jefferson,763,-77.04169236209563,38.86368351161999,noetzel1907
Jefferson,764,-77.041703772936,38.8636837357301,noetzel1907
Jefferson,765,-77.0417143042172,38.86368403129758,noetzel1907
Jefferson,766,-77.04172570947918,38.86368452994586,noetzel1907
Jefferson,767,-77.04173623518211,38.86368510005173,noetzel1907
Jefferson,768,-77.04174675809601,38.86368580742688,noetzel1907
Jefferson,769,-77.0417581566645,38.863686635520416,noetzel1907
Jefferson,770,-77.04176867344266,38.86368764488793,noetzel1907
Jefferson,771,-77.04179057707611,38.86369005887963,noetzel1907
Jefferson,772,-77.04180108548793,38.863691480054754,noetzel1907
Jefferson,773,-77.04181155711126,38.86369298315495,noetzel1907
Jefferson,774,-77.04182209561905,38.863694651850615,noetzel1907
Jefferson,775,-77.04184309515375,38.86369834526937,noetzel1907
Jefferson,776,-77.0418535896228,38.86370045279065,noetzel1907
Jefferson,777,-77.0418640473036,38.86370264223702,noetzel1907
Jefferson,778,-77.04187457186923,38.86370499727886,noetzel1907
Jefferson,779,-77.04188505964672,38.86370743424574,noetzel1907
Jefferson,780,-77.04189554519377,38.86370998102784,noetzel1907
Jefferson,781,-77.04191647113466,38.863715568325766,noetzel1907
Jefferson,782,-77.0419261044312,38.86371857135772,noetzel1907
Jefferson,783,-77.04193657938369,38.86372163976281,noetzel1907
Jefferson,784,-77.04194705099053,38.863724872891176,noetzel1907
Jefferson,785,-77.04195660680774,38.86372823195096,noetzel1907
Jefferson,786,-77.04196623062577,38.86373170169822,noetzel1907
Jefferson,787,-77.04197669386912,38.863735346634456,noetzel1907
Jefferson,788,-77.04198627699608,38.86373909048432,noetzel1907
Jefferson,789,-77.04199585900857,38.86374288924153,noetzel1907
Jefferson,790,-77.04200543711785,38.863746880176166,noetzel1907
Jefferson,791,-77.04201501411274,38.86375092601813,noetzel1907
Jefferson,792,-77.04202815452444,38.86375246223893,noetzel1907
Jefferson,793,-77.04204050405592,38.86374970472769,noetzel1907
Jefferson,794,-77.0420502968931,38.86374312585512,noetzel1907
Jefferson,795,-77.04206536875893,38.86373603585277,noetzel1907
Jefferson,796,-77.04208212389162,38.86373253667478,noetzel1907
Jefferson,797,-77.04215581057697,38.863736197723995,noetzel1907
Jefferson,798,-77.04223657612695,38.863737200520895,noetzel1907
Jefferson,799,-77.04224974776929,38.86373719929088,noetzel1907
Jefferson,800,-77.04226204988981,38.86373677534942,noetzel1907
Jefferson,801,-77.04227436316302,38.863735802325905,noetzel1907
Jefferson,802,-77.04228756324447,38.86373440093584,noetzel1907
Jefferson,803,-77.04229989547633,38.863732494472416,noetzel1907
Jefferson,804,-77.04231223551432,38.86373020365118,noetzel1907
Jefferson,805,-77.04232458781917,38.86372730883986,noetzel1907
Jefferson,806,-77.04236700516502,38.86371410496617,noetzel1907
Jefferson,807,-77.0424023436481,38.8637035592936,noetzel1907
Jefferson,808,-77.04241294630619,38.86370034068173,noetzel1907
Jefferson,809,-77.04242441458244,38.86369773695593,noetzel1907
Jefferson,810,-77.04243495814735,38.863695698429666,noetzel1907
Jefferson,811,-77.04244643644674,38.86369433056935,noetzel1907
Jefferson,812,-77.04245786959395,38.86369345644464,noetzel1907
Jefferson,813,-77.04246932447471,38.863693241651646,noetzel1907
Jefferson,814,-77.04248069853098,38.863693547612435,noetzel1907
Jefferson,815,-77.04249209320626,38.86369456781296,noetzel1907
Jefferson,816,-77.04250347784594,38.86369608218511,noetzel1907
Jefferson,817,-77.0425139706614,38.863698272009486,noetzel1907
Jefferson,818,-77.04252533132774,38.863700966903146,noetzel1907
Jefferson,819,-77.04253580128545,38.863704282341125,noetzel1907
Jefferson,820,-77.04254626120849,38.86370809195086,noetzel1907
Jefferson,821,-77.04264647938926,38.86361599613555,noetzel1907
Jefferson,822,-77.04264226446125,38.86360734853825,noetzel1907
Jefferson,823,-77.04263805622425,38.86359837149236,noetzel1907
Jefferson,824,-77.04263560933266,38.86358914169928,noetzel1907
Jefferson,825,-77.04263491932583,38.8635798787914,noetzel1907
Jefferson,826,-77.04263423154917,38.86357050606737,noetzel1907
Jefferson,827,-77.04263529898387,38.863561182590715,noetzel1907
Jefferson,828,-77.0426363653033,38.86355191402213,noetzel1907
Jefferson,829,-77.04263918516065,38.86354277706297,noetzel1907
Jefferson,830,-77.0426437557678,38.863533908983335,noetzel1907
Jefferson,831,-77.04264831968389,38.86352537035199,noetzel1907
Jefferson,832,-77.04273120336558,38.86342204745707,noetzel1907
Jefferson,833,-77.0426687205486,38.8633855726778,noetzel1907
Jefferson,834,-77.0426632910263,38.86339349642486,noetzel1907
Jefferson,835,-77.04265786540522,38.86340122799339,noetzel1907
Jefferson,836,-77.04265156301548,38.863408893757025,noetzel1907
Jefferson,837,-77.04264526675686,38.86341625752584,noetzel1907
Jefferson,838,-77.04263809707429,38.86342339076531,noetzel1907
Jefferson,839,-77.04263092962029,38.86343041418821,noetzel1907
Jefferson,840,-77.04262376885492,38.86343710816216,noetzel1907
Jefferson,841,-77.04261573355038,38.8634436265146,noetzel1907
Jefferson,842,-77.04260770381948,38.863449870326065,noetzel1907
Jefferson,843,-77.04259967910482,38.863455867050625,noetzel1907
Jefferson,844,-77.04259078208086,38.86346157833722,noetzel1907
Jefferson,845,-77.04258188951567,38.86346706999079,noetzel1907
Jefferson,846,-77.04257212519862,38.863472248752146,noetzel1907
Jefferson,847,-77.0425615153335,38.86347582428111,noetzel1907
Jefferson,848,-77.04255091661798,38.86347885072835,noetzel1907
Jefferson,849,-77.04253945005388,38.86348137210453,noetzel1907
Jefferson,850,-77.04252887196563,38.86348338275031,noetzel1907
Jefferson,851,-77.04251742714429,38.86348483341677,noetzel1907
Jefferson,852,-77.04250599458857,38.86348568009329,noetzel1907
Jefferson,853,-77.04249457318366,38.86348597768789,noetzel1907
Jefferson,854,-77.04248316237228,38.86348575365464,noetzel1907
Jefferson,855,-77.04247176382734,38.86348492563144,noetzel1907
Jefferson,856,-77.04246037587642,38.86348357598038,noetzel1907
Jefferson,857,-77.04244899851979,38.863481704701506,noetzel1907
Jefferson,858,-77.0424384778592,38.86348088757313,noetzel1907
Jefferson,859,-77.0424271161036,38.8634799776194,noetzel1907
Jefferson,860,-77.04241656367371,38.863478995328904,noetzel1907
Jefferson,861,-77.04240517182167,38.86347783785074,noetzel1907
Jefferson,862,-77.0423946600836,38.86347658145384,noetzel1907
Jefferson,863,-77.04238415001872,38.86347524269389,noetzel1907
Jefferson,864,-77.0423727631862,38.86347383812625,noetzel1907
Jefferson,865,-77.04236225702535,38.86347230718604,noetzel1907
Jefferson,866,-77.042351753653,38.86347063897469,noetzel1907
Jefferson,867,-77.04234033728261,38.86346895942758,noetzel1907
Jefferson,868,-77.0423298729299,38.863467099471976,noetzel1907
Jefferson,869,-77.04231937457766,38.86346518417138,noetzel1907
Jefferson,870,-77.04230887845645,38.863463159053715,noetzel1907
Jefferson,871,-77.0422765255967,38.86345641389878,noetzel1907
Jefferson,872,-77.04226603840024,38.86345394951267,noetzel1907
Jefferson,873,-77.0422555523198,38.863451430217545,noetzel1907
Jefferson,874,-77.0422459463536,38.86344881200491,noetzel1907
Jefferson,875,-77.04223549929345,38.86344610096572,noetzel1907
Jefferson,876,-77.04222498367652,38.8634433066915,noetzel1907
Jefferson,877,-77.04221450652165,38.86344034812807,noetzel1907
Jefferson,878,-77.04211378751808,38.863384175628035,noetzel1907
Jefferson,879,-77.04210513194936,38.86337799927946,noetzel1907
Jefferson,880,-77.04209647192049,38.86337204256257,noetzel1907
Jefferson,881,-77.04208780966222,38.863366195661165,noetzel1907
Jefferson,882,-77.04207914071283,38.86336067820759,noetzel1907
Jefferson,883,-77.0420695922099,38.86335523221458,noetzel1907
Jefferson,884,-77.04206003813121,38.86335006076114,noetzel1907
Jefferson,885,-77.04205047903442,38.86334513639328,noetzel1907
Jefferson,886,-77.04204091659257,38.863340376748866,noetzel1907
Jefferson,887,-77.0420304706932,38.863335880742795,noetzel1907
Jefferson,888,-77.04202089765698,38.86333164272345,noetzel1907
Jefferson,889,-77.04201044339405,38.86332755852619,noetzel1907
Jefferson,890,-77.04199998411266,38.86332372141436,noetzel1907
Jefferson,891,-77.04198951925493,38.86332015884196,noetzel1907
Jefferson,892,-77.04197817093949,38.86331685990736,noetzel1907
Jefferson,893,-77.04196769771752,38.86331370914358,noetzel1907
Jefferson,894,-77.04195631482308,38.86331211235724,noetzel1907
Jefferson,895,-77.04194581315689,38.86331036174742,noetzel1907
Jefferson,896,-77.04193443751444,38.86330840805647,noetzel1907
Jefferson,897,-77.04192394254257,38.86330632799625,noetzel1907
Jefferson,898,-77.0419126075943,38.86330410019888,noetzel1907
Jefferson,899,-77.04190208475961,38.86330166279811,noetzel1907
Jefferson,900,-77.04189072083318,38.863299132568145,noetzel1907
Jefferson,901,-77.04188023869305,38.86329642106112,noetzel1907
Jefferson,902,-77.04186975990046,38.86329354482896,noetzel1907
Jefferson,903,-77.04185928278208,38.86329058623374,noetzel1907
Jefferson,904,-77.04184880956919,38.86328743545931,noetzel1907
Jefferson,905,-77.0418383391462,38.863284147413765,noetzel1907
Jefferson,906,-77.04182787262884,38.86328066718904,noetzel1907
Jefferson,907,-77.04181740945937,38.86327702223912,noetzel1907
Jefferson,908,-77.04180694796439,38.86327329492622,noetzel1907
Jefferson,909,-77.04179736825587,38.863269386336995,noetzel1907
Jefferson,910,-77.0417869123413,38.8632653844819,noetzel1907
Jefferson,911,-77.04177733765535,38.86326122880473,noetzel1907
Jefferson,912,-77.04176688843704,38.86325689749937,noetzel1907
Jefferson,913,-77.04175732044742,38.86325241237211,noetzel1907
Jefferson,914,-77.04174775469032,38.86324781742794,noetzel1907
Jefferson,915,-77.04141890286029,38.863010314382926,noetzel1907
Jefferson,916,-77.04134274494677,38.8629571924148,noetzel1907
Jefferson,917,-77.04131569866227,38.86290193446124,noetzel1907
Jefferson,918,-77.04125704208812,38.86285180342371,noetzel1907
Jefferson,919,-77.04118686841619,38.86284815798573,noetzel1907
Jefferson,920,-77.04105153835093,38.862766839626765,noetzel1907
Jefferson,921,-77.04092033349245,38.86265539276147,noetzel1907
Jefferson,922,-77.04073288999508,38.86254596541144,noetzel1907
Jefferson,923,-77.04050334441187,38.862436014397254,noetzel1907
Jefferson,924,-77.04037095462391,38.86237944665656,noetzel1907
Jefferson,925,-77.0403004809845,38.86239230100091,noetzel1907
Jefferson,926,-77.04020544769207,38.86240210384942,noetzel1907
Jefferson,927,-77.04012730163032,38.862445069772974,noetzel1907
Jefferson,928,-77.04007705906767,38.86249936700375,noetzel1907
Jefferson,929,-77.0399807617709,38.86256956810831,noetzel1907
Jefferson,930,-77.0398773094135,38.86264789098684,noetzel1907
Jefferson,931,-77.03981119743445,38.86278989334187,noetzel1907
Jefferson,932,-77.03980226772693,38.86305615376278,noetzel1907
Jefferson,933,-77.03978247582067,38.86316575151913,noetzel1907
Jefferson,934,-77.03977966622767,38.86317436678396,noetzel1907
Jefferson,935,-77.0397759798719,38.863182916222605,noetzel1907
Jefferson,936,-77.0397714228976,38.86319109784066,noetzel1907
Jefferson,937,-77.03976599362875,38.86319899400012,noetzel1907
Jefferson,938,-77.0397596948581,38.863206467430736,noetzel1907
Jefferson,939,-77.0397525249097,38.86321360049438,noetzel1907
Jefferson,940,-77.03974536557334,38.8632202119311,noetzel1907
Jefferson,941,-77.03973649452891,38.86322636270286,noetzel1907
Jefferson,942,-77.03972756554208,38.863231908611965,noetzel1907
Jefferson,943,-77.0397186817241,38.8632369607846,noetzel1907
Jefferson,944,-77.03970805666893,38.863241277314685,noetzel1907
Jefferson,945,-77.03969744334354,38.86324501730927,noetzel1907
Jefferson,946,-77.03968684342411,38.86324809840618,noetzel1907
Jefferson,947,-77.0396762574695,38.86325049315147,noetzel1907
Jefferson,948,-77.03966480815856,38.86325216317225,noetzel1907
Jefferson,949,-77.03965506935764,38.86325607880602,noetzel1907
Jefferson,950,-77.03964533446616,38.86325980226076,noetzel1907
Jefferson,951,-77.03963472225207,38.86326348734157,noetzel1907
Jefferson,952,-77.03962499462097,38.8632668538923,noetzel1907
Jefferson,953,-77.03961439022595,38.86327015461488,noetzel1907
Jefferson,954,-77.03960379085787,38.863273208250334,noetzel1907
Jefferson,955,-77.0395931942822,38.863276124614615,noetzel1907
Jefferson,956,-77.03958260161635,38.863278848799766,noetzel1907
Jefferson,957,-77.03957201062568,38.863281490621894,noetzel1907
Jefferson,958,-77.03956142577967,38.86328383044878,noetzel1907
Jefferson,959,-77.039550842609,38.8632860879126,noetzel1907
Jefferson,960,-77.0395402644658,38.863288098289246,noetzel1907
Jefferson,961,-77.03952968799805,38.86329002630287,noetzel1907
Jefferson,962,-77.03951823867743,38.86329169630929,noetzel1907
Jefferson,963,-77.03950767114769,38.863293185056506,noetzel1907
Jefferson,964,-77.03949626308689,38.86329455350331,noetzel1907
Jefferson,965,-77.03948566826294,38.86329565745537,noetzel1907
Jefferson,966,-77.03947423234938,38.863296668560885,noetzel1907
Jefferson,967,-77.03946368102062,38.86329736113737,noetzel1907
Jefferson,968,-77.0394522534872,38.863297960430394,noetzel1907
Jefferson,969,-77.03944170774527,38.86329837846461,noetzel1907
Jefferson,970,-77.03943028635746,38.86329867576122,noetzel1907
Jefferson,971,-77.03941887055686,38.86329869851638,noetzel1907
Jefferson,972,-77.03940833598926,38.86329856746712,noetzel1907
Jefferson,973,-77.03939696200872,38.86329826120875,noetzel1907
Jefferson,974,-77.03928773443069,38.8633133789454,noetzel1907
Jefferson,975,-77.03905563858986,38.863326967799054,noetzel1907
Jefferson,976,-77.03902041157679,38.86333202166062,noetzel1907
Jefferson,977,-77.03885553708164,38.86332175913416,noetzel1907
Jefferson,978,-77.03853203025885,38.86333967407363,noetzel1907
Jefferson,979,-77.03841226786156,38.86335465986697,noetzel1907
Jefferson,980,-77.03827184199389,38.86335291169895,noetzel1907
Jefferson,981,-77.03826132307725,38.86335201183423,noetzel1907
Jefferson,982,-77.03825081143019,38.86335075506631,noetzel1907
Jefferson,983,-77.03823943029012,38.86334907555761,noetzel1907
Jefferson,984,-77.03822893206429,38.86334715989127,noetzel1907
Jefferson,985,-77.03821932122624,38.863344788435306,noetzel1907
Jefferson,986,-77.03820883865895,38.86334210405463,noetzel1907
Jefferson,987,-77.03819836559879,38.86333895295467,noetzel1907
Jefferson,988,-77.03818877545322,38.86333556569747,noetzel1907
Jefferson,989,-77.03817919201902,38.86333184899135,noetzel1907
Jefferson,990,-77.0381696158555,38.863327775382096,noetzel1907
Jefferson,991,-77.03816004640359,38.86332337232388,noetzel1907
Jefferson,992,-77.03815136042567,38.863318705654855,noetzel1907
Jefferson,993,-77.03814268115953,38.863313709536975,noetzel1907
Jefferson,994,-77.03813397348993,38.863308383533,noetzel1907
Jefferson,995,-77.03812621952487,38.863302794793,noetzel1907
Jefferson,996,-77.03811843603805,38.86329693107504,noetzel1907
Jefferson,997,-77.03811065758556,38.863290820270414,noetzel1907
Jefferson,998,-77.03810376204773,38.86328447330964,noetzel1907
Jefferson,999,-77.03809687154424,38.86327787926233,noetzel1907
Jefferson,1000,-77.03809086451447,38.86327102160501,noetzel1907
Jefferson,1001,-77.03808039985846,38.86326745868416,noetzel1907
Jefferson,1002,-77.03806998429978,38.86326320984914,noetzel1907
Jefferson,1003,-77.03806039372864,38.863258119994974,noetzel1907
Jefferson,1004,-77.0380517284574,38.8632524375198,noetzel1907
Jefferson,1005,-77.03804307716892,38.86324606869346,noetzel1907
Jefferson,1006,-77.03803615882984,38.86323911730299,noetzel1907
Jefferson,1007,-77.03802931967066,38.86323172752228,noetzel1907
Jefferson,1008,-77.0380242485756,38.86322375561501,noetzel1907
Jefferson,1009,-77.0380191117255,38.86321556320092,noetzel1907
Jefferson,1010,-77.03801577469856,38.86320695382192,noetzel1907
Jefferson,1011,-77.03801332002574,38.86319813574192,noetzel1907
Jefferson,1012,-77.03801174602894,38.86318919132301,noetzel1907
Jefferson,1013,-77.03801105158928,38.86318017547327,noetzel1907
Jefferson,1014,-77.03801211290754,38.863171181486024,noetzel1907
Jefferson,1015,-77.03801061475184,38.863072303288135,noetzel1907
Jefferson,1016,-77.03790156189447,38.86239265893327,noetzel1907
Jefferson,1017,-77.03786063177753,38.86215873080459,noetzel1907
Jefferson,1018,-77.0377641815171,38.86172089984131,noetzel1907
Jefferson,1019,-77.03770388425738,38.86157735169125,noetzel1907
Jefferson,1020,-77.0376446500856,38.861381640848045,noetzel1907
Jefferson,1021,-77.03765284765888,38.86132407485582,noetzel1907
Jefferson,1022,-77.03764773435414,38.861316459393635,noetzel1907
Jefferson,1023,-77.03764261769412,38.861309008655354,noetzel1907
Jefferson,1024,-77.03763662317921,38.861301546982794,noetzel1907
Jefferson,1025,-77.03763062642798,38.86129419512608,noetzel1907
Jefferson,1026,-77.03762462855919,38.86128689817704,noetzel1907
Jefferson,1027,-77.037618628454,38.861279711043885,noetzel1907
Jefferson,1028,-77.03761262611238,38.86127263372646,noetzel1907
Jefferson,1029,-77.03760662321255,38.861265583862824,noetzel1907
Jefferson,1030,-77.0375997424585,38.86125852306447,noetzel1907
Jefferson,1031,-77.03759373508582,38.86125169283237,noetzel1907
Jefferson,1032,-77.03758684874023,38.86124490657355,noetzel1907
Jefferson,1033,-77.03757996015828,38.861238230130446,noetzel1907
Jefferson,1034,-77.03757219260369,38.86123159766048,noetzel1907
Jefferson,1035,-77.03755840593614,38.8612187114906,noetzel1907
Jefferson,1036,-77.03755063279137,38.861212353559466,noetzel1907
Jefferson,1037,-77.03754285573199,38.86120618780604,noetzel1907
Jefferson,1038,-77.03753507811452,38.8612000495061,noetzel1907
Jefferson,1039,-77.03752729770117,38.86119404847579,noetzel1907
Jefferson,1040,-77.03751951617026,38.86118810235301,noetzel1907
Jefferson,1041,-77.0375108528701,38.86118233747294,noetzel1907
Jefferson,1042,-77.03750306574734,38.86117666588941,noetzel1907
Jefferson,1043,-77.0374943990932,38.86117106573228,noetzel1907
Jefferson,1044,-77.03748575537792,38.8611643399592,noetzel1907
Jefferson,1045,-77.03747621590752,38.86115848177928,noetzel1907
Jefferson,1046,-77.03746578291975,38.86115338137607,noetzel1907
Jefferson,1047,-77.03745445137928,38.86114928583565,noetzel1907
Jefferson,1048,-77.03744310249658,38.861146041369075,noetzel1907
Jefferson,1049,-77.03743173235497,38.86114384015456,noetzel1907
Jefferson,1050,-77.03741946309998,38.86114267125651,noetzel1907
Jefferson,1051,-77.03740717314459,38.861142518156264,noetzel1907
Jefferson,1052,-77.03709426543259,38.86115784242397,noetzel1907
Jefferson,1053,-77.03698190011062,38.8611564422912,noetzel1907
Jefferson,1054,-77.03697137649522,38.86115578939667,noetzel1907
Jefferson,1055,-77.0369599817418,38.8611547961138,noetzel1907
Jefferson,1056,-77.03694943532511,38.8611535387911,noetzel1907
Jefferson,1057,-77.0369380863201,38.86115202431711,noetzel1907
Jefferson,1058,-77.03692758509237,38.86115027325757,noetzel1907
Jefferson,1059,-77.03691708946184,38.86114824765676,noetzel1907
Jefferson,1060,-77.03690660054797,38.861145892606714,noetzel1907
Jefferson,1061,-77.03689611723156,38.861143263015386,noetzel1907
Jefferson,1062,-77.03688563671435,38.86114049615305,noetzel1907
Jefferson,1063,-77.03687604188731,38.86113735587308,noetzel1907
Jefferson,1064,-77.03686557592361,38.86113387520419,noetzel1907
Jefferson,1065,-77.0368559911728,38.86113024075007,noetzel1907
Jefferson,1066,-77.0368455336066,38.86112634826899,noetzel1907
Jefferson,1067,-77.03683596005182,38.86112216473268,noetzel1907
Jefferson,1068,-77.03682726659052,38.86111788231959,noetzel1907
Jefferson,1069,-77.03681770311265,38.86111320460931,noetzel1907
Jefferson,1070,-77.03680815138995,38.8611079503636,noetzel1907
Jefferson,1071,-77.03680126681157,38.86110108169642,noetzel1907
Jefferson,1072,-77.03679616424765,38.86109294457018,noetzel1907
Jefferson,1073,-77.03679370923723,38.86108415391411,noetzel1907
Jefferson,1074,-77.0367947689979,38.861075242295264,noetzel1907
Jefferson,1075,-77.03679757718787,38.861066709459514,noetzel1907
Jefferson,1076,-77.03680388167626,38.861058961643565,noetzel1907
Jefferson,1077,-77.03681191220424,38.86105269077133,noetzel1907
Jefferson,1078,-77.03682252255726,38.861049088305705,noetzel1907
Jefferson,1079,-77.03683314970023,38.86104466221827,noetzel1907
Jefferson,1080,-77.0368420351291,38.86103952789915,noetzel1907
Jefferson,1081,-77.03685093398933,38.86103373468265,noetzel1907
Jefferson,1082,-77.03685984516129,38.86102733747686,noetzel1907
Jefferson,1083,-77.0368670134997,38.8610202869481,noetzel1907
Jefferson,1084,-77.03687331405877,38.86101273130658,noetzel1907
Jefferson,1085,-77.03687874571919,38.86100472546051,noetzel1907
Jefferson,1086,-77.0368833062425,38.86099637922612,noetzel1907
Jefferson,1087,-77.03688699450956,38.8609877475116,noetzel1907
Jefferson,1088,-77.03688893210906,38.860978846831415,noetzel1907
Jefferson,1089,-77.03688999185634,38.8609699352115,noetzel1907
Jefferson,1090,-77.03689035732603,38.86095200773025,noetzel1907
Jefferson,1091,-77.0368896630489,38.860942991868875,noetzel1907
Jefferson,1092,-77.03688808756253,38.86093412979206,noetzel1907
Jefferson,1093,-77.0368856325463,38.86092533913755,noetzel1907
Jefferson,1094,-77.0368822980005,38.86091661990537,noetzel1907
Jefferson,1095,-77.03687895953777,38.86090809285133,noetzel1907
Jefferson,1096,-77.0368747398668,38.86089971958161,noetzel1907
Jefferson,1097,-77.03671263543778,38.86075215599665,noetzel1907
Jefferson,1098,-77.03669528836292,38.86074164191465,noetzel1907
Jefferson,1099,-77.03667794465166,38.86073096310587,noetzel1907
Jefferson,1100,-77.0366606048639,38.860720092116274,noetzel1907
Jefferson,1101,-77.03664326788025,38.86070908385403,noetzel1907
Jefferson,1102,-77.03663547751877,38.86070357693643,noetzel1907
Jefferson,1103,-77.03661814446144,38.86069237649215,noetzel1907
Jefferson,1104,-77.03660947961416,38.86068669390696,noetzel1907
Jefferson,1105,-77.03660169317622,38.86068099480886,noetzel1907
Jefferson,1106,-77.0365930651249,38.860675230298035,noetzel1907
Jefferson,1107,-77.03658524469515,38.86066947585315,noetzel1907
Jefferson,1108,-77.0365765815326,38.860663710903395,noetzel1907
Jefferson,1109,-77.036561014826,38.86065201070798,noetzel1907
Jefferson,1110,-77.03655235558614,38.860646053578186,noetzel1907
Jefferson,1111,-77.03653679224614,38.860634188655325,noetzel1907
Jefferson,1112,-77.03652901197762,38.860628187558085,noetzel1907
Jefferson,1113,-77.03652123394966,38.86062207664414,noetzel1907
Jefferson,1114,-77.03651257639618,38.86061603714927,noetzel1907
Jefferson,1115,-77.03650479949059,38.860609871326176,noetzel1907
Jefferson,1116,-77.03649702146666,38.86060376041065,noetzel1907
Jefferson,1117,-77.03648928023746,38.86059756757015,noetzel1907
Jefferson,1118,-77.03648234662886,38.86059138479643,noetzel1907
Jefferson,1119,-77.03646679730821,38.86057883351341,noetzel1907
Jefferson,1120,-77.036425164524,38.86055359962401,noetzel1907
Jefferson,1121,-77.0362868921425,38.86044480537869,noetzel1907
Jefferson,1122,-77.03602773916738,38.86023558916106,noetzel1907
Jefferson,1123,-77.03594163500865,38.86015213242847,noetzel1907
Jefferson,1124,-77.0358519076742,38.860074122647575,noetzel1907
Jefferson,1125,-77.03564096342632,38.85991221791024,noetzel1907
Jefferson,1126,-77.0354051605864,38.85976373318441,noetzel1907
Jefferson,1127,-77.03510378283899,38.859386503301934,noetzel1907
Jefferson,1128,-77.03509601459291,38.859379925573194,noetzel1907
Jefferson,1129,-77.03508913426656,38.85937286462445,noetzel1907
Jefferson,1130,-77.03508313849775,38.859365485180085,noetzel1907
Jefferson,1131,-77.03507714945448,38.85935777628704,noetzel1907
Jefferson,1132,-77.03507204552886,38.85934972144449,noetzel1907
Jefferson,1133,-77.03506782447923,38.8593414304687,noetzel1907
Jefferson,1134,-77.0350644846242,38.85933298572184,noetzel1907
Jefferson,1135,-77.03506202652389,38.85932435974998,noetzel1907
Jefferson,1136,-77.03505957122599,38.85931559650789,noetzel1907
Jefferson,1137,-77.03505817643907,38.85929789420467,noetzel1907
Jefferson,1138,-77.03505835855789,38.85928897164428,noetzel1907
Jefferson,1139,-77.03505941682639,38.85928014239929,noetzel1907
Jefferson,1140,-77.03506131781208,38.85927132366946,noetzel1907
Jefferson,1141,-77.03506416293189,38.859262708947384,noetzel1907
Jefferson,1142,-77.03506781285321,38.859254241572415,noetzel1907
Jefferson,1143,-77.03505314922944,38.859114007377,noetzel1907
Jefferson,1144,-77.03460843363042,38.85818851293247,noetzel1907
Jefferson,1145,-77.03456065628265,38.85812201009527,noetzel1907
Jefferson,1146,-77.03443446030579,38.857936445887766,noetzel1907
Jefferson,1147,-77.03423077230363,38.85776364458026,noetzel1907
Jefferson,1148,-77.03411966716004,38.85752883853659,noetzel1907
Jefferson,1149,-77.03412071654668,38.85752044856088,noetzel1907
Jefferson,1150,-77.03412176425095,38.857512140947264,noetzel1907
Jefferson,1151,-77.0341259623548,38.85747855359007,noetzel1907
Jefferson,1152,-77.0341269946176,38.85742801070258,noetzel1907
Jefferson,1153,-77.03412628838606,38.857419598806,noetzel1907
Jefferson,1154,-77.03412645996251,38.85741119786971,noetzel1907
Jefferson,1155,-77.03412434182981,38.85738593472572,noetzel1907
Jefferson,1156,-77.0341227577916,38.85737751186866,noetzel1907
Jefferson,1157,-77.03412204987895,38.85736918233408,noetzel1907
Jefferson,1158,-77.03412046640209,38.85736073202293,noetzel1907
Jefferson,1159,-77.03411975848985,38.85735240248831,noetzel1907
Jefferson,1160,-77.03411500133375,38.85732738100309,noetzel1907
Jefferson,1161,-77.03411253612697,38.85731911190961,noetzel1907
Jefferson,1162,-77.03411094872733,38.857310853776546,noetzel1907
Jefferson,1163,-77.03410848352159,38.85730258468298,noetzel1907
Jefferson,1164,-77.03410689668351,38.85729429909574,noetzel1907
Jefferson,1165,-77.03410196234964,38.85727795308661,noetzel1907
Jefferson,1166,-77.0340986176578,38.85726975539437,noetzel1907
Jefferson,1167,-77.03409615077273,38.85726156866257,noetzel1907
Jefferson,1168,-77.03409368164534,38.857253491746874,noetzel1907
Jefferson,1169,-77.03409033527343,38.85724537641652,noetzel1907
Jefferson,1170,-77.03408029055504,38.857221304965115,noetzel1907
Jefferson,1171,-77.03407359052859,38.85720543120589,noetzel1907
Jefferson,1172,-77.03406936074873,38.85719757945451,noetzel1907
Jefferson,1173,-77.03406600933565,38.857189711209685,noetzel1907
Jefferson,1174,-77.0340617444453,38.857181859019576,noetzel1907
Jefferson,1175,-77.03405754809813,38.85717409006828,noetzel1907
Jefferson,1176,-77.03404908237846,38.85715868855852,noetzel1907
Jefferson,1177,-77.03404397143501,38.85715099056951,noetzel1907
Jefferson,1178,-77.03403973661493,38.85714338590336,noetzel1907
Jefferson,1179,-77.03338992964214,38.85594346050371,noetzel1907
Jefferson,1180,-77.0330164957172,38.85531268263698,noetzel1907
Jefferson,1181,-77.0328640154722,38.85503891265377,noetzel1907
Jefferson,1182,-77.03283682444774,38.85499463513792,noetzel1907
Jefferson,1183,-77.03285311359873,38.854884994453805,noetzel1907
Jefferson,1184,-77.03285767588481,38.85487656600112,noetzel1907
Jefferson,1185,-77.03286224209802,38.85486794536992,noetzel1907
Jefferson,1186,-77.03286505612432,38.85485913807464,noetzel1907
Jefferson,1187,-77.03286787183343,38.854850248417215,noetzel1907
Jefferson,1188,-77.03287069090884,38.85484119403541,noetzel1907
Jefferson,1189,-77.03287175443135,38.85483211771405,noetzel1907
Jefferson,1190,-77.03287282019828,38.85482293157647,noetzel1907
Jefferson,1191,-77.03287300762786,38.854813761923275,noetzel1907
Jefferson,1192,-77.03287231672051,38.85480460875438,noetzel1907
Jefferson,1193,-77.03287074916001,38.85479538970761,noetzel1907
Jefferson,1194,-77.03286917823291,38.8547863353852,noetzel1907
Jefferson,1195,-77.0328010009073,38.85451361878691,noetzel1907
Jefferson,1196,-77.03266217835217,38.854088983263104,noetzel1907
Jefferson,1197,-77.03267447611279,38.85383100290314,noetzel1907
Jefferson,1198,-77.03254916350967,38.85326099230743,noetzel1907
Jefferson,1199,-77.03247755916233,38.85281248164069,noetzel1907
Jefferson,1200,-77.03234214052466,38.85239338026635,noetzel1907
Jefferson,1201,-77.0322981256885,38.852313192837286,noetzel1907
Jefferson,1202,-77.03229213416448,38.852305648513266,noetzel1907
Jefferson,1203,-77.03228794559169,38.85229752258663,noetzel1907
Jefferson,1204,-77.03228545239473,38.852288923556976,noetzel1907
Jefferson,1205,-77.03228475541152,38.85228007237371,noetzel1907
Jefferson,1206,-77.03228581391784,38.85227124313859,noetzel1907
Jefferson,1207,-77.03228865740915,38.85226271083126,noetzel1907
Jefferson,1208,-77.03229317606454,38.8522546937672,noetzel1907
Jefferson,1209,-77.03229947296744,38.85224730307934,noetzel1907
Jefferson,1210,-77.03230402785316,38.85223923154561,noetzel1907
Jefferson,1211,-77.03230858722874,38.852230940379215,noetzel1907
Jefferson,1212,-77.03231226829783,38.85222266569279,noetzel1907
Jefferson,1213,-77.03231595329558,38.852214198827696,noetzel1907
Jefferson,1214,-77.0323187599872,38.85220574844276,noetzel1907
Jefferson,1215,-77.03232438066611,38.85218849076979,noetzel1907
Jefferson,1216,-77.03232631354166,38.852179837232306,noetzel1907
Jefferson,1217,-77.03232824810078,38.852171101332615,noetzel1907
Jefferson,1218,-77.03232930603879,38.85216229955098,noetzel1907
Jefferson,1219,-77.0323312773909,38.85215348172796,noetzel1907
Jefferson,1220,-77.03233145814647,38.85214464151845,noetzel1907
Jefferson,1221,-77.0323324815353,38.852135811843695,noetzel1907
Jefferson,1222,-77.0323318196575,38.85212696109929,noetzel1907
Jefferson,1223,-77.03233200041296,38.85211812088972,noetzel1907
Jefferson,1224,-77.0323305713288,38.852100418084056,noetzel1907
Jefferson,1225,-77.03232741794076,38.85208288594822,noetzel1907
Jefferson,1226,-77.03222432990385,38.85162848912413,noetzel1907
Jefferson,1227,-77.03224488165985,38.85096690632928,noetzel1907
Jefferson,1228,-77.03222530101215,38.85072228522993,noetzel1907
Jefferson,1229,-77.03217614407714,38.8503784068862,noetzel1907
Jefferson,1230,-77.03222161267121,38.85004395000973,noetzel1907
Jefferson,1231,-77.03228513087663,38.84951199883521,noetzel1907
Jefferson,1232,-77.0322906882186,38.849240203392704,noetzel1907
Jefferson,1233,-77.03229986860372,38.84896296101051,noetzel1907
Jefferson,1234,-77.03230888051765,38.84869395483589,noetzel1907
Jefferson,1235,-77.03231483063733,38.84840294147431,noetzel1907
Jefferson,1236,-77.03228766867983,38.84818563162709,noetzel1907
Jefferson,1237,-77.03228698015626,38.84817636862365,noetzel1907
Jefferson,1238,-77.0322873629891,38.84815764493215,noetzel1907
Jefferson,1239,-77.03228842985439,38.84814840387681,noetzel1907
Jefferson,1240,-77.03229037441356,38.8481391737955,noetzel1907
Jefferson,1241,-77.03229319498229,38.84813003705053,noetzel1907
Jefferson,1242,-77.03230058140123,38.8481122796819,noetzel1907
Jefferson,1243,-77.03230511214333,38.84810365861923,noetzel1907
Jefferson,1244,-77.03231058518021,38.84809532394915,noetzel1907
Jefferson,1245,-77.03233600258096,38.84805445007528,noetzel1907
Jefferson,1246,-77.03238512268554,38.84788480531182,noetzel1907
Jefferson,1247,-77.03241592832201,38.84758037209091,noetzel1907
Jefferson,1248,-77.03257836444395,38.84684919099288,noetzel1907
Jefferson,1249,-77.03280524946486,38.84588534069102,noetzel1907
Jefferson,1250,-77.03301033364451,38.844956999195865,noetzel1907
Jefferson,1251,-77.03308561887724,38.84453778476807,noetzel1907
Jefferson,1252,-77.03340865088803,38.843849800761426,noetzel1907
Jefferson,1253,-77.03366900457002,38.84330932298556,noetzel1907
Jefferson,1254,-77.03393693602764,38.84274147811965,noetzel1907
Jefferson,1255,-77.03395880565412,38.84253030049349,noetzel1907
Jefferson,1256,-77.03405709456553,38.84167199429991,noetzel1907
Jefferson,1257,-77.03414704235297,38.84156601918801,noetzel1907
Jefferson,1258,-77.03419215985139,38.84124803332661,noetzel1907
Jefferson,1259,-77.03424907652466,38.84104003937516,noetzel1907
Jefferson,1260,-77.03419515184639,38.8409295213586,noetzel1907
Jefferson,1261,-77.03425238365938,38.84087805988931,noetzel1907
Jefferson,1262,-77.03437842259406,38.84089611046821,noetzel1907
Jefferson,1263,-77.03451633789683,38.84084840243699,noetzel1907
Jefferson,1264,-77.0345592475328,38.840810492573326,noetzel1907
Jefferson,1265,-77.03455051415602,38.84020623820125,noetzel1907
Jefferson,1266,-77.0345498136484,38.84019755173061,noetzel1907
Jefferson,1267,-77.03455016726762,38.84018022815775,noetzel1907
Jefferson,1268,-77.03455122195453,38.84017156360145,noetzel1907
Jefferson,1269,-77.0345531519965,38.840163019818874,noetzel1907
Jefferson,1270,-77.03455596019536,38.84015445953927,noetzel1907
Jefferson,1271,-77.03455876447067,38.84014609143867,noetzel1907
Jefferson,1272,-77.03456156538292,38.84013788806293,noetzel1907
Jefferson,1273,-77.0345661198065,38.84012978896374,noetzel1907
Jefferson,1274,-77.03457070597052,38.84012185502753,noetzel1907
Jefferson,1275,-77.0345760939182,38.840114205713235,noetzel1907
Jefferson,1276,-77.03458151360618,38.84010672156185,noetzel1907
Jefferson,1277,-77.03458780360415,38.84009960527115,noetzel1907
Jefferson,1278,-77.03459409079889,38.84009262625092,noetzel1907
Jefferson,1279,-77.03460124774304,38.84008604254536,noetzel1907
Jefferson,1280,-77.03460927779874,38.8400796894294,noetzel1907
Jefferson,1281,-77.03461730112842,38.84007366576271,noetzel1907
Jefferson,1282,-77.03462531605103,38.84006805390787,noetzel1907
Jefferson,1283,-77.03463420072289,38.84006283736722,noetzel1907
Jefferson,1284,-77.03464395738547,38.84005790632398,noetzel1907
Jefferson,1285,-77.03465370396002,38.84005346945479,noetzel1907
Jefferson,1286,-77.03466344324862,38.84004938948879,noetzel1907
Jefferson,1287,-77.03467317357031,38.840045748788555,noetzel1907
Jefferson,1288,-77.035503994578,38.83976774862187,noetzel1907
Jefferson,1289,-77.0356941704926,38.83973991410103,noetzel1907
Jefferson,1290,-77.03642097950099,38.839570481893254,noetzel1907
Jefferson,1291,-77.03654714947453,38.83958029346055,noetzel1907
Jefferson,1292,-77.03665001318411,38.83952939979458,noetzel1907
Jefferson,1293,-77.036655430933,38.839521997908925,noetzel1907
Jefferson,1294,-77.03666087986714,38.83951478863986,noetzel1907
Jefferson,1295,-77.03666625579504,38.83950771576607,noetzel1907
Jefferson,1296,-77.03667338298321,38.83950085695384,noetzel1907
Jefferson,1297,-77.0366796977517,38.839494235162775,noetzel1907
Jefferson,1298,-77.0366868510874,38.83948781605413,noetzel1907
Jefferson,1299,-77.03669399938553,38.83948164403262,noetzel1907
Jefferson,1300,-77.03670202191391,38.83947564767673,noetzel1907
Jefferson,1301,-77.03671003660682,38.83947003567875,noetzel1907
Jefferson,1302,-77.03671804906016,38.83946453349691,noetzel1907
Jefferson,1303,-77.03672605423782,38.83945938821873,noetzel1907
Jefferson,1304,-77.03673493364563,38.83945441860586,noetzel1907
Jefferson,1305,-77.03674468112818,38.83944992665404,noetzel1907
Jefferson,1306,-77.03675354822313,38.839445561031546,noetzel1907
Jefferson,1307,-77.03676328563127,38.839441563253295,noetzel1907
Jefferson,1308,-77.03677301576411,38.83943792237845,noetzel1907
Jefferson,1309,-77.03678274030045,38.83943455604451,noetzel1907
Jefferson,1310,-77.03679245979993,38.839431436797334,noetzel1907
Jefferson,1311,-77.03680304793424,38.839428767756466,noetzel1907
Jefferson,1312,-77.03681363159149,38.83942631834798,noetzel1907
Jefferson,1313,-77.03682332870709,38.83942429726513,noetzel1907
Jefferson,1314,-77.03683389669608,38.83942261657168,noetzel1907
Jefferson,1315,-77.03684533667759,38.83942122135904,noetzel1907
Jefferson,1316,-77.0368558923561,38.839420144655385,noetzel1907
Jefferson,1317,-77.036866439082,38.83941950721755,noetzel1907
Jefferson,1318,-77.03727345142708,38.839435564721995,noetzel1907
Jefferson,1319,-77.0374399684524,38.839360776056104,noetzel1907
Jefferson,1320,-77.03747557587471,38.83933647726178,noetzel1907
Jefferson,1321,-77.03763376529203,38.83932746384307,noetzel1907
Jefferson,1322,-77.03812633227494,38.839278677574505,noetzel1907
Jefferson,1323,-77.03824178243278,38.83929933826403,noetzel1907
Jefferson,1324,-77.03847408020721,38.83927202384926,noetzel1907
Jefferson,1325,-77.03917988346493,38.83926982605346,noetzel1907
Jefferson,1326,-77.04006449108944,38.839280832683045,noetzel1907
Jefferson,1327,-77.04041084344578,38.83934280869176,noetzel1907
Jefferson,1328,-77.04063060040049,38.83941419413221,noetzel1907
Jefferson,1329,-77.04094374257845,38.839555392890446,noetzel1907
Jefferson,1330,-77.04115102132096,38.839549731067095,noetzel1907
Jefferson,1331,-77.0418508107647,38.839497984947826,noetzel1907
Jefferson,1332,-77.04242411305816,38.83962318870242,noetzel1907
Jefferson,1333,-77.04278077730787,38.83969627017158,noetzel1907
Jefferson,1334,-77.0430460611292,38.83977370848899,noetzel1907
Jefferson,1335,-77.04311203396531,38.83981022684941,noetzel1907
Jefferson,1336,-77.04314552207413,38.839890279750826,noetzel1907
Jefferson,1337,-77.04313794418962,38.83991764680653,noetzel1907
Jefferson,1338,-77.04338556697331,38.84017336235176,noetzel1907
Jefferson,1339,-77.04342551933466,38.840280956493416,noetzel1907
Jefferson,1340,-77.0433972701522,38.840461849251255,noetzel1907
Jefferson,1341,-77.043463654299,38.84047640361494,noetzel1907
Jefferson,1342,-77.04369180790451,38.840309003238495,noetzel1907
Jefferson,1343,-77.043813835062,38.840178676445085,noetzel1907
Jefferson,1344,-77.04389836239075,38.84016602201013,noetzel1907
Jefferson,1345,-77.04399884863288,38.840230401667,noetzel1907
Jefferson,1346,-77.0443932171949,38.84017762479182,noetzel1907
Jefferson,1347,-77.04455386047873,38.84022080856989,noetzel1907
Jefferson,1348,-77.04468034663527,38.84021685727258,noetzel1907
Jefferson,1349,-77.04474301181278,38.84024512281471,noetzel1907
Jefferson,1350,-77.0448765991142,38.84040879954239,noetzel1907
Jefferson,1351,-77.0450658323672,38.840600626992675,noetzel1907
Jefferson,1352,-77.0453319065844,38.840812629236254,noetzel1907
Jefferson,1353,-77.04581128486323,38.841068465378264,noetzel1907
Jefferson,1354,-77.04614277505588,38.84117143178424,noetzel1907
Jefferson,1355,-77.04674774782927,38.84129426028553,noetzel1907
Jefferson,1356,-77.04710904647077,38.8413124636237,noetzel1907
Jefferson,1357,-77.04742164335254,38.84130809427792,noetzel1907
Jefferson,1358,-77.04793204716972,38.84124575699741,noetzel1907
Jefferson,1359,-77.04851121582054,38.84125566670389,noetzel1907
Jefferson,1360,-77.04875691277667,38.841258677345834,noetzel1907
Jefferson,1361,-77.04877802001727,38.841258471479705,noetzel1907
Jefferson,1362,-77.04878943342031,38.841258392906035,noetzel1907
Jefferson,1363,-77.0488104994516,38.84125848859639,noetzel1907
Jefferson,1364,-77.04882191007982,38.84125854729065,noetzel1907
Jefferson,1365,-77.04884297278147,38.84125880770052,noetzel1907
Jefferson,1366,-77.04885350246751,38.84125902026667,noetzel1907
Jefferson,1367,-77.04886490810134,38.84125932604477,noetzel1907
Jefferson,1368,-77.04888596358917,38.84125994335168,noetzel1907
Jefferson,1369,-77.04889645428646,38.84126034765955,noetzel1907
Jefferson,1370,-77.04890789169562,38.84126081859268,noetzel1907
Jefferson,1371,-77.04892894052523,38.841261765342544,noetzel1907
Jefferson,1372,-77.04893946133328,38.84126241716854,noetzel1907
Jefferson,1373,-77.04894998436116,38.841262959176625,noetzel1907
Jefferson,1374,-77.04896138278222,38.84126362185014,noetzel1907
Jefferson,1375,-77.04899294021459,38.84126582440437,noetzel1907
Jefferson,1376,-77.04900433530713,38.84126665179903,noetzel1907
Jefferson,1377,-77.04902536693832,38.84126844961235,noetzel1907
Jefferson,1378,-77.04904639524128,38.84127041214724,noetzel1907
Jefferson,1379,-77.04905778534135,38.84127148662464,noetzel1907
Jefferson,1380,-77.04907880976205,38.84127364133327,noetzel1907
Jefferson,1381,-77.04908931836628,38.841274897138575,noetzel1907
Jefferson,1382,-77.04909982863545,38.8412760705803,noetzel1907
Jefferson,1383,-77.04911033779526,38.8412772989295,noetzel1907
Jefferson,1384,-77.04912084473605,38.841278637094625,noetzel1907
Jefferson,1385,-77.0491322292901,38.841279986107,noetzel1907
Jefferson,1386,-77.04915324039946,38.841282799703535,noetzel1907
Jefferson,1387,-77.0491742476267,38.841285805475835,noetzel1907
Jefferson,1388,-77.04918475456992,38.841287143635235,noetzel1907
Jefferson,1389,-77.04919613912651,38.841288492641425,noetzel1907
Jefferson,1390,-77.0492066444061,38.841289913161546,noetzel1907
Jefferson,1391,-77.04921802563469,38.84129142689088,noetzel1907
Jefferson,1392,-77.0492285292507,38.84129292977172,noetzel1907
Jefferson,1393,-77.04923903120275,38.84129451501424,noetzel1907
Jefferson,1394,-77.04925041076834,38.84129611110314,noetzel1907
Jefferson,1395,-77.04928190608777,38.841301388452194,noetzel1907
Jefferson,1396,-77.04929327844326,38.84130334144176,noetzel1907
Jefferson,1397,-77.04930377540526,38.84130517376649,noetzel1907
Jefferson,1398,-77.0493247615641,38.84130922277217,noetzel1907
Jefferson,1399,-77.04933613114815,38.841311313028704,noetzel1907
Jefferson,1400,-77.04935711009875,38.84131571893341,noetzel1907
Jefferson,1401,-77.04937808683292,38.841320234651306,noetzel1907
Jefferson,1402,-77.04938857270464,38.84132261605282,noetzel1907
Jefferson,1403,-77.04939905746758,38.8413250523618,noetzel1907
Jefferson,1404,-77.04942002311245,38.84133011715657,noetzel1907
Jefferson,1405,-77.04944098487718,38.8413353741271,noetzel1907
Jefferson,1406,-77.04945146465127,38.84133805751943,noetzel1907
Jefferson,1407,-77.04947241976409,38.84134364393497,noetzel1907
Jefferson,1408,-77.04949340665648,38.84134939550591,noetzel1907
Jefferson,1409,-77.04950384411885,38.84135243536458,noetzel1907
Jefferson,1410,-77.04951431779611,38.84135542074764,noetzel1907
Jefferson,1411,-77.04952391108687,38.84135853255571,noetzel1907
Jefferson,1412,-77.0495343819924,38.841361655208104,noetzel1907
Jefferson,1413,-77.04954485955506,38.841364448408946,noetzel1907
Jefferson,1414,-77.04955445784049,38.84136731312647,noetzel1907
Jefferson,1415,-77.04957540908711,38.84137309170316,noetzel1907
Jefferson,1416,-77.04958500626556,38.841376011326645,noetzel1907
Jefferson,1417,-77.04959547828565,38.8413790790651,noetzel1907
Jefferson,1418,-77.04960507324706,38.84138210850383,noetzel1907
Jefferson,1419,-77.04961554582351,38.84138514878632,noetzel1907
Jefferson,1420,-77.04962513912265,38.84138826058609,noetzel1907
Jefferson,1421,-77.04963560892759,38.84139143813788,noetzel1907
Jefferson,1422,-77.04964520111912,38.8413946048444,noetzel1907
Jefferson,1423,-77.0496556698166,38.84139783730283,noetzel1907
Jefferson,1424,-77.0496652948959,38.84140111425838,noetzel1907
Jefferson,1425,-77.04967576193133,38.84140442907766,noetzel1907
Jefferson,1426,-77.0496853513532,38.841407733051994,noetzel1907
Jefferson,1427,-77.04969581728126,38.84141110277798,noetzel1907
Jefferson,1428,-77.04972454046722,38.84142150843593,noetzel1907
Jefferson,1429,-77.04973503762145,38.84142507077166,noetzel1907
Jefferson,1430,-77.04974462039348,38.841428704191785,noetzel1907
Jefferson,1431,-77.04975420483031,38.841432255248485,noetzel1907
Jefferson,1432,-77.04976378594046,38.84143597102971,noetzel1907
Jefferson,1433,-77.04977424577572,38.84143964274504,noetzel1907
Jefferson,1434,-77.04978382688789,38.841443358524614,noetzel1907
Jefferson,1435,-77.04981256523912,38.84145475294667,noetzel1907
Jefferson,1436,-77.04982214247322,38.84145866090264,noetzel1907
Jefferson,1437,-77.04983171804463,38.84146265122048,noetzel1907
Jefferson,1438,-77.04984129528084,38.84146655917489,noetzel1907
Jefferson,1439,-77.04985090484982,38.84147060483334,noetzel1907
Jefferson,1440,-77.04986044531985,38.84147459471514,noetzel1907
Jefferson,1441,-77.04987001867728,38.84147869484676,noetzel1907
Jefferson,1442,-77.04987959148123,38.84148282243179,noetzel1907
Jefferson,1443,-77.04988828667078,38.84148693917354,noetzel1907
Jefferson,1444,-77.04989785892234,38.8414910942113,noetzel1907
Jefferson,1445,-77.04990742951136,38.841495331610965,noetzel1907
Jefferson,1446,-77.04991700342876,38.84149940428447,noetzel1907
Jefferson,1447,-77.04992570139517,38.8415033837523,noetzel1907
Jefferson,1448,-77.04993527919646,38.8415072642448,noetzel1907
Jefferson,1449,-77.04994485810786,38.84151108982804,noetzel1907
Jefferson,1450,-77.04996402369709,38.84151835663312,noetzel1907
Jefferson,1451,-77.04998319594444,38.841525293984375,noetzel1907
Jefferson,1452,-77.0499927853966,38.84152859793353,noetzel1907
Jefferson,1453,-77.0500023770677,38.84153179206498,noetzel1907
Jefferson,1454,-77.05001284635578,38.84153499703723,noetzel1907
Jefferson,1455,-77.05002244135565,38.84153802644175,noetzel1907
Jefferson,1456,-77.05003203968333,38.841540891120104,noetzel1907
Jefferson,1457,-77.05004251562802,38.84154376663907,noetzel1907
Jefferson,1458,-77.05005211562074,38.841546548953126,noetzel1907
Jefferson,1459,-77.05006259655748,38.8415491773823,noetzel1907
Jefferson,1460,-77.05007219987864,38.84155179496936,noetzel1907
Jefferson,1461,-77.05008268469824,38.841554231217195,noetzel1907
Jefferson,1462,-77.05009317118198,38.84155658510141,noetzel1907
Jefferson,1463,-77.05010278171343,38.84155884578112,noetzel1907
Jefferson,1464,-77.0501132715253,38.8415610349382,noetzel1907
Jefferson,1465,-77.0501342929092,38.84156508423252,noetzel1907
Jefferson,1466,-77.05014387720978,38.841566905207706,noetzel1907
Jefferson,1467,-77.05015437534092,38.84156868254778,noetzel1907
Jefferson,1468,-77.0501648756904,38.841570350070064,noetzel1907
Jefferson,1469,-77.0501753777037,38.84157193522871,noetzel1907
Jefferson,1470,-77.05019638838498,38.841574776092536,noetzel1907
Jefferson,1471,-77.05020689705282,38.84157603179771,noetzel1907
Jefferson,1472,-77.05021740793876,38.841577177685025,noetzel1907
Jefferson,1473,-77.05022792048834,38.84157824120879,noetzel1907
Jefferson,1474,-77.050248951687,38.841580066256995,noetzel1907
Jefferson,1475,-77.05025947144485,38.84158077287303,noetzel1907
Jefferson,1476,-77.05026999231173,38.84158142457967,noetzel1907
Jefferson,1477,-77.050280514842,38.84158199392268,noetzel1907
Jefferson,1478,-77.05029103959006,38.84158245344787,noetzel1907
Jefferson,1479,-77.05031209518494,38.841583070498984,noetzel1907
Jefferson,1480,-77.0503235042028,38.841583211409954,noetzel1907
Jefferson,1481,-77.0503340372671,38.84158325911794,noetzel1907
Jefferson,1482,-77.05035511060267,38.841582997626226,noetzel1907
Jefferson,1483,-77.05036565087381,38.841582688426506,noetzel1907
Jefferson,1484,-77.05037619280799,38.841582296863166,noetzel1907
Jefferson,1485,-77.0503867358508,38.84158185039042,noetzel1907
Jefferson,1486,-77.0503972811109,38.84158129409985,noetzel1907
Jefferson,1487,-77.05041837939157,38.84157979715677,noetzel1907
Jefferson,1488,-77.05042893074898,38.8415789388669,noetzel1907
Jefferson,1489,-77.05043948487787,38.84157794330498,noetzel1907
Jefferson,1490,-77.0504500406695,38.84157686537944,noetzel1907
Jefferson,1491,-77.05047115890379,38.84157438007482,noetzel1907
Jefferson,1492,-77.05048172134634,38.84157297269574,noetzel1907
Jefferson,1493,-77.05049228545148,38.84157148295302,noetzel1907
Jefferson,1494,-77.05050197415684,38.84156987255459,noetzel1907
Jefferson,1495,-77.05051257780026,38.84156816360977,noetzel1907
Jefferson,1496,-77.05052311123393,38.841566453797,noetzel1907
Jefferson,1497,-77.0505336842062,38.84156452478301,noetzel1907
Jefferson,1498,-77.05054338122429,38.8415625025678,noetzel1907
Jefferson,1499,-77.05055395807554,38.841560381372425,noetzel1907
Jefferson,1500,-77.05056453603477,38.8415582052676,noetzel1907
Jefferson,1501,-77.05057423859407,38.84155590850759,noetzel1907
Jefferson,1502,-77.05058481987776,38.841553567675625,noetzel1907
Jefferson,1503,-77.05059452742435,38.8415510238259,noetzel1907
Jefferson,1504,-77.05060511258662,38.841548490812535,noetzel1907
Jefferson,1505,-77.0506148234575,38.841545782235784,noetzel1907
Jefferson,1506,-77.05062453599044,38.84154299129556,noetzel1907
Jefferson,1507,-77.05063512780174,38.84154012882882,noetzel1907
Jefferson,1508,-77.050644844213,38.84153714570733,noetzel1907
Jefferson,1509,-77.05065456228624,38.84153408022239,noetzel1907
Jefferson,1510,-77.05066428202144,38.84153093237395,noetzel1907
Jefferson,1511,-77.0506740028643,38.841527729616246,noetzel1907
Jefferson,1512,-77.05069345286111,38.8415209122851,noetzel1907
Jefferson,1513,-77.05070318035226,38.84151738007429,noetzel1907
Jefferson,1514,-77.050722640874,38.841510041108,noetzel1907
Jefferson,1515,-77.05073149684291,38.841506196062085,noetzel1907
Jefferson,1516,-77.0507412320894,38.84150227948896,noetzel1907
Jefferson,1517,-77.0507500913817,38.8414982697163,noetzel1907
Jefferson,1518,-77.05075982995142,38.84149418841628,noetzel1907
Jefferson,1519,-77.050768692567,38.84149001391682,noetzel1907
Jefferson,1520,-77.05077755684422,38.84148575705402,noetzel1907
Jefferson,1521,-77.05078730095279,38.84148140120946,noetzel1907
Jefferson,1522,-77.05079616910729,38.841476952165706,noetzel1907
Jefferson,1523,-77.05080503836909,38.84147244821278,noetzel1907
Jefferson,1524,-77.0508139098466,38.84146783444232,noetzel1907
Jefferson,1525,-77.05082278298556,38.8414631383085,noetzel1907
Jefferson,1526,-77.05083077850803,38.84145843133851,noetzel1907
Jefferson,1527,-77.05083965496988,38.841453570478016,noetzel1907
Jefferson,1528,-77.05084853364728,38.8414485998,noetzel1907
Jefferson,1529,-77.05085653581668,38.8414435633775,noetzel1907
Jefferson,1530,-77.05086541781674,38.84143842797284,noetzel1907
Jefferson,1531,-77.05087342220055,38.84143328173232,noetzel1907
Jefferson,1532,-77.05088943706059,38.841422687253115,noetzel1907
Jefferson,1533,-77.05090545967423,38.84141170841256,noetzel1907
Jefferson,1534,-77.05091347236461,38.841406150355894,noetzel1907
Jefferson,1535,-77.05196051928606,38.84067487744094,noetzel1907
Jefferson,1536,-77.05196853347381,38.84066923694854,noetzel1907
Jefferson,1537,-77.05198455907679,38.8406580932333,noetzel1907
Jefferson,1538,-77.05199344920516,38.84065254592873,noetzel1907
Jefferson,1539,-77.05200146006538,38.84064707015948,noetzel1907
Jefferson,1540,-77.05200946926314,38.840641676752384,noetzel1907
Jefferson,1541,-77.05201835606519,38.84063629417134,noetzel1907
Jefferson,1542,-77.0520263652605,38.84063090076309,noetzel1907
Jefferson,1543,-77.0520352152945,38.84062560011041,noetzel1907
Jefferson,1544,-77.05204325626923,38.84062037185944,noetzel1907
Jefferson,1545,-77.0520521414049,38.840615071638545,noetzel1907
Jefferson,1546,-77.05206102266325,38.84060996359658,noetzel1907
Jefferson,1547,-77.05206902686899,38.84060481727351,noetzel1907
Jefferson,1548,-77.0520779086786,38.840599681776055,noetzel1907
Jefferson,1549,-77.052095668418,38.84058960295873,noetzel1907
Jefferson,1550,-77.05210366874309,38.840584648812914,noetzel1907
Jefferson,1551,-77.05211254722549,38.84057967803825,noetzel1907
Jefferson,1552,-77.05212142404561,38.84057478962557,noetzel1907
Jefferson,1553,-77.05213029809607,38.84057003848343,noetzel1907
Jefferson,1554,-77.05214005196468,38.84056518834934,noetzel1907
Jefferson,1555,-77.05216667078317,38.84055109964203,noetzel1907
Jefferson,1556,-77.05224818549578,38.84051365962514,noetzel1907
Jefferson,1557,-77.05232964476197,38.840478964975205,noetzel1907
Jefferson,1558,-77.05234026236798,38.84047481200461,noetzel1907
Jefferson,1559,-77.05235000126208,38.84047070311746,noetzel1907
Jefferson,1560,-77.05236061332968,38.84046682468736,noetzel1907
Jefferson,1561,-77.05237122428895,38.84046300116485,noetzel1907
Jefferson,1562,-77.0523818330327,38.84045928745832,noetzel1907
Jefferson,1563,-77.05239244066816,38.840455628659306,noetzel1907
Jefferson,1564,-77.05240304498105,38.840452134584794,noetzel1907
Jefferson,1565,-77.05241364707855,38.84044875032624,noetzel1907
Jefferson,1566,-77.05242424751434,38.840445448429456,noetzel1907
Jefferson,1567,-77.05243572389155,38.84044223971792,noetzel1907
Jefferson,1568,-77.05244631878966,38.84043921236151,noetzel1907
Jefferson,1569,-77.05245603331598,38.84043631145207,noetzel1907
Jefferson,1570,-77.05246662378387,38.84043350372775,noetzel1907
Jefferson,1571,-77.05247633554079,38.84043074008779,noetzel1907
Jefferson,1572,-77.05248604618988,38.840428031355536,noetzel1907
Jefferson,1573,-77.05249663278052,38.84042541580822,noetzel1907
Jefferson,1574,-77.05250634176748,38.84042278943698,noetzel1907
Jefferson,1575,-77.05251692669597,38.84042025625052,noetzel1907
Jefferson,1576,-77.05252663236028,38.84041779460307,noetzel1907
Jefferson,1577,-77.0525372156267,38.840415343777515,noetzel1907
Jefferson,1578,-77.0525469190755,38.840412991945335,noetzel1907
Jefferson,1579,-77.05255746557584,38.84041062304775,noetzel1907
Jefferson,1580,-77.0525672024669,38.8404083540095,noetzel1907
Jefferson,1581,-77.05258835847674,38.84040397398069,noetzel1907
Jefferson,1582,-77.05259802183662,38.84040186879953,noetzel1907
Jefferson,1583,-77.05261920685821,38.84039779119468,noetzel1907
Jefferson,1584,-77.05262890144597,38.8403958786236,noetzel1907
Jefferson,1585,-77.05263947418928,38.84039394941939,noetzel1907
Jefferson,1586,-77.05265004471806,38.840392130031155,noetzel1907
Jefferson,1587,-77.05266061413933,38.84039036555051,noetzel1907
Jefferson,1588,-77.05267030595755,38.840388590247166,noetzel1907
Jefferson,1589,-77.05268087371735,38.84038690812741,noetzel1907
Jefferson,1590,-77.05270200536121,38.84038373606472,noetzel1907
Jefferson,1591,-77.05271256924527,38.84038224612178,noetzel1907
Jefferson,1592,-77.05273369369137,38.84037943095849,noetzel1907
Jefferson,1593,-77.05274421970276,38.84037807785107,noetzel1907
Jefferson,1594,-77.05275393776617,38.84037674224157,noetzel1907
Jefferson,1595,-77.0527644966671,38.84037549938214,noetzel1907
Jefferson,1596,-77.05277505390737,38.840374338884466,noetzel1907
Jefferson,1597,-77.05280672009175,38.84037113192818,noetzel1907
Jefferson,1598,-77.05282782405422,38.84036933255495,noetzel1907
Jefferson,1599,-77.05284892469514,38.84036769790335,noetzel1907
Jefferson,1600,-77.05287002146126,38.84036625542763,noetzel1907
Jefferson,1601,-77.0528805665236,38.84036569891382,noetzel1907
Jefferson,1602,-77.052891989188,38.84036515321912,noetzel1907
Jefferson,1603,-77.05290253424998,38.840364596703346,noetzel1907
Jefferson,1604,-77.05293415892073,38.84036344878088,noetzel1907
Jefferson,1605,-77.05294469900174,38.8403631393495,noetzel1907
Jefferson,1606,-77.05295523742252,38.8403629122799,noetzel1907
Jefferson,1607,-77.05297630983698,38.84036267777175,noetzel1907
Jefferson,1608,-77.05299737948452,38.84036258053109,noetzel1907
Jefferson,1609,-77.0530087905271,38.84036261136411,noetzel1907
Jefferson,1610,-77.05301932175408,38.84036274119389,noetzel1907
Jefferson,1611,-77.05304038033474,38.84036319303035,noetzel1907
Jefferson,1612,-77.05306143559567,38.84036380958849,noetzel1907
Jefferson,1613,-77.05307196184293,38.84036418650176,noetzel1907
Jefferson,1614,-77.05309301046455,38.840365132505156,noetzel1907
Jefferson,1615,-77.05310353283896,38.84036570159527,noetzel1907
Jefferson,1616,-77.0531149311559,38.84036636386558,noetzel1907
Jefferson,1617,-77.05314648887455,38.84036853784944,noetzel1907
Jefferson,1618,-77.05317803552934,38.84037126090962,noetzel1907
Jefferson,1619,-77.05318854960605,38.84037224180582,noetzel1907
Jefferson,1620,-77.05319906202318,38.84037330506377,noetzel1907
Jefferson,1621,-77.05320960733164,38.84037447857043,noetzel1907
Jefferson,1622,-77.05322364706261,38.84037300396526,noetzel1907
Jefferson,1623,-77.05323415394771,38.84037434176253,noetzel1907
Jefferson,1624,-77.05325516439952,38.84037718207968,noetzel1907
Jefferson,1625,-77.05326654778177,38.84037858559985,noetzel1907
Jefferson,1626,-77.05329805295229,38.84038336769612,noetzel1907
Jefferson,1627,-77.0533085180973,38.84038503450497,noetzel1907
Jefferson,1628,-77.05334004897267,38.8403902837448,noetzel1907
Jefferson,1629,-77.05337153313104,38.8403961090826,noetzel1907
Jefferson,1630,-77.05338202619197,38.84039813322273,noetzel1907
Jefferson,1631,-77.05340300899643,38.84040234622562,noetzel1907
Jefferson,1632,-77.05341262113717,38.84040452427222,noetzel1907
Jefferson,1633,-77.05342311088133,38.840406713134136,noetzel1907
Jefferson,1634,-77.05343359896655,38.84040898435787,noetzel1907
Jefferson,1635,-77.05346505769442,38.84041607256582,noetzel1907
Jefferson,1636,-77.05347466486029,38.840418497695545,noetzel1907
Jefferson,1637,-77.05348514741715,38.84042104345709,noetzel1907
Jefferson,1638,-77.0534956288684,38.84042364412621,noetzel1907
Jefferson,1639,-77.0535060763226,38.840426189453254,noetzel1907
Jefferson,1640,-77.05351571417009,38.84042883464618,noetzel1907
Jefferson,1641,-77.0535261928578,38.84043157258379,noetzel1907
Jefferson,1642,-77.05353667044004,38.84043436542894,noetzel1907
Jefferson,1643,-77.0535462353157,38.840437147025355,noetzel1907
Jefferson,1644,-77.05355674800366,38.840439940301295,noetzel1907
Jefferson,1645,-77.05356634466614,38.84044288705418,noetzel1907
Jefferson,1646,-77.05357681893275,38.84044584462122,noetzel1907
Jefferson,1647,-77.05358645070098,38.84044879180503,noetzel1907
Jefferson,1648,-77.05359688820575,38.84045183130043,noetzel1907
Jefferson,1649,-77.05360648265894,38.84045488786692,noetzel1907
Jefferson,1650,-77.05361695139774,38.840458119972816,noetzel1907
Jefferson,1651,-77.05362658040369,38.84046120442459,noetzel1907
Jefferson,1652,-77.05363701404015,38.84046443609608,noetzel1907
Jefferson,1653,-77.05364660351874,38.84046773974757,noetzel1907
Jefferson,1654,-77.05428127760143,38.84068698159153,noetzel1907
Jefferson,1655,-77.05532738910722,38.841048617459656,noetzel1907
Jefferson,1656,-77.05539013513963,38.841071358575775,noetzel1907
Jefferson,1657,-77.05552248249894,38.84112516338533,noetzel1907
Jefferson,1658,-77.05862806203227,38.8424457713692,noetzel1907
Jefferson,1659,-77.0601700050857,38.8431237604737,noetzel1907
Jefferson,1660,-77.06190449075855,38.84418304978136,noetzel1907
Jefferson,1661,-77.06203980940954,38.844264344472386,noetzel1907
Jefferson,1662,-77.06290416735283,38.84476373573696,noetzel1907
Jefferson,1663,-77.0629128515953,38.844768455504386,noetzel1907
Jefferson,1664,-77.06293022228203,38.844777785220195,noetzel1907
Jefferson,1665,-77.06293982423826,38.84478226907204,noetzel1907
Jefferson,1666,-77.06295716697015,38.84479124144865,noetzel1907
Jefferson,1667,-77.06296673712106,38.84479556014293,noetzel1907
Jefferson,1668,-77.06297542961514,38.8447998680918,noetzel1907
Jefferson,1669,-77.06298500141702,38.84480410442177,noetzel1907
Jefferson,1670,-77.06299457486875,38.84480825838818,noetzel1907
Jefferson,1671,-77.06300327066343,38.84481240160936,noetzel1907
Jefferson,1672,-77.06301284631556,38.84481644575725,noetzel1907
Jefferson,1673,-77.06302242306789,38.844820434995846,noetzel1907
Jefferson,1674,-77.06303112436122,38.84482430367237,noetzel1907
Jefferson,1675,-77.0630502850152,38.84483192524033,noetzel1907
Jefferson,1676,-77.06305986726711,38.84483563993325,noetzel1907
Jefferson,1677,-77.06306945061911,38.84483929971682,noetzel1907
Jefferson,1678,-77.0630886217223,38.84484639964755,noetzel1907
Jefferson,1679,-77.06309820947342,38.84484983979475,noetzel1907
Jefferson,1680,-77.06310867763177,38.84485315341346,noetzel1907
Jefferson,1681,-77.06311826648383,38.84485653865045,noetzel1907
Jefferson,1682,-77.06312785918341,38.84485973170679,noetzel1907
Jefferson,1683,-77.06313745298289,38.84486286985386,noetzel1907
Jefferson,1684,-77.063147924442,38.84486601874352,noetzel1907
Jefferson,1685,-77.06315752099073,38.844869019617654,noetzel1907
Jefferson,1686,-77.06316799629815,38.84487197632568,noetzel1907
Jefferson,1687,-77.063177595596,38.844874839926824,noetzel1907
Jefferson,1688,-77.06318807255359,38.84487771427029,noetzel1907
Jefferson,1689,-77.06319767514998,38.84488041314424,noetzel1907
Jefferson,1690,-77.06320815485661,38.844883150214585,noetzel1907
Jefferson,1691,-77.06321775965243,38.84488573926983,noetzel1907
Jefferson,1692,-77.06322824375646,38.8448882567043,noetzel1907
Jefferson,1693,-77.06323785130105,38.84489070848659,noetzel1907
Jefferson,1694,-77.06324833705494,38.84489314355648,noetzel1907
Jefferson,1695,-77.06325882445795,38.84489549626266,noetzel1907
Jefferson,1696,-77.06326935026478,38.844897684672,noetzel1907
Jefferson,1697,-77.0632789282003,38.84489986147862,noetzel1907
Jefferson,1698,-77.06329991290113,38.84490407270783,noetzel1907
Jefferson,1699,-77.06332090474721,38.84490792702789,noetzel1907
Jefferson,1700,-77.06333140424246,38.84490967573381,noetzel1907
Jefferson,1701,-77.06334102552938,38.844911441151055,noetzel1907
Jefferson,1702,-77.06335152667394,38.84491310749242,noetzel1907
Jefferson,1703,-77.06337253226108,38.844916275446685,noetzel1907
Jefferson,1704,-77.06339354444309,38.844919113946055,noetzel1907
Jefferson,1705,-77.06341459887543,38.844921595965914,noetzel1907
Jefferson,1706,-77.06342507480613,38.844922767694285,noetzel1907
Jefferson,1707,-77.06343558804113,38.84492383003432,noetzel1907
Jefferson,1708,-77.06344697838665,38.844924930568816,noetzel1907
Jefferson,1709,-77.06346801145092,38.844926725792874,noetzel1907
Jefferson,1710,-77.0634890511088,38.84492819156204,noetzel1907
Jefferson,1711,-77.06349957313559,38.844928814628176,noetzel1907
Jefferson,1712,-77.06351009626133,38.84492938278481,noetzel1907
Jefferson,1713,-77.06353114635878,38.844930326915424,noetzel1907
Jefferson,1714,-77.06354255263825,38.84493063126705,noetzel1907
Jefferson,1715,-77.06355308125814,38.84493092487723,noetzel1907
Jefferson,1716,-77.06357414509036,38.844931182643606,noetzel1907
Jefferson,1717,-77.06358467865456,38.84493122916255,noetzel1907
Jefferson,1718,-77.063605749079,38.84493115747207,noetzel1907
Jefferson,1719,-77.06361716579623,38.84493094018546,noetzel1907
Jefferson,1720,-77.06362770430438,38.844930739612195,noetzel1907
Jefferson,1721,-77.06364878901097,38.84492995410317,noetzel1907
Jefferson,1722,-77.06365929790564,38.84492947855488,noetzel1907
Jefferson,1723,-77.06366988360475,38.84492867441362,noetzel1907
Jefferson,1724,-77.06368131350474,38.844927798218414,noetzel1907
Jefferson,1725,-77.06369186794208,38.84492680146581,noetzel1907
Jefferson,1726,-77.06370330168662,38.84492573308864,noetzel1907
Jefferson,1727,-77.06371386106697,38.84492448924567,noetzel1907
Jefferson,1728,-77.06372529975445,38.84492317377797,noetzel1907
Jefferson,1729,-77.06373586242977,38.84492176520742,noetzel1907
Jefferson,1730,-77.06374646240816,38.844920247248425,noetzel1907
Jefferson,1731,-77.06375787093152,38.84491868425965,noetzel1907
Jefferson,1732,-77.0637684407461,38.84491691878074,noetzel1907
Jefferson,1733,-77.06378958366932,38.844913223094494,noetzel1907
Jefferson,1734,-77.06380016007348,38.84491112816156,noetzel1907
Jefferson,1735,-77.06381161413647,38.84490904396608,noetzel1907
Jefferson,1736,-77.06382219218712,38.84490686666835,noetzel1907
Jefferson,1737,-77.06383277408189,38.844904497189845,noetzel1907
Jefferson,1738,-77.06384335762368,38.84490204534762,noetzel1907
Jefferson,1739,-77.0638539428125,38.8448995111416,noetzel1907
Jefferson,1740,-77.06386452964826,38.84489689457183,noetzel1907
Jefferson,1741,-77.06387424047168,38.8448941849004,noetzel1907
Jefferson,1742,-77.06388483005206,38.84489143105749,noetzel1907
Jefferson,1743,-77.06389542457468,38.84488843012523,noetzel1907
Jefferson,1744,-77.06454478547938,38.8447261148961,noetzel1907
Jefferson,1745,-77.06462240358674,38.84470784138029,noetzel1907
Jefferson,1746,-77.06463650099452,38.84470526767016,noetzel1907
Jefferson,1747,-77.06472470582906,38.8446843774461,noetzel1907
Jefferson,1748,-77.06480588935956,38.844663401308104,noetzel1907
Jefferson,1749,-77.06482711722917,38.84465545002284,noetzel1907
Jefferson,1750,-77.0648351248128,38.84465011065446,noetzel1907
Jefferson,1751,-77.06484400950274,38.84464480947047,noetzel1907
Jefferson,1752,-77.06485201598622,38.844639525009384,noetzel1907
Jefferson,1753,-77.06486089902704,38.84463430618691,noetzel1907
Jefferson,1754,-77.06486890605694,38.84462899427045,noetzel1907
Jefferson,1755,-77.06487691143913,38.84462376471624,noetzel1907
Jefferson,1756,-77.06488579447618,38.84461854589186,noetzel1907
Jefferson,1757,-77.06489376420086,38.84461334336151,noetzel1907
Jefferson,1758,-77.06490268069516,38.84460820732788,noetzel1907
Jefferson,1759,-77.06491068607257,38.84460297777134,noetzel1907
Jefferson,1760,-77.06492848339973,38.844592732725815,noetzel1907
Jefferson,1761,-77.06493645147202,38.84458761255533,noetzel1907
Jefferson,1762,-77.06494533120737,38.84458255845203,noetzel1907
Jefferson,1763,-77.06495333548116,38.8445773838011,noetzel1907
Jefferson,1764,-77.06497109384804,38.84456733049976,noetzel1907
Jefferson,1765,-77.06497909537421,38.84456229311841,noetzel1907
Jefferson,1766,-77.0649879399972,38.84455723858267,noetzel1907
Jefferson,1767,-77.06500573016768,38.84454735043084,noetzel1907
Jefferson,1768,-77.06501373223801,38.84454228559284,noetzel1907
Jefferson,1769,-77.06502264322694,38.84453742409269,noetzel1907
Jefferson,1770,-77.06504036372414,38.844527507622985,noetzel1907
Jefferson,1771,-77.06504923960325,38.84452264569164,noetzel1907
Jefferson,1772,-77.06505723782631,38.84451777303049,noetzel1907
Jefferson,1773,-77.06507499012741,38.84450802171032,noetzel1907
Jefferson,1774,-77.06508386435546,38.84450324213915,noetzel1907
Jefferson,1775,-77.06509274022864,38.844498380204485,noetzel1907
Jefferson,1776,-77.06511936345085,38.84448401403067,noetzel1907
Jefferson,1777,-77.06512823602675,38.84447931681896,noetzel1907
Jefferson,1778,-77.06513711024772,38.8444745372437,noetzel1907
Jefferson,1779,-77.06516372796487,38.84446044560246,noetzel1907
Jefferson,1780,-77.06518146981145,38.84445121589723,noetzel1907
Jefferson,1781,-77.06519034237921,38.84444651868077,noetzel1907
Jefferson,1782,-77.06519921329964,38.84444190382641,noetzel1907
Jefferson,1783,-77.06520808202403,38.84443739878854,noetzel1907
Jefferson,1784,-77.06521783059604,38.844432794660776,noetzel1907
Jefferson,1785,-77.06522669986687,38.844428262167185,noetzel1907
Jefferson,1786,-77.0652355707827,38.8444236473101,noetzel1907
Jefferson,1787,-77.06524443785648,38.84441922463227,noetzel1907
Jefferson,1788,-77.06525330712392,38.84441469213666,noetzel1907
Jefferson,1789,-77.06526305404384,38.844410170367944,noetzel1907
Jefferson,1790,-77.06528078873224,38.844401297553134,noetzel1907
Jefferson,1791,-77.06529053400253,38.84439685814494,noetzel1907
Jefferson,1792,-77.06530826868423,38.84438798532595,noetzel1907
Jefferson,1793,-77.06531716975783,38.844383617980185,noetzel1907
Jefferson,1794,-77.06532687772271,38.844379287957,noetzel1907
Jefferson,1795,-77.06533574368802,38.844374920180734,noetzel1907
Jefferson,1796,-77.06534548675667,38.84437059058507,noetzel1907
Jefferson,1797,-77.06535435052511,38.84436633262452,noetzel1907
Jefferson,1798,-77.06536321648716,38.84436196484622,noetzel1907
Jefferson,1799,-77.06537295790643,38.84435771761103,noetzel1907
Jefferson,1800,-77.0653818222203,38.84435343219415,noetzel1907
Jefferson,1801,-77.06539156199136,38.84434926732026,noetzel1907
Jefferson,1802,-77.06540042575445,38.84434500935618,noetzel1907
Jefferson,1803,-77.06541016607193,38.844340817026485,noetzel1907
Jefferson,1804,-77.06541902818695,38.84433664142385,noetzel1907
Jefferson,1805,-77.06542876795356,38.84433247654685,noetzel1907
Jefferson,1806,-77.06543763006648,38.84432830094279,noetzel1907
Jefferson,1807,-77.06545710685106,38.84432010845626,noetzel1907
Jefferson,1808,-77.06546596731492,38.84431601521293,noetzel1907
Jefferson,1809,-77.06547570543017,38.84431193269485,noetzel1907
Jefferson,1810,-77.06548456589198,38.84430783945005,noetzel1907
Jefferson,1811,-77.06550403937402,38.84429981168134,noetzel1907
Jefferson,1812,-77.0655128976383,38.84429582825154,noetzel1907
Jefferson,1813,-77.06552263410235,38.84429182809239,noetzel1907
Jefferson,1814,-77.06553149291321,38.844287817206855,noetzel1907
Jefferson,1815,-77.06554122827795,38.84428387195467,noetzel1907
Jefferson,1816,-77.06555008489242,38.844279970884855,noetzel1907
Jefferson,1817,-77.06555982135225,38.8442759707226,noetzel1907
Jefferson,1818,-77.06556955397095,38.84427216273944,noetzel1907
Jefferson,1819,-77.06557841113103,38.844268234213224,noetzel1907
Jefferson,1820,-77.06558814594194,38.84426431641142,noetzel1907
Jefferson,1821,-77.06559787910611,38.84426048097163,noetzel1907
Jefferson,1822,-77.06560673461752,38.84425663480608,noetzel1907
Jefferson,1823,-77.06562620039219,38.844248991376865,noetzel1907
Jefferson,1824,-77.06563593190657,38.84424523829679,noetzel1907
Jefferson,1825,-77.06564478521982,38.84424150194541,noetzel1907
Jefferson,1826,-77.06565451837787,38.84423766650092,noetzel1907
Jefferson,1827,-77.06566421313755,38.84423399535233,noetzel1907
Jefferson,1828,-77.06567397920546,38.84423027015225,noetzel1907
Jefferson,1829,-77.06568283306343,38.84422650634378,noetzel1907
Jefferson,1830,-77.06572175141153,38.84421187835948,noetzel1907
Jefferson,1831,-77.06573147907626,38.84420831745135,noetzel1907
Jefferson,1832,-77.06574033128298,38.844204636001336,noetzel1907
Jefferson,1833,-77.06576951536559,38.844193898361304,noetzel1907
Jefferson,1834,-77.06577924138001,38.84419041981205,noetzel1907
Jefferson,1835,-77.06578896903899,38.844186858899135,noetzel1907
Jefferson,1836,-77.06580842106312,38.844179901796565,noetzel1907
Jefferson,1837,-77.06581814542832,38.8441765056069,noetzel1907
Jefferson,1838,-77.06582787198651,38.8441729995993,noetzel1907
Jefferson,1839,-77.06583759634985,38.84416960340799,noetzel1907
Jefferson,1840,-77.0658473223577,38.844166124853125,noetzel1907
Jefferson,1841,-77.06585704671919,38.84416272866021,noetzel1907
Jefferson,1842,-77.06586676943436,38.84415941482931,noetzel1907
Jefferson,1843,-77.06587649379402,38.84415601863481,noetzel1907
Jefferson,1844,-77.06592510790031,38.84413942200997,noetzel1907
Jefferson,1845,-77.0659445494781,38.84413298651609,noetzel1907
Jefferson,1846,-77.06595514819013,38.84412976576317,noetzel1907
Jefferson,1847,-77.06596486925106,38.84412653428696,noetzel1907
Jefferson,1848,-77.06597458811737,38.84412341262709,noetzel1907
Jefferson,1849,-77.06598430972495,38.84412015369501,noetzel1907
Jefferson,1850,-77.06600374800173,38.844113882916965,noetzel1907
Jefferson,1851,-77.06601434506308,38.84411074452148,noetzel1907
Jefferson,1852,-77.06603378004428,38.844104638464145,noetzel1907
Jefferson,1853,-77.06604349945304,38.84410148934421,noetzel1907
Jefferson,1854,-77.06605321502218,38.84409853240351,noetzel1907
Jefferson,1855,-77.06606381043393,38.8440954763664,noetzel1907
Jefferson,1856,-77.06607356275256,38.844092437490026,noetzel1907
Jefferson,1857,-77.0660929593275,38.84408649571965,noetzel1907
Jefferson,1858,-77.06610355309067,38.84408352204183,noetzel1907
Jefferson,1859,-77.06611326920329,38.844080537641815,noetzel1907
Jefferson,1860,-77.06612298312162,38.84407766305811,noetzel1907
Jefferson,1861,-77.0661335741404,38.844074826648985,noetzel1907
Jefferson,1862,-77.06615300306984,38.8440690225689,noetzel1907
Jefferson,1863,-77.0661635946345,38.844066158702766,noetzel1907
Jefferson,1864,-77.06617334200978,38.84406336690656,noetzel1907
Jefferson,1865,-77.06618302136577,38.84406046443484,noetzel1907
Jefferson,1866,-77.06619361128297,38.8440576829288,noetzel1907
Jefferson,1867,-77.06620332354998,38.8440548907013,noetzel1907
Jefferson,1868,-77.06621391127224,38.84405221901057,noetzel1907
Jefferson,1869,-77.06622362463438,38.8440493718728,noetzel1907
Jefferson,1870,-77.06623333525411,38.84404666200569,noetzel1907
Jefferson,1871,-77.06624392352236,38.84404396285797,noetzel1907
Jefferson,1872,-77.06625363414061,38.844041252989115,noetzel1907
Jefferson,1873,-77.06626422076235,38.84403863620242,noetzel1907
Jefferson,1874,-77.06627393137913,38.844035926331905,noetzel1907
Jefferson,1875,-77.06628451799935,38.84403330954334,noetzel1907
Jefferson,1876,-77.0662942269697,38.844030682034,noetzel1907
Jefferson,1877,-77.06630481194354,38.844028147606465,noetzel1907
Jefferson,1878,-77.06631452091246,38.84402552009544,noetzel1907
Jefferson,1879,-77.06636535585757,38.84401199858422,noetzel1907
Jefferson,1880,-77.06640985526525,38.84399922350289,noetzel1907
Jefferson,1881,-77.06641952912045,38.84399659555437,noetzel1907
Jefferson,1882,-77.06643014864255,38.843994088998535,noetzel1907
Jefferson,1883,-77.06643985650578,38.84399151638571,noetzel1907
Jefferson,1884,-77.06645044146869,38.843988981945,noetzel1907
Jefferson,1885,-77.06646018443642,38.84398640975923,noetzel1907
Jefferson,1886,-77.06647073155077,38.84398401215935,noetzel1907
Jefferson,1887,-77.06648043886297,38.84398146699743,noetzel1907
Jefferson,1888,-77.0664910221783,38.84397901491593,noetzel1907
Jefferson,1889,-77.06650076295031,38.84397655254384,noetzel1907
Jefferson,1890,-77.06651130896543,38.84397420984895,noetzel1907
Jefferson,1891,-77.06652101463021,38.843971747046496,noetzel1907
Jefferson,1892,-77.06653159629808,38.84396937732413,noetzel1907
Jefferson,1893,-77.06654130196152,38.84396691452,noetzel1907
Jefferson,1894,-77.06655188307978,38.84396457225017,noetzel1907
Jefferson,1895,-77.06656158545269,38.84396227417002,noetzel1907
Jefferson,1896,-77.0665721665696,38.84395993189835,noetzel1907
Jefferson,1897,-77.06658186894124,38.84395763381655,noetzel1907
Jefferson,1898,-77.06659244841225,38.843955373905864,noetzel1907
Jefferson,1899,-77.06660215297534,38.84395296600525,noetzel1907
Jefferson,1900,-77.06661269514639,38.84395081548118,noetzel1907
Jefferson,1901,-77.06662243262141,38.84394851782471,noetzel1907
Jefferson,1902,-77.06663301044529,38.843946340273256,noetzel1907
Jefferson,1903,-77.06664359046121,38.84394405290364,noetzel1907
Jefferson,1904,-77.06665332574164,38.84394186506178,noetzel1907
Jefferson,1905,-77.06666386681324,38.84393976944165,noetzel1907
Jefferson,1906,-77.06667356753475,38.84393755371508,noetzel1907
Jefferson,1907,-77.06668414535545,38.84393537615902,noetzel1907
Jefferson,1908,-77.06669472153109,38.843933280964826,noetzel1907
Jefferson,1909,-77.06670442060633,38.843931147598546,noetzel1907
Jefferson,1910,-77.06671499678075,38.84392905240249,noetzel1907
Jefferson,1911,-77.06672557131014,38.843927039568406,noetzel1907
Jefferson,1912,-77.06673526983548,38.84392493365388,noetzel1907
Jefferson,1913,-77.06675641889132,38.84392090798098,noetzel1907
Jefferson,1914,-77.0667661163187,38.843918856972486,noetzel1907
Jefferson,1915,-77.06677669084516,38.8439168441337,noetzel1907
Jefferson,1916,-77.06678729883255,38.84391491408551,noetzel1907
Jefferson,1917,-77.06679695841181,38.84391299991726,noetzel1907
Jefferson,1918,-77.06681810472017,38.84390911150466,noetzel1907
Jefferson,1919,-77.06682779995181,38.84390717030819,noetzel1907
Jefferson,1920,-77.06683837118625,38.8439053221896,noetzel1907
Jefferson,1921,-77.066846265602,38.84390388076281,noetzel1907
Jefferson,1922,-77.06685951474971,38.843901571040966,noetzel1907
Jefferson,1923,-77.06686920833496,38.84389971220397,noetzel1907
Jefferson,1924,-77.066879777923,38.84389794644447,noetzel1907
Jefferson,1925,-77.06689034915475,38.84389609832119,noetzel1907
Jefferson,1926,-77.06690091874178,38.84389433255976,noetzel1907
Jefferson,1927,-77.06691061013271,38.84389258353647,noetzel1907
Jefferson,1928,-77.06693174930416,38.84388905200911,noetzel1907
Jefferson,1929,-77.06694231724495,38.84388736860681,noetzel1907
Jefferson,1930,-77.06695200863395,38.8438856195801,noetzel1907
Jefferson,1931,-77.06697314451306,38.84388225277093,noetzel1907
Jefferson,1932,-77.06698371025973,38.84388067918209,noetzel1907
Jefferson,1933,-77.06699427765004,38.84387902322946,noetzel1907
Jefferson,1934,-77.06700396629651,38.84387741146987,noetzel1907
Jefferson,1935,-77.067035664627,38.84387263578355,noetzel1907
Jefferson,1936,-77.06705679282625,38.843869653319366,noetzel1907
Jefferson,1937,-77.06706648147004,38.843868041554614,noetzel1907
Jefferson,1938,-77.06707704392456,38.843866632683074,noetzel1907
Jefferson,1939,-77.06709817266834,38.84386362275714,noetzel1907
Jefferson,1940,-77.06712986057482,38.84385936867675,noetzel1907
Jefferson,1941,-77.06713954537975,38.843857949086015,noetzel1907
Jefferson,1942,-77.06719234996226,38.84385128904591,noetzel1907
Jefferson,1943,-77.06720290912412,38.84385004488872,noetzel1907
Jefferson,1944,-77.06721350503533,38.843848718796295,noetzel1907
Jefferson,1945,-77.06723458825138,38.843846230048705,noetzel1907
Jefferson,1946,-77.06724426812103,38.84384505753785,noetzel1907
Jefferson,1947,-77.06725482728109,38.843843813376026,noetzel1907
Jefferson,1948,-77.06729705679476,38.84383919362498,noetzel1907
Jefferson,1949,-77.06734983559771,38.843833823865474,noetzel1907
Jefferson,1950,-77.06736038982325,38.84383282678274,noetzel1907
Jefferson,1951,-77.06737094514429,38.84383177479049,noetzel1907
Jefferson,1952,-77.06738149936923,38.84383077770584,noetzel1907
Jefferson,1953,-77.06739205140236,38.84382989043743,noetzel1907
Jefferson,1954,-77.06741315985084,38.843827896263385,noetzel1907
Jefferson,1955,-77.0674448164949,38.84382520699243,noetzel1907
Jefferson,1956,-77.06745536743071,38.84382437462687,noetzel1907
Jefferson,1957,-77.067465919462,38.84382348735181,noetzel1907
Jefferson,1958,-77.06749757117156,38.84382104515521,noetzel1907
Jefferson,1959,-77.06750811991482,38.84382032260202,noetzel1907
Jefferson,1960,-77.06751867084918,38.84381949023078,noetzel1907
Jefferson,1961,-77.0675503176248,38.84381729510856,noetzel1907
Jefferson,1962,-77.06756086472355,38.84381665491353,noetzel1907
Jefferson,1963,-77.06757141346553,38.84381593235467,noetzel1907
Jefferson,1964,-77.06760305475999,38.84381401176114,noetzel1907
Jefferson,1965,-77.06761360021436,38.84381345392424,noetzel1907
Jefferson,1966,-77.06762414731196,38.84381281372354,noetzel1907
Jefferson,1967,-77.06764527332572,38.843811698473424,noetzel1907
Jefferson,1968,-77.06765578203027,38.8438112225672,noetzel1907
Jefferson,1969,-77.06766632748385,38.843810664725595,noetzel1907
Jefferson,1970,-77.06771904653291,38.84380828731758,noetzel1907
Jefferson,1971,-77.06775063737736,38.843807134975926,noetzel1907
Jefferson,1972,-77.0677620922956,38.843806752988755,noetzel1907
Jefferson,1973,-77.06777263227033,38.84380646968051,noetzel1907
Jefferson,1974,-77.06778317443592,38.8438060765541,noetzel1907
Jefferson,1975,-77.06780425493267,38.84380548247855,noetzel1907
Jefferson,1976,-77.0678147938116,38.84380525407502,noetzel1907
Jefferson,1977,-77.06782533378593,38.84380497076205,noetzel1907
Jefferson,1978,-77.06786748820537,38.84380411204343,noetzel1907
Jefferson,1979,-77.06788856212856,38.84380384740419,noetzel1907
Jefferson,1980,-77.06789910100701,38.843803618993114,noetzel1907
Jefferson,1981,-77.0679096360516,38.84380358276116,noetzel1907
Jefferson,1982,-77.06792105038578,38.84380347487308,noetzel1907
Jefferson,1983,-77.06793158597802,38.84380341118482,noetzel1907
Jefferson,1984,-77.06794212266557,38.84380329258706,noetzel1907
Jefferson,1985,-77.06796319330229,38.84380319266016,noetzel1907
Jefferson,1986,-77.06797372670381,38.843803238785334,noetzel1907
Jefferson,1987,-77.06798426174832,38.843803202546646,noetzel1907
Jefferson,1988,-77.068015861953,38.84380334091361,noetzel1907
Jefferson,1989,-77.06802639371168,38.84380346939693,noetzel1907
Jefferson,1990,-77.0680369271133,38.8438035155164,noetzel1907
Jefferson,1991,-77.06806940003618,38.84380391166437,noetzel1907
Jefferson,1992,-77.06807993015218,38.84380412250573,noetzel1907
Jefferson,1993,-77.0680904619111,38.843804250983275,noetzel1907
Jefferson,1994,-77.06812205225962,38.84380488349886,noetzel1907
Jefferson,1995,-77.06814310865913,38.843805497351234,noetzel1907
Jefferson,1996,-77.06815363877558,38.84380570818602,noetzel1907
Jefferson,1997,-77.06816416724935,38.84380600138265,noetzel1907
Jefferson,1998,-77.06817469408044,38.84380637694129,noetzel1907
Jefferson,1999,-77.06818522200682,38.84380669759039,noetzel1907
Jefferson,2000,-77.06819662648475,38.84380708385272,noetzel1907
Jefferson,2001,-77.06823873271603,38.84380864097848,noetzel1907
Jefferson,2002,-77.06828083292618,38.84381050008631,noetzel1907
Jefferson,2003,-77.06833344847347,38.843813311263595,noetzel1907
Jefferson,2004,-77.06834397037888,38.84381393389563,noetzel1907
Jefferson,2005,-77.06835540613207,38.84381451275076,noetzel1907
Jefferson,2006,-77.06837641429047,38.84381578503617,noetzel1907
Jefferson,2007,-77.06838693400663,38.84381651748155,noetzel1907
Jefferson,2008,-77.06839745536547,38.8438171675631,noetzel1907
Jefferson,2009,-77.06843953423302,38.843820097331474,noetzel1907
Jefferson,2010,-77.06845005230802,38.84382091213404,noetzel1907
Jefferson,2011,-77.0690847031055,38.843867068477465,noetzel1907
Jefferson,2012,-77.06957201869562,38.843905961258336,noetzel1907
Jefferson,2013,-77.07035038610967,38.84396487387987,noetzel1907
Jefferson,2014,-77.07040300239784,38.84396765667512,noetzel1907
Jefferson,2015,-77.07042405230392,38.84396859956993,noetzel1907
Jefferson,2016,-77.07043457534364,38.84396916710598,noetzel1907
Jefferson,2017,-77.07044510057041,38.84396962482388,noetzel1907
Jefferson,2018,-77.07045562689072,38.84397002763226,noetzel1907
Jefferson,2019,-77.0704670297667,38.84397049603693,noetzel1907
Jefferson,2020,-77.07047755444717,38.843970981206205,noetzel1907
Jefferson,2021,-77.07048808131455,38.843971356557354,noetzel1907
Jefferson,2022,-77.07049860599528,38.84397184172474,noetzel1907
Jefferson,2023,-77.07054071291977,38.843973370570446,noetzel1907
Jefferson,2024,-77.07055124142785,38.84397366355304,noetzel1907
Jefferson,2025,-77.07056176720269,38.84397409380617,noetzel1907
Jefferson,2026,-77.0706249382537,38.84397585167613,noetzel1907
Jefferson,2027,-77.0706354684024,38.84397606228823,noetzel1907
Jefferson,2028,-77.07064687510699,38.84397633849534,noetzel1907
Jefferson,2029,-77.07065740416256,38.84397660401407,noetzel1907
Jefferson,2030,-77.0706784644605,38.84397702523155,noetzel1907
Jefferson,2031,-77.0706889962494,38.843977153475976,noetzel1907
Jefferson,2032,-77.0706995269451,38.843977336628015,noetzel1907
Jefferson,2033,-77.07071005873412,38.84397746487054,noetzel1907
Jefferson,2034,-77.07072058833671,38.843977702929344,noetzel1907
Jefferson,2035,-77.07076271549329,38.84397821588619,noetzel1907
Jefferson,2036,-77.0707732494689,38.84397823430584,noetzel1907
Jefferson,2037,-77.07078378125814,38.84397836254173,noetzel1907
Jefferson,2038,-77.07081538099874,38.84397852760933,noetzel1907
Jefferson,2039,-77.07082675697097,38.843978583737105,noetzel1907
Jefferson,2040,-77.07084785948172,38.8439786484457,noetzel1907
Jefferson,2041,-77.07086892961928,38.84397857545153,noetzel1907
Jefferson,2042,-77.07087946304841,38.843978621315934,noetzel1907
Jefferson,2043,-77.07090053373248,38.8439785208618,noetzel1907
Jefferson,2044,-77.07091107044083,38.843978401997575,noetzel1907
Jefferson,2045,-77.07092160550955,38.843978365495296,noetzel1907
Jefferson,2046,-77.07093214276438,38.843978219174886,noetzel1907
Jefferson,2047,-77.07094267783306,38.84397818267069,noetzel1907
Jefferson,2048,-77.07098482521228,38.84397767973862,noetzel1907
Jefferson,2049,-77.07099539921231,38.843977451476974,noetzel1907
Jefferson,2050,-77.07100681356948,38.843977343288856,noetzel1907
Jefferson,2051,-77.07107004529296,38.843976053491595,noetzel1907
Jefferson,2052,-77.07108058582597,38.843975742432015,noetzel1907
Jefferson,2053,-77.07109112417301,38.84397554118869,noetzel1907
Jefferson,2054,-77.0711227452248,38.84397463545573,noetzel1907
Jefferson,2055,-77.07113328794317,38.84397421457422,noetzel1907
Jefferson,2056,-77.07115436791511,38.84397364735131,noetzel1907
Jefferson,2057,-77.07120707822554,38.843971707645835,noetzel1907
Jefferson,2058,-77.07121762203583,38.84397123184812,noetzel1907
Jefferson,2059,-77.07122816420674,38.843970838412375,noetzel1907
Jefferson,2060,-77.07123870801678,38.84397036261277,noetzel1907
Jefferson,2061,-77.0712501294757,38.84396989749503,noetzel1907
Jefferson,2062,-77.07126067109984,38.84396953151063,noetzel1907
Jefferson,2063,-77.07127121654864,38.843968973345206,noetzel1907
Jefferson,2064,-77.0712923041674,38.843968021737304,noetzel1907
Jefferson,2065,-77.07130284961575,38.843967463569015,noetzel1907
Jefferson,2066,-77.07131339342477,38.84396698776269,noetzel1907
Jefferson,2067,-77.07135557521586,38.84396475507629,noetzel1907
Jefferson,2068,-77.07136612230232,38.8439641145394,noetzel1907
Jefferson,2069,-77.07137666774952,38.84396355636447,noetzel1907
Jefferson,2070,-77.07143995080953,38.84395968566326,noetzel1907
Jefferson,2071,-77.07145049953348,38.84395896275586,noetzel1907
Jefferson,2072,-77.07146104661823,38.84395832221045,noetzel1907
Jefferson,2073,-77.07150324205737,38.843955403113334,noetzel1907
Jefferson,2074,-77.07151379296528,38.84395457038305,noetzel1907
Jefferson,2075,-77.0715243416877,38.843953847469,noetzel1907
Jefferson,2076,-77.07158764494345,38.84394896087885,noetzel1907
Jefferson,2077,-77.07159819748824,38.84394804577805,noetzel1907
Jefferson,2078,-77.07160874839396,38.8439472130392,noetzel1907
Jefferson,2079,-77.07165095693064,38.84394363498562,noetzel1907
Jefferson,2080,-77.07166151111255,38.84394263751621,noetzel1907
Jefferson,2081,-77.07167118546045,38.84394173918342,noetzel1907
Jefferson,2082,-77.07173450945189,38.84393580925036,noetzel1907
Jefferson,2083,-77.07174506527019,38.84393472941051,noetzel1907
Jefferson,2084,-77.0717556189033,38.84393375938693,noetzel1907
Jefferson,2085,-77.07176617472096,38.84393267954517,noetzel1907
Jefferson,2086,-77.07193512019016,38.843912766334405,noetzel1907
Jefferson,2087,-77.07210412017356,38.84389010744946,noetzel1907
Jefferson,2088,-77.0728292127047,38.84380281249271,noetzel1907
Jefferson,2089,-77.0735507928873,38.84371547039298,noetzel1907
Jefferson,2090,-77.07408230913764,38.84365052998669,noetzel1907
Jefferson,2091,-77.07421603843191,38.84363567788561,noetzel1907
Jefferson,2092,-77.07427588189552,38.843628166496686,noetzel1907
Jefferson,2093,-77.07433221476559,38.84362061243827,noetzel1907
Jefferson,2094,-77.0747086645824,38.843583992728576,noetzel1907
Jefferson,2095,-77.07508489658554,38.84355832608717,noetzel1907
Jefferson,2096,-77.07568218521862,38.8435408604834,noetzel1907
Jefferson,2097,-77.07627887463346,38.84355359160448,noetzel1907
Jefferson,2098,-77.07632187922556,38.84355411321158,noetzel1907
Jefferson,2099,-77.07633328479602,38.84355444377484,noetzel1907
Jefferson,2100,-77.0763438132663,38.84355473623791,noetzel1907
Jefferson,2101,-77.07635521774806,38.84355512170767,noetzel1907
Jefferson,2102,-77.0763666205966,38.84355558953931,noetzel1907
Jefferson,2103,-77.07637714362276,38.8435561565427,noetzel1907
Jefferson,2104,-77.07638854266055,38.84355681655254,noetzel1907
Jefferson,2105,-77.07641133747019,38.84355830129489,noetzel1907
Jefferson,2106,-77.07642185559727,38.84355911538326,noetzel1907
Jefferson,2107,-77.07644464060884,38.84356109429708,noetzel1907
Jefferson,2108,-77.07645515329259,38.843562182925815,noetzel1907
Jefferson,2109,-77.07646654253267,38.84356333710605,noetzel1907
Jefferson,2110,-77.07647792959557,38.84356460110248,noetzel1907
Jefferson,2111,-77.07648843955832,38.84356582699985,noetzel1907
Jefferson,2112,-77.0764998233556,38.843567255720146,noetzel1907
Jefferson,2113,-77.0766049774425,38.84357676919877,noetzel1907
Jefferson,2114,-77.0767100226942,38.8435917734497,noetzel1907
Jefferson,2115,-77.0768674545903,38.84362114323306,noetzel1907
Jefferson,2116,-77.07702126719174,38.843655961113235,noetzel1907
Jefferson,2117,-77.07736718287093,38.84374253690607,noetzel1907
Jefferson,2118,-77.07744754559047,38.843762733522865,noetzel1907
Jefferson,2119,-77.07753838572788,38.843785803147995,noetzel1907
Jefferson,2120,-77.07754887670124,38.8437879898521,noetzel1907
Jefferson,2121,-77.07756982680799,38.843792198106094,noetzel1907
Jefferson,2122,-77.07757948068112,38.843794100053955,noetzel1907
Jefferson,2123,-77.0775899765528,38.84379603966536,noetzel1907
Jefferson,2124,-77.07760047405695,38.84379789691284,noetzel1907
Jefferson,2125,-77.07761097373756,38.84379964434202,noetzel1907
Jefferson,2126,-77.0776319763641,38.843802974471544,noetzel1907
Jefferson,2127,-77.07764247822205,38.843804612080554,noetzel1907
Jefferson,2128,-77.07765298334422,38.84380608496262,noetzel1907
Jefferson,2129,-77.07766349009867,38.84380747548072,noetzel1907
Jefferson,2130,-77.07767399794145,38.84380881108924,noetzel1907
Jefferson,2131,-77.07768538343267,38.84381015733155,noetzel1907
Jefferson,2132,-77.07770640619135,38.843812471637335,noetzel1907
Jefferson,2133,-77.07771691947498,38.84381353269859,noetzel1907
Jefferson,2134,-77.07773794876275,38.84381551754672,noetzel1907
Jefferson,2135,-77.0777589851226,38.84381714548469,noetzel1907
Jefferson,2136,-77.07777038258278,38.84381788772331,noetzel1907
Jefferson,2137,-77.0777914260148,38.843819158749085,noetzel1907
Jefferson,2138,-77.07781247597431,38.84382010031906,noetzel1907
Jefferson,2139,-77.07782387996224,38.84382051310048,noetzel1907
Jefferson,2140,-77.0778344084776,38.84382080542984,noetzel1907
Jefferson,2141,-77.0778449386247,38.84382101539524,noetzel1907
Jefferson,2142,-77.07786600218232,38.84382127059724,noetzel1907
Jefferson,2143,-77.07787741324105,38.84382132646703,noetzel1907
Jefferson,2144,-77.07788795045862,38.8438211795222,noetzel1907
Jefferson,2145,-77.07789848550068,38.84382114239378,noetzel1907
Jefferson,2146,-77.07790902380589,38.84382094053842,noetzel1907
Jefferson,2147,-77.07791956428646,38.84382062886472,noetzel1907
Jefferson,2148,-77.07793098241518,38.843820327822925,noetzel1907
Jefferson,2149,-77.07794155908921,38.84381996166395,noetzel1907
Jefferson,2150,-77.07795206772661,38.84381948483605,noetzel1907
Jefferson,2151,-77.07796261310132,38.84381892606943,noetzel1907
Jefferson,2152,-77.07798370711323,38.843817643807434,noetzel1907
Jefferson,2153,-77.0779942228198,38.84381681006932,noetzel1907
Jefferson,2154,-77.07800568584227,38.84381601526756,noetzel1907
Jefferson,2155,-77.07802679018502,38.84381421136539,noetzel1907
Jefferson,2156,-77.07804790159618,38.843812050553005,noetzel1907
Jefferson,2157,-77.07805845893269,38.84381088778241,noetzel1907
Jefferson,2158,-77.07806901790025,38.84380964264783,noetzel1907
Jefferson,2159,-77.0780795784988,38.84380831514928,noetzel1907
Jefferson,2160,-77.07810070295747,38.843805495423375,noetzel1907
Jefferson,2161,-77.07813240051784,38.843800716740546,noetzel1907
Jefferson,2162,-77.07814296981422,38.843798949966896,noetzel1907
Jefferson,2163,-77.07816411112424,38.843795279145105,noetzel1907
Jefferson,2164,-77.07817380603363,38.843793337011526,noetzel1907
Jefferson,2165,-77.07819495440917,38.84378930927772,noetzel1907
Jefferson,2166,-77.07820553240224,38.84378710322901,noetzel1907
Jefferson,2167,-77.07821523220309,38.843784914003024,noetzel1907
Jefferson,2168,-77.07822581182613,38.84378262558944,noetzel1907
Jefferson,2169,-77.07823639253594,38.84378028226632,noetzel1907
Jefferson,2170,-77.07824609559731,38.84377792831166,noetzel1907
Jefferson,2171,-77.07826726516934,38.84377282984564,noetzel1907
Jefferson,2172,-77.07827697366588,38.8437702013451,noetzel1907
Jefferson,2173,-77.07828756144046,38.843767501110875,noetzel1907
Jefferson,2174,-77.07829727156665,38.843764790245615,noetzel1907
Jefferson,2175,-77.07830785553372,38.84376228218997,noetzel1907
Jefferson,2176,-77.07831756293994,38.84375970859471,noetzel1907
Jefferson,2177,-77.07833873848219,38.84375430811805,noetzel1907
Jefferson,2178,-77.07834844860464,38.84375159724858,noetzel1907
Jefferson,2179,-77.07835904017959,38.84374870482753,noetzel1907
Jefferson,2180,-77.07836875356263,38.8437458292303,noetzel1907
Jefferson,2181,-77.07837934459224,38.843742964261814,noetzel1907
Jefferson,2182,-77.0783890617794,38.84373989648249,noetzel1907
Jefferson,2183,-77.07839965661303,38.84373683933177,noetzel1907
Jefferson,2184,-77.07841909370146,38.84373056649733,noetzel1907
Jefferson,2185,-77.07842881577817,38.843727251625694,noetzel1907
Jefferson,2186,-77.07843941550112,38.8437239473823,noetzel1907
Jefferson,2187,-77.07844913757602,38.84372063250898,noetzel1907
Jefferson,2188,-77.07847831412444,38.84371016625172,noetzel1907
Jefferson,2189,-77.07850750044967,38.84369920580905,noetzel1907
Jefferson,2190,-77.07853669763834,38.843687696272234,noetzel1907
Jefferson,2191,-77.07854643111975,38.843683804849725,noetzel1907
Jefferson,2192,-77.07855616677449,38.84367980360899,noetzel1907
Jefferson,2193,-77.07856502695603,38.84367568192196,noetzel1907
Jefferson,2194,-77.07857476423945,38.84367159831662,noetzel1907
Jefferson,2195,-77.07858450315257,38.84366743234749,noetzel1907
Jefferson,2196,-77.07859336604893,38.84366317338665,noetzel1907
Jefferson,2197,-77.0786031071342,38.84365889759857,noetzel1907
Jefferson,2198,-77.07861197165916,38.8436545562733,noetzel1907
Jefferson,2199,-77.0786217143729,38.843650198120635,noetzel1907
Jefferson,2200,-77.07863058215716,38.843645692067895,noetzel1907
Jefferson,2201,-77.07863944885315,38.8436412409231,noetzel1907
Jefferson,2202,-77.07864831880948,38.84363662505162,noetzel1907
Jefferson,2203,-77.07865806641072,38.84363201980688,noetzel1907
Jefferson,2204,-77.07866693636471,38.843627403934,noetzel1907
Jefferson,2205,-77.0786935560039,38.84361306213307,noetzel1907
Jefferson,2206,-77.07870246595111,38.84360819959354,noetzel1907
Jefferson,2207,-77.07871042858326,38.843603298121714,noetzel1907
Jefferson,2208,-77.07872818097779,38.84359343491737,noetzel1907
Jefferson,2209,-77.07873618251719,38.84358834168851,noetzel1907
Jefferson,2210,-77.07874506278796,38.84358320417716,noetzel1907
Jefferson,2211,-77.07875306323795,38.843578165855774,noetzel1907
Jefferson,2212,-77.07876191003106,38.843572945555046,noetzel1907
Jefferson,2213,-77.07877795309685,38.84356251242808,noetzel1907
Jefferson,2214,-77.07878595897743,38.84355719956101,noetzel1907
Jefferson,2215,-77.07879484413246,38.84355181495677,noetzel1907
Jefferson,2216,-77.07881085914862,38.84354102449373,noetzel1907
Jefferson,2217,-77.07881886828542,38.84353554689839,noetzel1907
Jefferson,2218,-77.07883489035987,38.84352439952553,noetzel1907
Jefferson,2219,-77.0788420240223,38.84351880148511,noetzel1907
Jefferson,2220,-77.07885000076597,38.84351318619082,noetzel1907
Jefferson,2221,-77.07886606445821,38.84350170978661,noetzel1907
Jefferson,2222,-77.07887320137687,38.84349594701813,noetzel1907
Jefferson,2223,-77.07888121811267,38.843490085057624,noetzel1907
Jefferson,2224,-77.07888835557245,38.843484294833914,noetzel1907
Jefferson,2225,-77.07889637339265,38.843478377963656,noetzel1907
Jefferson,2226,-77.0789034800921,38.84347236767927,noetzel1907
Jefferson,2227,-77.07891065537142,38.84346644060747,noetzel1907
Jefferson,2228,-77.07891867644861,38.84346035900965,noetzel1907
Jefferson,2229,-77.07892581770666,38.84345437660321,noetzel1907
Jefferson,2230,-77.07893296113741,38.84344828437895,noetzel1907
Jefferson,2231,-77.07895439685689,38.84342973316002,noetzel1907
Jefferson,2232,-77.07896869022878,38.84341721925541,noetzel1907
Jefferson,2233,-77.07897496144327,38.84341084185996,noetzel1907
Jefferson,2234,-77.07898210975648,38.84340450254356,noetzel1907
Jefferson,2235,-77.07898926024222,38.84339805340933,noetzel1907
Jefferson,2236,-77.07899553254009,38.84339162110411,noetzel1907
Jefferson,2237,-77.07900268302333,38.843385171969025,noetzel1907
Jefferson,2238,-77.07901523141733,38.84337211517634,noetzel1907
Jefferson,2239,-77.07902238515744,38.843365501313954,noetzel1907
Jefferson,2240,-77.07902866071005,38.84335890428087,noetzel1907
Jefferson,2241,-77.07903493843521,38.843352197429994,noetzel1907
Jefferson,2242,-77.07904121452893,38.843345572941864,noetzel1907
Jefferson,2243,-77.079047493882,38.84333878372726,noetzel1907
Jefferson,2244,-77.07905377160363,38.8433320768754,noetzel1907
Jefferson,2245,-77.07906633030386,38.843318498444525,noetzel1907
Jefferson,2246,-77.07907173364023,38.843311616241195,noetzel1907
Jefferson,2247,-77.07907801461768,38.84330474466191,noetzel1907
Jefferson,2248,-77.07908429722416,38.84329779071924,noetzel1907
Jefferson,2249,-77.07908970273084,38.84329079869767,noetzel1907
Jefferson,2250,-77.07909598533496,38.843283844754346,noetzel1907
Jefferson,2251,-77.07910139029607,38.84327688018656,noetzel1907
Jefferson,2252,-77.07910679688634,38.8432698332555,noetzel1907
Jefferson,2253,-77.07911308166052,38.84326276949383,noetzel1907
Jefferson,2254,-77.07912930685536,38.84324135415472,noetzel1907
Jefferson,2255,-77.07914553747435,38.843219664269704,noetzel1907
Jefferson,2256,-77.07915007021863,38.84321241453233,noetzel1907
Jefferson,2257,-77.07915548223302,38.84320509305545,noetzel1907
Jefferson,2258,-77.07916001769227,38.843197706045984,noetzel1907
Jefferson,2259,-77.07916542970455,38.843190384568565,noetzel1907
Jefferson,2260,-77.07917086182046,38.84318204728015,noetzel1907
Jefferson,2261,-77.07917541683796,38.8431736719135,noetzel1907
Jefferson,2262,-77.07918084895144,38.84316533462452,noetzel1907
Jefferson,2263,-77.07918540342335,38.84315698671182,noetzel1907
Jefferson,2264,-77.07918996006765,38.84314852898154,noetzel1907
Jefferson,2265,-77.07919535707198,38.84314019126694,noetzel1907
Jefferson,2266,-77.07920450491724,38.843123303684614,noetzel1907
Jefferson,2267,-77.07920993865359,38.84311488403116,noetzel1907
Jefferson,2268,-77.079214494749,38.84310645375423,noetzel1907
Jefferson,2269,-77.07921905301671,38.843097913659655,noetzel1907
Jefferson,2270,-77.07922360910995,38.843089483382265,noetzel1907
Jefferson,2271,-77.07930393830796,38.84293392841133,noetzel1907
Jefferson,2272,-77.0807176959574,38.8431789570901,noetzel1907
Jefferson,2273,-77.08171155070673,38.843350215929966,noetzel1907
Jefferson,2274,-77.08266695587403,38.84351279121326,noetzel1907
Jefferson,2275,-77.08481223154,38.84387919059882,noetzel1907
Jefferson,2276,-77.08569975015693,38.84398594581665,noetzel1907
Jefferson,2277,-77.08571651624328,38.84360724247191,noetzel1907
Jefferson,2278,-77.08571716528853,38.843574297222816,noetzel1907
Jefferson,2279,-77.08573326795086,38.84329164405189,noetzel1907
Jefferson,2280,-77.08569471088059,38.84310993758111,noetzel1907
Jefferson,2281,-77.08496179178701,38.83949823290037,noetzel1907
Jefferson,2282,-77.08493625205284,38.83936885865688,noetzel1907
Jefferson,2283,-77.0846715160694,38.838547303570465,noetzel1907
Jefferson,2284,-77.08467316141511,38.838463842185696,noetzel1907
Jefferson,2285,-77.08467420299186,38.838455534083984,noetzel1907
Jefferson,2286,-77.08467733021791,38.83829690253911,noetzel1907
Jefferson,2287,-77.08467661716978,38.83828854581775,noetzel1907
Jefferson,2288,-77.08467925024328,38.83815498013853,noetzel1907
Jefferson,2289,-77.08467853665512,38.83814665087135,noetzel1907
Jefferson,2290,-77.08467985454178,38.83807979939396,noetzel1907
Jefferson,2291,-77.08467914095428,38.8380714701266,noetzel1907
Jefferson,2292,-77.0846802926828,38.83801304715072,noetzel1907
Jefferson,2293,-77.08467957909593,38.83800471788322,noetzel1907
Jefferson,2294,-77.08468056683193,38.83795461359161,noetzel1907
Jefferson,2295,-77.08467985324563,38.83794628432406,noetzel1907
Jefferson,2296,-77.08468018339282,38.837929537135985,noetzel1907
Jefferson,2297,-77.08467031783512,38.83753944543979,noetzel1907
Jefferson,2298,-77.08466960587776,38.83753103380807,noetzel1907
Jefferson,2299,-77.0846697704104,38.83752268766763,noetzel1907
Jefferson,2300,-77.08466905845329,38.83751427603587,noetzel1907
Jefferson,2301,-77.08466922352719,38.837505902441016,noetzel1907
Jefferson,2302,-77.08466854667316,38.83749749123255,noetzel1907
Jefferson,2303,-77.08466887790337,38.837480689133926,noetzel1907
Jefferson,2304,-77.08466813084397,38.837472277078774,noetzel1907
Jefferson,2305,-77.0846682970003,38.837463848575,noetzel1907
Jefferson,2306,-77.08466758504397,38.83745543694313,noetzel1907
Jefferson,2307,-77.08466791681543,38.837438607389906,noetzel1907
Jefferson,2308,-77.08466720485939,38.83743019575798,noetzel1907
Jefferson,2309,-77.08466769953976,38.83740510242724,noetzel1907
Jefferson,2310,-77.08466698866653,38.837396635886435,noetzel1907
Jefferson,2311,-77.08466765166784,38.83736300423389,noetzel1907
Jefferson,2312,-77.08466693971258,38.83735459260179,noetzel1907
Jefferson,2313,-77.0846692583189,38.83723697790602,noetzel1907
Jefferson,2314,-77.08467030204322,38.83722855998422,noetzel1907
Jefferson,2315,-77.08467113065558,38.8371865272804,noetzel1907
Jefferson,2316,-77.08467217383773,38.83717813681292,noetzel1907
Jefferson,2317,-77.08467250344198,38.83716141707626,noetzel1907
Jefferson,2318,-77.08467354716481,38.83715299915429,noetzel1907
Jefferson,2319,-77.0846738783923,38.837136197054264,noetzel1907
Jefferson,2320,-77.08467492157338,38.83712780658673,noetzel1907
Jefferson,2321,-77.08467508772813,38.83711937808222,noetzel1907
Jefferson,2322,-77.08472798838133,38.836395047159115,noetzel1907
Jefferson,2323,-77.0847273002412,38.8363854275311,noetzel1907
Jefferson,2324,-77.08472768232484,38.83636604471264,noetzel1907
Jefferson,2325,-77.0847298162769,38.83634684778468,noetzel1907
Jefferson,2326,-77.08473179591257,38.836337260325955,noetzel1907
Jefferson,2327,-77.08473370371955,38.836327754383866,noetzel1907
Jefferson,2328,-77.08473652418587,38.83631825944701,noetzel1907
Jefferson,2329,-77.0848264518566,38.83603100388988,noetzel1907
Jefferson,2330,-77.08482925011171,38.8360226345813,noetzel1907
Jefferson,2331,-77.08483120429098,38.8360143374779,noetzel1907
Jefferson,2332,-77.08483396744275,38.83600596774597,noetzel1907
Jefferson,2333,-77.08483588868353,38.83599756040152,noetzel1907
Jefferson,2334,-77.08483868531275,38.835989273455944,noetzel1907
Jefferson,2335,-77.08484148410597,38.8359808766926,noetzel1907
Jefferson,2336,-77.0848442450906,38.83597261677802,noetzel1907
Jefferson,2337,-77.08484619926683,38.83596431967427,noetzel1907
Jefferson,2338,-77.08484899805818,38.83595592291069,noetzel1907
Jefferson,2339,-77.08485459130974,38.83593934901869,noetzel1907
Jefferson,2340,-77.08485651200517,38.83593096912819,noetzel1907
Jefferson,2341,-77.08488447875996,38.83584807220798,noetzel1907
Jefferson,2342,-77.08488730885642,38.83583986804745,noetzel1907
Jefferson,2343,-77.08489286752923,38.83582326627551,noetzel1907
Jefferson,2344,-77.0848956625217,38.835815061691505,noetzel1907
Jefferson,2345,-77.08489933668825,38.83580678532487,noetzel1907
Jefferson,2346,-77.08490213384388,38.83579847092304,noetzel1907
Jefferson,2347,-77.08490492829324,38.835790293793146,noetzel1907
Jefferson,2348,-77.08490777414852,38.835779508493125,noetzel1907
Jefferson,2349,-77.0849114450651,38.83577139685263,noetzel1907
Jefferson,2350,-77.08491702800666,38.835755344590915,noetzel1907
Jefferson,2351,-77.084920698921,38.835747232950055,noetzel1907
Jefferson,2352,-77.0849262818586,38.8357311806878,noetzel1907
Jefferson,2353,-77.08492995277066,38.835723069046615,noetzel1907
Jefferson,2354,-77.08493553624542,38.83570698932943,noetzel1907
Jefferson,2355,-77.08493920553187,38.835698960051175,noetzel1907
Jefferson,2356,-77.08494199672649,38.83569094764677,noetzel1907
Jefferson,2357,-77.08494566763471,38.83568283600503,noetzel1907
Jefferson,2358,-77.08495125110282,38.83566675628693,noetzel1907
Jefferson,2359,-77.08495491984435,38.835658754462514,noetzel1907
Jefferson,2360,-77.08495771157675,38.83565071460324,noetzel1907
Jefferson,2361,-77.08496138085783,38.83564268532421,noetzel1907
Jefferson,2362,-77.08496417258888,38.835634645464744,noetzel1907
Jefferson,2363,-77.08496784132734,38.83562664363986,noetzel1907
Jefferson,2364,-77.08497063305703,38.835618603780226,noetzel1907
Jefferson,2365,-77.08497430233503,38.83561057450073,noetzel1907
Jefferson,2366,-77.08497709406339,38.83560253464091,noetzel1907
Jefferson,2367,-77.08498076279876,38.83559453281555,noetzel1907
Jefferson,2368,-77.08498355452578,38.83558649295555,noetzel1907
Jefferson,2369,-77.08498722380071,38.835578463675574,noetzel1907
Jefferson,2370,-77.08499001498525,38.83557045126981,noetzel1907
Jefferson,2371,-77.08499368425865,38.83556242198959,noetzel1907
Jefferson,2372,-77.08499647598293,38.83555438212921,noetzel1907
Jefferson,2373,-77.08500014363152,38.835546435212045,noetzel1907
Jefferson,2374,-77.08500293481342,38.8355384228059,noetzel1907
Jefferson,2375,-77.0850066040837,38.8355303935252,noetzel1907
Jefferson,2376,-77.08500939580532,38.83552235366445,noetzel1907
Jefferson,2377,-77.08501306453299,38.835514351838015,noetzel1907
Jefferson,2378,-77.08501585463004,38.835506394340314,noetzel1907
Jefferson,2379,-77.08502319316364,38.83549033577791,noetzel1907
Jefferson,2380,-77.08502598488184,38.8354822959167,noetzel1907
Jefferson,2381,-77.0850296519824,38.83547437645286,noetzel1907
Jefferson,2382,-77.08503244369928,38.83546633659146,noetzel1907
Jefferson,2383,-77.08503611296257,38.83545830730974,noetzel1907
Jefferson,2384,-77.0850397800608,38.835450387845555,noetzel1907
Jefferson,2385,-77.08504257177557,38.83544234798387,noetzel1907
Jefferson,2386,-77.08504623941334,38.83543440106502,noetzel1907
Jefferson,2387,-77.08504990867347,38.83542637178283,noetzel1907
Jefferson,2388,-77.08505269768088,38.83541846919296,noetzel1907
Jefferson,2389,-77.08505636748056,38.83541041245607,noetzel1907
Jefferson,2390,-77.08519945175922,38.83509630901061,noetzel1907
Jefferson,2391,-77.08520315175865,38.83508849978147,noetzel1907
Jefferson,2392,-77.08520681936056,38.83508055285696,noetzel1907
Jefferson,2393,-77.08521048533865,38.835072688295625,noetzel1907
Jefferson,2394,-77.08521415239797,38.83506476882528,noetzel1907
Jefferson,2395,-77.08521694245523,38.83505681132199,noetzel1907
Jefferson,2396,-77.08522427711095,38.83504094492626,noetzel1907
Jefferson,2397,-77.08522706878917,38.8350329050594,noetzel1907
Jefferson,2398,-77.0852307358446,38.83502498558845,noetzel1907
Jefferson,2399,-77.08523352752148,38.8350169457214,noetzel1907
Jefferson,2400,-77.08523719673933,38.83500891643254,noetzel1907
Jefferson,2401,-77.08524557122303,38.834984824285016,noetzel1907
Jefferson,2402,-77.08524924206088,38.8349767126324,noetzel1907
Jefferson,2403,-77.08525203373381,38.83496867276485,noetzel1907
Jefferson,2404,-77.08525762032365,38.83495242830284,noetzel1907
Jefferson,2405,-77.0852595360768,38.83494429549366,noetzel1907
Jefferson,2406,-77.0852651221221,38.834928078485625,noetzel1907
Jefferson,2407,-77.08526791703721,38.834919873891,noetzel1907
Jefferson,2408,-77.08526983278834,38.8349117410816,noetzel1907
Jefferson,2409,-77.08527262770228,38.83490353648681,noetzel1907
Jefferson,2410,-77.08527454345244,38.834895403677294,noetzel1907
Jefferson,2411,-77.0852773383652,38.834887199082374,noetzel1907
Jefferson,2412,-77.08528504295255,38.83485433881347,noetzel1907
Jefferson,2413,-77.08528780438385,38.83484605143182,noetzel1907
Jefferson,2414,-77.08528972175368,38.83483783625866,noetzel1907
Jefferson,2415,-77.08529076266554,38.83482955559873,noetzel1907
Jefferson,2416,-77.08529268057555,38.83482131297102,noetzel1907
Jefferson,2417,-77.08529459956704,38.8348130154344,noetzel1907
Jefferson,2418,-77.0852965163942,38.83480482771551,noetzel1907
Jefferson,2419,-77.08529840082419,38.834796502301266,noetzel1907
Jefferson,2420,-77.08529947791797,38.83478816715542,noetzel1907
Jefferson,2421,-77.08530139690778,38.834779869618664,noetzel1907
Jefferson,2422,-77.08530347980884,38.83476325338947,noetzel1907
Jefferson,2423,-77.08530539879752,38.83475495585257,noetzel1907
Jefferson,2424,-77.08530644024734,38.834746647737894,noetzel1907
Jefferson,2425,-77.08530748331982,38.834738257259914,noetzel1907
Jefferson,2426,-77.08530956675921,38.83472161357604,noetzel1907
Jefferson,2427,-77.08531060983094,38.83471322309796,noetzel1907
Jefferson,2428,-77.08531269272794,38.83469660686835,noetzel1907
Jefferson,2429,-77.08531373579896,38.83468821639021,noetzel1907
Jefferson,2430,-77.08531477832877,38.83467985336649,noetzel1907
Jefferson,2431,-77.08531494277986,38.83467150721951,noetzel1907
Jefferson,2432,-77.08531598585024,38.8346631167413,noetzel1907
Jefferson,2433,-77.08531615030117,38.83465477059425,noetzel1907
Jefferson,2434,-77.08531719337118,38.83464638011599,noetzel1907
Jefferson,2435,-77.08531735944479,38.83463795160566,noetzel1907
Jefferson,2436,-77.08531840089154,38.83462964349065,noetzel1907
Jefferson,2437,-77.0853197229865,38.83456254486022,noetzel1907
Jefferson,2438,-77.08531900935975,38.83455421558977,noetzel1907
Jefferson,2439,-77.08531917489196,38.83454581453366,noetzel1907
Jefferson,2440,-77.08532308186426,38.83399115035424,noetzel1907
Jefferson,2441,-77.08525038258975,38.831266146283475,noetzel1907
Jefferson,2442,-77.08525087972865,38.831240915641274,noetzel1907
Jefferson,2443,-77.08525016776576,38.831232504000496,noetzel1907
Jefferson,2444,-77.08525149148478,38.83116532295341,noetzel1907
Jefferson,2445,-77.08525253451164,38.83115693246879,noetzel1907
Jefferson,2446,-77.0852531971811,38.83112330076308,noetzel1907
Jefferson,2447,-77.08525423912525,38.831114965187304,noetzel1907
Jefferson,2448,-77.085254570189,38.83109816306154,noetzel1907
Jefferson,2449,-77.08525561321451,38.831089772576746,noetzel1907
Jefferson,2450,-77.08525594481875,38.83107294299643,noetzel1907
Jefferson,2451,-77.08525698784376,38.83106455251159,noetzel1907
Jefferson,2452,-77.08525715337522,38.83105615144861,noetzel1907
Jefferson,2453,-77.08525819477697,38.831047843327084,noetzel1907
Jefferson,2454,-77.0852583608492,38.831039414809624,noetzel1907
Jefferson,2455,-77.08525940387342,38.83103102432467,noetzel1907
Jefferson,2456,-77.08525956940451,38.83102262326162,noetzel1907
Jefferson,2457,-77.08526169109258,38.83100581526035,noetzel1907
Jefferson,2458,-77.08526185500051,38.830997496560606,noetzel1907
Jefferson,2459,-77.08526390594703,38.83098071516736,noetzel1907
Jefferson,2460,-77.08526407201843,38.83097228664976,noetzel1907
Jefferson,2461,-77.08526511341817,38.830963978528,noetzel1907
Jefferson,2462,-77.08526719946262,38.83094719755768,noetzel1907
Jefferson,2463,-77.0852673649926,38.83093879649446,noetzel1907
Jefferson,2464,-77.08526840693243,38.830930460918175,noetzel1907
Jefferson,2465,-77.08527049297514,38.830913679947656,noetzel1907
Jefferson,2466,-77.08527153437329,38.83090537182578,noetzel1907
Jefferson,2467,-77.08527257739404,38.830896981340416,noetzel1907
Jefferson,2468,-77.08527361933265,38.830888645764,noetzel1907
Jefferson,2469,-77.08527570537292,38.830871864793245,noetzel1907
Jefferson,2470,-77.08527671167022,38.83086355624806,noetzel1907
Jefferson,2471,-77.0852777897894,38.83085516618576,noetzel1907
Jefferson,2472,-77.08527883118586,38.830846858063616,noetzel1907
Jefferson,2473,-77.08527987474584,38.830838440123706,noetzel1907
Jefferson,2474,-77.08528179363238,38.83083014257947,noetzel1907
Jefferson,2475,-77.08528283665083,38.830821752093904,noetzel1907
Jefferson,2476,-77.0852838429466,38.83081344354856,noetzel1907
Jefferson,2477,-77.08528595759063,38.83079699245393,noetzel1907
Jefferson,2478,-77.08528787485254,38.8307887772729,noetzel1907
Jefferson,2479,-77.08529099416636,38.830764099995925,noetzel1907
Jefferson,2480,-77.085292909804,38.83075596717814,noetzel1907
Jefferson,2481,-77.08529394957448,38.83074774141909,noetzel1907
Jefferson,2482,-77.08529586683412,38.83073952623781,noetzel1907
Jefferson,2483,-77.08529794637367,38.83072307471955,noetzel1907
Jefferson,2484,-77.08529986200942,38.83071494190152,noetzel1907
Jefferson,2485,-77.0853009017785,38.83070671614234,noetzel1907
Jefferson,2486,-77.08530281903627,38.83069850096089,noetzel1907
Jefferson,2487,-77.08530473467083,38.83069036814275,noetzel1907
Jefferson,2488,-77.08530577443898,38.830682142383445,noetzel1907
Jefferson,2489,-77.08530769007275,38.83067400956523,noetzel1907
Jefferson,2490,-77.08530872984034,38.8306657838059,noetzel1907
Jefferson,2491,-77.08531064547334,38.8306576509876,noetzel1907
Jefferson,2492,-77.0853125627287,38.83064943580588,noetzel1907
Jefferson,2493,-77.08531447836083,38.830641302987495,noetzel1907
Jefferson,2494,-77.08531555106295,38.830633187468926,noetzel1907
Jefferson,2495,-77.0853174332176,38.830624971864,noetzel1907
Jefferson,2496,-77.08532126447902,38.83060870622692,noetzel1907
Jefferson,2497,-77.08532318173188,38.83060049104495,noetzel1907
Jefferson,2498,-77.0853385062158,38.83053545594884,noetzel1907
Jefferson,2499,-77.08534129932879,38.83052733370731,noetzel1907
Jefferson,2500,-77.08534321333167,38.83051928325159,noetzel1907
Jefferson,2501,-77.08534704458161,38.83050301761327,noetzel1907
Jefferson,2502,-77.0853498376924,38.830494895371466,noetzel1907
Jefferson,2503,-77.08535175115256,38.830486872369974,noetzel1907
Jefferson,2504,-77.08535366677592,38.83047873955066,noetzel1907
Jefferson,2505,-77.08535645826228,38.83047069967202,noetzel1907
Jefferson,2506,-77.08535837388466,38.83046256685259,noetzel1907
Jefferson,2507,-77.08536116536987,38.83045452697381,noetzel1907
Jefferson,2508,-77.08536307882767,38.83044650397207,noetzel1907
Jefferson,2509,-77.08536590703385,38.83043838215284,noetzel1907
Jefferson,2510,-77.0853677859322,38.83043033127346,noetzel1907
Jefferson,2511,-77.08537057741509,38.83042229139443,noetzel1907
Jefferson,2512,-77.08537252597037,38.830414268815545,noetzel1907
Jefferson,2513,-77.08537528397545,38.83040614614987,noetzel1907
Jefferson,2514,-77.08537807545656,38.8303981062706,noetzel1907
Jefferson,2515,-77.08537998945188,38.83039005581403,noetzel1907
Jefferson,2516,-77.08538277876825,38.83038212575243,noetzel1907
Jefferson,2517,-77.08538836172632,38.830366045993316,noetzel1907
Jefferson,2518,-77.08539027571962,38.83035799553656,noetzel1907
Jefferson,2519,-77.0853930666563,38.83034998311121,noetzel1907
Jefferson,2520,-77.08539585596967,38.8303420530493,noetzel1907
Jefferson,2521,-77.08539864798686,38.830333985714915,noetzel1907
Jefferson,2522,-77.08540143729901,38.830326055652755,noetzel1907
Jefferson,2523,-77.08540422877408,38.83031801577268,noetzel1907
Jefferson,2524,-77.08540701862587,38.830310058255925,noetzel1907
Jefferson,2525,-77.0854098100997,38.830302018375725,noetzel1907
Jefferson,2526,-77.0854181785677,38.83027820073357,noetzel1907
Jefferson,2527,-77.08542097003907,38.830270160853026,noetzel1907
Jefferson,2528,-77.08542463737076,38.83026221391264,noetzel1907
Jefferson,2529,-77.08542742667724,38.83025428384974,noetzel1907
Jefferson,2530,-77.08543021490134,38.830246408695665,noetzel1907
Jefferson,2531,-77.08543300474746,38.83023845117818,noetzel1907
Jefferson,2532,-77.08543667153533,38.83023053169178,noetzel1907
Jefferson,2533,-77.08543946138012,38.83022257417409,noetzel1907
Jefferson,2534,-77.08544224906079,38.83021472647412,noetzel1907
Jefferson,2535,-77.08544591638731,38.830206779533,noetzel1907
Jefferson,2536,-77.08544870623017,38.830198822015014,noetzel1907
Jefferson,2537,-77.08545149390889,38.8301909743148,noetzel1907
Jefferson,2538,-77.08545515961058,38.8301831097367,noetzel1907
Jefferson,2539,-77.0854579489106,38.83017517967291,noetzel1907
Jefferson,2540,-77.08546161461076,38.83016731509458,noetzel1907
Jefferson,2541,-77.08546440228685,38.830159467394,noetzel1907
Jefferson,2542,-77.08547173314248,38.83014376569118,noetzel1907
Jefferson,2543,-77.08547452135745,38.830135890535885,noetzel1907
Jefferson,2544,-77.08548185220845,38.83012018883233,noetzel1907
Jefferson,2545,-77.08548463825794,38.830112423494555,noetzel1907
Jefferson,2546,-77.08549196910434,38.8300967217903,noetzel1907
Jefferson,2547,-77.08549563263335,38.83008896702861,noetzel1907
Jefferson,2548,-77.08549929832499,38.83008110244893,noetzel1907
Jefferson,2549,-77.08550208437109,38.83007333711067,noetzel1907
Jefferson,2550,-77.08552773066404,38.83001897141014,noetzel1907
Jefferson,2551,-77.08553223656656,38.83001122680019,noetzel1907
Jefferson,2552,-77.08553593410443,38.83000352736905,noetzel1907
Jefferson,2553,-77.08553959762394,38.8299957726058,noetzel1907
Jefferson,2554,-77.08554692141557,38.82998042780567,noetzel1907
Jefferson,2555,-77.08555058547356,38.82997264558758,noetzel1907
Jefferson,2556,-77.08555512484743,38.82996498376309,noetzel1907
Jefferson,2557,-77.08556244917342,38.82994961150743,noetzel1907
Jefferson,2558,-77.08556698854458,38.829941949682464,noetzel1907
Jefferson,2559,-77.08557065043514,38.82993427728151,noetzel1907
Jefferson,2560,-77.08557518818198,38.829926697819545,noetzel1907
Jefferson,2561,-77.08557885007086,38.82991902541832,noetzel1907
Jefferson,2562,-77.08625283516497,38.82867489835374,noetzel1907
Jefferson,2563,-77.08639943843404,38.82871785584606,noetzel1907
Jefferson,2564,-77.08641305117867,38.82869511735699,noetzel1907
Jefferson,2565,-77.08641758713681,38.82868762022367,noetzel1907
Jefferson,2566,-77.08642212471548,38.82868004072677,noetzel1907
Jefferson,2567,-77.08645387638933,38.82862756078703,noetzel1907
Jefferson,2568,-77.08645928818126,38.82862015658457,noetzel1907
Jefferson,2569,-77.0864638230489,38.82861271435828,noetzel1907
Jefferson,2570,-77.08646835845607,38.828605244677334,noetzel1907
Jefferson,2571,-77.08647377024482,38.8285978404742,noetzel1907
Jefferson,2572,-77.08647830456908,38.82859042570183,noetzel1907
Jefferson,2573,-77.08648283727102,38.828583093292615,noetzel1907
Jefferson,2574,-77.08648824851612,38.828575716543256,noetzel1907
Jefferson,2575,-77.08649278229704,38.82856832922471,noetzel1907
Jefferson,2576,-77.08649819299957,38.82856097992936,noetzel1907
Jefferson,2577,-77.08650272569761,38.8285536475194,noetzel1907
Jefferson,2578,-77.08651354547594,38.828539031290795,noetzel1907
Jefferson,2579,-77.08651807817103,38.82853169888019,noetzel1907
Jefferson,2580,-77.08652348832776,38.82852437703805,noetzel1907
Jefferson,2581,-77.08652889686203,38.82851713755904,noetzel1907
Jefferson,2582,-77.08653342901373,38.82850983260231,noetzel1907
Jefferson,2583,-77.08656047058285,38.82847369011133,noetzel1907
Jefferson,2584,-77.08657128385222,38.82845940333087,noetzel1907
Jefferson,2585,-77.08657669291722,38.82845213639511,noetzel1907
Jefferson,2586,-77.08658750563968,38.82843787706757,noetzel1907
Jefferson,2587,-77.08659294547648,38.82843083018955,noetzel1907
Jefferson,2588,-77.0866037236345,38.82841654298324,noetzel1907
Jefferson,2589,-77.08661000637125,38.82840947879523,noetzel1907
Jefferson,2590,-77.08662622111049,38.828388309434565,noetzel1907
Jefferson,2591,-77.08663250168092,38.8283813550632,noetzel1907
Jefferson,2592,-77.08663790641063,38.8283743077603,noetzel1907
Jefferson,2593,-77.0866441875191,38.82836732593384,noetzel1907
Jefferson,2594,-77.08664959278697,38.82836025117592,noetzel1907
Jefferson,2595,-77.08665499535181,38.82835331369013,noetzel1907
Jefferson,2596,-77.0866612764568,38.82834633186269,noetzel1907
Jefferson,2597,-77.08666667793867,38.82833944928525,noetzel1907
Jefferson,2598,-77.0866729585009,38.82833249491172,noetzel1907
Jefferson,2599,-77.08667923744076,38.82832562290124,noetzel1907
Jefferson,2600,-77.08668463891935,38.82831874032298,noetzel1907
Jefferson,2601,-77.08669719679324,38.828304996300346,noetzel1907
Jefferson,2602,-77.08670259880893,38.82829808626672,noetzel1907
Jefferson,2603,-77.08670887774294,38.82829121425458,noetzel1907
Jefferson,2604,-77.08673398698258,38.82826405565636,noetzel1907
Jefferson,2605,-77.08673938683022,38.8282572554389,noetzel1907
Jefferson,2606,-77.08674566251494,38.82825054815163,noetzel1907
Jefferson,2607,-77.0867519398196,38.82824375850054,noetzel1907
Jefferson,2608,-77.08677076632294,38.82822366409009,noetzel1907
Jefferson,2609,-77.08677791783961,38.82821704973125,noetzel1907
Jefferson,2610,-77.08678419297692,38.8282103698963,noetzel1907
Jefferson,2611,-77.08680301513974,38.82819049511633,noetzel1907
Jefferson,2612,-77.08681016665012,38.8281838807555,noetzel1907
Jefferson,2613,-77.08681643853953,38.82817736564566,noetzel1907
Jefferson,2614,-77.08682271258911,38.828170740717574,noetzel1907
Jefferson,2615,-77.08682986247472,38.82816420871894,noetzel1907
Jefferson,2616,-77.08684240678569,38.8281511510423,noetzel1907
Jefferson,2617,-77.08684952156923,38.828144618619746,noetzel1907
Jefferson,2618,-77.086855826929,38.828138186293856,noetzel1907
Jefferson,2619,-77.0868629751874,38.828131736656594,noetzel1907
Jefferson,2620,-77.08686924544651,38.82812530390733,noetzel1907
Jefferson,2621,-77.08687639370247,38.8281188542692,noetzel1907
Jefferson,2622,-77.08688266395924,38.828112421519194,noetzel1907
Jefferson,2623,-77.08688981221269,38.82810597188025,noetzel1907
Jefferson,2624,-77.08689692320533,38.82809963163619,noetzel1907
Jefferson,2625,-77.086903226936,38.8280932816711,noetzel1907
Jefferson,2626,-77.08691751965206,38.828080574571594,noetzel1907
Jefferson,2627,-77.0869237904421,38.82807411436482,noetzel1907
Jefferson,2628,-77.08693093706717,38.82806774708675,noetzel1907
Jefferson,2629,-77.08693804589123,38.82806151665806,noetzel1907
Jefferson,2630,-77.08694522815237,38.82805512234725,noetzel1907
Jefferson,2631,-77.08697380598555,38.828030092498736,noetzel1907
Jefferson,2632,-77.08700237731566,38.828005392096934,noetzel1907
Jefferson,2633,-77.08700951852433,38.82799929935879,noetzel1907
Jefferson,2634,-77.08701666135255,38.827993124256786,noetzel1907
Jefferson,2635,-77.0870238025588,38.827987031517765,noetzel1907
Jefferson,2636,-77.08703094214307,38.82798102114175,noetzel1907
Jefferson,2637,-77.08703892570458,38.82797493854406,noetzel1907
Jefferson,2638,-77.08705323996526,38.82796291821234,noetzel1907
Jefferson,2639,-77.08706125700036,38.82795691839915,noetzel1907
Jefferson,2640,-77.08706839495781,38.82795099038423,noetzel1907
Jefferson,2641,-77.08707641199032,38.82794499057,noetzel1907
Jefferson,2642,-77.08709068735894,38.82793316199242,noetzel1907
Jefferson,2643,-77.08709870114626,38.8279273269035,noetzel1907
Jefferson,2644,-77.08710671601273,38.8279214369051,noetzel1907
Jefferson,2645,-77.08711385234223,38.82791559125086,noetzel1907
Jefferson,2646,-77.08712186450505,38.827909838523766,noetzel1907
Jefferson,2647,-77.08712900029195,38.82790402032309,noetzel1907
Jefferson,2648,-77.08714502407112,38.827892542320825,noetzel1907
Jefferson,2649,-77.08715215877403,38.82788677902763,noetzel1907
Jefferson,2650,-77.08716017039036,38.82788105375243,noetzel1907
Jefferson,2651,-77.08719221144108,38.827858427190776,noetzel1907
Jefferson,2652,-77.08720021980997,38.82785286663971,noetzel1907
Jefferson,2653,-77.0872073507232,38.827847295524535,noetzel1907
Jefferson,2654,-77.08721539418782,38.82784173539492,noetzel1907
Jefferson,2655,-77.08722336637457,38.82783622932863,noetzel1907
Jefferson,2656,-77.08723137527872,38.8278306413209,noetzel1907
Jefferson,2657,-77.0872402589349,38.82782520114837,noetzel1907
Jefferson,2658,-77.08724826405535,38.82781980532084,noetzel1907
Jefferson,2659,-77.0872562707951,38.82781432712931,noetzel1907
Jefferson,2660,-77.0872802861456,38.82779813964181,noetzel1907
Jefferson,2661,-77.0872891670933,38.82779283673793,noetzel1907
Jefferson,2662,-77.0873131775679,38.82777689633393,noetzel1907
Jefferson,2663,-77.08732202125185,38.82777170282297,noetzel1907
Jefferson,2664,-77.08733005821753,38.82776647213924,noetzel1907
Jefferson,2665,-77.08733893753725,38.827761251594936,noetzel1907
Jefferson,2666,-77.0873469394024,38.82775602048755,noetzel1907
Jefferson,2667,-77.08735493910586,38.82775089919754,noetzel1907
Jefferson,2668,-77.08736381680147,38.82774576101483,noetzel1907
Jefferson,2669,-77.08737181650261,38.82774063972367,noetzel1907
Jefferson,2670,-77.08738956810683,38.827730555536405,noetzel1907
Jefferson,2671,-77.08739756510387,38.82772557151586,noetzel1907
Jefferson,2672,-77.08741531346016,38.82771565205162,noetzel1907
Jefferson,2673,-77.0874241857461,38.82771078840919,noetzel1907
Jefferson,2674,-77.08743218219844,38.82770583184078,noetzel1907
Jefferson,2675,-77.08745879958572,38.82769121345307,noetzel1907
Jefferson,2676,-77.08746767024547,38.82768643217079,noetzel1907
Jefferson,2677,-77.08747562835352,38.82768163990381,noetzel1907
Jefferson,2678,-77.08750227596046,38.827667269018995,noetzel1907
Jefferson,2679,-77.08753775208827,38.82764847332633,noetzel1907
Jefferson,2680,-77.087573221177,38.82763003453123,noetzel1907
Jefferson,2681,-77.08758296603305,38.82762542852789,noetzel1907
Jefferson,2682,-77.08760956283881,38.827611853376204,noetzel1907
Jefferson,2683,-77.08761842645839,38.82760742899074,noetzel1907
Jefferson,2684,-77.087627292777,38.82760286733219,noetzel1907
Jefferson,2685,-77.08763703384581,38.82759845350573,noetzel1907
Jefferson,2686,-77.08764589638201,38.82759408402713,noetzel1907
Jefferson,2687,-77.08765475999718,38.827589659638974,noetzel1907
Jefferson,2688,-77.08766449998248,38.82758530071915,noetzel1907
Jefferson,2689,-77.08767336413541,38.82758084887506,noetzel1907
Jefferson,2690,-77.08768222396726,38.82757661666617,noetzel1907
Jefferson,2691,-77.08769196394914,38.82757225774411,noetzel1907
Jefferson,2692,-77.0877008264788,38.82756788826136,noetzel1907
Jefferson,2693,-77.08770968684739,38.82756362859592,noetzel1907
Jefferson,2694,-77.08771942520588,38.827559352035,noetzel1907
Jefferson,2695,-77.0877282839524,38.827555174731586,noetzel1907
Jefferson,2696,-77.08773802176866,38.82755092562365,noetzel1907
Jefferson,2697,-77.08775573979639,38.827542543558835,noetzel1907
Jefferson,2698,-77.0877654759894,38.82753837681206,noetzel1907
Jefferson,2699,-77.08777433311076,38.827534281868594,noetzel1907
Jefferson,2700,-77.08779380225154,38.827526113098045,noetzel1907
Jefferson,2701,-77.08780265990971,38.82752199069795,noetzel1907
Jefferson,2702,-77.08781239447738,38.82751790631072,noetzel1907
Jefferson,2703,-77.08782125051366,38.827513866272746,noetzel1907
Jefferson,2704,-77.08784071586398,38.82750588967574,noetzel1907
Jefferson,2705,-77.08784956973743,38.82750195945354,noetzel1907
Jefferson,2706,-77.08785930321986,38.82749792997138,noetzel1907
Jefferson,2707,-77.0878690329217,38.82749409266979,noetzel1907
Jefferson,2708,-77.08787788571229,38.82749021735444,noetzel1907
Jefferson,2709,-77.08788761757178,38.82748627023338,noetzel1907
Jefferson,2710,-77.0878982128389,38.82748126252242,noetzel1907
Jefferson,2711,-77.08790971687694,38.82747824293677,noetzel1907
Jefferson,2712,-77.08792114424315,38.82747733692331,noetzel1907
Jefferson,2713,-77.08793340640675,38.82747861037159,noetzel1907
Jefferson,2714,-77.08794654818037,38.82747978455859,noetzel1907
Jefferson,2715,-77.08795965378167,38.82748279819501,noetzel1907
Jefferson,2716,-77.08797184900084,38.82748747599593,noetzel1907
Jefferson,2717,-77.08798313599806,38.8274937081438,noetzel1907
Jefferson,2718,-77.08799264110276,38.8275012918998,noetzel1907
Jefferson,2719,-77.0901226939585,38.82915808345546,noetzel1907
Jefferson,2720,-77.09013043857887,38.82916416298771,noetzel1907
Jefferson,2721,-77.09034139968979,38.82932676718051,noetzel1907
Jefferson,2722,-77.09035091552705,38.829333829106865,noetzel1907
Jefferson,2723,-77.09260897433523,38.83109094292009,noetzel1907
Jefferson,2724,-77.09261675877944,38.83109680307057,noetzel1907
Jefferson,2725,-77.0928406643145,38.83126947119093,noetzel1907
Jefferson,2726,-77.09306540565184,38.83144791568079,noetzel1907
Jefferson,2727,-77.09307231428657,38.83145368291735,noetzel1907
Jefferson,2728,-77.09329707385068,38.83162946344984,noetzel1907
Jefferson,2729,-77.0933048238472,38.83163529567873,noetzel1907
Jefferson,2730,-77.09331086954025,38.831640311111855,noetzel1907
Jefferson,2731,-77.09548602801488,38.83333876021713,noetzel1907
Jefferson,2732,-77.095914943952,38.8336679311666,noetzel1907
Jefferson,2733,-77.09592273592501,38.83367343418587,noetzel1907
Jefferson,2734,-77.09593052950989,38.83367885484118,noetzel1907
Jefferson,2735,-77.09593919901225,38.83368436835768,noetzel1907
Jefferson,2736,-77.09594695588785,38.83368987095539,noetzel1907
Jefferson,2737,-77.09595478565116,38.83369523712001,noetzel1907
Jefferson,2738,-77.0959625770933,38.83370076759112,noetzel1907
Jefferson,2739,-77.09597037068414,38.83370618824373,noetzel1907
Jefferson,2740,-77.09597816266555,38.8337116912593,noetzel1907
Jefferson,2741,-77.09598679868508,38.83371712198884,noetzel1907
Jefferson,2742,-77.09599462630686,38.83372259796876,noetzel1907
Jefferson,2743,-77.0960024199025,38.83372801861922,noetzel1907
Jefferson,2744,-77.09601021188872,38.83373352163262,noetzel1907
Jefferson,2745,-77.09601800548671,38.83373894228203,noetzel1907
Jefferson,2746,-77.09602671171476,38.83374437384842,noetzel1907
Jefferson,2747,-77.09603446914035,38.83374984898581,noetzel1907
Jefferson,2748,-77.09605005634471,38.83376069028088,noetzel1907
Jefferson,2749,-77.09605872586616,38.8337662037884,noetzel1907
Jefferson,2750,-77.09608990083089,38.83378785891541,noetzel1907
Jefferson,2751,-77.09609857196912,38.83379329005652,noetzel1907
Jefferson,2752,-77.09610636611711,38.83379868324552,noetzel1907
Jefferson,2753,-77.09611415811897,38.83380418625193,noetzel1907
Jefferson,2754,-77.09612195119566,38.833809634348846,noetzel1907
Jefferson,2755,-77.09613058777468,38.833815037613185,noetzel1907
Jefferson,2756,-77.09614621064563,38.833825851860695,noetzel1907
Jefferson,2757,-77.09615400533754,38.83383121759202,noetzel1907
Jefferson,2758,-77.09616267702268,38.8338366212738,noetzel1907
Jefferson,2759,-77.09618605842509,38.83385285573524,noetzel1907
Jefferson,2760,-77.09619472957849,38.833858286869166,noetzel1907
Jefferson,2761,-77.0962025253511,38.83386359768824,noetzel1907
Jefferson,2762,-77.09621035407892,38.833869018744565,noetzel1907
Jefferson,2763,-77.09621899013491,38.83387444945683,noetzel1907
Jefferson,2764,-77.09622678430074,38.833879842637735,noetzel1907
Jefferson,2765,-77.09623457954127,38.83388518090913,noetzel1907
Jefferson,2766,-77.09624237317269,38.833890601543445,noetzel1907
Jefferson,2767,-77.0962510459452,38.833895950309675,noetzel1907
Jefferson,2768,-77.09626663375074,38.83390676412111,noetzel1907
Jefferson,2769,-77.096275306527,38.83391211288557,noetzel1907
Jefferson,2770,-77.09628310123793,38.833917478608186,noetzel1907
Jefferson,2771,-77.09629089594999,38.83392284433028,noetzel1907
Jefferson,2772,-77.09629956711976,38.83392827545638,noetzel1907
Jefferson,2773,-77.09631515816011,38.833938924534365,noetzel1907
Jefferson,2774,-77.09632295180342,38.83394434516326,noetzel1907
Jefferson,2775,-77.09633162458843,38.833949693923486,noetzel1907
Jefferson,2776,-77.09633942038109,38.83395500473335,noetzel1907
Jefferson,2777,-77.09634721402799,38.83396042536064,noetzel1907
Jefferson,2778,-77.09635588735347,38.833965746664546,noetzel1907
Jefferson,2779,-77.09637147787359,38.83397642318946,noetzel1907
Jefferson,2780,-77.0963801512028,38.8339817444916,noetzel1907
Jefferson,2781,-77.09638794485566,38.83398716511611,noetzel1907
Jefferson,2782,-77.09639574011985,38.833992503376656,noetzel1907
Jefferson,2783,-77.09640441345283,38.83399782467699,noetzel1907
Jefferson,2784,-77.09642000452382,38.834008473740866,noetzel1907
Jefferson,2785,-77.0964286773238,38.83401382249383,noetzel1907
Jefferson,2786,-77.09644426840187,38.834024471554464,noetzel1907
Jefferson,2787,-77.0964529412056,38.83402982030564,noetzel1907
Jefferson,2788,-77.09646073647924,38.83403515856181,noetzel1907
Jefferson,2789,-77.09646940928548,38.83404050731178,noetzel1907
Jefferson,2790,-77.09647720670826,38.83404573574887,noetzel1907
Jefferson,2791,-77.09648500252212,38.83405104654896,noetzel1907
Jefferson,2792,-77.09649367533208,38.834056395297075,noetzel1907
Jefferson,2793,-77.09650147061166,38.834061733550506,noetzel1907
Jefferson,2794,-77.09650926857574,38.834066934530995,noetzel1907
Jefferson,2795,-77.09651794085276,38.83407231073177,noetzel1907
Jefferson,2796,-77.09652573667253,38.83407762152914,noetzel1907
Jefferson,2797,-77.09653440948873,38.8340829702742,noetzel1907
Jefferson,2798,-77.09654220692084,38.834088198706965,noetzel1907
Jefferson,2799,-77.09654996710623,38.834093536537395,noetzel1907
Jefferson,2800,-77.09655867663737,38.83409880333694,noetzel1907
Jefferson,2801,-77.09656647246304,38.83410411413154,noetzel1907
Jefferson,2802,-77.09657514689542,38.83410938051012,noetzel1907
Jefferson,2803,-77.09658294272344,38.8341146913036,noetzel1907
Jefferson,2804,-77.09659073962588,38.834119947187574,noetzel1907
Jefferson,2805,-77.0965994129887,38.83412526847334,noetzel1907
Jefferson,2806,-77.09660720989349,38.83413052435618,noetzel1907
Jefferson,2807,-77.09661588272216,38.83413587309518,noetzel1907
Jefferson,2808,-77.09663147707427,38.83414635740368,noetzel1907
Jefferson,2809,-77.09664014990666,38.834151706140894,noetzel1907
Jefferson,2810,-77.09664791225265,38.8341569341468,noetzel1907
Jefferson,2811,-77.0966566223353,38.83416217348454,noetzel1907
Jefferson,2812,-77.0966644192483,38.83416742936354,noetzel1907
Jefferson,2813,-77.09667309423213,38.834172668280345,noetzel1907
Jefferson,2814,-77.09668088953767,38.83417800652172,noetzel1907
Jefferson,2815,-77.09668868699077,38.83418323494464,noetzel1907
Jefferson,2816,-77.09669736144166,38.834188501314074,noetzel1907
Jefferson,2817,-77.09670515889711,38.834193729735894,noetzel1907
Jefferson,2818,-77.09671383335049,38.83419899610409,noetzel1907
Jefferson,2819,-77.09672166590964,38.83420422494448,noetzel1907
Jefferson,2820,-77.09673030526413,38.83420949089175,noetzel1907
Jefferson,2821,-77.09673810272425,38.834214719311376,noetzel1907
Jefferson,2822,-77.09674677718257,38.83421998567712,noetzel1907
Jefferson,2823,-77.09675457464506,38.834225214095625,noetzel1907
Jefferson,2824,-77.09676324910586,38.83423048046012,noetzel1907
Jefferson,2825,-77.09677104657067,38.834235708877486,noetzel1907
Jefferson,2826,-77.09677884510975,38.83424088238536,noetzel1907
Jefferson,2827,-77.09678752011081,38.8342461212936,noetzel1907
Jefferson,2828,-77.0967953170425,38.83425137716381,noetzel1907
Jefferson,2829,-77.09680399204603,38.83425661607083,noetzel1907
Jefferson,2830,-77.09681179112633,38.83426176212202,noetzel1907
Jefferson,2831,-77.09682046559573,38.83426702848225,noetzel1907
Jefferson,2832,-77.09682826306867,38.83427225689578,noetzel1907
Jefferson,2833,-77.09683693915022,38.83427744089134,noetzel1907
Jefferson,2834,-77.0968447366255,38.83428266930376,noetzel1907
Jefferson,2835,-77.09685341109984,38.834287935661536,noetzel1907
Jefferson,2836,-77.09686121072363,38.834293054254914,noetzel1907
Jefferson,2837,-77.09686988466392,38.83429834806594,noetzel1907
Jefferson,2838,-77.09687764865208,38.834303493693064,noetzel1907
Jefferson,2839,-77.09688635823275,38.83430876046802,noetzel1907
Jefferson,2840,-77.0968941573246,38.83431390651365,noetzel1907
Jefferson,2841,-77.09690283234288,38.834319145413296,noetzel1907
Jefferson,2842,-77.09691063090052,38.83432431891227,noetzel1907
Jefferson,2843,-77.09691930753081,38.83432947544723,noetzel1907
Jefferson,2844,-77.09692710448121,38.83433473130858,noetzel1907
Jefferson,2845,-77.09693578111396,38.83433988784227,noetzel1907
Jefferson,2846,-77.09694358021274,38.8343450338846,noetzel1907
Jefferson,2847,-77.09695225470189,38.83435030023498,noetzel1907
Jefferson,2848,-77.09696005433946,38.83435541882172,noetzel1907
Jefferson,2849,-77.09696872990408,38.83436063026191,noetzel1907
Jefferson,2850,-77.09697652900746,38.834365776302015,noetzel1907
Jefferson,2851,-77.09699388175231,38.834376116815875,noetzel1907
Jefferson,2852,-77.09700168085918,38.834381262854286,noetzel1907
Jefferson,2853,-77.09701035696641,38.834386446836874,noetzel1907
Jefferson,2854,-77.09701815446614,38.83439167523764,noetzel1907
Jefferson,2855,-77.0970268311123,38.83439683176454,noetzel1907
Jefferson,2856,-77.09703462968731,38.83440200525521,noetzel1907
Jefferson,2857,-77.09704330794533,38.83440707941742,noetzel1907
Jefferson,2858,-77.0970511070591,38.83441222545251,noetzel1907
Jefferson,2859,-77.09706845982592,38.83442256595518,noetzel1907
Jefferson,2860,-77.0970762584067,38.834427739443065,noetzel1907
Jefferson,2861,-77.09708493452494,38.834432923420145,noetzel1907
Jefferson,2862,-77.09709273418098,38.83443804199794,noetzel1907
Jefferson,2863,-77.09710144701248,38.83444314402983,noetzel1907
Jefferson,2864,-77.09710921103284,38.83444828964146,noetzel1907
Jefferson,2865,-77.09711788769239,38.83445344616154,noetzel1907
Jefferson,2866,-77.09712656542607,38.834458547772,noetzel1907
Jefferson,2867,-77.0971343645514,38.83446369380153,noetzel1907
Jefferson,2868,-77.09714304121462,38.83446885031974,noetzel1907
Jefferson,2869,-77.0971508414151,38.834473941439136,noetzel1907
Jefferson,2870,-77.0971594829793,38.83447909753656,noetzel1907
Jefferson,2871,-77.09716731881993,38.834484161619955,noetzel1907
Jefferson,2872,-77.09717599495156,38.83448934559016,noetzel1907
Jefferson,2873,-77.09718467323012,38.834494419741816,noetzel1907
Jefferson,2874,-77.0971924723635,38.834499565767416,noetzel1907
Jefferson,2875,-77.09720115064447,38.83450463991784,noetzel1907
Jefferson,2876,-77.09720982678101,38.834509823885526,noetzel1907
Jefferson,2877,-77.09721762752709,38.83451488754597,noetzel1907
Jefferson,2878,-77.09722630581166,38.834519961694504,noetzel1907
Jefferson,2879,-77.09723410441444,38.83452513517178,noetzel1907
Jefferson,2880,-77.09725142588815,38.83453528304621,noetzel1907
Jefferson,2881,-77.09725926174141,38.8345403471234,noetzel1907
Jefferson,2882,-77.09726793788647,38.83454553108677,noetzel1907
Jefferson,2883,-77.09727573864053,38.83455059474328,noetzel1907
Jefferson,2884,-77.09729309469141,38.834560770485496,noetzel1907
Jefferson,2885,-77.09730089491252,38.834565861594875,noetzel1907
Jefferson,2886,-77.09731825204337,38.83457598242435,noetzel1907
Jefferson,2887,-77.09732605226792,38.834581073531965,noetzel1907
Jefferson,2888,-77.09734337376814,38.834591221392685,noetzel1907
Jefferson,2889,-77.09735120963397,38.8345962854637,noetzel1907
Jefferson,2890,-77.09736856570659,38.83460646119462,noetzel1907
Jefferson,2891,-77.09737636701071,38.83461149738989,noetzel1907
Jefferson,2892,-77.09738504639087,38.834616516617594,noetzel1907
Jefferson,2893,-77.09739372469956,38.83462159075366,noetzel1907
Jefferson,2894,-77.09740152493444,38.8346266818562,noetzel1907
Jefferson,2895,-77.09741020324552,38.83463175599101,noetzel1907
Jefferson,2896,-77.09741888316681,38.834636747761735,noetzel1907
Jefferson,2897,-77.09742668394144,38.83464181140809,noetzel1907
Jefferson,2898,-77.09743532661828,38.834646912576,noetzel1907
Jefferson,2899,-77.0974440416447,38.83465190476431,noetzel1907
Jefferson,2900,-77.09745184242274,38.834656968409035,noetzel1907
Jefferson,2901,-77.09746052234998,38.83466196017661,noetzel1907
Jefferson,2902,-77.0974692357711,38.834667034726486,noetzel1907
Jefferson,2903,-77.09747700305988,38.83467201558658,noetzel1907
Jefferson,2904,-77.09748568084548,38.834677117170216,noetzel1907
Jefferson,2905,-77.09749436024123,38.83468213638978,noetzel1907
Jefferson,2906,-77.09750216156239,38.8346871725766,noetzel1907
Jefferson,2907,-77.09751952143239,38.83469715610358,noetzel1907
Jefferson,2908,-77.09752819922404,38.83470225768406,noetzel1907
Jefferson,2909,-77.09753600162234,38.834707238959645,noetzel1907
Jefferson,2910,-77.0975533615019,38.83471722248163,noetzel1907
Jefferson,2911,-77.09756116229474,38.83472228611899,noetzel1907
Jefferson,2912,-77.09758720159033,38.83473728884978,noetzel1907
Jefferson,2913,-77.09759500399653,38.83474227012142,noetzel1907
Jefferson,2914,-77.09762104384266,38.834757245390165,noetzel1907
Jefferson,2915,-77.09762884625339,38.83476222665953,noetzel1907
Jefferson,2916,-77.09764620615915,38.83477221016761,noetzel1907
Jefferson,2917,-77.097654008037,38.834777218889755,noetzel1907
Jefferson,2918,-77.09768004790813,38.83479219414529,noetzel1907
Jefferson,2919,-77.09768785193542,38.834797093047214,noetzel1907
Jefferson,2920,-77.09771389182082,38.83481206829517,noetzel1907
Jefferson,2921,-77.09772257339368,38.83481697767972,noetzel1907
Jefferson,2922,-77.09773037581793,38.83482195894226,noetzel1907
Jefferson,2923,-77.09773905471206,38.834827005598015,noetzel1907
Jefferson,2924,-77.09774773736086,38.83483186007174,noetzel1907
Jefferson,2925,-77.09775641679362,38.83483687927168,noetzel1907
Jefferson,2926,-77.09776422083098,38.83484177816849,noetzel1907
Jefferson,2927,-77.09777290080228,38.834846769912744,noetzel1907
Jefferson,2928,-77.09778158238336,38.834851679292925,noetzel1907
Jefferson,2929,-77.09779026235708,38.834856671035894,noetzel1907
Jefferson,2930,-77.09779894394053,38.83486158041475,noetzel1907
Jefferson,2931,-77.09780674637494,38.83486656167214,noetzel1907
Jefferson,2932,-77.09782411008389,38.83487635297225,noetzel1907
Jefferson,2933,-77.09783278952736,38.83488137216656,noetzel1907
Jefferson,2934,-77.09784147111674,38.834886281542225,noetzel1907
Jefferson,2935,-77.09784931026695,38.83489118085269,noetzel1907
Jefferson,2936,-77.0978666383498,38.83490099918158,noetzel1907
Jefferson,2937,-77.09787531833538,38.834905990918216,noetzel1907
Jefferson,2938,-77.09788399993066,38.83491090029073,noetzel1907
Jefferson,2939,-77.09789180398474,38.83491579917894,noetzel1907
Jefferson,2940,-77.09793521198443,38.83494034602889,noetzel1907
Jefferson,2941,-77.09794301604524,38.83494524491366,noetzel1907
Jefferson,2942,-77.09796906086265,38.834959973014094,noetzel1907
Jefferson,2943,-77.0979777440792,38.83496480001613,noetzel1907
Jefferson,2944,-77.09798642568857,38.83496970938099,noetzel1907
Jefferson,2945,-77.09799422975605,38.83497460826237,noetzel1907
Jefferson,2946,-77.09800291136774,38.83497951762601,noetzel1907
Jefferson,2947,-77.09801159458891,38.8349843446255,noetzel1907
Jefferson,2948,-77.09802027620296,38.83498925398785,noetzel1907
Jefferson,2949,-77.0981766794694,38.83507075877735,noetzel1907
Jefferson,2950,-77.09919828005073,38.83561569760247,noetzel1907
Jefferson,2951,-77.10041448888902,38.83626455334888,noetzel1907
Jefferson,2952,-77.10059520177315,38.836360075146565,noetzel1907
Jefferson,2953,-77.10060387891404,38.836365231406624,noetzel1907
Jefferson,2954,-77.10061166137183,38.83637125574637,noetzel1907
Jefferson,2955,-77.1006185518221,38.8363780108936,noetzel1907
Jefferson,2956,-77.10062455079996,38.83638546939401,noetzel1907
Jefferson,2957,-77.10062878449033,38.83639342860303,noetzel1907
Jefferson,2958,-77.1006312566385,38.83640169633945,noetzel1907
Jefferson,2959,-77.10063284480485,38.83641028306659,noetzel1907
Jefferson,2960,-77.1006326773143,38.836418876321865,noetzel1907
Jefferson,2961,-77.10063075523638,38.836427421196355,noetzel1907
Jefferson,2962,-77.10062796041275,38.83643570851719,noetzel1907
Jefferson,2963,-77.10062341849243,38.83644356309424,noetzel1907
Jefferson,2964,-77.10061800757153,38.83645096793597,noetzel1907
Jefferson,2965,-77.10059274018194,38.83648636579837,noetzel1907
Jefferson,2966,-77.10036602833854,38.83676925546978,noetzel1907
Jefferson,2967,-77.10035710871048,38.836776536074865,noetzel1907
Jefferson,2968,-77.10034646445743,38.83678223084304,noetzel1907
Jefferson,2969,-77.10033409504452,38.83678636722831,noetzel1907
Jefferson,2970,-77.10032176042043,38.836788719070654,noetzel1907
Jefferson,2971,-77.10030858676726,38.83678908372316,noetzel1907
Jefferson,2972,-77.10029544844015,38.83678763637815,noetzel1907
Jefferson,2973,-77.10028405507491,38.8367867315984,noetzel1907
Jefferson,2974,-77.1002726552869,38.836786156271366,noetzel1907
Jefferson,2975,-77.10026125014649,38.83678585548805,noetzel1907
Jefferson,2976,-77.10025071614855,38.83678589462352,noetzel1907
Jefferson,2977,-77.10023929923238,38.83678619783675,noetzel1907
Jefferson,2978,-77.10022790938973,38.83678691328485,noetzel1907
Jefferson,2979,-77.1002164461299,38.83678779262144,noetzel1907
Jefferson,2980,-77.10020500887266,38.83678913910181,noetzel1907
Jefferson,2981,-77.1001944448983,38.83679071568338,noetzel1907
Jefferson,2982,-77.10018299586386,38.83679266616024,noetzel1907
Jefferson,2983,-77.10017242064737,38.83679481928404,noetzel1907
Jefferson,2984,-77.10016183954197,38.8367972744062,noetzel1907
Jefferson,2985,-77.10015037444654,38.83680004851444,noetzel1907
Jefferson,2986,-77.100139779957,38.83680318999678,noetzel1907
Jefferson,2987,-77.10013005821452,38.83680658903537,noetzel1907
Jefferson,2988,-77.10011945355215,38.83681025215102,noetzel1907
Jefferson,2989,-77.10010973501966,38.83681348646098,noetzel1907
Jefferson,2990,-77.10009913249655,38.83681703975687,noetzel1907
Jefferson,2991,-77.10008940218506,38.83682087806384,noetzel1907
Jefferson,2992,-77.1000796654486,38.83682504582381,noetzel1907
Jefferson,2993,-77.10007080252973,38.8368294162317,noetzel1907
Jefferson,2994,-77.10006193318576,38.83683411609273,noetzel1907
Jefferson,2995,-77.10005305848723,38.83683909049791,noetzel1907
Jefferson,2996,-77.10004417950476,38.83684428453833,noetzel1907
Jefferson,2997,-77.1000352935615,38.83684983548636,noetzel1907
Jefferson,2998,-77.10002728357716,38.83685547926484,noetzel1907
Jefferson,2999,-77.10001926663202,38.836861479951025,noetzel1907
Jefferson,3000,-77.10001212403988,38.83686765583136,noetzel1907
Jefferson,3001,-77.10000497609296,38.83687410625607,noetzel1907
Jefferson,3002,-77.09999782386187,38.83688077631621,noetzel1907
Jefferson,3003,-77.09999154651936,38.83688759411628,noetzel1907
Jefferson,3004,-77.09998526489274,38.83689463155185,noetzel1907
Jefferson,3005,-77.09997897951733,38.83690186116846,noetzel1907
Jefferson,3006,-77.0999735706369,38.83690915616174,noetzel1907
Jefferson,3007,-77.0999681558663,38.83691675315412,noetzel1907
Jefferson,3008,-77.09996361759099,38.83692441552334,noetzel1907
Jefferson,3009,-77.09995907610245,38.83693224261929,noetzel1907
Jefferson,3010,-77.09995541003877,38.83694019000114,noetzel1907
Jefferson,3011,-77.09995170565938,38.836948301691045,noetzel1907
Jefferson,3012,-77.09994807523212,38.836956222036854,noetzel1907
Jefferson,3013,-77.09994440755989,38.83696425178185,noetzel1907
Jefferson,3014,-77.09994161584844,38.83697237435838,noetzel1907
Jefferson,3015,-77.09993794496233,38.83698056882998,noetzel1907
Jefferson,3016,-77.09993411024759,38.83699716437318,noetzel1907
Jefferson,3017,-77.09993222531534,38.83700559983588,noetzel1907
Jefferson,3018,-77.09993027017718,38.83701403446101,noetzel1907
Jefferson,3019,-77.09992922878047,38.837022425064305,noetzel1907
Jefferson,3020,-77.0999287314056,38.8370479302785,noetzel1907
Jefferson,3021,-77.0999301556738,38.83706491808543,noetzel1907
Jefferson,3022,-77.09993090451712,38.83707333004412,noetzel1907
Jefferson,3023,-77.09993246018871,38.83708177908817,noetzel1907
Jefferson,3024,-77.09993405310504,38.83709011873303,noetzel1907
Jefferson,3025,-77.09993655869381,38.837098469264895,noetzel1907
Jefferson,3026,-77.0999389972899,38.837106654232365,noetzel1907
Jefferson,3027,-77.09994231292073,38.83711487712254,noetzel1907
Jefferson,3028,-77.09994570197007,38.83712293612316,noetzel1907
Jefferson,3029,-77.09994905645281,38.83713096725047,noetzel1907
Jefferson,3030,-77.09995329011224,38.837138926482424,noetzel1907
Jefferson,3031,-77.09995752752027,38.83714669353286,noetzel1907
Jefferson,3032,-77.09996176653533,38.83715437821968,noetzel1907
Jefferson,3033,-77.09996688312138,38.83716207337445,noetzel1907
Jefferson,3034,-77.09997200292077,38.837169603802074,noetzel1907
Jefferson,3035,-77.09997800350374,38.83717697997063,noetzel1907
Jefferson,3036,-77.09998400783546,38.8371841639575,noetzel1907
Jefferson,3037,-77.09999001538061,38.837191183217186,noetzel1907
Jefferson,3038,-77.09999690370964,38.83719804821748,noetzel1907
Jefferson,3039,-77.1000037947168,38.83720477594502,noetzel1907
Jefferson,3040,-77.10001069054344,38.837211256581774,noetzel1907
Jefferson,3041,-77.10001846822495,38.83721752805,noetzel1907
Jefferson,3042,-77.10002624911994,38.8372236347908,noetzel1907
Jefferson,3043,-77.10003491294064,38.83722947745389,noetzel1907
Jefferson,3044,-77.10004270400988,38.83723506255845,noetzel1907
Jefferson,3045,-77.10005137586343,38.83724049340308,noetzel1907
Jefferson,3046,-77.10006005467771,38.83724556733878,noetzel1907
Jefferson,3047,-77.1000696142764,38.83725048701431,noetzel1907
Jefferson,3048,-77.10007914359159,38.83725515918005,noetzel1907
Jefferson,3049,-77.10008787089562,38.837259547170326,noetzel1907
Jefferson,3050,-77.1000983230585,38.83726370858523,noetzel1907
Jefferson,3051,-77.1001079046104,38.83726750262388,noetzel1907
Jefferson,3052,-77.10011479777589,38.83727412052682,noetzel1907
Jefferson,3053,-77.10012795813621,38.83727444225816,noetzel1907
Jefferson,3054,-77.10013843225128,38.83727747803574,noetzel1907
Jefferson,3055,-77.10014891118497,38.83728026672201,noetzel1907
Jefferson,3056,-77.1001593954725,38.83728278086249,noetzel1907
Jefferson,3057,-77.10016988618432,38.8372849655483,noetzel1907
Jefferson,3058,-77.10018038171442,38.83728690314286,noetzel1907
Jefferson,3059,-77.10019088313325,38.837288538737134,noetzel1907
Jefferson,3060,-77.10020226747712,38.83728991025203,noetzel1907
Jefferson,3061,-77.10021278013778,38.83729096930021,noetzel1907
Jefferson,3062,-77.10022414169099,38.837291708941294,noetzel1907
Jefferson,3063,-77.10023470069581,38.83729219186204,noetzel1907
Jefferson,3064,-77.10024610698706,38.83729243773887,noetzel1907
Jefferson,3065,-77.10025664320037,38.83729228878594,noetzel1907
Jefferson,3066,-77.10026806180271,38.837291903207586,noetzel1907
Jefferson,3067,-77.10027860925626,38.83729117770852,noetzel1907
Jefferson,3068,-77.10028916206213,38.83729017766373,noetzel1907
Jefferson,3069,-77.10030059886236,38.83728885862978,noetzel1907
Jefferson,3070,-77.1003111985458,38.83728725500302,noetzel1907
Jefferson,3071,-77.10032173284014,38.83728540344768,noetzel1907
Jefferson,3072,-77.10033230705395,38.83728330521968,noetzel1907
Jefferson,3073,-77.10034288822514,38.837280850082415,noetzel1907
Jefferson,3074,-77.10035347421264,38.837278147853915,noetzel1907
Jefferson,3075,-77.10036403151919,38.83727511575202,noetzel1907
Jefferson,3076,-77.10037378520556,38.83727188183993,noetzel1907
Jefferson,3077,-77.10038526749457,38.8372682291667,noetzel1907
Jefferson,3078,-77.1003975957764,38.83726620677171,noetzel1907
Jefferson,3079,-77.100409888734,38.83726599637135,noetzel1907
Jefferson,3080,-77.10042215064992,38.837267378329706,noetzel1907
Jefferson,3081,-77.10043350181269,38.837270452000155,noetzel1907
Jefferson,3082,-77.10044482354085,38.83727503566605,noetzel1907
Jefferson,3083,-77.10045436122712,38.837281080944045,noetzel1907
Jefferson,3084,-77.10189231117795,38.83826484085615,noetzel1907
Jefferson,3085,-77.10190010250403,38.83827042583603,noetzel1907
Jefferson,3086,-77.10190877301919,38.83827593890554,noetzel1907
Jefferson,3087,-77.10191656274384,38.838281606247776,noetzel1907
Jefferson,3088,-77.1019243540736,38.838287191226016,noetzel1907
Jefferson,3089,-77.10194772325856,38.838304193247986,noetzel1907
Jefferson,3090,-77.10197108710842,38.83832146981007,noetzel1907
Jefferson,3091,-77.10199444615807,38.83833899345778,noetzel1907
Jefferson,3092,-77.10200219598151,38.838344907466436,noetzel1907
Jefferson,3093,-77.10200913949726,38.83835075694905,noetzel1907
Jefferson,3094,-77.10201692442654,38.838356671374825,noetzel1907
Jefferson,3095,-77.10202470721872,38.838362695618095,noetzel1907
Jefferson,3096,-77.10203249215058,38.83836861004284,noetzel1907
Jefferson,3097,-77.10203939736017,38.83837462383242,noetzel1907
Jefferson,3098,-77.10204717855243,38.83838073043757,noetzel1907
Jefferson,3099,-77.1020540491956,38.83838671635366,noetzel1907
Jefferson,3100,-77.10206186549381,38.838392823375976,noetzel1907
Jefferson,3101,-77.10206876910442,38.838398919527215,noetzel1907
Jefferson,3102,-77.10207654976723,38.83840505358488,noetzel1907
Jefferson,3103,-77.10208345231115,38.838411204644174,noetzel1907
Jefferson,3104,-77.10209123244196,38.83841736615531,noetzel1907
Jefferson,3105,-77.10209813445374,38.838423544668245,noetzel1907
Jefferson,3106,-77.10210503486304,38.83842980554422,noetzel1907
Jefferson,3107,-77.10211281446314,38.83843599450842,noetzel1907
Jefferson,3108,-77.10211971487489,38.83844225538353,noetzel1907
Jefferson,3109,-77.10212661368416,38.83844859862161,noetzel1907
Jefferson,3110,-77.1021335492018,38.83845485991392,noetzel1907
Jefferson,3111,-77.10214041291003,38.83846120273315,noetzel1907
Jefferson,3112,-77.10214818877478,38.838467583876344,noetzel1907
Jefferson,3113,-77.10215508598536,38.838474009476194,noetzel1907
Jefferson,3114,-77.10216198480082,38.83848035271219,noetzel1907
Jefferson,3115,-77.10216888201387,38.83848677831124,noetzel1907
Jefferson,3116,-77.10217577708998,38.83849331372778,noetzel1907
Jefferson,3117,-77.10218179671875,38.83849972887443,noetzel1907
Jefferson,3118,-77.10220937864403,38.83852578817152,noetzel1907
Jefferson,3119,-77.10221539453686,38.83853239549782,noetzel1907
Jefferson,3120,-77.1022291825695,38.83854557614281,noetzel1907
Jefferson,3121,-77.10223519686227,38.83855226583146,noetzel1907
Jefferson,3122,-77.10224208874362,38.83855896597094,noetzel1907
Jefferson,3123,-77.10224810303869,38.83856565565891,noetzel1907
Jefferson,3124,-77.10225499545706,38.83857232834307,noetzel1907
Jefferson,3125,-77.10226100815093,38.83857910039384,noetzel1907
Jefferson,3126,-77.10226790003729,38.83858580053171,noetzel1907
Jefferson,3127,-77.102273913268,38.83859254512728,noetzel1907
Jefferson,3128,-77.10227992436185,38.8385993995405,noetzel1907
Jefferson,3129,-77.10228593706036,38.83860617158993,noetzel1907
Jefferson,3130,-77.10229282574466,38.83861303645322,noetzel1907
Jefferson,3131,-77.10231085904023,38.83863359968882,noetzel1907
Jefferson,3132,-77.10232888753578,38.83865441001187,noetzel1907
Jefferson,3133,-77.10233489543317,38.83866142914907,noetzel1907
Jefferson,3134,-77.10234090493519,38.83866836592247,noetzel1907
Jefferson,3135,-77.10235292073585,38.83868240419521,noetzel1907
Jefferson,3136,-77.10235804944543,38.838689495244346,noetzel1907
Jefferson,3137,-77.10236405734862,38.83869651437991,noetzel1907
Jefferson,3138,-77.10237006311512,38.83870364333319,noetzel1907
Jefferson,3139,-77.10237519182792,38.8387107343815,noetzel1907
Jefferson,3140,-77.10238119813118,38.838717835879656,noetzel1907
Jefferson,3141,-77.10238632684607,38.838724926927426,noetzel1907
Jefferson,3142,-77.10239233101377,38.83873213824296,noetzel1907
Jefferson,3143,-77.10239745812744,38.83873931165371,noetzel1907
Jefferson,3144,-77.1024034606941,38.83874660533204,noetzel1907
Jefferson,3145,-77.10240858780992,38.83875377874231,noetzel1907
Jefferson,3146,-77.10241880319987,38.83876831732546,noetzel1907
Jefferson,3147,-77.10242396168121,38.838775683334354,noetzel1907
Jefferson,3148,-77.1024290871978,38.83878293910711,noetzel1907
Jefferson,3149,-77.10244445787498,38.83880500842321,noetzel1907
Jefferson,3150,-77.10244957965466,38.838812456376374,noetzel1907
Jefferson,3151,-77.10245470357317,38.838819794511345,noetzel1907
Jefferson,3152,-77.10245982535498,38.838827242464106,noetzel1907
Jefferson,3153,-77.10246403390893,38.838834707003585,noetzel1907
Jefferson,3154,-77.10246918972753,38.83884221028283,noetzel1907
Jefferson,3155,-77.10247431204688,38.83884963078033,noetzel1907
Jefferson,3156,-77.10247855463841,38.83885715064625,noetzel1907
Jefferson,3157,-77.10248367482208,38.83886468096131,noetzel1907
Jefferson,3158,-77.1024879174155,38.83887220082684,noetzel1907
Jefferson,3159,-77.10249303760122,38.83887973114146,noetzel1907
Jefferson,3160,-77.10249731369693,38.83888733378803,noetzel1907
Jefferson,3161,-77.10250152118941,38.83889485323508,noetzel1907
Jefferson,3162,-77.10250576218321,38.83890245546337,noetzel1907
Jefferson,3163,-77.10251088076974,38.83891006814059,noetzel1907
Jefferson,3164,-77.10251508505857,38.83891775231398,noetzel1907
Jefferson,3165,-77.1025193611588,38.83892535495972,noetzel1907
Jefferson,3166,-77.10254055760478,38.83896380536767,noetzel1907
Jefferson,3167,-77.10254391780782,38.83897156187248,noetzel1907
Jefferson,3168,-77.10255663066546,38.83899489018699,noetzel1907
Jefferson,3169,-77.10255995576799,38.83900264627333,noetzel1907
Jefferson,3170,-77.10256422706846,38.83901049600759,noetzel1907
Jefferson,3171,-77.10256758781064,38.83901822505712,noetzel1907
Jefferson,3172,-77.1025718229404,38.83902612928209,noetzel1907
Jefferson,3173,-77.10257853961906,38.83904183447095,noetzel1907
Jefferson,3174,-77.1025827758202,38.839049683786506,noetzel1907
Jefferson,3175,-77.1025861328255,38.839057605016805,noetzel1907
Jefferson,3176,-77.10258949090027,38.83906547133807,noetzel1907
Jefferson,3177,-77.10260627487273,38.83910513239639,noetzel1907
Jefferson,3178,-77.10260962974569,38.839113163443905,noetzel1907
Jefferson,3179,-77.10261298675691,38.839121084673295,noetzel1907
Jefferson,3180,-77.10261546403684,38.83912910527228,noetzel1907
Jefferson,3181,-77.10262217432218,38.83914513991193,noetzel1907
Jefferson,3182,-77.10262465160399,38.83915316051067,noetzel1907
Jefferson,3183,-77.10262800648124,38.83916119155753,noetzel1907
Jefferson,3184,-77.1026304826955,38.83916926706499,noetzel1907
Jefferson,3185,-77.10263383757416,38.83917729811167,noetzel1907
Jefferson,3186,-77.10263631272089,38.839185428528005,noetzel1907
Jefferson,3187,-77.10263950301591,38.8392019155545,noetzel1907
Jefferson,3188,-77.10266295353547,38.839259862508726,noetzel1907
Jefferson,3189,-77.10267034586573,38.839285955932894,noetzel1907
Jefferson,3190,-77.10267368953286,38.83929456352229,noetzel1907
Jefferson,3191,-77.10267615506979,38.83930318811817,noetzel1907
Jefferson,3192,-77.10268619035286,38.83932879124951,noetzel1907
Jefferson,3193,-77.10270294077661,38.839370181923776,noetzel1907
Jefferson,3194,-77.10270629620712,38.83937818551348,noetzel1907
Jefferson,3195,-77.10270877404069,38.83938617865548,noetzel1907
Jefferson,3196,-77.10271212893825,38.83939420969945,noetzel1907
Jefferson,3197,-77.10271548543957,38.83940215837991,noetzel1907
Jefferson,3198,-77.10271884407899,38.8394099972423,noetzel1907
Jefferson,3199,-77.10272307978286,38.839417874006635,noetzel1907
Jefferson,3200,-77.10272643842384,38.83942571286881,noetzel1907
Jefferson,3201,-77.10273067626682,38.83943347981487,noetzel1907
Jefferson,3202,-77.10273915462719,38.839448876434126,noetzel1907
Jefferson,3203,-77.10274763673146,38.83946408087135,noetzel1907
Jefferson,3204,-77.10275275698665,38.839471611173565,noetzel1907
Jefferson,3205,-77.10275700017841,38.83947910357377,noetzel1907
Jefferson,3206,-77.1027621236416,38.83948646914868,noetzel1907
Jefferson,3207,-77.10276724550286,38.8394939170868,noetzel1907
Jefferson,3208,-77.10277749617468,38.83950845605406,noetzel1907
Jefferson,3209,-77.10278350098152,38.83951563989371,noetzel1907
Jefferson,3210,-77.10278859468922,38.83952273050468,noetzel1907
Jefferson,3211,-77.10279463567092,38.839529859852696,noetzel1907
Jefferson,3212,-77.1028006436871,38.839536878964566,noetzel1907
Jefferson,3213,-77.10280665330737,38.83954381571266,noetzel1907
Jefferson,3214,-77.10281266453175,38.839550670097,noetzel1907
Jefferson,3215,-77.10282469072398,38.83956418668341,noetzel1907
Jefferson,3216,-77.1028315827575,38.83957088678662,noetzel1907
Jefferson,3217,-77.10283847692948,38.83957747707147,noetzel1907
Jefferson,3218,-77.10284449457117,38.83958400200042,noetzel1907
Jefferson,3219,-77.10285139195132,38.83959042755765,noetzel1907
Jefferson,3220,-77.10285829093557,38.83959677075104,noetzel1907
Jefferson,3221,-77.10286606912422,38.839603042026994,noetzel1907
Jefferson,3222,-77.10287296971383,38.83960930285606,noetzel1907
Jefferson,3223,-77.10287983840631,38.83961539853996,noetzel1907
Jefferson,3224,-77.1028876549085,38.839621505505455,noetzel1907
Jefferson,3225,-77.1028945624473,38.839627409424985,noetzel1907
Jefferson,3226,-77.1029101354012,38.83963910088263,noetzel1907
Jefferson,3227,-77.1029256802016,38.839650435012146,noetzel1907
Jefferson,3228,-77.10293438606618,38.8396559484219,noetzel1907
Jefferson,3229,-77.10294217922701,38.83966145096734,noetzel1907
Jefferson,3230,-77.10294997612883,38.839666761330854,noetzel1907
Jefferson,3231,-77.10295508146069,38.83967506034927,noetzel1907
Jefferson,3232,-77.10296465119765,38.83967948560557,noetzel1907
Jefferson,3233,-77.10297334386873,38.83968387296098,noetzel1907
Jefferson,3234,-77.10299248495114,38.83969264110628,noetzel1907
Jefferson,3235,-77.10300117548854,38.83969713827747,noetzel1907
Jefferson,3236,-77.10301074362862,38.839701645893435,noetzel1907
Jefferson,3237,-77.1030194325656,38.83970622542672,noetzel1907
Jefferson,3238,-77.10304719528888,38.83972303236008,noetzel1907
Jefferson,3239,-77.10339524518531,38.83988095495628,noetzel1907
Jefferson,3240,-77.10340133179947,38.83988393822833,noetzel1907
Jefferson,3241,-77.10341090693255,38.83988808890321,noetzel1907
Jefferson,3242,-77.10430707539008,38.84029819395513,noetzel1907
Jefferson,3243,-77.10431753464466,38.84030202553756,noetzel1907
Jefferson,3244,-77.1043288688409,38.84030600482689,noetzel1907
Jefferson,3245,-77.10433932329427,38.84031008349766,noetzel1907
Jefferson,3246,-77.10434977614767,38.84031424453093,noetzel1907
Jefferson,3247,-77.10436022740113,38.84031848792672,noetzel1907
Jefferson,3248,-77.10437067705469,38.84032281368503,noetzel1907
Jefferson,3249,-77.10438112297355,38.840327331623755,noetzel1907
Jefferson,3250,-77.10439156782631,38.8403319044705,noetzel1907
Jefferson,3251,-77.10440201054557,38.84033658713429,noetzel1907
Jefferson,3252,-77.10441157512294,38.8403412868167,noetzel1907
Jefferson,3253,-77.10442201304161,38.84034621656899,noetzel1907
Jefferson,3254,-77.10443584078698,38.84035739277193,noetzel1907
Jefferson,3255,-77.10502381335003,38.84081748580827,noetzel1907
Jefferson,3256,-77.10586151425083,38.840171125158435,noetzel1907
Jefferson,3257,-77.10587534271968,38.84018227373778,noetzel1907
Jefferson,3258,-77.10702476124547,38.84138497368454,noetzel1907
Jefferson,3259,-77.10706603483183,38.841429400791256,noetzel1907
Jefferson,3260,-77.10700922768724,38.841461679598794,noetzel1907
Jefferson,3261,-77.10683513561372,38.841566710533314,noetzel1907
Jefferson,3262,-77.1068271320311,38.841572025315614,noetzel1907
Jefferson,3263,-77.10681825242061,38.84157724731705,noetzel1907
Jefferson,3264,-77.10680937493998,38.84158235949987,noetzel1907
Jefferson,3265,-77.10680137455044,38.84158750955346,noetzel1907
Jefferson,3266,-77.106783622247,38.8415975966434,noetzel1907
Jefferson,3267,-77.10677562558355,38.84160255451385,noetzel1907
Jefferson,3268,-77.1067579142387,38.841612340017235,noetzel1907
Jefferson,3269,-77.10674900857096,38.841617094870465,noetzel1907
Jefferson,3270,-77.10673126957334,38.84162649559032,noetzel1907
Jefferson,3271,-77.10672240167126,38.84163111358577,noetzel1907
Jefferson,3272,-77.10671265614228,38.841635721162895,noetzel1907
Jefferson,3273,-77.10670379196767,38.84164014697559,noetzel1907
Jefferson,3274,-77.10669492566063,38.84164468260551,noetzel1907
Jefferson,3275,-77.10668518439077,38.84164907054446,noetzel1907
Jefferson,3276,-77.10667628723918,38.84165338612041,noetzel1907
Jefferson,3277,-77.10666658320338,38.84165766465661,noetzel1907
Jefferson,3278,-77.10665775892392,38.84166184379213,noetzel1907
Jefferson,3279,-77.10664798680719,38.8416660116754,noetzel1907
Jefferson,3280,-77.10663912901914,38.84167010802938,noetzel1907
Jefferson,3281,-77.10662939520245,38.84167411160094,noetzel1907
Jefferson,3282,-77.10673491106438,38.841938218973624,noetzel1907
Jefferson,3283,-77.10691063916573,38.84238044650356,noetzel1907
Jefferson,3284,-77.1069607401154,38.84251285296203,noetzel1907
Jefferson,3285,-77.10704541938686,38.84249188926683,noetzel1907
Jefferson,3286,-77.10713360915297,38.84247096716859,noetzel1907
Jefferson,3287,-77.10730296744669,38.84242903946714,noetzel1907
Jefferson,3288,-77.10766636370208,38.842339983931105,noetzel1907
Jefferson,3289,-77.10769460774331,38.8423320807201,noetzel1907
Jefferson,3290,-77.10770606011928,38.84232999224067,noetzel1907
Jefferson,3291,-77.10771751941641,38.842327546851855,noetzel1907
Jefferson,3292,-77.10772810746778,38.84232476159804,noetzel1907
Jefferson,3293,-77.10773961517974,38.84232163026138,noetzel1907
Jefferson,3294,-77.10775018143487,38.84231815822708,noetzel1907
Jefferson,3295,-77.107760789716,38.842314329699974,noetzel1907
Jefferson,3296,-77.10777140438512,38.84231017171808,noetzel1907
Jefferson,3297,-77.10778202437724,38.84230573919038,noetzel1907
Jefferson,3298,-77.10779177472031,38.84230088443486,noetzel1907
Jefferson,3299,-77.10780152825656,38.84229586495165,noetzel1907
Jefferson,3300,-77.10781129084248,38.842290378741374,noetzel1907
Jefferson,3301,-77.10782017845507,38.84228474484844,noetzel1907
Jefferson,3302,-77.10782907298754,38.842278754046575,noetzel1907
Jefferson,3303,-77.10784327484795,38.84227068424968,noetzel1907
Jefferson,3304,-77.10785215606685,38.842265379808154,noetzel1907
Jefferson,3305,-77.10793917724939,38.84221415398892,noetzel1907
Jefferson,3306,-77.10794696628027,38.842219903289056,noetzel1907
Jefferson,3307,-77.10795387714687,38.84222566963477,noetzel1907
Jefferson,3308,-77.10798503275515,38.84224869428267,noetzel1907
Jefferson,3309,-77.10799194415993,38.84225443317156,noetzel1907
Jefferson,3310,-77.10799973479638,38.84226010010472,noetzel1907
Jefferson,3311,-77.10800752383709,38.84226584940074,noetzel1907
Jefferson,3312,-77.10801531447602,38.8422715163328,noetzel1907
Jefferson,3313,-77.10802310298689,38.84227729308232,noetzel1907
Jefferson,3314,-77.10803089362828,38.84228296001329,noetzel1907
Jefferson,3315,-77.10803780663703,38.84228861653605,noetzel1907
Jefferson,3316,-77.10807675986833,38.84231695118093,noetzel1907
Jefferson,3317,-77.1080845521152,38.84232253574489,noetzel1907
Jefferson,3318,-77.10809234223407,38.84232823012629,noetzel1907
Jefferson,3319,-77.10810013448338,38.84233381468917,noetzel1907
Jefferson,3320,-77.10810792513702,38.84233948161496,noetzel1907
Jefferson,3321,-77.10815467866568,38.84237298897819,noetzel1907
Jefferson,3322,-77.10816247252151,38.84237849117349,noetzel1907
Jefferson,3323,-77.10817026478175,38.84238407573165,noetzel1907
Jefferson,3324,-77.10817805917229,38.84238955047133,noetzel1907
Jefferson,3325,-77.10818585143492,38.84239513502847,noetzel1907
Jefferson,3326,-77.10820143915741,38.84240613941424,noetzel1907
Jefferson,3327,-77.1082092665291,38.84241172438606,noetzel1907
Jefferson,3328,-77.10821702528791,38.842417226161345,noetzel1907
Jefferson,3329,-77.10822482128236,38.842422618534485,noetzel1907
Jefferson,3330,-77.10823349225238,38.842428158585776,noetzel1907
Jefferson,3331,-77.10824911562705,38.84243913592693,noetzel1907
Jefferson,3332,-77.10825691109405,38.84244455575233,noetzel1907
Jefferson,3333,-77.1082647049655,38.84245005794068,noetzel1907
Jefferson,3334,-77.10827250043486,38.84245547776509,noetzel1907
Jefferson,3335,-77.10828117354149,38.842460907994905,noetzel1907
Jefferson,3336,-77.10828893284334,38.84246638231089,noetzel1907
Jefferson,3337,-77.10831235437124,38.8424826421938,noetzel1907
Jefferson,3338,-77.10832102801638,38.84248804496615,noetzel1907
Jefferson,3339,-77.10832886019624,38.842493382839514,noetzel1907
Jefferson,3340,-77.10833662056967,38.84249880224338,noetzel1907
Jefferson,3341,-77.10834441817859,38.84250411224499,noetzel1907
Jefferson,3342,-77.10835309129652,38.842509542469415,noetzel1907
Jefferson,3343,-77.10836872109358,38.8425201903406,noetzel1907
Jefferson,3344,-77.10837735910981,38.842525620146986,noetzel1907
Jefferson,3345,-77.10839295380846,38.84253626759869,noetzel1907
Jefferson,3346,-77.10840163012706,38.842541533092565,noetzel1907
Jefferson,3347,-77.10841722483279,38.842552180541006,noetzel1907
Jefferson,3348,-77.1084259011551,38.842557446033055,noetzel1907
Jefferson,3349,-77.10843369877702,38.84256275602868,noetzel1907
Jefferson,3350,-77.1084414974644,38.84256801111478,noetzel1907
Jefferson,3351,-77.10845017272608,38.84257333151401,noetzel1907
Jefferson,3352,-77.10845797141583,38.84257858659897,noetzel1907
Jefferson,3353,-77.108466683382,38.84258382504975,noetzel1907
Jefferson,3354,-77.108482246194,38.84259430734635,noetzel1907
Jefferson,3355,-77.10849092252616,38.84259957283354,noetzel1907
Jefferson,3356,-77.10849872335037,38.842604718097895,noetzel1907
Jefferson,3357,-77.10850739968498,38.842609983583856,noetzel1907
Jefferson,3358,-77.1085152005115,38.84261512884709,noetzel1907
Jefferson,3359,-77.10852387684861,38.84262039433181,noetzel1907
Jefferson,3360,-77.10853167767743,38.84262553959395,noetzel1907
Jefferson,3361,-77.1085403556134,38.84263072271404,noetzel1907
Jefferson,3362,-77.10854815644453,38.84263586797499,noetzel1907
Jefferson,3363,-77.10855683491506,38.84264102363937,noetzel1907
Jefferson,3364,-77.10856460011082,38.8426461959376,noetzel1907
Jefferson,3365,-77.10857331368935,38.84265135201686,noetzel1907
Jefferson,3366,-77.10858111452507,38.84265649727565,noetzel1907
Jefferson,3367,-77.10858979300049,38.84266165293753,noetzel1907
Jefferson,3368,-77.10859759490273,38.84266674328624,noetzel1907
Jefferson,3369,-77.10860627338056,38.8426718989469,noetzel1907
Jefferson,3370,-77.10861495292386,38.84267699969797,noetzel1907
Jefferson,3371,-77.10862275589379,38.842682035135994,noetzel1907
Jefferson,3372,-77.10863143543946,38.84268713588577,noetzel1907
Jefferson,3373,-77.10863923787953,38.84269219877721,noetzel1907
Jefferson,3374,-77.10865663261463,38.84270237323533,noetzel1907
Jefferson,3375,-77.10866439995254,38.842707435708945,noetzel1907
Jefferson,3376,-77.1086730816326,38.842712426637725,noetzel1907
Jefferson,3377,-77.10868176171765,38.8427174999293,noetzel1907
Jefferson,3378,-77.1086895652287,38.8427225079084,noetzel1907
Jefferson,3379,-77.10869824531612,38.84272758119871,noetzel1907
Jefferson,3380,-77.10870692700097,38.84273257212493,noetzel1907
Jefferson,3381,-77.10871469594191,38.84273755223171,noetzel1907
Jefferson,3382,-77.1087320944231,38.842747534497214,noetzel1907
Jefferson,3383,-77.10873989847305,38.84275251501841,noetzel1907
Jefferson,3384,-77.10874861526942,38.84275750635762,noetzel1907
Jefferson,3385,-77.10875726291988,38.84276244195504,noetzel1907
Jefferson,3386,-77.10876594461307,38.84276743287683,noetzel1907
Jefferson,3387,-77.10877375026364,38.84277233103231,noetzel1907
Jefferson,3388,-77.10878243195916,38.8427773219529,noetzel1907
Jefferson,3389,-77.10880848184122,38.842792047620435,noetzel1907
Jefferson,3390,-77.10881628749738,38.84279694577305,noetzel1907
Jefferson,3391,-77.10883365409362,38.84280676288035,noetzel1907
Jefferson,3392,-77.1088423389896,38.842811589069555,noetzel1907
Jefferson,3393,-77.10885102229068,38.84281649762159,noetzel1907
Jefferson,3394,-77.10885970718898,38.84282132380953,noetzel1907
Jefferson,3395,-77.10886751285183,38.842826221958674,noetzel1907
Jefferson,3396,-77.10891962280493,38.84285515161459,noetzel1907
Jefferson,3397,-77.1089283093085,38.84285989543397,noetzel1907
Jefferson,3398,-77.10893699474924,38.842864694161634,noetzel1907
Jefferson,3399,-77.10894476850831,38.84286942716266,noetzel1907
Jefferson,3400,-77.10895348852499,38.8428742537596,noetzel1907
Jefferson,3401,-77.108996921609,38.84289794538272,noetzel1907
Jefferson,3402,-77.10900561025072,38.842902579378354,noetzel1907
Jefferson,3403,-77.10902298328186,38.84291206700356,noetzel1907
Jefferson,3404,-77.10904904815659,38.84292602389163,noetzel1907
Jefferson,3405,-77.10905773520923,38.842930740246864,noetzel1907
Jefferson,3406,-77.1090664233269,38.84293540169243,noetzel1907
Jefferson,3407,-77.10907599068351,38.84293999117391,noetzel1907
Jefferson,3408,-77.10909336745648,38.84294928660721,noetzel1907
Jefferson,3409,-77.10910205770641,38.8429538382322,noetzel1907
Jefferson,3410,-77.10911074582971,38.842958499674474,noetzel1907
Jefferson,3411,-77.10911943661375,38.84296302384369,noetzel1907
Jefferson,3412,-77.10912812420742,38.84296771273914,noetzel1907
Jefferson,3413,-77.10914550418528,38.84297684343777,noetzel1907
Jefferson,3414,-77.10915507155248,38.84298143291274,noetzel1907
Jefferson,3415,-77.10916376181018,38.84298598453313,noetzel1907
Jefferson,3416,-77.1091724531328,38.842990481243895,noetzel1907
Jefferson,3417,-77.10918110828696,38.84299503244701,noetzel1907
Jefferson,3418,-77.10926117702174,38.843034426258576,noetzel1907
Jefferson,3419,-77.10934119371039,38.84307107331881,noetzel1907
Jefferson,3420,-77.10935075472071,38.84307599223156,noetzel1907
Jefferson,3421,-77.1093594731943,38.843080901161585,noetzel1907
Jefferson,3422,-77.10936899910139,38.84308581965696,noetzel1907
Jefferson,3423,-77.10937768406711,38.84309064580622,noetzel1907
Jefferson,3424,-77.10939681301281,38.843100126716685,noetzel1907
Jefferson,3425,-77.1094159446226,38.84310947035153,noetzel1907
Jefferson,3426,-77.10942551255656,38.84311403234985,noetzel1907
Jefferson,3427,-77.10943420231564,38.84311861140455,noetzel1907
Jefferson,3428,-77.10944377184738,38.8431230910379,noetzel1907
Jefferson,3429,-77.10946291410512,38.84313188557538,noetzel1907
Jefferson,3430,-77.10947336234847,38.84313632069441,noetzel1907
Jefferson,3431,-77.10948293667101,38.84314055323418,noetzel1907
Jefferson,3432,-77.10949250939935,38.84314486813666,noetzel1907
Jefferson,3433,-77.10950208531948,38.8431490183114,noetzel1907
Jefferson,3434,-77.10951165964539,38.84315325084883,noetzel1907
Jefferson,3435,-77.10952211533956,38.843157301600755,noetzel1907
Jefferson,3436,-77.10954127037819,38.843165437217664,noetzel1907
Jefferson,3437,-77.10955172713933,38.84316943305792,noetzel1907
Jefferson,3438,-77.10956130838365,38.84317330868296,noetzel1907
Jefferson,3439,-77.10957176674223,38.84317722215798,noetzel1907
Jefferson,3440,-77.10958134958393,38.843181015417926,noetzel1907
Jefferson,3441,-77.10968927368143,38.84322897712548,noetzel1907
Jefferson,3442,-77.10980076167402,38.84327423486298,noetzel1907
Jefferson,3443,-77.1099575153215,38.84333925110068,noetzel1907
Jefferson,3444,-77.11011788615201,38.843398817799574,noetzel1907
Jefferson,3445,-77.11017022610913,38.84341591401252,noetzel1907
Jefferson,3446,-77.11060958517609,38.84357489579054,noetzel1907
Jefferson,3447,-77.1104977875582,38.8440898350109,noetzel1907
Jefferson,3448,-77.1104595991113,38.844248655435,noetzel1907
Jefferson,3449,-77.1103143783955,38.844859311457846,noetzel1907
Jefferson,3450,-77.11042157953536,38.844942962878264,noetzel1907
Jefferson,3451,-77.11060498806654,38.84508243778926,noetzel1907
Jefferson,3452,-77.11078137594896,38.84522182931131,noetzel1907
Jefferson,3453,-77.11096473276866,38.845364049098634,noetzel1907
Jefferson,3454,-77.11114452650385,38.8455089725044,noetzel1907
Jefferson,3455,-77.11146969940972,38.84576271237528,noetzel1907
Jefferson,3456,-77.11153885153651,38.845818451877086,noetzel1907
Jefferson,3457,-77.11181216276002,38.84603038616054,noetzel1907
Jefferson,3458,-77.1119470636139,38.84613633230256,noetzel1907
Jefferson,3459,-77.1120751026465,38.84623395892336,noetzel1907
Jefferson,3460,-77.11235182163504,38.84645142433449,noetzel1907
Jefferson,3461,-77.11258710307382,38.846632700330126,noetzel1907
Jefferson,3462,-77.11271163310649,38.84673028474997,noetzel1907
Jefferson,3463,-77.1134657359238,38.847321362279466,noetzel1907
Jefferson,3464,-77.11353407809666,38.84737374077175,noetzel1907
Jefferson,3465,-77.11354185965124,38.8473799289651,noetzel1907
Jefferson,3466,-77.11386359171813,38.84763087517644,noetzel1907
Jefferson,3467,-77.11430640258568,38.8479766162948,noetzel1907
Jefferson,3468,-77.11445859993472,38.84809649395465,noetzel1907
Jefferson,3469,-77.11449030104694,38.84812133400017,noetzel1907
Jefferson,3470,-77.114,38.84832,noetzel1907
Jefferson,3471,-77.10068,38.85216,noetzel1907
Jefferson,3472,-77.09089,38.85457,noetzel1907
Jefferson,3473,-77.086,38.85577,noetzel1907
Jefferson,3474,-77.07845,38.85774,noetzel1907
Jefferson,3475,-77.07224,38.85994,noetzel1907
Jefferson,3476,-77.0638,38.86258,noetzel1907
Jefferson,3477,-77.05583,38.8655,noetzel1907
Jefferson,3478,-77.0523,38.86756,noetzel1907
Jefferson,3479,-77.04251135109321,38.87308405959034,noetzel1907
