question,group,category,answer,kind,respondents,share,counted,thin
How voted,All respondents,All respondents,On Election Day,answer,584.0,0.5182,274.0,False
How voted,All respondents,All respondents,Early In Person,answer,584.0,0.3706,238.0,False
How voted,All respondents,All respondents,By Mail Or Absentee Ballot,answer,584.0,0.1112,72.0,False
How many ranked,All respondents,All respondents,More Than One,answer,584.0,0.5582,327.0,False
How many ranked,All respondents,All respondents,Only One,answer,584.0,0.3467,205.0,False
How many ranked,All respondents,All respondents,Did Not Rank Any,answer,584.0,0.0564,28.0,True
How many ranked,All respondents,All respondents,Not Sure,answer,584.0,0.0388,24.0,True
Only liked one,All respondents,All respondents,Yes,answer,205.0,0.6387,125.0,False
Only liked one,All respondents,All respondents,No,answer,205.0,0.3613,80.0,False
Didn't know enough,All respondents,All respondents,Yes,answer,205.0,0.2901,59.0,False
Didn't know enough,All respondents,All respondents,No,answer,205.0,0.7099,146.0,False
Concerned,All respondents,All respondents,Yes,answer,205.0,0.249,54.0,False
Concerned,All respondents,All respondents,No,answer,205.0,0.751,151.0,False
Felt about ballot,All respondents,All respondents,Very Confident,answer,584.0,0.7967,484.0,False
Felt about ballot,All respondents,All respondents,Mostly Confident,answer,584.0,0.158,83.0,False
Felt about ballot,All respondents,All respondents,Not Very Confident,answer,,,,False
Felt about ballot,All respondents,All respondents,Did Not Understand,answer,,,,False
Felt about ballot,All respondents,All respondents,Confident marking (very or mostly),rollup,584.0,0.9547,567.0,False
Felt about ballot,All respondents,All respondents,Not confident marking (not very or did not understand),rollup,584.0,0.0453,17.0,True
Ranked choice,All respondents,All respondents,"Yes, Knew You Would Be Using Ranked Choice",answer,584.0,0.7092,423.0,False
Ranked choice,All respondents,All respondents,"No, Learned When Received Ballot",answer,584.0,0.2574,140.0,False
Ranked choice,All respondents,All respondents,Not Sure,answer,584.0,0.0334,21.0,True
Understand how counted,All respondents,All respondents,"Yes, You're Confident",answer,584.0,0.6212,380.0,False
Understand how counted,All respondents,All respondents,Pretty Sure You Know,answer,584.0,0.2514,128.0,False
Understand how counted,All respondents,All respondents,You're Not Sure,answer,584.0,0.0653,47.0,False
Understand how counted,All respondents,All respondents,"No, You Don't Understand How",answer,584.0,0.0622,29.0,True
Understand how counted,All respondents,All respondents,Understands counting (confident or pretty sure),rollup,584.0,0.8725,508.0,False
Understand how counted,All respondents,All respondents,Not sure or does not understand counting,rollup,584.0,0.1275,76.0,False
Who won,All respondents,All respondents,Takis Karantonis,answer,584.0,0.5173,313.0,False
Who won,All respondents,All respondents,Bob Cambridge,answer,,,,False
Who won,All respondents,All respondents,Audrey Clement,answer,,,,False
Who won,All respondents,All respondents,Jeramy Olmack,answer,584.0,0.0,0.0,True
Who won,All respondents,All respondents,Carlos DC De Castro Pretelt,answer,584.0,0.0,0.0,True
Who won,All respondents,All respondents,Not Sure,answer,584.0,0.468,262.0,False
Results,All respondents,All respondents,Very Satisfied,answer,322.0,0.6067,209.0,False
Results,All respondents,All respondents,Somewhat Satisfied,answer,322.0,0.1589,47.0,False
Results,All respondents,All respondents,Somewhat Dissatisfied,answer,322.0,0.0904,22.0,True
Results,All respondents,All respondents,Very Dissatisfied,answer,322.0,0.0837,29.0,True
Results,All respondents,All respondents,Not Sure,answer,322.0,0.0603,15.0,True
Ranked in future,All respondents,All respondents,"Yes, Strongly Support",answer,584.0,0.3593,214.0,False
Ranked in future,All respondents,All respondents,"Yes, Somewhat Support",answer,584.0,0.3021,165.0,False
Ranked in future,All respondents,All respondents,"No, Somewhat Oppose",answer,584.0,0.1057,62.0,False
Ranked in future,All respondents,All respondents,"No, Strongly Oppose",answer,584.0,0.1468,90.0,False
Ranked in future,All respondents,All respondents,Not Sure,answer,584.0,0.086,53.0,False
Ranked in future,All respondents,All respondents,Support (strongly or somewhat),rollup,584.0,0.6615,379.0,False
Ranked in future,All respondents,All respondents,Oppose (somewhat or strongly),rollup,584.0,0.2525,152.0,False
Ranked one and concerned,All respondents,All respondents,Yes,answer,584.0,0.0863,54.0,False
Ranked one and concerned,All respondents,All respondents,No,answer,584.0,0.9137,530.0,False
"Ranked one, did not know enough",All respondents,All respondents,Yes,answer,584.0,0.1006,59.0,False
"Ranked one, did not know enough",All respondents,All respondents,No,answer,584.0,0.8994,525.0,False
Ranked in future,All respondents,All respondents,Net support (support minus oppose),net,584.0,40.9,,False
How voted,Gender,Female,On Election Day,answer,282.0,0.4694,110.0,False
How voted,Gender,Female,Early In Person,answer,282.0,0.4184,131.0,False
How voted,Gender,Female,By Mail Or Absentee Ballot,answer,282.0,0.1122,41.0,False
How many ranked,Gender,Female,More Than One,answer,282.0,0.6262,165.0,False
How many ranked,Gender,Female,Only One,answer,282.0,0.3124,96.0,False
How many ranked,Gender,Female,Did Not Rank Any,answer,282.0,0.0357,10.0,True
How many ranked,Gender,Female,Not Sure,answer,282.0,0.0257,11.0,True
Only liked one,Gender,Female,Yes,answer,96.0,0.6245,60.0,False
Only liked one,Gender,Female,No,answer,96.0,0.3755,36.0,False
Didn't know enough,Gender,Female,Yes,answer,96.0,0.2901,24.0,True
Didn't know enough,Gender,Female,No,answer,96.0,0.7099,72.0,False
Concerned,Gender,Female,Yes,answer,96.0,0.2305,26.0,True
Concerned,Gender,Female,No,answer,96.0,0.7695,70.0,False
Felt about ballot,Gender,Female,Very Confident,answer,282.0,0.8074,238.0,False
Felt about ballot,Gender,Female,Mostly Confident,answer,282.0,0.1496,38.0,False
Felt about ballot,Gender,Female,Not Very Confident,answer,,,,False
Felt about ballot,Gender,Female,Did Not Understand,answer,,,,False
Felt about ballot,Gender,Female,Confident marking (very or mostly),rollup,282.0,0.957,276.0,False
Felt about ballot,Gender,Female,Not confident marking (not very or did not understand),rollup,,,,False
Ranked choice,Gender,Female,"Yes, Knew You Would Be Using Ranked Choice",answer,282.0,0.6884,202.0,False
Ranked choice,Gender,Female,"No, Learned When Received Ballot",answer,,,,False
Ranked choice,Gender,Female,Not Sure,answer,,,,False
Understand how counted,Gender,Female,"Yes, You're Confident",answer,282.0,0.5713,171.0,False
Understand how counted,Gender,Female,Pretty Sure You Know,answer,282.0,0.3178,76.0,False
Understand how counted,Gender,Female,You're Not Sure,answer,282.0,0.0612,22.0,True
Understand how counted,Gender,Female,"No, You Don't Understand How",answer,282.0,0.0498,13.0,True
Understand how counted,Gender,Female,Understands counting (confident or pretty sure),rollup,282.0,0.889,247.0,False
Understand how counted,Gender,Female,Not sure or does not understand counting,rollup,282.0,0.111,35.0,False
Who won,Gender,Female,Takis Karantonis,answer,282.0,0.5569,163.0,False
Who won,Gender,Female,Bob Cambridge,answer,282.0,0.0,0.0,True
Who won,Gender,Female,Audrey Clement,answer,,,,False
Who won,Gender,Female,Jeramy Olmack,answer,282.0,0.0,0.0,True
Who won,Gender,Female,Carlos DC De Castro Pretelt,answer,282.0,0.0,0.0,True
Who won,Gender,Female,Not Sure,answer,,,,False
Results,Gender,Female,Very Satisfied,answer,167.0,0.6125,113.0,False
Results,Gender,Female,Somewhat Satisfied,answer,167.0,0.1869,27.0,True
Results,Gender,Female,Somewhat Dissatisfied,answer,,,,False
Results,Gender,Female,Very Dissatisfied,answer,167.0,0.056,11.0,True
Results,Gender,Female,Not Sure,answer,,,,False
Ranked in future,Gender,Female,"Yes, Strongly Support",answer,282.0,0.3478,99.0,False
Ranked in future,Gender,Female,"Yes, Somewhat Support",answer,282.0,0.3195,83.0,False
Ranked in future,Gender,Female,"No, Somewhat Oppose",answer,282.0,0.1236,34.0,False
Ranked in future,Gender,Female,"No, Strongly Oppose",answer,282.0,0.0859,32.0,False
Ranked in future,Gender,Female,Not Sure,answer,282.0,0.1233,34.0,False
Ranked in future,Gender,Female,Support (strongly or somewhat),rollup,282.0,0.6672,182.0,False
Ranked in future,Gender,Female,Oppose (somewhat or strongly),rollup,282.0,0.2095,66.0,False
Ranked one and concerned,Gender,Female,Yes,answer,282.0,0.072,26.0,True
Ranked one and concerned,Gender,Female,No,answer,282.0,0.928,256.0,False
"Ranked one, did not know enough",Gender,Female,Yes,answer,282.0,0.0906,24.0,True
"Ranked one, did not know enough",Gender,Female,No,answer,282.0,0.9094,258.0,False
Ranked in future,Gender,Female,Net support (support minus oppose),net,282.0,45.8,,False
How voted,Gender,Male,On Election Day,answer,284.0,0.5622,154.0,False
How voted,Gender,Male,Early In Person,answer,284.0,0.326,100.0,False
How voted,Gender,Male,By Mail Or Absentee Ballot,answer,284.0,0.1118,30.0,False
How many ranked,Gender,Male,More Than One,answer,284.0,0.5012,154.0,False
How many ranked,Gender,Male,Only One,answer,284.0,0.3667,100.0,False
How many ranked,Gender,Male,Did Not Rank Any,answer,284.0,0.0779,17.0,True
How many ranked,Gender,Male,Not Sure,answer,284.0,0.0542,13.0,True
Only liked one,Gender,Male,Yes,answer,100.0,0.6751,61.0,False
Only liked one,Gender,Male,No,answer,100.0,0.3249,39.0,False
Didn't know enough,Gender,Male,Yes,answer,100.0,0.3001,32.0,False
Didn't know enough,Gender,Male,No,answer,100.0,0.6999,68.0,False
Concerned,Gender,Male,Yes,answer,100.0,0.2263,23.0,True
Concerned,Gender,Male,No,answer,100.0,0.7737,77.0,False
Felt about ballot,Gender,Male,Very Confident,answer,284.0,0.7849,232.0,False
Felt about ballot,Gender,Male,Mostly Confident,answer,284.0,0.1667,42.0,False
Felt about ballot,Gender,Male,Not Very Confident,answer,,,,False
Felt about ballot,Gender,Male,Did Not Understand,answer,,,,False
Felt about ballot,Gender,Male,Confident marking (very or mostly),rollup,284.0,0.9517,274.0,False
Felt about ballot,Gender,Male,Not confident marking (not very or did not understand),rollup,284.0,0.0483,10.0,True
Ranked choice,Gender,Male,"Yes, Knew You Would Be Using Ranked Choice",answer,284.0,0.7225,207.0,False
Ranked choice,Gender,Male,"No, Learned When Received Ballot",answer,284.0,0.2407,66.0,False
Ranked choice,Gender,Male,Not Sure,answer,284.0,0.0368,11.0,True
Understand how counted,Gender,Male,"Yes, You're Confident",answer,284.0,0.6775,198.0,False
Understand how counted,Gender,Male,Pretty Sure You Know,answer,284.0,0.182,49.0,False
Understand how counted,Gender,Male,You're Not Sure,answer,284.0,0.0666,23.0,True
Understand how counted,Gender,Male,"No, You Don't Understand How",answer,284.0,0.0738,14.0,True
Understand how counted,Gender,Male,Understands counting (confident or pretty sure),rollup,284.0,0.8595,247.0,False
Understand how counted,Gender,Male,Not sure or does not understand counting,rollup,284.0,0.1405,37.0,False
Who won,Gender,Male,Takis Karantonis,answer,284.0,0.4737,141.0,False
Who won,Gender,Male,Bob Cambridge,answer,284.0,0.0,0.0,True
Who won,Gender,Male,Audrey Clement,answer,,,,False
Who won,Gender,Male,Jeramy Olmack,answer,284.0,0.0,0.0,True
Who won,Gender,Male,Carlos DC De Castro Pretelt,answer,284.0,0.0,0.0,True
Who won,Gender,Male,Not Sure,answer,,,,False
Results,Gender,Male,Very Satisfied,answer,145.0,0.603,91.0,False
Results,Gender,Male,Somewhat Satisfied,answer,145.0,0.1191,17.0,True
Results,Gender,Male,Somewhat Dissatisfied,answer,,,,False
Results,Gender,Male,Very Dissatisfied,answer,145.0,0.123,18.0,True
Results,Gender,Male,Not Sure,answer,,,,False
Ranked in future,Gender,Male,"Yes, Strongly Support",answer,284.0,0.3813,111.0,False
Ranked in future,Gender,Male,"Yes, Somewhat Support",answer,284.0,0.2974,80.0,False
Ranked in future,Gender,Male,"No, Somewhat Oppose",answer,284.0,0.0892,26.0,True
Ranked in future,Gender,Male,"No, Strongly Oppose",answer,284.0,0.1833,50.0,False
Ranked in future,Gender,Male,Not Sure,answer,284.0,0.0487,17.0,True
Ranked in future,Gender,Male,Support (strongly or somewhat),rollup,284.0,0.6787,191.0,False
Ranked in future,Gender,Male,Oppose (somewhat or strongly),rollup,284.0,0.2726,76.0,False
Ranked one and concerned,Gender,Male,Yes,answer,284.0,0.083,23.0,True
Ranked one and concerned,Gender,Male,No,answer,284.0,0.917,261.0,False
"Ranked one, did not know enough",Gender,Male,Yes,answer,284.0,0.11,32.0,False
"Ranked one, did not know enough",Gender,Male,No,answer,284.0,0.89,252.0,False
Ranked in future,Gender,Male,Net support (support minus oppose),net,284.0,40.6,,False
How voted,Gender,Prefer Not To Say,On Election Day,answer,18.0,0.6134,10.0,True
How voted,Gender,Prefer Not To Say,Early In Person,answer,,,,False
How voted,Gender,Prefer Not To Say,By Mail Or Absentee Ballot,answer,,,,False
How many ranked,Gender,Prefer Not To Say,More Than One,answer,,,,False
How many ranked,Gender,Prefer Not To Say,Only One,answer,,,,False
How many ranked,Gender,Prefer Not To Say,Did Not Rank Any,answer,,,,False
How many ranked,Gender,Prefer Not To Say,Not Sure,answer,18.0,0.0,0.0,True
Only liked one,Gender,Prefer Not To Say,Yes,answer,,,,False
Only liked one,Gender,Prefer Not To Say,No,answer,,,,False
Didn't know enough,Gender,Prefer Not To Say,Yes,answer,,,,False
Didn't know enough,Gender,Prefer Not To Say,No,answer,,,,False
Concerned,Gender,Prefer Not To Say,Yes,answer,,,,False
Concerned,Gender,Prefer Not To Say,No,answer,,,,False
Felt about ballot,Gender,Prefer Not To Say,Very Confident,answer,,,,False
Felt about ballot,Gender,Prefer Not To Say,Mostly Confident,answer,,,,False
Felt about ballot,Gender,Prefer Not To Say,Not Very Confident,answer,,,,False
Felt about ballot,Gender,Prefer Not To Say,Did Not Understand,answer,,,,False
Felt about ballot,Gender,Prefer Not To Say,Confident marking (very or mostly),rollup,18.0,0.9664,17.0,True
Felt about ballot,Gender,Prefer Not To Say,Not confident marking (not very or did not understand),rollup,,,,False
Ranked choice,Gender,Prefer Not To Say,"Yes, Knew You Would Be Using Ranked Choice",answer,18.0,0.8432,14.0,True
Ranked choice,Gender,Prefer Not To Say,"No, Learned When Received Ballot",answer,,,,False
Ranked choice,Gender,Prefer Not To Say,Not Sure,answer,,,,False
Understand how counted,Gender,Prefer Not To Say,"Yes, You're Confident",answer,,,,False
Understand how counted,Gender,Prefer Not To Say,Pretty Sure You Know,answer,,,,False
Understand how counted,Gender,Prefer Not To Say,You're Not Sure,answer,,,,False
Understand how counted,Gender,Prefer Not To Say,"No, You Don't Understand How",answer,,,,False
Understand how counted,Gender,Prefer Not To Say,Understands counting (confident or pretty sure),rollup,18.0,0.8082,14.0,True
Understand how counted,Gender,Prefer Not To Say,Not sure or does not understand counting,rollup,,,,False
Who won,Gender,Prefer Not To Say,Takis Karantonis,answer,,,,False
Who won,Gender,Prefer Not To Say,Bob Cambridge,answer,,,,False
Who won,Gender,Prefer Not To Say,Audrey Clement,answer,18.0,0.0,0.0,True
Who won,Gender,Prefer Not To Say,Jeramy Olmack,answer,18.0,0.0,0.0,True
Who won,Gender,Prefer Not To Say,Carlos DC De Castro Pretelt,answer,18.0,0.0,0.0,True
Who won,Gender,Prefer Not To Say,Not Sure,answer,,,,False
Results,Gender,Prefer Not To Say,Very Satisfied,answer,,,,False
Results,Gender,Prefer Not To Say,Somewhat Satisfied,answer,,,,False
Results,Gender,Prefer Not To Say,Somewhat Dissatisfied,answer,10.0,0.0,0.0,True
Results,Gender,Prefer Not To Say,Very Dissatisfied,answer,10.0,0.0,0.0,True
Results,Gender,Prefer Not To Say,Not Sure,answer,,,,False
Ranked in future,Gender,Prefer Not To Say,"Yes, Strongly Support",answer,,,,False
Ranked in future,Gender,Prefer Not To Say,"Yes, Somewhat Support",answer,,,,False
Ranked in future,Gender,Prefer Not To Say,"No, Somewhat Oppose",answer,,,,False
Ranked in future,Gender,Prefer Not To Say,"No, Strongly Oppose",answer,,,,False
Ranked in future,Gender,Prefer Not To Say,Not Sure,answer,,,,False
Ranked in future,Gender,Prefer Not To Say,Support (strongly or somewhat),rollup,,,,False
Ranked in future,Gender,Prefer Not To Say,Oppose (somewhat or strongly),rollup,18.0,0.6631,10.0,True
Ranked one and concerned,Gender,Prefer Not To Say,Yes,answer,,,,False
Ranked one and concerned,Gender,Prefer Not To Say,No,answer,,,,False
"Ranked one, did not know enough",Gender,Prefer Not To Say,Yes,answer,,,,False
"Ranked one, did not know enough",Gender,Prefer Not To Say,No,answer,,,,False
Ranked in future,Gender,Prefer Not To Say,Net support (support minus oppose),net,,,,False
How voted,Age band,18-29,On Election Day,answer,22.0,0.6023,12.0,True
How voted,Age band,18-29,Early In Person,answer,,,,False
How voted,Age band,18-29,By Mail Or Absentee Ballot,answer,,,,False
How many ranked,Age band,18-29,More Than One,answer,22.0,0.5261,11.0,True
How many ranked,Age band,18-29,Only One,answer,,,,False
How many ranked,Age band,18-29,Did Not Rank Any,answer,22.0,0.0,0.0,True
How many ranked,Age band,18-29,Not Sure,answer,,,,False
Only liked one,Age band,18-29,Yes,answer,,,,False
Only liked one,Age band,18-29,No,answer,,,,False
Didn't know enough,Age band,18-29,Yes,answer,,,,False
Didn't know enough,Age band,18-29,No,answer,,,,False
Concerned,Age band,18-29,Yes,answer,,,,False
Concerned,Age band,18-29,No,answer,,,,False
Felt about ballot,Age band,18-29,Very Confident,answer,,,,False
Felt about ballot,Age band,18-29,Mostly Confident,answer,,,,False
Felt about ballot,Age band,18-29,Not Very Confident,answer,,,,False
Felt about ballot,Age band,18-29,Did Not Understand,answer,,,,False
Felt about ballot,Age band,18-29,Confident marking (very or mostly),rollup,22.0,0.8801,19.0,True
Felt about ballot,Age band,18-29,Not confident marking (not very or did not understand),rollup,,,,False
Ranked choice,Age band,18-29,"Yes, Knew You Would Be Using Ranked Choice",answer,,,,False
Ranked choice,Age band,18-29,"No, Learned When Received Ballot",answer,,,,False
Ranked choice,Age band,18-29,Not Sure,answer,22.0,0.0,0.0,True
Understand how counted,Age band,18-29,"Yes, You're Confident",answer,,,,False
Understand how counted,Age band,18-29,Pretty Sure You Know,answer,,,,False
Understand how counted,Age band,18-29,You're Not Sure,answer,,,,False
Understand how counted,Age band,18-29,"No, You Don't Understand How",answer,,,,False
Understand how counted,Age band,18-29,Understands counting (confident or pretty sure),rollup,22.0,0.9401,20.0,True
Understand how counted,Age band,18-29,Not sure or does not understand counting,rollup,,,,False
Who won,Age band,18-29,Takis Karantonis,answer,,,,False
Who won,Age band,18-29,Bob Cambridge,answer,,,,False
Who won,Age band,18-29,Audrey Clement,answer,22.0,0.0,0.0,True
Who won,Age band,18-29,Jeramy Olmack,answer,22.0,0.0,0.0,True
Who won,Age band,18-29,Carlos DC De Castro Pretelt,answer,22.0,0.0,0.0,True
Who won,Age band,18-29,Not Sure,answer,22.0,0.565,12.0,True
Results,Age band,18-29,Very Satisfied,answer,,,,False
Results,Age band,18-29,Somewhat Satisfied,answer,,,,False
Results,Age band,18-29,Somewhat Dissatisfied,answer,,,,False
Results,Age band,18-29,Very Dissatisfied,answer,,,,False
Results,Age band,18-29,Not Sure,answer,10.0,0.0,0.0,True
Ranked in future,Age band,18-29,"Yes, Strongly Support",answer,,,,False
Ranked in future,Age band,18-29,"Yes, Somewhat Support",answer,,,,False
Ranked in future,Age band,18-29,"No, Somewhat Oppose",answer,,,,False
Ranked in future,Age band,18-29,"No, Strongly Oppose",answer,,,,False
Ranked in future,Age band,18-29,Not Sure,answer,22.0,0.0,0.0,True
Ranked in future,Age band,18-29,Support (strongly or somewhat),rollup,22.0,0.7448,17.0,True
Ranked in future,Age band,18-29,Oppose (somewhat or strongly),rollup,,,,False
Ranked one and concerned,Age band,18-29,Yes,answer,,,,False
Ranked one and concerned,Age band,18-29,No,answer,,,,False
"Ranked one, did not know enough",Age band,18-29,Yes,answer,,,,False
"Ranked one, did not know enough",Age band,18-29,No,answer,,,,False
Ranked in future,Age band,18-29,Net support (support minus oppose),net,,,,False
How voted,Age band,30-44,On Election Day,answer,87.0,0.6254,54.0,False
How voted,Age band,30-44,Early In Person,answer,,,,False
How voted,Age band,30-44,By Mail Or Absentee Ballot,answer,,,,False
How many ranked,Age band,30-44,More Than One,answer,87.0,0.5953,52.0,False
How many ranked,Age band,30-44,Only One,answer,87.0,0.3134,26.0,True
How many ranked,Age band,30-44,Did Not Rank Any,answer,,,,False
How many ranked,Age band,30-44,Not Sure,answer,,,,False
Only liked one,Age band,30-44,Yes,answer,,,,False
Only liked one,Age band,30-44,No,answer,,,,False
Didn't know enough,Age band,30-44,Yes,answer,,,,False
Didn't know enough,Age band,30-44,No,answer,,,,False
Concerned,Age band,30-44,Yes,answer,,,,False
Concerned,Age band,30-44,No,answer,,,,False
Felt about ballot,Age band,30-44,Very Confident,answer,87.0,0.7594,69.0,False
Felt about ballot,Age band,30-44,Mostly Confident,answer,87.0,0.2097,15.0,True
Felt about ballot,Age band,30-44,Not Very Confident,answer,,,,False
Felt about ballot,Age band,30-44,Did Not Understand,answer,,,,False
Felt about ballot,Age band,30-44,Confident marking (very or mostly),rollup,87.0,0.9691,84.0,False
Felt about ballot,Age band,30-44,Not confident marking (not very or did not understand),rollup,,,,False
Ranked choice,Age band,30-44,"Yes, Knew You Would Be Using Ranked Choice",answer,87.0,0.6947,59.0,False
Ranked choice,Age band,30-44,"No, Learned When Received Ballot",answer,,,,False
Ranked choice,Age band,30-44,Not Sure,answer,,,,False
Understand how counted,Age band,30-44,"Yes, You're Confident",answer,87.0,0.6796,61.0,False
Understand how counted,Age band,30-44,Pretty Sure You Know,answer,87.0,0.2456,19.0,True
Understand how counted,Age band,30-44,You're Not Sure,answer,,,,False
Understand how counted,Age band,30-44,"No, You Don't Understand How",answer,,,,False
Understand how counted,Age band,30-44,Understands counting (confident or pretty sure),rollup,87.0,0.9252,80.0,False
Understand how counted,Age band,30-44,Not sure or does not understand counting,rollup,,,,False
Who won,Age band,30-44,Takis Karantonis,answer,,,,False
Who won,Age band,30-44,Bob Cambridge,answer,87.0,0.0,0.0,True
Who won,Age band,30-44,Audrey Clement,answer,,,,False
Who won,Age band,30-44,Jeramy Olmack,answer,87.0,0.0,0.0,True
Who won,Age band,30-44,Carlos DC De Castro Pretelt,answer,87.0,0.0,0.0,True
Who won,Age band,30-44,Not Sure,answer,87.0,0.5212,47.0,False
Results,Age band,30-44,Very Satisfied,answer,40.0,0.6581,26.0,True
Results,Age band,30-44,Somewhat Satisfied,answer,,,,False
Results,Age band,30-44,Somewhat Dissatisfied,answer,,,,False
Results,Age band,30-44,Very Dissatisfied,answer,,,,False
Results,Age band,30-44,Not Sure,answer,,,,False
Ranked in future,Age band,30-44,"Yes, Strongly Support",answer,87.0,0.4335,36.0,False
Ranked in future,Age band,30-44,"Yes, Somewhat Support",answer,87.0,0.2738,24.0,True
Ranked in future,Age band,30-44,"No, Somewhat Oppose",answer,,,,False
Ranked in future,Age band,30-44,"No, Strongly Oppose",answer,,,,False
Ranked in future,Age band,30-44,Not Sure,answer,,,,False
Ranked in future,Age band,30-44,Support (strongly or somewhat),rollup,87.0,0.7072,60.0,False
Ranked in future,Age band,30-44,Oppose (somewhat or strongly),rollup,87.0,0.1772,17.0,True
Ranked one and concerned,Age band,30-44,Yes,answer,,,,False
Ranked one and concerned,Age band,30-44,No,answer,,,,False
"Ranked one, did not know enough",Age band,30-44,Yes,answer,,,,False
"Ranked one, did not know enough",Age band,30-44,No,answer,,,,False
Ranked in future,Age band,30-44,Net support (support minus oppose),net,87.0,53.0,,False
How voted,Age band,45-64,On Election Day,answer,250.0,0.5217,134.0,False
How voted,Age band,45-64,Early In Person,answer,250.0,0.3569,89.0,False
How voted,Age band,45-64,By Mail Or Absentee Ballot,answer,250.0,0.1214,27.0,True
How many ranked,Age band,45-64,More Than One,answer,250.0,0.5592,143.0,False
How many ranked,Age band,45-64,Only One,answer,250.0,0.3658,88.0,False
How many ranked,Age band,45-64,Did Not Rank Any,answer,,,,False
How many ranked,Age band,45-64,Not Sure,answer,,,,False
Only liked one,Age band,45-64,Yes,answer,88.0,0.6123,50.0,False
Only liked one,Age band,45-64,No,answer,88.0,0.3877,38.0,False
Didn't know enough,Age band,45-64,Yes,answer,88.0,0.2974,27.0,True
Didn't know enough,Age band,45-64,No,answer,88.0,0.7026,61.0,False
Concerned,Age band,45-64,Yes,answer,88.0,0.2005,20.0,True
Concerned,Age band,45-64,No,answer,88.0,0.7995,68.0,False
Felt about ballot,Age band,45-64,Very Confident,answer,250.0,0.8372,212.0,False
Felt about ballot,Age band,45-64,Mostly Confident,answer,250.0,0.136,32.0,False
Felt about ballot,Age band,45-64,Not Very Confident,answer,,,,False
Felt about ballot,Age band,45-64,Did Not Understand,answer,,,,False
Felt about ballot,Age band,45-64,Confident marking (very or mostly),rollup,250.0,0.9731,244.0,False
Felt about ballot,Age band,45-64,Not confident marking (not very or did not understand),rollup,,,,False
Ranked choice,Age band,45-64,"Yes, Knew You Would Be Using Ranked Choice",answer,250.0,0.6942,173.0,False
Ranked choice,Age band,45-64,"No, Learned When Received Ballot",answer,,,,False
Ranked choice,Age band,45-64,Not Sure,answer,,,,False
Understand how counted,Age band,45-64,"Yes, You're Confident",answer,250.0,0.6627,165.0,False
Understand how counted,Age band,45-64,Pretty Sure You Know,answer,250.0,0.2256,56.0,False
Understand how counted,Age band,45-64,You're Not Sure,answer,250.0,0.0727,18.0,True
Understand how counted,Age band,45-64,"No, You Don't Understand How",answer,250.0,0.0391,11.0,True
Understand how counted,Age band,45-64,Understands counting (confident or pretty sure),rollup,250.0,0.8883,221.0,False
Understand how counted,Age band,45-64,Not sure or does not understand counting,rollup,250.0,0.1117,29.0,True
Who won,Age band,45-64,Takis Karantonis,answer,250.0,0.5733,140.0,False
Who won,Age band,45-64,Bob Cambridge,answer,250.0,0.0,0.0,True
Who won,Age band,45-64,Audrey Clement,answer,250.0,0.0,0.0,True
Who won,Age band,45-64,Jeramy Olmack,answer,250.0,0.0,0.0,True
Who won,Age band,45-64,Carlos DC De Castro Pretelt,answer,250.0,0.0,0.0,True
Who won,Age band,45-64,Not Sure,answer,250.0,0.4267,110.0,False
Results,Age band,45-64,Very Satisfied,answer,140.0,0.6316,88.0,False
Results,Age band,45-64,Somewhat Satisfied,answer,140.0,0.1403,21.0,True
Results,Age band,45-64,Somewhat Dissatisfied,answer,,,,False
Results,Age band,45-64,Very Dissatisfied,answer,140.0,0.0848,12.0,True
Results,Age band,45-64,Not Sure,answer,,,,False
Ranked in future,Age band,45-64,"Yes, Strongly Support",answer,250.0,0.3832,95.0,False
Ranked in future,Age band,45-64,"Yes, Somewhat Support",answer,250.0,0.2775,72.0,False
Ranked in future,Age band,45-64,"No, Somewhat Oppose",answer,250.0,0.1002,21.0,True
Ranked in future,Age band,45-64,"No, Strongly Oppose",answer,250.0,0.1448,36.0,False
Ranked in future,Age band,45-64,Not Sure,answer,250.0,0.0943,26.0,True
Ranked in future,Age band,45-64,Support (strongly or somewhat),rollup,250.0,0.6607,167.0,False
Ranked in future,Age band,45-64,Oppose (somewhat or strongly),rollup,250.0,0.245,57.0,False
Ranked one and concerned,Age band,45-64,Yes,answer,250.0,0.0734,20.0,True
Ranked one and concerned,Age band,45-64,No,answer,250.0,0.9266,230.0,False
"Ranked one, did not know enough",Age band,45-64,Yes,answer,250.0,0.1088,27.0,True
"Ranked one, did not know enough",Age band,45-64,No,answer,250.0,0.8912,223.0,False
Ranked in future,Age band,45-64,Net support (support minus oppose),net,250.0,41.6,,False
How voted,Age band,65+,On Election Day,answer,225.0,0.3804,74.0,False
How voted,Age band,65+,Early In Person,answer,225.0,0.488,116.0,False
How voted,Age band,65+,By Mail Or Absentee Ballot,answer,225.0,0.1316,35.0,False
How many ranked,Age band,65+,More Than One,answer,225.0,0.5395,121.0,False
How many ranked,Age band,65+,Only One,answer,225.0,0.3125,81.0,False
How many ranked,Age band,65+,Did Not Rank Any,answer,,,,False
How many ranked,Age band,65+,Not Sure,answer,,,,False
Only liked one,Age band,65+,Yes,answer,81.0,0.5856,49.0,False
Only liked one,Age band,65+,No,answer,81.0,0.4144,32.0,False
Didn't know enough,Age band,65+,Yes,answer,81.0,0.3068,24.0,True
Didn't know enough,Age band,65+,No,answer,81.0,0.6932,57.0,False
Concerned,Age band,65+,Yes,answer,81.0,0.3395,26.0,True
Concerned,Age band,65+,No,answer,81.0,0.6605,55.0,False
Felt about ballot,Age band,65+,Very Confident,answer,,,,False
Felt about ballot,Age band,65+,Mostly Confident,answer,,,,False
Felt about ballot,Age band,65+,Not Very Confident,answer,,,,False
Felt about ballot,Age band,65+,Did Not Understand,answer,,,,False
Felt about ballot,Age band,65+,Confident marking (very or mostly),rollup,225.0,0.9533,220.0,False
Felt about ballot,Age band,65+,Not confident marking (not very or did not understand),rollup,,,,False
Ranked choice,Age band,65+,"Yes, Knew You Would Be Using Ranked Choice",answer,225.0,0.7385,174.0,False
Ranked choice,Age band,65+,"No, Learned When Received Ballot",answer,,,,False
Ranked choice,Age band,65+,Not Sure,answer,,,,False
Understand how counted,Age band,65+,"Yes, You're Confident",answer,225.0,0.5487,141.0,False
Understand how counted,Age band,65+,Pretty Sure You Know,answer,225.0,0.2257,46.0,False
Understand how counted,Age band,65+,You're Not Sure,answer,225.0,0.0879,23.0,True
Understand how counted,Age band,65+,"No, You Don't Understand How",answer,225.0,0.1376,15.0,True
Understand how counted,Age band,65+,Understands counting (confident or pretty sure),rollup,225.0,0.7744,187.0,False
Understand how counted,Age band,65+,Not sure or does not understand counting,rollup,225.0,0.2256,38.0,False
Who won,Age band,65+,Takis Karantonis,answer,225.0,0.5488,126.0,False
Who won,Age band,65+,Bob Cambridge,answer,225.0,0.0,0.0,True
Who won,Age band,65+,Audrey Clement,answer,,,,False
Who won,Age band,65+,Jeramy Olmack,answer,225.0,0.0,0.0,True
Who won,Age band,65+,Carlos DC De Castro Pretelt,answer,225.0,0.0,0.0,True
Who won,Age band,65+,Not Sure,answer,,,,False
Results,Age band,65+,Very Satisfied,answer,132.0,0.6305,92.0,False
Results,Age band,65+,Somewhat Satisfied,answer,132.0,0.1498,16.0,True
Results,Age band,65+,Somewhat Dissatisfied,answer,,,,False
Results,Age band,65+,Very Dissatisfied,answer,132.0,0.0834,13.0,True
Results,Age band,65+,Not Sure,answer,,,,False
Ranked in future,Age band,65+,"Yes, Strongly Support",answer,225.0,0.3057,76.0,False
Ranked in future,Age band,65+,"Yes, Somewhat Support",answer,225.0,0.2776,59.0,False
Ranked in future,Age band,65+,"No, Somewhat Oppose",answer,225.0,0.1202,32.0,False
Ranked in future,Age band,65+,"No, Strongly Oppose",answer,225.0,0.2067,41.0,False
Ranked in future,Age band,65+,Not Sure,answer,225.0,0.0898,17.0,True
Ranked in future,Age band,65+,Support (strongly or somewhat),rollup,225.0,0.5833,135.0,False
Ranked in future,Age band,65+,Oppose (somewhat or strongly),rollup,225.0,0.3269,73.0,False
Ranked one and concerned,Age band,65+,Yes,answer,225.0,0.1061,26.0,True
Ranked one and concerned,Age band,65+,No,answer,225.0,0.8939,199.0,False
"Ranked one, did not know enough",Age band,65+,Yes,answer,225.0,0.0959,24.0,True
"Ranked one, did not know enough",Age band,65+,No,answer,225.0,0.9041,201.0,False
Ranked in future,Age band,65+,Net support (support minus oppose),net,225.0,25.6,,False
How voted,Age 18-49 or 50+,18-49,On Election Day,answer,171.0,0.5891,99.0,False
How voted,Age 18-49 or 50+,18-49,Early In Person,answer,171.0,0.3104,54.0,False
How voted,Age 18-49 or 50+,18-49,By Mail Or Absentee Ballot,answer,171.0,0.1005,18.0,True
How many ranked,Age 18-49 or 50+,18-49,More Than One,answer,171.0,0.5515,93.0,False
How many ranked,Age 18-49 or 50+,18-49,Only One,answer,171.0,0.3781,66.0,False
How many ranked,Age 18-49 or 50+,18-49,Did Not Rank Any,answer,,,,False
How many ranked,Age 18-49 or 50+,18-49,Not Sure,answer,,,,False
Only liked one,Age 18-49 or 50+,18-49,Yes,answer,66.0,0.6761,42.0,False
Only liked one,Age 18-49 or 50+,18-49,No,answer,66.0,0.3239,24.0,True
Didn't know enough,Age 18-49 or 50+,18-49,Yes,answer,66.0,0.2602,16.0,True
Didn't know enough,Age 18-49 or 50+,18-49,No,answer,66.0,0.7398,50.0,False
Concerned,Age 18-49 or 50+,18-49,Yes,answer,66.0,0.2537,18.0,True
Concerned,Age 18-49 or 50+,18-49,No,answer,66.0,0.7463,48.0,False
Felt about ballot,Age 18-49 or 50+,18-49,Very Confident,answer,171.0,0.7521,135.0,False
Felt about ballot,Age 18-49 or 50+,18-49,Mostly Confident,answer,171.0,0.1985,30.0,False
Felt about ballot,Age 18-49 or 50+,18-49,Not Very Confident,answer,,,,False
Felt about ballot,Age 18-49 or 50+,18-49,Did Not Understand,answer,,,,False
Felt about ballot,Age 18-49 or 50+,18-49,Confident marking (very or mostly),rollup,171.0,0.9506,165.0,False
Felt about ballot,Age 18-49 or 50+,18-49,Not confident marking (not very or did not understand),rollup,,,,False
Ranked choice,Age 18-49 or 50+,18-49,"Yes, Knew You Would Be Using Ranked Choice",answer,171.0,0.6922,115.0,False
Ranked choice,Age 18-49 or 50+,18-49,"No, Learned When Received Ballot",answer,,,,False
Ranked choice,Age 18-49 or 50+,18-49,Not Sure,answer,,,,False
Understand how counted,Age 18-49 or 50+,18-49,"Yes, You're Confident",answer,171.0,0.6427,116.0,False
Understand how counted,Age 18-49 or 50+,18-49,Pretty Sure You Know,answer,171.0,0.2885,41.0,False
Understand how counted,Age 18-49 or 50+,18-49,You're Not Sure,answer,,,,False
Understand how counted,Age 18-49 or 50+,18-49,"No, You Don't Understand How",answer,,,,False
Understand how counted,Age 18-49 or 50+,18-49,Understands counting (confident or pretty sure),rollup,171.0,0.9313,157.0,False
Understand how counted,Age 18-49 or 50+,18-49,Not sure or does not understand counting,rollup,171.0,0.0687,14.0,True
Who won,Age 18-49 or 50+,18-49,Takis Karantonis,answer,171.0,0.4804,84.0,False
Who won,Age 18-49 or 50+,18-49,Bob Cambridge,answer,,,,False
Who won,Age 18-49 or 50+,18-49,Audrey Clement,answer,,,,False
Who won,Age 18-49 or 50+,18-49,Jeramy Olmack,answer,171.0,0.0,0.0,True
Who won,Age 18-49 or 50+,18-49,Carlos DC De Castro Pretelt,answer,171.0,0.0,0.0,True
Who won,Age 18-49 or 50+,18-49,Not Sure,answer,171.0,0.501,84.0,False
Results,Age 18-49 or 50+,18-49,Very Satisfied,answer,87.0,0.5495,50.0,False
Results,Age 18-49 or 50+,18-49,Somewhat Satisfied,answer,87.0,0.1834,16.0,True
Results,Age 18-49 or 50+,18-49,Somewhat Dissatisfied,answer,,,,False
Results,Age 18-49 or 50+,18-49,Very Dissatisfied,answer,,,,False
Results,Age 18-49 or 50+,18-49,Not Sure,answer,,,,False
Ranked in future,Age 18-49 or 50+,18-49,"Yes, Strongly Support",answer,171.0,0.3635,63.0,False
Ranked in future,Age 18-49 or 50+,18-49,"Yes, Somewhat Support",answer,171.0,0.3317,52.0,False
Ranked in future,Age 18-49 or 50+,18-49,"No, Somewhat Oppose",answer,171.0,0.1059,15.0,True
Ranked in future,Age 18-49 or 50+,18-49,"No, Strongly Oppose",answer,171.0,0.1122,22.0,True
Ranked in future,Age 18-49 or 50+,18-49,Not Sure,answer,171.0,0.0868,19.0,True
Ranked in future,Age 18-49 or 50+,18-49,Support (strongly or somewhat),rollup,171.0,0.6952,115.0,False
Ranked in future,Age 18-49 or 50+,18-49,Oppose (somewhat or strongly),rollup,171.0,0.218,37.0,False
Ranked one and concerned,Age 18-49 or 50+,18-49,Yes,answer,171.0,0.0959,18.0,True
Ranked one and concerned,Age 18-49 or 50+,18-49,No,answer,171.0,0.9041,153.0,False
"Ranked one, did not know enough",Age 18-49 or 50+,18-49,Yes,answer,171.0,0.0984,16.0,True
"Ranked one, did not know enough",Age 18-49 or 50+,18-49,No,answer,171.0,0.9016,155.0,False
Ranked in future,Age 18-49 or 50+,18-49,Net support (support minus oppose),net,171.0,47.7,,False
How voted,Age 18-49 or 50+,50+,On Election Day,answer,413.0,0.4568,175.0,False
How voted,Age 18-49 or 50+,50+,Early In Person,answer,413.0,0.4227,184.0,False
How voted,Age 18-49 or 50+,50+,By Mail Or Absentee Ballot,answer,413.0,0.1205,54.0,False
How many ranked,Age 18-49 or 50+,50+,More Than One,answer,413.0,0.564,234.0,False
How many ranked,Age 18-49 or 50+,50+,Only One,answer,413.0,0.3194,139.0,False
How many ranked,Age 18-49 or 50+,50+,Did Not Rank Any,answer,413.0,0.0761,22.0,True
How many ranked,Age 18-49 or 50+,50+,Not Sure,answer,413.0,0.0405,18.0,True
Only liked one,Age 18-49 or 50+,50+,Yes,answer,139.0,0.6003,83.0,False
Only liked one,Age 18-49 or 50+,50+,No,answer,139.0,0.3997,56.0,False
Didn't know enough,Age 18-49 or 50+,50+,Yes,answer,139.0,0.3208,43.0,False
Didn't know enough,Age 18-49 or 50+,50+,No,answer,139.0,0.6792,96.0,False
Concerned,Age 18-49 or 50+,50+,Yes,answer,139.0,0.2442,36.0,False
Concerned,Age 18-49 or 50+,50+,No,answer,139.0,0.7558,103.0,False
Felt about ballot,Age 18-49 or 50+,50+,Very Confident,answer,413.0,0.8353,349.0,False
Felt about ballot,Age 18-49 or 50+,50+,Mostly Confident,answer,413.0,0.1229,53.0,False
Felt about ballot,Age 18-49 or 50+,50+,Not Very Confident,answer,,,,False
Felt about ballot,Age 18-49 or 50+,50+,Did Not Understand,answer,,,,False
Felt about ballot,Age 18-49 or 50+,50+,Confident marking (very or mostly),rollup,413.0,0.9582,402.0,False
Felt about ballot,Age 18-49 or 50+,50+,Not confident marking (not very or did not understand),rollup,413.0,0.0418,11.0,True
Ranked choice,Age 18-49 or 50+,50+,"Yes, Knew You Would Be Using Ranked Choice",answer,413.0,0.7239,308.0,False
Ranked choice,Age 18-49 or 50+,50+,"No, Learned When Received Ballot",answer,413.0,0.2414,91.0,False
Ranked choice,Age 18-49 or 50+,50+,Not Sure,answer,413.0,0.0346,14.0,True
Understand how counted,Age 18-49 or 50+,50+,"Yes, You're Confident",answer,413.0,0.6025,264.0,False
Understand how counted,Age 18-49 or 50+,50+,Pretty Sure You Know,answer,413.0,0.2192,87.0,False
Understand how counted,Age 18-49 or 50+,50+,You're Not Sure,answer,413.0,0.0818,36.0,False
Understand how counted,Age 18-49 or 50+,50+,"No, You Don't Understand How",answer,413.0,0.0966,26.0,True
Understand how counted,Age 18-49 or 50+,50+,Understands counting (confident or pretty sure),rollup,413.0,0.8216,351.0,False
Understand how counted,Age 18-49 or 50+,50+,Not sure or does not understand counting,rollup,413.0,0.1784,62.0,False
Who won,Age 18-49 or 50+,50+,Takis Karantonis,answer,413.0,0.5493,229.0,False
Who won,Age 18-49 or 50+,50+,Bob Cambridge,answer,413.0,0.0,0.0,True
Who won,Age 18-49 or 50+,50+,Audrey Clement,answer,,,,False
Who won,Age 18-49 or 50+,50+,Jeramy Olmack,answer,413.0,0.0,0.0,True
Who won,Age 18-49 or 50+,50+,Carlos DC De Castro Pretelt,answer,413.0,0.0,0.0,True
Who won,Age 18-49 or 50+,50+,Not Sure,answer,,,,False
Results,Age 18-49 or 50+,50+,Very Satisfied,answer,235.0,0.6509,159.0,False
Results,Age 18-49 or 50+,50+,Somewhat Satisfied,answer,235.0,0.1399,31.0,False
Results,Age 18-49 or 50+,50+,Somewhat Dissatisfied,answer,235.0,0.0553,13.0,True
Results,Age 18-49 or 50+,50+,Very Dissatisfied,answer,235.0,0.0851,22.0,True
Results,Age 18-49 or 50+,50+,Not Sure,answer,235.0,0.0688,10.0,True
Ranked in future,Age 18-49 or 50+,50+,"Yes, Strongly Support",answer,413.0,0.3558,151.0,False
Ranked in future,Age 18-49 or 50+,50+,"Yes, Somewhat Support",answer,413.0,0.2765,113.0,False
Ranked in future,Age 18-49 or 50+,50+,"No, Somewhat Oppose",answer,413.0,0.1056,47.0,False
Ranked in future,Age 18-49 or 50+,50+,"No, Strongly Oppose",answer,413.0,0.1769,68.0,False
Ranked in future,Age 18-49 or 50+,50+,Not Sure,answer,413.0,0.0853,34.0,False
Ranked in future,Age 18-49 or 50+,50+,Support (strongly or somewhat),rollup,413.0,0.6322,264.0,False
Ranked in future,Age 18-49 or 50+,50+,Oppose (somewhat or strongly),rollup,413.0,0.2824,115.0,False
Ranked one and concerned,Age 18-49 or 50+,50+,Yes,answer,413.0,0.078,36.0,False
Ranked one and concerned,Age 18-49 or 50+,50+,No,answer,413.0,0.922,377.0,False
"Ranked one, did not know enough",Age 18-49 or 50+,50+,Yes,answer,413.0,0.1025,43.0,False
"Ranked one, did not know enough",Age 18-49 or 50+,50+,No,answer,413.0,0.8975,370.0,False
Ranked in future,Age 18-49 or 50+,50+,Net support (support minus oppose),net,413.0,35.0,,False
How voted,Education,4-year College Degree,On Election Day,answer,175.0,0.6009,100.0,False
How voted,Education,4-year College Degree,Early In Person,answer,175.0,0.2761,58.0,False
How voted,Education,4-year College Degree,By Mail Or Absentee Ballot,answer,175.0,0.123,17.0,True
How many ranked,Education,4-year College Degree,More Than One,answer,175.0,0.6084,104.0,False
How many ranked,Education,4-year College Degree,Only One,answer,175.0,0.3094,56.0,False
How many ranked,Education,4-year College Degree,Did Not Rank Any,answer,,,,False
How many ranked,Education,4-year College Degree,Not Sure,answer,,,,False
Only liked one,Education,4-year College Degree,Yes,answer,56.0,0.5624,32.0,False
Only liked one,Education,4-year College Degree,No,answer,56.0,0.4376,24.0,True
Didn't know enough,Education,4-year College Degree,Yes,answer,56.0,0.3804,19.0,True
Didn't know enough,Education,4-year College Degree,No,answer,56.0,0.6196,37.0,False
Concerned,Education,4-year College Degree,Yes,answer,56.0,0.2157,13.0,True
Concerned,Education,4-year College Degree,No,answer,56.0,0.7843,43.0,False
Felt about ballot,Education,4-year College Degree,Very Confident,answer,,,,False
Felt about ballot,Education,4-year College Degree,Mostly Confident,answer,,,,False
Felt about ballot,Education,4-year College Degree,Not Very Confident,answer,,,,False
Felt about ballot,Education,4-year College Degree,Did Not Understand,answer,,,,False
Felt about ballot,Education,4-year College Degree,Confident marking (very or mostly),rollup,175.0,0.9376,171.0,False
Felt about ballot,Education,4-year College Degree,Not confident marking (not very or did not understand),rollup,,,,False
Ranked choice,Education,4-year College Degree,"Yes, Knew You Would Be Using Ranked Choice",answer,175.0,0.693,124.0,False
Ranked choice,Education,4-year College Degree,"No, Learned When Received Ballot",answer,,,,False
Ranked choice,Education,4-year College Degree,Not Sure,answer,,,,False
Understand how counted,Education,4-year College Degree,"Yes, You're Confident",answer,175.0,0.6144,111.0,False
Understand how counted,Education,4-year College Degree,Pretty Sure You Know,answer,175.0,0.2796,45.0,False
Understand how counted,Education,4-year College Degree,You're Not Sure,answer,,,,False
Understand how counted,Education,4-year College Degree,"No, You Don't Understand How",answer,,,,False
Understand how counted,Education,4-year College Degree,Understands counting (confident or pretty sure),rollup,175.0,0.894,156.0,False
Understand how counted,Education,4-year College Degree,Not sure or does not understand counting,rollup,175.0,0.106,19.0,True
Who won,Education,4-year College Degree,Takis Karantonis,answer,175.0,0.5573,101.0,False
Who won,Education,4-year College Degree,Bob Cambridge,answer,175.0,0.0,0.0,True
Who won,Education,4-year College Degree,Audrey Clement,answer,,,,False
Who won,Education,4-year College Degree,Jeramy Olmack,answer,175.0,0.0,0.0,True
Who won,Education,4-year College Degree,Carlos DC De Castro Pretelt,answer,175.0,0.0,0.0,True
Who won,Education,4-year College Degree,Not Sure,answer,,,,False
Results,Education,4-year College Degree,Very Satisfied,answer,104.0,0.5748,65.0,False
Results,Education,4-year College Degree,Somewhat Satisfied,answer,104.0,0.1639,16.0,True
Results,Education,4-year College Degree,Somewhat Dissatisfied,answer,,,,False
Results,Education,4-year College Degree,Very Dissatisfied,answer,104.0,0.0877,11.0,True
Results,Education,4-year College Degree,Not Sure,answer,,,,False
Ranked in future,Education,4-year College Degree,"Yes, Strongly Support",answer,175.0,0.3547,66.0,False
Ranked in future,Education,4-year College Degree,"Yes, Somewhat Support",answer,175.0,0.3224,51.0,False
Ranked in future,Education,4-year College Degree,"No, Somewhat Oppose",answer,175.0,0.1029,16.0,True
Ranked in future,Education,4-year College Degree,"No, Strongly Oppose",answer,175.0,0.1091,23.0,True
Ranked in future,Education,4-year College Degree,Not Sure,answer,175.0,0.111,19.0,True
Ranked in future,Education,4-year College Degree,Support (strongly or somewhat),rollup,175.0,0.677,117.0,False
Ranked in future,Education,4-year College Degree,Oppose (somewhat or strongly),rollup,175.0,0.212,39.0,False
Ranked one and concerned,Education,4-year College Degree,Yes,answer,175.0,0.0667,13.0,True
Ranked one and concerned,Education,4-year College Degree,No,answer,175.0,0.9333,162.0,False
"Ranked one, did not know enough",Education,4-year College Degree,Yes,answer,175.0,0.1177,19.0,True
"Ranked one, did not know enough",Education,4-year College Degree,No,answer,175.0,0.8823,156.0,False
Ranked in future,Education,4-year College Degree,Net support (support minus oppose),net,175.0,46.5,,False
How voted,Education,Graduate Degree,On Election Day,answer,309.0,0.4565,127.0,False
How voted,Education,Graduate Degree,Early In Person,answer,309.0,0.4418,140.0,False
How voted,Education,Graduate Degree,By Mail Or Absentee Ballot,answer,309.0,0.1018,42.0,False
How many ranked,Education,Graduate Degree,More Than One,answer,309.0,0.5339,165.0,False
How many ranked,Education,Graduate Degree,Only One,answer,309.0,0.3755,120.0,False
How many ranked,Education,Graduate Degree,Did Not Rank Any,answer,,,,False
How many ranked,Education,Graduate Degree,Not Sure,answer,,,,False
Only liked one,Education,Graduate Degree,Yes,answer,120.0,0.6725,75.0,False
Only liked one,Education,Graduate Degree,No,answer,120.0,0.3275,45.0,False
Didn't know enough,Education,Graduate Degree,Yes,answer,120.0,0.2893,35.0,False
Didn't know enough,Education,Graduate Degree,No,answer,120.0,0.7107,85.0,False
Concerned,Education,Graduate Degree,Yes,answer,120.0,0.2452,30.0,False
Concerned,Education,Graduate Degree,No,answer,120.0,0.7548,90.0,False
Felt about ballot,Education,Graduate Degree,Very Confident,answer,309.0,0.8151,262.0,False
Felt about ballot,Education,Graduate Degree,Mostly Confident,answer,309.0,0.1448,38.0,False
Felt about ballot,Education,Graduate Degree,Not Very Confident,answer,,,,False
Felt about ballot,Education,Graduate Degree,Did Not Understand,answer,,,,False
Felt about ballot,Education,Graduate Degree,Confident marking (very or mostly),rollup,309.0,0.9599,300.0,False
Felt about ballot,Education,Graduate Degree,Not confident marking (not very or did not understand),rollup,,,,False
Ranked choice,Education,Graduate Degree,"Yes, Knew You Would Be Using Ranked Choice",answer,309.0,0.724,233.0,False
Ranked choice,Education,Graduate Degree,"No, Learned When Received Ballot",answer,,,,False
Ranked choice,Education,Graduate Degree,Not Sure,answer,,,,False
Understand how counted,Education,Graduate Degree,"Yes, You're Confident",answer,309.0,0.6222,207.0,False
Understand how counted,Education,Graduate Degree,Pretty Sure You Know,answer,309.0,0.2312,61.0,False
Understand how counted,Education,Graduate Degree,You're Not Sure,answer,309.0,0.0717,24.0,True
Understand how counted,Education,Graduate Degree,"No, You Don't Understand How",answer,309.0,0.0749,17.0,True
Understand how counted,Education,Graduate Degree,Understands counting (confident or pretty sure),rollup,309.0,0.8534,268.0,False
Understand how counted,Education,Graduate Degree,Not sure or does not understand counting,rollup,309.0,0.1466,41.0,False
Who won,Education,Graduate Degree,Takis Karantonis,answer,309.0,0.5652,184.0,False
Who won,Education,Graduate Degree,Bob Cambridge,answer,309.0,0.0,0.0,True
Who won,Education,Graduate Degree,Audrey Clement,answer,,,,False
Who won,Education,Graduate Degree,Jeramy Olmack,answer,309.0,0.0,0.0,True
Who won,Education,Graduate Degree,Carlos DC De Castro Pretelt,answer,309.0,0.0,0.0,True
Who won,Education,Graduate Degree,Not Sure,answer,,,,False
Results,Education,Graduate Degree,Very Satisfied,answer,185.0,0.6232,126.0,False
Results,Education,Graduate Degree,Somewhat Satisfied,answer,185.0,0.1511,25.0,True
Results,Education,Graduate Degree,Somewhat Dissatisfied,answer,,,,False
Results,Education,Graduate Degree,Very Dissatisfied,answer,185.0,0.0952,16.0,True
Results,Education,Graduate Degree,Not Sure,answer,,,,False
Ranked in future,Education,Graduate Degree,"Yes, Strongly Support",answer,309.0,0.3594,116.0,False
Ranked in future,Education,Graduate Degree,"Yes, Somewhat Support",answer,309.0,0.3149,92.0,False
Ranked in future,Education,Graduate Degree,"No, Somewhat Oppose",answer,309.0,0.1116,33.0,False
Ranked in future,Education,Graduate Degree,"No, Strongly Oppose",answer,309.0,0.1629,47.0,False
Ranked in future,Education,Graduate Degree,Not Sure,answer,309.0,0.0512,21.0,True
Ranked in future,Education,Graduate Degree,Support (strongly or somewhat),rollup,309.0,0.6744,208.0,False
Ranked in future,Education,Graduate Degree,Oppose (somewhat or strongly),rollup,309.0,0.2745,80.0,False
Ranked one and concerned,Education,Graduate Degree,Yes,answer,309.0,0.0921,30.0,False
Ranked one and concerned,Education,Graduate Degree,No,answer,309.0,0.9079,279.0,False
"Ranked one, did not know enough",Education,Graduate Degree,Yes,answer,309.0,0.1086,35.0,False
"Ranked one, did not know enough",Education,Graduate Degree,No,answer,309.0,0.8914,274.0,False
Ranked in future,Education,Graduate Degree,Net support (support minus oppose),net,309.0,40.0,,False
How voted,Education,High School,On Election Day,answer,22.0,0.5924,10.0,True
How voted,Education,High School,Early In Person,answer,,,,False
How voted,Education,High School,By Mail Or Absentee Ballot,answer,,,,False
How many ranked,Education,High School,More Than One,answer,22.0,0.4858,12.0,True
How many ranked,Education,High School,Only One,answer,,,,False
How many ranked,Education,High School,Did Not Rank Any,answer,,,,False
How many ranked,Education,High School,Not Sure,answer,,,,False
Only liked one,Education,High School,Yes,answer,,,,False
Only liked one,Education,High School,No,answer,,,,False
Didn't know enough,Education,High School,Yes,answer,,,,False
Didn't know enough,Education,High School,No,answer,,,,False
Concerned,Education,High School,Yes,answer,,,,False
Concerned,Education,High School,No,answer,,,,False
Felt about ballot,Education,High School,Very Confident,answer,,,,False
Felt about ballot,Education,High School,Mostly Confident,answer,,,,False
Felt about ballot,Education,High School,Not Very Confident,answer,,,,False
Felt about ballot,Education,High School,Did Not Understand,answer,,,,False
Felt about ballot,Education,High School,Confident marking (very or mostly),rollup,22.0,0.8937,19.0,True
Felt about ballot,Education,High School,Not confident marking (not very or did not understand),rollup,,,,False
Ranked choice,Education,High School,"Yes, Knew You Would Be Using Ranked Choice",answer,22.0,0.7778,15.0,True
Ranked choice,Education,High School,"No, Learned When Received Ballot",answer,,,,False
Ranked choice,Education,High School,Not Sure,answer,,,,False
Understand how counted,Education,High School,"Yes, You're Confident",answer,,,,False
Understand how counted,Education,High School,Pretty Sure You Know,answer,,,,False
Understand how counted,Education,High School,You're Not Sure,answer,,,,False
Understand how counted,Education,High School,"No, You Don't Understand How",answer,,,,False
Understand how counted,Education,High School,Understands counting (confident or pretty sure),rollup,22.0,0.8045,16.0,True
Understand how counted,Education,High School,Not sure or does not understand counting,rollup,,,,False
Who won,Education,High School,Takis Karantonis,answer,,,,False
Who won,Education,High School,Bob Cambridge,answer,22.0,0.0,0.0,True
Who won,Education,High School,Audrey Clement,answer,,,,False
Who won,Education,High School,Jeramy Olmack,answer,22.0,0.0,0.0,True
Who won,Education,High School,Carlos DC De Castro Pretelt,answer,22.0,0.0,0.0,True
Who won,Education,High School,Not Sure,answer,22.0,0.7422,17.0,True
Results,Education,High School,Very Satisfied,answer,,,,False
Results,Education,High School,Somewhat Satisfied,answer,,,,False
Results,Education,High School,Somewhat Dissatisfied,answer,,,,False
Results,Education,High School,Very Dissatisfied,answer,,,,False
Results,Education,High School,Not Sure,answer,,,,False
Ranked in future,Education,High School,"Yes, Strongly Support",answer,,,,False
Ranked in future,Education,High School,"Yes, Somewhat Support",answer,,,,False
Ranked in future,Education,High School,"No, Somewhat Oppose",answer,,,,False
Ranked in future,Education,High School,"No, Strongly Oppose",answer,,,,False
Ranked in future,Education,High School,Not Sure,answer,,,,False
Ranked in future,Education,High School,Support (strongly or somewhat),rollup,22.0,0.7237,13.0,True
Ranked in future,Education,High School,Oppose (somewhat or strongly),rollup,,,,False
Ranked one and concerned,Education,High School,Yes,answer,22.0,0.0,0.0,True
Ranked one and concerned,Education,High School,No,answer,22.0,1.0,22.0,True
"Ranked one, did not know enough",Education,High School,Yes,answer,,,,False
"Ranked one, did not know enough",Education,High School,No,answer,,,,False
Ranked in future,Education,High School,Net support (support minus oppose),net,,,,False
How voted,Education,Some College,On Election Day,answer,61.0,0.4946,27.0,True
How voted,Education,Some College,Early In Person,answer,,,,False
How voted,Education,Some College,By Mail Or Absentee Ballot,answer,,,,False
How many ranked,Education,Some College,More Than One,answer,61.0,0.5774,38.0,False
How many ranked,Education,Some College,Only One,answer,61.0,0.3545,18.0,True
How many ranked,Education,Some College,Did Not Rank Any,answer,,,,False
How many ranked,Education,Some College,Not Sure,answer,,,,False
Only liked one,Education,Some College,Yes,answer,,,,False
Only liked one,Education,Some College,No,answer,,,,False
Didn't know enough,Education,Some College,Yes,answer,,,,False
Didn't know enough,Education,Some College,No,answer,,,,False
Concerned,Education,Some College,Yes,answer,,,,False
Concerned,Education,Some College,No,answer,,,,False
Felt about ballot,Education,Some College,Very Confident,answer,61.0,0.6627,43.0,False
Felt about ballot,Education,Some College,Mostly Confident,answer,61.0,0.3373,18.0,True
Felt about ballot,Education,Some College,Not Very Confident,answer,61.0,0.0,0.0,True
Felt about ballot,Education,Some College,Did Not Understand,answer,61.0,0.0,0.0,True
Felt about ballot,Education,Some College,Confident marking (very or mostly),rollup,61.0,1.0,61.0,False
Felt about ballot,Education,Some College,Not confident marking (not very or did not understand),rollup,61.0,0.0,0.0,True
Ranked choice,Education,Some College,"Yes, Knew You Would Be Using Ranked Choice",answer,61.0,0.6414,38.0,False
Ranked choice,Education,Some College,"No, Learned When Received Ballot",answer,,,,False
Ranked choice,Education,Some College,Not Sure,answer,,,,False
Understand how counted,Education,Some College,"Yes, You're Confident",answer,,,,False
Understand how counted,Education,Some College,Pretty Sure You Know,answer,,,,False
Understand how counted,Education,Some College,You're Not Sure,answer,,,,False
Understand how counted,Education,Some College,"No, You Don't Understand How",answer,,,,False
Understand how counted,Education,Some College,Understands counting (confident or pretty sure),rollup,61.0,0.9277,55.0,False
Understand how counted,Education,Some College,Not sure or does not understand counting,rollup,,,,False
Who won,Education,Some College,Takis Karantonis,answer,61.0,0.277,17.0,True
Who won,Education,Some College,Bob Cambridge,answer,,,,False
Who won,Education,Some College,Audrey Clement,answer,,,,False
Who won,Education,Some College,Jeramy Olmack,answer,61.0,0.0,0.0,True
Who won,Education,Some College,Carlos DC De Castro Pretelt,answer,61.0,0.0,0.0,True
Who won,Education,Some College,Not Sure,answer,61.0,0.6371,40.0,False
Results,Education,Some College,Very Satisfied,answer,21.0,0.6766,14.0,True
Results,Education,Some College,Somewhat Satisfied,answer,,,,False
Results,Education,Some College,Somewhat Dissatisfied,answer,,,,False
Results,Education,Some College,Very Dissatisfied,answer,,,,False
Results,Education,Some College,Not Sure,answer,,,,False
Ranked in future,Education,Some College,"Yes, Strongly Support",answer,61.0,0.4155,22.0,True
Ranked in future,Education,Some College,"Yes, Somewhat Support",answer,61.0,0.2224,15.0,True
Ranked in future,Education,Some College,"No, Somewhat Oppose",answer,,,,False
Ranked in future,Education,Some College,"No, Strongly Oppose",answer,,,,False
Ranked in future,Education,Some College,Not Sure,answer,61.0,0.2081,11.0,True
Ranked in future,Education,Some College,Support (strongly or somewhat),rollup,61.0,0.6379,37.0,False
Ranked in future,Education,Some College,Oppose (somewhat or strongly),rollup,61.0,0.154,13.0,True
Ranked one and concerned,Education,Some College,Yes,answer,,,,False
Ranked one and concerned,Education,Some College,No,answer,,,,False
"Ranked one, did not know enough",Education,Some College,Yes,answer,,,,False
"Ranked one, did not know enough",Education,Some College,No,answer,,,,False
Ranked in future,Education,Some College,Net support (support minus oppose),net,61.0,48.4,,False
How voted,Homeownership,Homeowner,On Election Day,answer,441.0,0.4809,194.0,False
How voted,Homeownership,Homeowner,Early In Person,answer,441.0,0.4083,190.0,False
How voted,Homeownership,Homeowner,By Mail Or Absentee Ballot,answer,441.0,0.1108,57.0,False
How many ranked,Homeownership,Homeowner,More Than One,answer,441.0,0.5598,245.0,False
How many ranked,Homeownership,Homeowner,Only One,answer,441.0,0.3467,160.0,False
How many ranked,Homeownership,Homeowner,Did Not Rank Any,answer,441.0,0.0667,22.0,True
How many ranked,Homeownership,Homeowner,Not Sure,answer,441.0,0.0268,14.0,True
Only liked one,Homeownership,Homeowner,Yes,answer,160.0,0.6453,97.0,False
Only liked one,Homeownership,Homeowner,No,answer,160.0,0.3547,63.0,False
Didn't know enough,Homeownership,Homeowner,Yes,answer,160.0,0.2797,47.0,False
Didn't know enough,Homeownership,Homeowner,No,answer,160.0,0.7203,113.0,False
Concerned,Homeownership,Homeowner,Yes,answer,160.0,0.2473,41.0,False
Concerned,Homeownership,Homeowner,No,answer,160.0,0.7527,119.0,False
Felt about ballot,Homeownership,Homeowner,Very Confident,answer,441.0,0.8352,377.0,False
Felt about ballot,Homeownership,Homeowner,Mostly Confident,answer,441.0,0.1223,53.0,False
Felt about ballot,Homeownership,Homeowner,Not Very Confident,answer,,,,False
Felt about ballot,Homeownership,Homeowner,Did Not Understand,answer,,,,False
Felt about ballot,Homeownership,Homeowner,Confident marking (very or mostly),rollup,441.0,0.9575,430.0,False
Felt about ballot,Homeownership,Homeowner,Not confident marking (not very or did not understand),rollup,441.0,0.0425,11.0,True
Ranked choice,Homeownership,Homeowner,"Yes, Knew You Would Be Using Ranked Choice",answer,441.0,0.7062,321.0,False
Ranked choice,Homeownership,Homeowner,"No, Learned When Received Ballot",answer,441.0,0.2654,106.0,False
Ranked choice,Homeownership,Homeowner,Not Sure,answer,441.0,0.0284,14.0,True
Understand how counted,Homeownership,Homeowner,"Yes, You're Confident",answer,441.0,0.6105,286.0,False
Understand how counted,Homeownership,Homeowner,Pretty Sure You Know,answer,441.0,0.2389,98.0,False
Understand how counted,Homeownership,Homeowner,You're Not Sure,answer,441.0,0.0707,33.0,False
Understand how counted,Homeownership,Homeowner,"No, You Don't Understand How",answer,441.0,0.08,24.0,True
Understand how counted,Homeownership,Homeowner,Understands counting (confident or pretty sure),rollup,441.0,0.8494,384.0,False
Understand how counted,Homeownership,Homeowner,Not sure or does not understand counting,rollup,441.0,0.1506,57.0,False
Who won,Homeownership,Homeowner,Takis Karantonis,answer,441.0,0.5912,260.0,False
Who won,Homeownership,Homeowner,Bob Cambridge,answer,441.0,0.0,0.0,True
Who won,Homeownership,Homeowner,Audrey Clement,answer,,,,False
Who won,Homeownership,Homeowner,Jeramy Olmack,answer,441.0,0.0,0.0,True
Who won,Homeownership,Homeowner,Carlos DC De Castro Pretelt,answer,441.0,0.0,0.0,True
Who won,Homeownership,Homeowner,Not Sure,answer,,,,False
Results,Homeownership,Homeowner,Very Satisfied,answer,264.0,0.6118,172.0,False
Results,Homeownership,Homeowner,Somewhat Satisfied,answer,264.0,0.1282,35.0,False
Results,Homeownership,Homeowner,Somewhat Dissatisfied,answer,264.0,0.0872,17.0,True
Results,Homeownership,Homeowner,Very Dissatisfied,answer,264.0,0.1076,28.0,True
Results,Homeownership,Homeowner,Not Sure,answer,264.0,0.0651,12.0,True
Ranked in future,Homeownership,Homeowner,"Yes, Strongly Support",answer,441.0,0.368,168.0,False
Ranked in future,Homeownership,Homeowner,"Yes, Somewhat Support",answer,441.0,0.291,125.0,False
Ranked in future,Homeownership,Homeowner,"No, Somewhat Oppose",answer,441.0,0.1126,48.0,False
Ranked in future,Homeownership,Homeowner,"No, Strongly Oppose",answer,441.0,0.1548,65.0,False
Ranked in future,Homeownership,Homeowner,Not Sure,answer,441.0,0.0736,35.0,False
Ranked in future,Homeownership,Homeowner,Support (strongly or somewhat),rollup,441.0,0.659,293.0,False
Ranked in future,Homeownership,Homeowner,Oppose (somewhat or strongly),rollup,441.0,0.2674,113.0,False
Ranked one and concerned,Homeownership,Homeowner,Yes,answer,441.0,0.0857,41.0,False
Ranked one and concerned,Homeownership,Homeowner,No,answer,441.0,0.9143,400.0,False
"Ranked one, did not know enough",Homeownership,Homeowner,Yes,answer,441.0,0.097,47.0,False
"Ranked one, did not know enough",Homeownership,Homeowner,No,answer,441.0,0.903,394.0,False
Ranked in future,Homeownership,Homeowner,Net support (support minus oppose),net,441.0,39.2,,False
How voted,Homeownership,No answer,On Election Day,answer,23.0,0.5639,13.0,True
How voted,Homeownership,No answer,Early In Person,answer,,,,False
How voted,Homeownership,No answer,By Mail Or Absentee Ballot,answer,,,,False
How many ranked,Homeownership,No answer,More Than One,answer,23.0,0.4614,13.0,True
How many ranked,Homeownership,No answer,Only One,answer,,,,False
How many ranked,Homeownership,No answer,Did Not Rank Any,answer,,,,False
How many ranked,Homeownership,No answer,Not Sure,answer,23.0,0.0,0.0,True
Only liked one,Homeownership,No answer,Yes,answer,,,,False
Only liked one,Homeownership,No answer,No,answer,,,,False
Didn't know enough,Homeownership,No answer,Yes,answer,,,,False
Didn't know enough,Homeownership,No answer,No,answer,,,,False
Concerned,Homeownership,No answer,Yes,answer,,,,False
Concerned,Homeownership,No answer,No,answer,,,,False
Felt about ballot,Homeownership,No answer,Very Confident,answer,,,,False
Felt about ballot,Homeownership,No answer,Mostly Confident,answer,,,,False
Felt about ballot,Homeownership,No answer,Not Very Confident,answer,,,,False
Felt about ballot,Homeownership,No answer,Did Not Understand,answer,,,,False
Felt about ballot,Homeownership,No answer,Confident marking (very or mostly),rollup,23.0,0.975,22.0,True
Felt about ballot,Homeownership,No answer,Not confident marking (not very or did not understand),rollup,,,,False
Ranked choice,Homeownership,No answer,"Yes, Knew You Would Be Using Ranked Choice",answer,,,,False
Ranked choice,Homeownership,No answer,"No, Learned When Received Ballot",answer,,,,False
Ranked choice,Homeownership,No answer,Not Sure,answer,23.0,0.0,0.0,True
Understand how counted,Homeownership,No answer,"Yes, You're Confident",answer,,,,False
Understand how counted,Homeownership,No answer,Pretty Sure You Know,answer,,,,False
Understand how counted,Homeownership,No answer,You're Not Sure,answer,,,,False
Understand how counted,Homeownership,No answer,"No, You Don't Understand How",answer,,,,False
Understand how counted,Homeownership,No answer,Understands counting (confident or pretty sure),rollup,23.0,0.8825,19.0,True
Understand how counted,Homeownership,No answer,Not sure or does not understand counting,rollup,,,,False
Who won,Homeownership,No answer,Takis Karantonis,answer,,,,False
Who won,Homeownership,No answer,Bob Cambridge,answer,23.0,0.0,0.0,True
Who won,Homeownership,No answer,Audrey Clement,answer,,,,False
Who won,Homeownership,No answer,Jeramy Olmack,answer,23.0,0.0,0.0,True
Who won,Homeownership,No answer,Carlos DC De Castro Pretelt,answer,23.0,0.0,0.0,True
Who won,Homeownership,No answer,Not Sure,answer,23.0,0.6292,16.0,True
Results,Homeownership,No answer,Very Satisfied,answer,,,,False
Results,Homeownership,No answer,Somewhat Satisfied,answer,,,,False
Results,Homeownership,No answer,Somewhat Dissatisfied,answer,,,,False
Results,Homeownership,No answer,Very Dissatisfied,answer,,,,False
Results,Homeownership,No answer,Not Sure,answer,,,,False
Ranked in future,Homeownership,No answer,"Yes, Strongly Support",answer,,,,False
Ranked in future,Homeownership,No answer,"Yes, Somewhat Support",answer,,,,False
Ranked in future,Homeownership,No answer,"No, Somewhat Oppose",answer,,,,False
Ranked in future,Homeownership,No answer,"No, Strongly Oppose",answer,,,,False
Ranked in future,Homeownership,No answer,Not Sure,answer,23.0,0.0,0.0,True
Ranked in future,Homeownership,No answer,Support (strongly or somewhat),rollup,,,,False
Ranked in future,Homeownership,No answer,Oppose (somewhat or strongly),rollup,23.0,0.8061,17.0,True
Ranked one and concerned,Homeownership,No answer,Yes,answer,,,,False
Ranked one and concerned,Homeownership,No answer,No,answer,,,,False
"Ranked one, did not know enough",Homeownership,No answer,Yes,answer,,,,False
"Ranked one, did not know enough",Homeownership,No answer,No,answer,,,,False
Ranked in future,Homeownership,No answer,Net support (support minus oppose),net,,,,False
How voted,Homeownership,Renter,On Election Day,answer,120.0,0.6014,67.0,False
How voted,Homeownership,Renter,Early In Person,answer,120.0,0.3049,42.0,False
How voted,Homeownership,Renter,By Mail Or Absentee Ballot,answer,120.0,0.0937,11.0,True
How many ranked,Homeownership,Renter,More Than One,answer,120.0,0.567,69.0,False
How many ranked,Homeownership,Renter,Only One,answer,120.0,0.326,36.0,False
How many ranked,Homeownership,Renter,Did Not Rank Any,answer,,,,False
How many ranked,Homeownership,Renter,Not Sure,answer,,,,False
Only liked one,Homeownership,Renter,Yes,answer,36.0,0.6737,25.0,True
Only liked one,Homeownership,Renter,No,answer,36.0,0.3263,11.0,True
Didn't know enough,Homeownership,Renter,Yes,answer,36.0,0.3633,11.0,True
Didn't know enough,Homeownership,Renter,No,answer,36.0,0.6367,25.0,True
Concerned,Homeownership,Renter,Yes,answer,,,,False
Concerned,Homeownership,Renter,No,answer,,,,False
Felt about ballot,Homeownership,Renter,Very Confident,answer,120.0,0.7018,89.0,False
Felt about ballot,Homeownership,Renter,Mostly Confident,answer,120.0,0.2436,26.0,True
Felt about ballot,Homeownership,Renter,Not Very Confident,answer,,,,False
Felt about ballot,Homeownership,Renter,Did Not Understand,answer,,,,False
Felt about ballot,Homeownership,Renter,Confident marking (very or mostly),rollup,120.0,0.9454,115.0,False
Felt about ballot,Homeownership,Renter,Not confident marking (not very or did not understand),rollup,,,,False
Ranked choice,Homeownership,Renter,"Yes, Knew You Would Be Using Ranked Choice",answer,120.0,0.6937,83.0,False
Ranked choice,Homeownership,Renter,"No, Learned When Received Ballot",answer,,,,False
Ranked choice,Homeownership,Renter,Not Sure,answer,,,,False
Understand how counted,Homeownership,Renter,"Yes, You're Confident",answer,120.0,0.6483,79.0,False
Understand how counted,Homeownership,Renter,Pretty Sure You Know,answer,120.0,0.2783,26.0,True
Understand how counted,Homeownership,Renter,You're Not Sure,answer,,,,False
Understand how counted,Homeownership,Renter,"No, You Don't Understand How",answer,,,,False
Understand how counted,Homeownership,Renter,Understands counting (confident or pretty sure),rollup,120.0,0.9265,105.0,False
Understand how counted,Homeownership,Renter,Not sure or does not understand counting,rollup,120.0,0.0735,15.0,True
Who won,Homeownership,Renter,Takis Karantonis,answer,120.0,0.3639,47.0,False
Who won,Homeownership,Renter,Bob Cambridge,answer,,,,False
Who won,Homeownership,Renter,Audrey Clement,answer,,,,False
Who won,Homeownership,Renter,Jeramy Olmack,answer,120.0,0.0,0.0,True
Who won,Homeownership,Renter,Carlos DC De Castro Pretelt,answer,120.0,0.0,0.0,True
Who won,Homeownership,Renter,Not Sure,answer,120.0,0.6019,69.0,False
Results,Homeownership,Renter,Very Satisfied,answer,51.0,0.5815,33.0,False
Results,Homeownership,Renter,Somewhat Satisfied,answer,51.0,0.277,11.0,True
Results,Homeownership,Renter,Somewhat Dissatisfied,answer,,,,False
Results,Homeownership,Renter,Very Dissatisfied,answer,,,,False
Results,Homeownership,Renter,Not Sure,answer,,,,False
Ranked in future,Homeownership,Renter,"Yes, Strongly Support",answer,120.0,0.3693,42.0,False
Ranked in future,Homeownership,Renter,"Yes, Somewhat Support",answer,120.0,0.359,38.0,False
Ranked in future,Homeownership,Renter,"No, Somewhat Oppose",answer,120.0,0.0861,12.0,True
Ranked in future,Homeownership,Renter,"No, Strongly Oppose",answer,120.0,0.0588,10.0,True
Ranked in future,Homeownership,Renter,Not Sure,answer,120.0,0.1268,18.0,True
Ranked in future,Homeownership,Renter,Support (strongly or somewhat),rollup,120.0,0.7283,80.0,False
Ranked in future,Homeownership,Renter,Oppose (somewhat or strongly),rollup,120.0,0.1449,22.0,True
Ranked one and concerned,Homeownership,Renter,Yes,answer,,,,False
Ranked one and concerned,Homeownership,Renter,No,answer,,,,False
"Ranked one, did not know enough",Homeownership,Renter,Yes,answer,120.0,0.1184,11.0,True
"Ranked one, did not know enough",Homeownership,Renter,No,answer,120.0,0.8816,109.0,False
Ranked in future,Homeownership,Renter,Net support (support minus oppose),net,120.0,58.3,,False
How voted,Contact method,Landline,On Election Day,answer,90.0,0.4786,41.0,False
How voted,Contact method,Landline,Early In Person,answer,90.0,0.3796,34.0,False
How voted,Contact method,Landline,By Mail Or Absentee Ballot,answer,90.0,0.1418,15.0,True
How many ranked,Contact method,Landline,More Than One,answer,90.0,0.6646,55.0,False
How many ranked,Contact method,Landline,Only One,answer,90.0,0.2321,25.0,True
How many ranked,Contact method,Landline,Did Not Rank Any,answer,,,,False
How many ranked,Contact method,Landline,Not Sure,answer,,,,False
Only liked one,Contact method,Landline,Yes,answer,,,,False
Only liked one,Contact method,Landline,No,answer,,,,False
Didn't know enough,Contact method,Landline,Yes,answer,25.0,0.5202,12.0,True
Didn't know enough,Contact method,Landline,No,answer,25.0,0.4798,13.0,True
Concerned,Contact method,Landline,Yes,answer,25.0,0.4212,11.0,True
Concerned,Contact method,Landline,No,answer,25.0,0.5788,14.0,True
Felt about ballot,Contact method,Landline,Very Confident,answer,,,,False
Felt about ballot,Contact method,Landline,Mostly Confident,answer,,,,False
Felt about ballot,Contact method,Landline,Not Very Confident,answer,,,,False
Felt about ballot,Contact method,Landline,Did Not Understand,answer,,,,False
Felt about ballot,Contact method,Landline,Confident marking (very or mostly),rollup,90.0,0.9078,87.0,False
Felt about ballot,Contact method,Landline,Not confident marking (not very or did not understand),rollup,,,,False
Ranked choice,Contact method,Landline,"Yes, Knew You Would Be Using Ranked Choice",answer,90.0,0.8675,75.0,False
Ranked choice,Contact method,Landline,"No, Learned When Received Ballot",answer,,,,False
Ranked choice,Contact method,Landline,Not Sure,answer,,,,False
Understand how counted,Contact method,Landline,"Yes, You're Confident",answer,90.0,0.5292,55.0,False
Understand how counted,Contact method,Landline,Pretty Sure You Know,answer,90.0,0.2497,19.0,True
Understand how counted,Contact method,Landline,You're Not Sure,answer,,,,False
Understand how counted,Contact method,Landline,"No, You Don't Understand How",answer,,,,False
Understand how counted,Contact method,Landline,Understands counting (confident or pretty sure),rollup,90.0,0.7789,74.0,False
Understand how counted,Contact method,Landline,Not sure or does not understand counting,rollup,90.0,0.2211,16.0,True
Who won,Contact method,Landline,Takis Karantonis,answer,90.0,0.5814,46.0,False
Who won,Contact method,Landline,Bob Cambridge,answer,90.0,0.0,0.0,True
Who won,Contact method,Landline,Audrey Clement,answer,,,,False
Who won,Contact method,Landline,Jeramy Olmack,answer,90.0,0.0,0.0,True
Who won,Contact method,Landline,Carlos DC De Castro Pretelt,answer,90.0,0.0,0.0,True
Who won,Contact method,Landline,Not Sure,answer,,,,False
Results,Contact method,Landline,Very Satisfied,answer,50.0,0.504,31.0,False
Results,Contact method,Landline,Somewhat Satisfied,answer,,,,False
Results,Contact method,Landline,Somewhat Dissatisfied,answer,,,,False
Results,Contact method,Landline,Very Dissatisfied,answer,,,,False
Results,Contact method,Landline,Not Sure,answer,,,,False
Ranked in future,Contact method,Landline,"Yes, Strongly Support",answer,90.0,0.3968,39.0,False
Ranked in future,Contact method,Landline,"Yes, Somewhat Support",answer,90.0,0.2554,20.0,True
Ranked in future,Contact method,Landline,"No, Somewhat Oppose",answer,,,,False
Ranked in future,Contact method,Landline,"No, Strongly Oppose",answer,,,,False
Ranked in future,Contact method,Landline,Not Sure,answer,,,,False
Ranked in future,Contact method,Landline,Support (strongly or somewhat),rollup,90.0,0.6522,59.0,False
Ranked in future,Contact method,Landline,Oppose (somewhat or strongly),rollup,90.0,0.2396,26.0,True
Ranked one and concerned,Contact method,Landline,Yes,answer,90.0,0.0978,11.0,True
Ranked one and concerned,Contact method,Landline,No,answer,90.0,0.9022,79.0,False
"Ranked one, did not know enough",Contact method,Landline,Yes,answer,90.0,0.1207,12.0,True
"Ranked one, did not know enough",Contact method,Landline,No,answer,90.0,0.8793,78.0,False
Ranked in future,Contact method,Landline,Net support (support minus oppose),net,90.0,41.3,,False
How voted,Contact method,Live Operator,On Election Day,answer,50.0,0.6169,30.0,False
How voted,Contact method,Live Operator,Early In Person,answer,,,,False
How voted,Contact method,Live Operator,By Mail Or Absentee Ballot,answer,,,,False
How many ranked,Contact method,Live Operator,More Than One,answer,50.0,0.7938,38.0,False
How many ranked,Contact method,Live Operator,Only One,answer,,,,False
How many ranked,Contact method,Live Operator,Did Not Rank Any,answer,,,,False
How many ranked,Contact method,Live Operator,Not Sure,answer,,,,False
Only liked one,Contact method,Live Operator,Yes,answer,,,,False
Only liked one,Contact method,Live Operator,No,answer,,,,False
Didn't know enough,Contact method,Live Operator,Yes,answer,,,,False
Didn't know enough,Contact method,Live Operator,No,answer,,,,False
Concerned,Contact method,Live Operator,Yes,answer,,,,False
Concerned,Contact method,Live Operator,No,answer,,,,False
Felt about ballot,Contact method,Live Operator,Very Confident,answer,,,,False
Felt about ballot,Contact method,Live Operator,Mostly Confident,answer,,,,False
Felt about ballot,Contact method,Live Operator,Not Very Confident,answer,,,,False
Felt about ballot,Contact method,Live Operator,Did Not Understand,answer,,,,False
Felt about ballot,Contact method,Live Operator,Confident marking (very or mostly),rollup,50.0,0.9382,47.0,False
Felt about ballot,Contact method,Live Operator,Not confident marking (not very or did not understand),rollup,,,,False
Ranked choice,Contact method,Live Operator,"Yes, Knew You Would Be Using Ranked Choice",answer,50.0,0.7185,34.0,False
Ranked choice,Contact method,Live Operator,"No, Learned When Received Ballot",answer,50.0,0.2815,16.0,True
Ranked choice,Contact method,Live Operator,Not Sure,answer,50.0,0.0,0.0,True
Understand how counted,Contact method,Live Operator,"Yes, You're Confident",answer,50.0,0.7278,33.0,False
Understand how counted,Contact method,Live Operator,Pretty Sure You Know,answer,50.0,0.182,11.0,True
Understand how counted,Contact method,Live Operator,You're Not Sure,answer,,,,False
Understand how counted,Contact method,Live Operator,"No, You Don't Understand How",answer,,,,False
Understand how counted,Contact method,Live Operator,Understands counting (confident or pretty sure),rollup,50.0,0.9098,44.0,False
Understand how counted,Contact method,Live Operator,Not sure or does not understand counting,rollup,,,,False
Who won,Contact method,Live Operator,Takis Karantonis,answer,50.0,0.1929,12.0,True
Who won,Contact method,Live Operator,Bob Cambridge,answer,50.0,0.0,0.0,True
Who won,Contact method,Live Operator,Audrey Clement,answer,50.0,0.0,0.0,True
Who won,Contact method,Live Operator,Jeramy Olmack,answer,50.0,0.0,0.0,True
Who won,Contact method,Live Operator,Carlos DC De Castro Pretelt,answer,50.0,0.0,0.0,True
Who won,Contact method,Live Operator,Not Sure,answer,50.0,0.8071,38.0,False
Results,Contact method,Live Operator,Very Satisfied,answer,,,,False
Results,Contact method,Live Operator,Somewhat Satisfied,answer,,,,False
Results,Contact method,Live Operator,Somewhat Dissatisfied,answer,,,,False
Results,Contact method,Live Operator,Very Dissatisfied,answer,,,,False
Results,Contact method,Live Operator,Not Sure,answer,,,,False
Ranked in future,Contact method,Live Operator,"Yes, Strongly Support",answer,50.0,0.4937,20.0,True
Ranked in future,Contact method,Live Operator,"Yes, Somewhat Support",answer,50.0,0.1878,11.0,True
Ranked in future,Contact method,Live Operator,"No, Somewhat Oppose",answer,,,,False
Ranked in future,Contact method,Live Operator,"No, Strongly Oppose",answer,,,,False
Ranked in future,Contact method,Live Operator,Not Sure,answer,,,,False
Ranked in future,Contact method,Live Operator,Support (strongly or somewhat),rollup,50.0,0.6815,31.0,False
Ranked in future,Contact method,Live Operator,Oppose (somewhat or strongly),rollup,50.0,0.1916,13.0,True
Ranked one and concerned,Contact method,Live Operator,Yes,answer,,,,False
Ranked one and concerned,Contact method,Live Operator,No,answer,,,,False
"Ranked one, did not know enough",Contact method,Live Operator,Yes,answer,,,,False
"Ranked one, did not know enough",Contact method,Live Operator,No,answer,,,,False
Ranked in future,Contact method,Live Operator,Net support (support minus oppose),net,50.0,49.0,,False
How voted,Contact method,SMS-to-Web,On Election Day,answer,377.0,0.4747,167.0,False
How voted,Contact method,SMS-to-Web,Early In Person,answer,377.0,0.3927,162.0,False
How voted,Contact method,SMS-to-Web,By Mail Or Absentee Ballot,answer,377.0,0.1325,48.0,False
How many ranked,Contact method,SMS-to-Web,More Than One,answer,377.0,0.5278,199.0,False
How many ranked,Contact method,SMS-to-Web,Only One,answer,377.0,0.3825,148.0,False
How many ranked,Contact method,SMS-to-Web,Did Not Rank Any,answer,377.0,0.0595,16.0,True
How many ranked,Contact method,SMS-to-Web,Not Sure,answer,377.0,0.0302,14.0,True
Only liked one,Contact method,SMS-to-Web,Yes,answer,148.0,0.5791,81.0,False
Only liked one,Contact method,SMS-to-Web,No,answer,148.0,0.4209,67.0,False
Didn't know enough,Contact method,SMS-to-Web,Yes,answer,148.0,0.2608,41.0,False
Didn't know enough,Contact method,SMS-to-Web,No,answer,148.0,0.7392,107.0,False
Concerned,Contact method,SMS-to-Web,Yes,answer,148.0,0.2242,37.0,False
Concerned,Contact method,SMS-to-Web,No,answer,148.0,0.7758,111.0,False
Felt about ballot,Contact method,SMS-to-Web,Very Confident,answer,377.0,0.8408,319.0,False
Felt about ballot,Contact method,SMS-to-Web,Mostly Confident,answer,377.0,0.1307,50.0,False
Felt about ballot,Contact method,SMS-to-Web,Not Very Confident,answer,,,,False
Felt about ballot,Contact method,SMS-to-Web,Did Not Understand,answer,,,,False
Felt about ballot,Contact method,SMS-to-Web,Confident marking (very or mostly),rollup,377.0,0.9715,369.0,False
Felt about ballot,Contact method,SMS-to-Web,Not confident marking (not very or did not understand),rollup,,,,False
Ranked choice,Contact method,SMS-to-Web,"Yes, Knew You Would Be Using Ranked Choice",answer,377.0,0.6994,272.0,False
Ranked choice,Contact method,SMS-to-Web,"No, Learned When Received Ballot",answer,377.0,0.2679,90.0,False
Ranked choice,Contact method,SMS-to-Web,Not Sure,answer,377.0,0.0327,15.0,True
Understand how counted,Contact method,SMS-to-Web,"Yes, You're Confident",answer,377.0,0.6193,246.0,False
Understand how counted,Contact method,SMS-to-Web,Pretty Sure You Know,answer,377.0,0.2442,81.0,False
Understand how counted,Contact method,SMS-to-Web,You're Not Sure,answer,377.0,0.0664,30.0,False
Understand how counted,Contact method,SMS-to-Web,"No, You Don't Understand How",answer,377.0,0.0702,20.0,True
Understand how counted,Contact method,SMS-to-Web,Understands counting (confident or pretty sure),rollup,377.0,0.8634,327.0,False
Understand how counted,Contact method,SMS-to-Web,Not sure or does not understand counting,rollup,377.0,0.1366,50.0,False
Who won,Contact method,SMS-to-Web,Takis Karantonis,answer,377.0,0.6004,232.0,False
Who won,Contact method,SMS-to-Web,Bob Cambridge,answer,377.0,0.0,0.0,True
Who won,Contact method,SMS-to-Web,Audrey Clement,answer,,,,False
Who won,Contact method,SMS-to-Web,Jeramy Olmack,answer,377.0,0.0,0.0,True
Who won,Contact method,SMS-to-Web,Carlos DC De Castro Pretelt,answer,377.0,0.0,0.0,True
Who won,Contact method,SMS-to-Web,Not Sure,answer,,,,False
Results,Contact method,SMS-to-Web,Very Satisfied,answer,234.0,0.6312,157.0,False
Results,Contact method,SMS-to-Web,Somewhat Satisfied,answer,234.0,0.1499,34.0,False
Results,Contact method,SMS-to-Web,Somewhat Dissatisfied,answer,234.0,0.0815,14.0,True
Results,Contact method,SMS-to-Web,Very Dissatisfied,answer,234.0,0.0828,17.0,True
Results,Contact method,SMS-to-Web,Not Sure,answer,234.0,0.0546,12.0,True
Ranked in future,Contact method,SMS-to-Web,"Yes, Strongly Support",answer,377.0,0.3544,135.0,False
Ranked in future,Contact method,SMS-to-Web,"Yes, Somewhat Support",answer,377.0,0.2922,110.0,False
Ranked in future,Contact method,SMS-to-Web,"No, Somewhat Oppose",answer,377.0,0.0955,35.0,False
Ranked in future,Contact method,SMS-to-Web,"No, Strongly Oppose",answer,377.0,0.187,63.0,False
Ranked in future,Contact method,SMS-to-Web,Not Sure,answer,377.0,0.0709,34.0,False
Ranked in future,Contact method,SMS-to-Web,Support (strongly or somewhat),rollup,377.0,0.6466,245.0,False
Ranked in future,Contact method,SMS-to-Web,Oppose (somewhat or strongly),rollup,377.0,0.2825,98.0,False
Ranked one and concerned,Contact method,SMS-to-Web,Yes,answer,377.0,0.0857,37.0,False
Ranked one and concerned,Contact method,SMS-to-Web,No,answer,377.0,0.9143,340.0,False
"Ranked one, did not know enough",Contact method,SMS-to-Web,Yes,answer,377.0,0.0998,41.0,False
"Ranked one, did not know enough",Contact method,SMS-to-Web,No,answer,377.0,0.9002,336.0,False
Ranked in future,Contact method,SMS-to-Web,Net support (support minus oppose),net,377.0,36.4,,False
How voted,Contact method,Web Panel,On Election Day,answer,67.0,0.6549,36.0,False
How voted,Contact method,Web Panel,Early In Person,answer,,,,False
How voted,Contact method,Web Panel,By Mail Or Absentee Ballot,answer,,,,False
How many ranked,Contact method,Web Panel,More Than One,answer,67.0,0.4987,35.0,False
How many ranked,Contact method,Web Panel,Only One,answer,67.0,0.3863,25.0,True
How many ranked,Contact method,Web Panel,Did Not Rank Any,answer,,,,False
How many ranked,Contact method,Web Panel,Not Sure,answer,,,,False
Only liked one,Contact method,Web Panel,Yes,answer,,,,False
Only liked one,Contact method,Web Panel,No,answer,,,,False
Didn't know enough,Contact method,Web Panel,Yes,answer,,,,False
Didn't know enough,Contact method,Web Panel,No,answer,,,,False
Concerned,Contact method,Web Panel,Yes,answer,,,,False
Concerned,Contact method,Web Panel,No,answer,,,,False
Felt about ballot,Contact method,Web Panel,Very Confident,answer,,,,False
Felt about ballot,Contact method,Web Panel,Mostly Confident,answer,,,,False
Felt about ballot,Contact method,Web Panel,Not Very Confident,answer,,,,False
Felt about ballot,Contact method,Web Panel,Did Not Understand,answer,,,,False
Felt about ballot,Contact method,Web Panel,Confident marking (very or mostly),rollup,67.0,0.9338,64.0,False
Felt about ballot,Contact method,Web Panel,Not confident marking (not very or did not understand),rollup,,,,False
Ranked choice,Contact method,Web Panel,"Yes, Knew You Would Be Using Ranked Choice",answer,67.0,0.6354,42.0,False
Ranked choice,Contact method,Web Panel,"No, Learned When Received Ballot",answer,,,,False
Ranked choice,Contact method,Web Panel,Not Sure,answer,,,,False
Understand how counted,Contact method,Web Panel,"Yes, You're Confident",answer,,,,False
Understand how counted,Contact method,Web Panel,Pretty Sure You Know,answer,,,,False
Understand how counted,Contact method,Web Panel,You're Not Sure,answer,,,,False
Understand how counted,Contact method,Web Panel,"No, You Don't Understand How",answer,,,,False
Understand how counted,Contact method,Web Panel,Understands counting (confident or pretty sure),rollup,67.0,0.9504,63.0,False
Understand how counted,Contact method,Web Panel,Not sure or does not understand counting,rollup,,,,False
Who won,Contact method,Web Panel,Takis Karantonis,answer,67.0,0.3183,23.0,True
Who won,Contact method,Web Panel,Bob Cambridge,answer,,,,False
Who won,Contact method,Web Panel,Audrey Clement,answer,,,,False
Who won,Contact method,Web Panel,Jeramy Olmack,answer,67.0,0.0,0.0,True
Who won,Contact method,Web Panel,Carlos DC De Castro Pretelt,answer,67.0,0.0,0.0,True
Who won,Contact method,Web Panel,Not Sure,answer,67.0,0.634,41.0,False
Results,Contact method,Web Panel,Very Satisfied,answer,26.0,0.625,16.0,True
Results,Contact method,Web Panel,Somewhat Satisfied,answer,,,,False
Results,Contact method,Web Panel,Somewhat Dissatisfied,answer,,,,False
Results,Contact method,Web Panel,Very Dissatisfied,answer,,,,False
Results,Contact method,Web Panel,Not Sure,answer,26.0,0.0,0.0,True
Ranked in future,Contact method,Web Panel,"Yes, Strongly Support",answer,67.0,0.2978,20.0,True
Ranked in future,Contact method,Web Panel,"Yes, Somewhat Support",answer,67.0,0.4132,24.0,True
Ranked in future,Contact method,Web Panel,"No, Somewhat Oppose",answer,,,,False
Ranked in future,Contact method,Web Panel,"No, Strongly Oppose",answer,,,,False
Ranked in future,Contact method,Web Panel,Not Sure,answer,,,,False
Ranked in future,Contact method,Web Panel,Support (strongly or somewhat),rollup,67.0,0.711,44.0,False
Ranked in future,Contact method,Web Panel,Oppose (somewhat or strongly),rollup,67.0,0.1817,15.0,True
Ranked one and concerned,Contact method,Web Panel,Yes,answer,,,,False
Ranked one and concerned,Contact method,Web Panel,No,answer,,,,False
"Ranked one, did not know enough",Contact method,Web Panel,Yes,answer,,,,False
"Ranked one, did not know enough",Contact method,Web Panel,No,answer,,,,False
Ranked in future,Contact method,Web Panel,Net support (support minus oppose),net,67.0,52.9,,False
How voted,How voted,By Mail Or Absentee Ballot,On Election Day,answer,72.0,0.0,0.0,True
How voted,How voted,By Mail Or Absentee Ballot,Early In Person,answer,72.0,0.0,0.0,True
How voted,How voted,By Mail Or Absentee Ballot,By Mail Or Absentee Ballot,answer,72.0,1.0,72.0,False
How many ranked,How voted,By Mail Or Absentee Ballot,More Than One,answer,72.0,0.5077,41.0,False
How many ranked,How voted,By Mail Or Absentee Ballot,Only One,answer,72.0,0.3409,19.0,True
How many ranked,How voted,By Mail Or Absentee Ballot,Did Not Rank Any,answer,,,,False
How many ranked,How voted,By Mail Or Absentee Ballot,Not Sure,answer,,,,False
Only liked one,How voted,By Mail Or Absentee Ballot,Yes,answer,,,,False
Only liked one,How voted,By Mail Or Absentee Ballot,No,answer,,,,False
Didn't know enough,How voted,By Mail Or Absentee Ballot,Yes,answer,,,,False
Didn't know enough,How voted,By Mail Or Absentee Ballot,No,answer,,,,False
Concerned,How voted,By Mail Or Absentee Ballot,Yes,answer,,,,False
Concerned,How voted,By Mail Or Absentee Ballot,No,answer,,,,False
Felt about ballot,How voted,By Mail Or Absentee Ballot,Very Confident,answer,,,,False
Felt about ballot,How voted,By Mail Or Absentee Ballot,Mostly Confident,answer,,,,False
Felt about ballot,How voted,By Mail Or Absentee Ballot,Not Very Confident,answer,,,,False
Felt about ballot,How voted,By Mail Or Absentee Ballot,Did Not Understand,answer,,,,False
Felt about ballot,How voted,By Mail Or Absentee Ballot,Confident marking (very or mostly),rollup,72.0,0.9593,68.0,False
Felt about ballot,How voted,By Mail Or Absentee Ballot,Not confident marking (not very or did not understand),rollup,,,,False
Ranked choice,How voted,By Mail Or Absentee Ballot,"Yes, Knew You Would Be Using Ranked Choice",answer,72.0,0.6723,47.0,False
Ranked choice,How voted,By Mail Or Absentee Ballot,"No, Learned When Received Ballot",answer,,,,False
Ranked choice,How voted,By Mail Or Absentee Ballot,Not Sure,answer,,,,False
Understand how counted,How voted,By Mail Or Absentee Ballot,"Yes, You're Confident",answer,72.0,0.6114,44.0,False
Understand how counted,How voted,By Mail Or Absentee Ballot,Pretty Sure You Know,answer,72.0,0.2666,16.0,True
Understand how counted,How voted,By Mail Or Absentee Ballot,You're Not Sure,answer,,,,False
Understand how counted,How voted,By Mail Or Absentee Ballot,"No, You Don't Understand How",answer,,,,False
Understand how counted,How voted,By Mail Or Absentee Ballot,Understands counting (confident or pretty sure),rollup,72.0,0.878,60.0,False
Understand how counted,How voted,By Mail Or Absentee Ballot,Not sure or does not understand counting,rollup,72.0,0.122,12.0,True
Who won,How voted,By Mail Or Absentee Ballot,Takis Karantonis,answer,72.0,0.5259,39.0,False
Who won,How voted,By Mail Or Absentee Ballot,Bob Cambridge,answer,72.0,0.0,0.0,True
Who won,How voted,By Mail Or Absentee Ballot,Audrey Clement,answer,72.0,0.0,0.0,True
Who won,How voted,By Mail Or Absentee Ballot,Jeramy Olmack,answer,72.0,0.0,0.0,True
Who won,How voted,By Mail Or Absentee Ballot,Carlos DC De Castro Pretelt,answer,72.0,0.0,0.0,True
Who won,How voted,By Mail Or Absentee Ballot,Not Sure,answer,72.0,0.4741,33.0,False
Results,How voted,By Mail Or Absentee Ballot,Very Satisfied,answer,39.0,0.595,28.0,True
Results,How voted,By Mail Or Absentee Ballot,Somewhat Satisfied,answer,,,,False
Results,How voted,By Mail Or Absentee Ballot,Somewhat Dissatisfied,answer,,,,False
Results,How voted,By Mail Or Absentee Ballot,Very Dissatisfied,answer,,,,False
Results,How voted,By Mail Or Absentee Ballot,Not Sure,answer,,,,False
Ranked in future,How voted,By Mail Or Absentee Ballot,"Yes, Strongly Support",answer,72.0,0.3828,31.0,False
Ranked in future,How voted,By Mail Or Absentee Ballot,"Yes, Somewhat Support",answer,72.0,0.2246,13.0,True
Ranked in future,How voted,By Mail Or Absentee Ballot,"No, Somewhat Oppose",answer,,,,False
Ranked in future,How voted,By Mail Or Absentee Ballot,"No, Strongly Oppose",answer,,,,False
Ranked in future,How voted,By Mail Or Absentee Ballot,Not Sure,answer,,,,False
Ranked in future,How voted,By Mail Or Absentee Ballot,Support (strongly or somewhat),rollup,72.0,0.6074,44.0,False
Ranked in future,How voted,By Mail Or Absentee Ballot,Oppose (somewhat or strongly),rollup,72.0,0.3031,20.0,True
Ranked one and concerned,How voted,By Mail Or Absentee Ballot,Yes,answer,,,,False
Ranked one and concerned,How voted,By Mail Or Absentee Ballot,No,answer,,,,False
"Ranked one, did not know enough",How voted,By Mail Or Absentee Ballot,Yes,answer,,,,False
"Ranked one, did not know enough",How voted,By Mail Or Absentee Ballot,No,answer,,,,False
Ranked in future,How voted,By Mail Or Absentee Ballot,Net support (support minus oppose),net,72.0,30.4,,False
How voted,How voted,Early In Person,On Election Day,answer,238.0,0.0,0.0,True
How voted,How voted,Early In Person,Early In Person,answer,238.0,1.0,238.0,False
How voted,How voted,Early In Person,By Mail Or Absentee Ballot,answer,238.0,0.0,0.0,True
How many ranked,How voted,Early In Person,More Than One,answer,238.0,0.5982,137.0,False
How many ranked,How voted,Early In Person,Only One,answer,238.0,0.3446,86.0,False
How many ranked,How voted,Early In Person,Did Not Rank Any,answer,,,,False
How many ranked,How voted,Early In Person,Not Sure,answer,,,,False
Only liked one,How voted,Early In Person,Yes,answer,86.0,0.6551,54.0,False
Only liked one,How voted,Early In Person,No,answer,86.0,0.3449,32.0,False
Didn't know enough,How voted,Early In Person,Yes,answer,86.0,0.3184,24.0,True
Didn't know enough,How voted,Early In Person,No,answer,86.0,0.6816,62.0,False
Concerned,How voted,Early In Person,Yes,answer,86.0,0.2602,21.0,True
Concerned,How voted,Early In Person,No,answer,86.0,0.7398,65.0,False
Felt about ballot,How voted,Early In Person,Very Confident,answer,,,,False
Felt about ballot,How voted,Early In Person,Mostly Confident,answer,,,,False
Felt about ballot,How voted,Early In Person,Not Very Confident,answer,,,,False
Felt about ballot,How voted,Early In Person,Did Not Understand,answer,,,,False
Felt about ballot,How voted,Early In Person,Confident marking (very or mostly),rollup,238.0,0.9813,235.0,False
Felt about ballot,How voted,Early In Person,Not confident marking (not very or did not understand),rollup,,,,False
Ranked choice,How voted,Early In Person,"Yes, Knew You Would Be Using Ranked Choice",answer,238.0,0.7916,189.0,False
Ranked choice,How voted,Early In Person,"No, Learned When Received Ballot",answer,,,,False
Ranked choice,How voted,Early In Person,Not Sure,answer,,,,False
Understand how counted,How voted,Early In Person,"Yes, You're Confident",answer,238.0,0.6213,149.0,False
Understand how counted,How voted,Early In Person,Pretty Sure You Know,answer,238.0,0.2611,56.0,False
Understand how counted,How voted,Early In Person,You're Not Sure,answer,238.0,0.0779,23.0,True
Understand how counted,How voted,Early In Person,"No, You Don't Understand How",answer,238.0,0.0397,10.0,True
Understand how counted,How voted,Early In Person,Understands counting (confident or pretty sure),rollup,238.0,0.8824,205.0,False
Understand how counted,How voted,Early In Person,Not sure or does not understand counting,rollup,238.0,0.1176,33.0,False
Who won,How voted,Early In Person,Takis Karantonis,answer,238.0,0.5605,142.0,False
Who won,How voted,Early In Person,Bob Cambridge,answer,,,,False
Who won,How voted,Early In Person,Audrey Clement,answer,,,,False
Who won,How voted,Early In Person,Jeramy Olmack,answer,238.0,0.0,0.0,True
Who won,How voted,Early In Person,Carlos DC De Castro Pretelt,answer,238.0,0.0,0.0,True
Who won,How voted,Early In Person,Not Sure,answer,238.0,0.4263,92.0,False
Results,How voted,Early In Person,Very Satisfied,answer,146.0,0.5905,94.0,False
Results,How voted,Early In Person,Somewhat Satisfied,answer,146.0,0.1887,23.0,True
Results,How voted,Early In Person,Somewhat Dissatisfied,answer,,,,False
Results,How voted,Early In Person,Very Dissatisfied,answer,146.0,0.0763,14.0,True
Results,How voted,Early In Person,Not Sure,answer,,,,False
Ranked in future,How voted,Early In Person,"Yes, Strongly Support",answer,238.0,0.3887,89.0,False
Ranked in future,How voted,Early In Person,"Yes, Somewhat Support",answer,238.0,0.3198,73.0,False
Ranked in future,How voted,Early In Person,"No, Somewhat Oppose",answer,238.0,0.1114,28.0,True
Ranked in future,How voted,Early In Person,"No, Strongly Oppose",answer,238.0,0.12,32.0,False
Ranked in future,How voted,Early In Person,Not Sure,answer,238.0,0.0601,16.0,True
Ranked in future,How voted,Early In Person,Support (strongly or somewhat),rollup,238.0,0.7085,162.0,False
Ranked in future,How voted,Early In Person,Oppose (somewhat or strongly),rollup,238.0,0.2314,60.0,False
Ranked one and concerned,How voted,Early In Person,Yes,answer,238.0,0.0897,21.0,True
Ranked one and concerned,How voted,Early In Person,No,answer,238.0,0.9103,217.0,False
"Ranked one, did not know enough",How voted,Early In Person,Yes,answer,238.0,0.1097,24.0,True
"Ranked one, did not know enough",How voted,Early In Person,No,answer,238.0,0.8903,214.0,False
Ranked in future,How voted,Early In Person,Net support (support minus oppose),net,238.0,47.7,,False
How voted,How voted,On Election Day,On Election Day,answer,274.0,1.0,274.0,False
How voted,How voted,On Election Day,Early In Person,answer,274.0,0.0,0.0,True
How voted,How voted,On Election Day,By Mail Or Absentee Ballot,answer,274.0,0.0,0.0,True
How many ranked,How voted,On Election Day,More Than One,answer,274.0,0.5404,149.0,False
How many ranked,How voted,On Election Day,Only One,answer,274.0,0.3494,100.0,False
How many ranked,How voted,On Election Day,Did Not Rank Any,answer,274.0,0.0661,14.0,True
How many ranked,How voted,On Election Day,Not Sure,answer,274.0,0.044,11.0,True
Only liked one,How voted,On Election Day,Yes,answer,100.0,0.6095,58.0,False
Only liked one,How voted,On Election Day,No,answer,100.0,0.3905,42.0,False
Didn't know enough,How voted,On Election Day,Yes,answer,100.0,0.2804,30.0,False
Didn't know enough,How voted,On Election Day,No,answer,100.0,0.7196,70.0,False
Concerned,How voted,On Election Day,Yes,answer,100.0,0.2761,30.0,False
Concerned,How voted,On Election Day,No,answer,100.0,0.7239,70.0,False
Felt about ballot,How voted,On Election Day,Very Confident,answer,274.0,0.7746,224.0,False
Felt about ballot,How voted,On Election Day,Mostly Confident,answer,274.0,0.16,40.0,False
Felt about ballot,How voted,On Election Day,Not Very Confident,answer,,,,False
Felt about ballot,How voted,On Election Day,Did Not Understand,answer,,,,False
Felt about ballot,How voted,On Election Day,Confident marking (very or mostly),rollup,274.0,0.9347,264.0,False
Felt about ballot,How voted,On Election Day,Not confident marking (not very or did not understand),rollup,274.0,0.0653,10.0,True
Ranked choice,How voted,On Election Day,"Yes, Knew You Would Be Using Ranked Choice",answer,274.0,0.6581,187.0,False
Ranked choice,How voted,On Election Day,"No, Learned When Received Ballot",answer,274.0,0.3063,77.0,False
Ranked choice,How voted,On Election Day,Not Sure,answer,274.0,0.0355,10.0,True
Understand how counted,How voted,On Election Day,"Yes, You're Confident",answer,274.0,0.6231,187.0,False
Understand how counted,How voted,On Election Day,Pretty Sure You Know,answer,274.0,0.2412,56.0,False
Understand how counted,How voted,On Election Day,You're Not Sure,answer,274.0,0.0504,15.0,True
Understand how counted,How voted,On Election Day,"No, You Don't Understand How",answer,274.0,0.0853,16.0,True
Understand how counted,How voted,On Election Day,Understands counting (confident or pretty sure),rollup,274.0,0.8643,243.0,False
Understand how counted,How voted,On Election Day,Not sure or does not understand counting,rollup,274.0,0.1357,31.0,False
Who won,How voted,On Election Day,Takis Karantonis,answer,,,,False
Who won,How voted,On Election Day,Bob Cambridge,answer,274.0,0.0,0.0,True
Who won,How voted,On Election Day,Audrey Clement,answer,,,,False
Who won,How voted,On Election Day,Jeramy Olmack,answer,274.0,0.0,0.0,True
Who won,How voted,On Election Day,Carlos DC De Castro Pretelt,answer,274.0,0.0,0.0,True
Who won,How voted,On Election Day,Not Sure,answer,274.0,0.4965,137.0,False
Results,How voted,On Election Day,Very Satisfied,answer,137.0,0.6226,87.0,False
Results,How voted,On Election Day,Somewhat Satisfied,answer,137.0,0.1412,19.0,True
Results,How voted,On Election Day,Somewhat Dissatisfied,answer,,,,False
Results,How voted,On Election Day,Very Dissatisfied,answer,137.0,0.0961,14.0,True
Results,How voted,On Election Day,Not Sure,answer,,,,False
Ranked in future,How voted,On Election Day,"Yes, Strongly Support",answer,274.0,0.3333,94.0,False
Ranked in future,How voted,On Election Day,"Yes, Somewhat Support",answer,274.0,0.3061,79.0,False
Ranked in future,How voted,On Election Day,"No, Somewhat Oppose",answer,274.0,0.0889,24.0,True
Ranked in future,How voted,On Election Day,"No, Strongly Oppose",answer,274.0,0.1679,48.0,False
Ranked in future,How voted,On Election Day,Not Sure,answer,274.0,0.1038,29.0,True
Ranked in future,How voted,On Election Day,Support (strongly or somewhat),rollup,274.0,0.6394,173.0,False
Ranked in future,How voted,On Election Day,Oppose (somewhat or strongly),rollup,274.0,0.2568,72.0,False
Ranked one and concerned,How voted,On Election Day,Yes,answer,274.0,0.0965,30.0,False
Ranked one and concerned,How voted,On Election Day,No,answer,274.0,0.9035,244.0,False
"Ranked one, did not know enough",How voted,On Election Day,Yes,answer,274.0,0.098,30.0,False
"Ranked one, did not know enough",How voted,On Election Day,No,answer,274.0,0.902,244.0,False
Ranked in future,How voted,On Election Day,Net support (support minus oppose),net,274.0,38.3,,False
How voted,Race and ethnicity,White,On Election Day,answer,444.0,0.4693,195.0,False
How voted,Race and ethnicity,White,Early In Person,answer,444.0,0.4039,189.0,False
How voted,Race and ethnicity,White,By Mail Or Absentee Ballot,answer,444.0,0.1268,60.0,False
How many ranked,Race and ethnicity,White,More Than One,answer,444.0,0.5332,241.0,False
How many ranked,Race and ethnicity,White,Only One,answer,444.0,0.372,162.0,False
How many ranked,Race and ethnicity,White,Did Not Rank Any,answer,444.0,0.0532,23.0,True
How many ranked,Race and ethnicity,White,Not Sure,answer,444.0,0.0417,18.0,True
Only liked one,Race and ethnicity,White,Yes,answer,162.0,0.6344,97.0,False
Only liked one,Race and ethnicity,White,No,answer,162.0,0.3656,65.0,False
Didn't know enough,Race and ethnicity,White,Yes,answer,162.0,0.301,48.0,False
Didn't know enough,Race and ethnicity,White,No,answer,162.0,0.699,114.0,False
Concerned,Race and ethnicity,White,Yes,answer,162.0,0.2219,40.0,False
Concerned,Race and ethnicity,White,No,answer,162.0,0.7781,122.0,False
Felt about ballot,Race and ethnicity,White,Very Confident,answer,444.0,0.8317,375.0,False
Felt about ballot,Race and ethnicity,White,Mostly Confident,answer,444.0,0.1205,56.0,False
Felt about ballot,Race and ethnicity,White,Not Very Confident,answer,,,,False
Felt about ballot,Race and ethnicity,White,Did Not Understand,answer,,,,False
Felt about ballot,Race and ethnicity,White,Confident marking (very or mostly),rollup,444.0,0.9522,431.0,False
Felt about ballot,Race and ethnicity,White,Not confident marking (not very or did not understand),rollup,444.0,0.0478,13.0,True
Ranked choice,Race and ethnicity,White,"Yes, Knew You Would Be Using Ranked Choice",answer,444.0,0.7084,325.0,False
Ranked choice,Race and ethnicity,White,"No, Learned When Received Ballot",answer,444.0,0.2642,105.0,False
Ranked choice,Race and ethnicity,White,Not Sure,answer,444.0,0.0274,14.0,True
Understand how counted,Race and ethnicity,White,"Yes, You're Confident",answer,444.0,0.6576,296.0,False
Understand how counted,Race and ethnicity,White,Pretty Sure You Know,answer,444.0,0.24,98.0,False
Understand how counted,Race and ethnicity,White,You're Not Sure,answer,444.0,0.0631,32.0,False
Understand how counted,Race and ethnicity,White,"No, You Don't Understand How",answer,444.0,0.0393,18.0,True
Understand how counted,Race and ethnicity,White,Understands counting (confident or pretty sure),rollup,444.0,0.8976,394.0,False
Understand how counted,Race and ethnicity,White,Not sure or does not understand counting,rollup,444.0,0.1024,50.0,False
Who won,Race and ethnicity,White,Takis Karantonis,answer,444.0,0.5654,256.0,False
Who won,Race and ethnicity,White,Bob Cambridge,answer,444.0,0.0,0.0,True
Who won,Race and ethnicity,White,Audrey Clement,answer,,,,False
Who won,Race and ethnicity,White,Jeramy Olmack,answer,444.0,0.0,0.0,True
Who won,Race and ethnicity,White,Carlos DC De Castro Pretelt,answer,444.0,0.0,0.0,True
Who won,Race and ethnicity,White,Not Sure,answer,,,,False
Results,Race and ethnicity,White,Very Satisfied,answer,261.0,0.6163,172.0,False
Results,Race and ethnicity,White,Somewhat Satisfied,answer,261.0,0.1488,36.0,False
Results,Race and ethnicity,White,Somewhat Dissatisfied,answer,,,,False
Results,Race and ethnicity,White,Very Dissatisfied,answer,261.0,0.0995,26.0,True
Results,Race and ethnicity,White,Not Sure,answer,,,,False
Ranked in future,Race and ethnicity,White,"Yes, Strongly Support",answer,444.0,0.3756,166.0,False
Ranked in future,Race and ethnicity,White,"Yes, Somewhat Support",answer,444.0,0.3037,129.0,False
Ranked in future,Race and ethnicity,White,"No, Somewhat Oppose",answer,444.0,0.1088,46.0,False
Ranked in future,Race and ethnicity,White,"No, Strongly Oppose",answer,444.0,0.1392,67.0,False
Ranked in future,Race and ethnicity,White,Not Sure,answer,444.0,0.0728,36.0,False
Ranked in future,Race and ethnicity,White,Support (strongly or somewhat),rollup,444.0,0.6793,295.0,False
Ranked in future,Race and ethnicity,White,Oppose (somewhat or strongly),rollup,444.0,0.248,113.0,False
Ranked one and concerned,Race and ethnicity,White,Yes,answer,444.0,0.0825,40.0,False
Ranked one and concerned,Race and ethnicity,White,No,answer,444.0,0.9175,404.0,False
"Ranked one, did not know enough",Race and ethnicity,White,Yes,answer,444.0,0.112,48.0,False
"Ranked one, did not know enough",Race and ethnicity,White,No,answer,444.0,0.888,396.0,False
Ranked in future,Race and ethnicity,White,Net support (support minus oppose),net,444.0,43.1,,False
How voted,Race and ethnicity,Black,On Election Day,answer,49.0,0.5349,24.0,True
How voted,Race and ethnicity,Black,Early In Person,answer,,,,False
How voted,Race and ethnicity,Black,By Mail Or Absentee Ballot,answer,,,,False
How many ranked,Race and ethnicity,Black,More Than One,answer,49.0,0.68,33.0,False
How many ranked,Race and ethnicity,Black,Only One,answer,49.0,0.2238,10.0,True
How many ranked,Race and ethnicity,Black,Did Not Rank Any,answer,,,,False
How many ranked,Race and ethnicity,Black,Not Sure,answer,,,,False
Only liked one,Race and ethnicity,Black,Yes,answer,,,,False
Only liked one,Race and ethnicity,Black,No,answer,,,,False
Didn't know enough,Race and ethnicity,Black,Yes,answer,,,,False
Didn't know enough,Race and ethnicity,Black,No,answer,,,,False
Concerned,Race and ethnicity,Black,Yes,answer,,,,False
Concerned,Race and ethnicity,Black,No,answer,,,,False
Felt about ballot,Race and ethnicity,Black,Very Confident,answer,,,,False
Felt about ballot,Race and ethnicity,Black,Mostly Confident,answer,,,,False
Felt about ballot,Race and ethnicity,Black,Not Very Confident,answer,,,,False
Felt about ballot,Race and ethnicity,Black,Did Not Understand,answer,,,,False
Felt about ballot,Race and ethnicity,Black,Confident marking (very or mostly),rollup,49.0,0.9654,47.0,False
Felt about ballot,Race and ethnicity,Black,Not confident marking (not very or did not understand),rollup,,,,False
Ranked choice,Race and ethnicity,Black,"Yes, Knew You Would Be Using Ranked Choice",answer,49.0,0.7251,34.0,False
Ranked choice,Race and ethnicity,Black,"No, Learned When Received Ballot",answer,,,,False
Ranked choice,Race and ethnicity,Black,Not Sure,answer,,,,False
Understand how counted,Race and ethnicity,Black,"Yes, You're Confident",answer,,,,False
Understand how counted,Race and ethnicity,Black,Pretty Sure You Know,answer,,,,False
Understand how counted,Race and ethnicity,Black,You're Not Sure,answer,,,,False
Understand how counted,Race and ethnicity,Black,"No, You Don't Understand How",answer,,,,False
Understand how counted,Race and ethnicity,Black,Understands counting (confident or pretty sure),rollup,49.0,0.8518,39.0,False
Understand how counted,Race and ethnicity,Black,Not sure or does not understand counting,rollup,49.0,0.1482,10.0,True
Who won,Race and ethnicity,Black,Takis Karantonis,answer,49.0,0.4099,18.0,True
Who won,Race and ethnicity,Black,Bob Cambridge,answer,,,,False
Who won,Race and ethnicity,Black,Audrey Clement,answer,,,,False
Who won,Race and ethnicity,Black,Jeramy Olmack,answer,49.0,0.0,0.0,True
Who won,Race and ethnicity,Black,Carlos DC De Castro Pretelt,answer,49.0,0.0,0.0,True
Who won,Race and ethnicity,Black,Not Sure,answer,49.0,0.5084,28.0,True
Results,Race and ethnicity,Black,Very Satisfied,answer,21.0,0.7307,15.0,True
Results,Race and ethnicity,Black,Somewhat Satisfied,answer,,,,False
Results,Race and ethnicity,Black,Somewhat Dissatisfied,answer,,,,False
Results,Race and ethnicity,Black,Very Dissatisfied,answer,,,,False
Results,Race and ethnicity,Black,Not Sure,answer,21.0,0.0,0.0,True
Ranked in future,Race and ethnicity,Black,"Yes, Strongly Support",answer,49.0,0.4359,17.0,True
Ranked in future,Race and ethnicity,Black,"Yes, Somewhat Support",answer,49.0,0.2503,14.0,True
Ranked in future,Race and ethnicity,Black,"No, Somewhat Oppose",answer,,,,False
Ranked in future,Race and ethnicity,Black,"No, Strongly Oppose",answer,,,,False
Ranked in future,Race and ethnicity,Black,Not Sure,answer,,,,False
Ranked in future,Race and ethnicity,Black,Support (strongly or somewhat),rollup,49.0,0.6862,31.0,False
Ranked in future,Race and ethnicity,Black,Oppose (somewhat or strongly),rollup,49.0,0.2639,14.0,True
Ranked one and concerned,Race and ethnicity,Black,Yes,answer,,,,False
Ranked one and concerned,Race and ethnicity,Black,No,answer,,,,False
"Ranked one, did not know enough",Race and ethnicity,Black,Yes,answer,,,,False
"Ranked one, did not know enough",Race and ethnicity,Black,No,answer,,,,False
Ranked in future,Race and ethnicity,Black,Net support (support minus oppose),net,49.0,42.2,,False
How voted,Race and ethnicity,Hispanic,On Election Day,answer,37.0,0.6715,23.0,True
How voted,Race and ethnicity,Hispanic,Early In Person,answer,,,,False
How voted,Race and ethnicity,Hispanic,By Mail Or Absentee Ballot,answer,,,,False
How many ranked,Race and ethnicity,Hispanic,More Than One,answer,37.0,0.4172,18.0,True
How many ranked,Race and ethnicity,Hispanic,Only One,answer,37.0,0.3017,10.0,True
How many ranked,Race and ethnicity,Hispanic,Did Not Rank Any,answer,,,,False
How many ranked,Race and ethnicity,Hispanic,Not Sure,answer,,,,False
Only liked one,Race and ethnicity,Hispanic,Yes,answer,,,,False
Only liked one,Race and ethnicity,Hispanic,No,answer,,,,False
Didn't know enough,Race and ethnicity,Hispanic,Yes,answer,,,,False
Didn't know enough,Race and ethnicity,Hispanic,No,answer,,,,False
Concerned,Race and ethnicity,Hispanic,Yes,answer,,,,False
Concerned,Race and ethnicity,Hispanic,No,answer,,,,False
Felt about ballot,Race and ethnicity,Hispanic,Very Confident,answer,,,,False
Felt about ballot,Race and ethnicity,Hispanic,Mostly Confident,answer,,,,False
Felt about ballot,Race and ethnicity,Hispanic,Not Very Confident,answer,,,,False
Felt about ballot,Race and ethnicity,Hispanic,Did Not Understand,answer,,,,False
Felt about ballot,Race and ethnicity,Hispanic,Confident marking (very or mostly),rollup,37.0,0.9406,35.0,False
Felt about ballot,Race and ethnicity,Hispanic,Not confident marking (not very or did not understand),rollup,,,,False
Ranked choice,Race and ethnicity,Hispanic,"Yes, Knew You Would Be Using Ranked Choice",answer,37.0,0.454,17.0,True
Ranked choice,Race and ethnicity,Hispanic,"No, Learned When Received Ballot",answer,,,,False
Ranked choice,Race and ethnicity,Hispanic,Not Sure,answer,,,,False
Understand how counted,Race and ethnicity,Hispanic,"Yes, You're Confident",answer,,,,False
Understand how counted,Race and ethnicity,Hispanic,Pretty Sure You Know,answer,,,,False
Understand how counted,Race and ethnicity,Hispanic,You're Not Sure,answer,,,,False
Understand how counted,Race and ethnicity,Hispanic,"No, You Don't Understand How",answer,,,,False
Understand how counted,Race and ethnicity,Hispanic,Understands counting (confident or pretty sure),rollup,37.0,0.7728,31.0,False
Understand how counted,Race and ethnicity,Hispanic,Not sure or does not understand counting,rollup,,,,False
Who won,Race and ethnicity,Hispanic,Takis Karantonis,answer,,,,False
Who won,Race and ethnicity,Hispanic,Bob Cambridge,answer,37.0,0.0,0.0,True
Who won,Race and ethnicity,Hispanic,Audrey Clement,answer,,,,False
Who won,Race and ethnicity,Hispanic,Jeramy Olmack,answer,37.0,0.0,0.0,True
Who won,Race and ethnicity,Hispanic,Carlos DC De Castro Pretelt,answer,37.0,0.0,0.0,True
Who won,Race and ethnicity,Hispanic,Not Sure,answer,37.0,0.6864,25.0,True
Results,Race and ethnicity,Hispanic,Very Satisfied,answer,,,,False
Results,Race and ethnicity,Hispanic,Somewhat Satisfied,answer,,,,False
Results,Race and ethnicity,Hispanic,Somewhat Dissatisfied,answer,,,,False
Results,Race and ethnicity,Hispanic,Very Dissatisfied,answer,,,,False
Results,Race and ethnicity,Hispanic,Not Sure,answer,,,,False
Ranked in future,Race and ethnicity,Hispanic,"Yes, Strongly Support",answer,37.0,0.1783,10.0,True
Ranked in future,Race and ethnicity,Hispanic,"Yes, Somewhat Support",answer,37.0,0.3629,12.0,True
Ranked in future,Race and ethnicity,Hispanic,"No, Somewhat Oppose",answer,,,,False
Ranked in future,Race and ethnicity,Hispanic,"No, Strongly Oppose",answer,,,,False
Ranked in future,Race and ethnicity,Hispanic,Not Sure,answer,,,,False
Ranked in future,Race and ethnicity,Hispanic,Support (strongly or somewhat),rollup,37.0,0.5412,22.0,True
Ranked in future,Race and ethnicity,Hispanic,Oppose (somewhat or strongly),rollup,37.0,0.3498,10.0,True
Ranked one and concerned,Race and ethnicity,Hispanic,Yes,answer,,,,False
Ranked one and concerned,Race and ethnicity,Hispanic,No,answer,,,,False
"Ranked one, did not know enough",Race and ethnicity,Hispanic,Yes,answer,,,,False
"Ranked one, did not know enough",Race and ethnicity,Hispanic,No,answer,,,,False
Ranked in future,Race and ethnicity,Hispanic,Net support (support minus oppose),net,37.0,19.1,,True
How voted,Race and ethnicity,Asian,On Election Day,answer,23.0,0.6571,14.0,True
How voted,Race and ethnicity,Asian,Early In Person,answer,,,,False
How voted,Race and ethnicity,Asian,By Mail Or Absentee Ballot,answer,,,,False
How many ranked,Race and ethnicity,Asian,More Than One,answer,23.0,0.5663,12.0,True
How many ranked,Race and ethnicity,Asian,Only One,answer,,,,False
How many ranked,Race and ethnicity,Asian,Did Not Rank Any,answer,23.0,0.0,0.0,True
How many ranked,Race and ethnicity,Asian,Not Sure,answer,,,,False
Only liked one,Race and ethnicity,Asian,Yes,answer,,,,False
Only liked one,Race and ethnicity,Asian,No,answer,,,,False
Didn't know enough,Race and ethnicity,Asian,Yes,answer,,,,False
Didn't know enough,Race and ethnicity,Asian,No,answer,,,,False
Concerned,Race and ethnicity,Asian,Yes,answer,,,,False
Concerned,Race and ethnicity,Asian,No,answer,,,,False
Felt about ballot,Race and ethnicity,Asian,Very Confident,answer,,,,False
Felt about ballot,Race and ethnicity,Asian,Mostly Confident,answer,,,,False
Felt about ballot,Race and ethnicity,Asian,Not Very Confident,answer,,,,False
Felt about ballot,Race and ethnicity,Asian,Did Not Understand,answer,,,,False
Felt about ballot,Race and ethnicity,Asian,Confident marking (very or mostly),rollup,23.0,0.8622,22.0,True
Felt about ballot,Race and ethnicity,Asian,Not confident marking (not very or did not understand),rollup,,,,False
Ranked choice,Race and ethnicity,Asian,"Yes, Knew You Would Be Using Ranked Choice",answer,,,,False
Ranked choice,Race and ethnicity,Asian,"No, Learned When Received Ballot",answer,,,,False
Ranked choice,Race and ethnicity,Asian,Not Sure,answer,23.0,0.0,0.0,True
Understand how counted,Race and ethnicity,Asian,"Yes, You're Confident",answer,,,,False
Understand how counted,Race and ethnicity,Asian,Pretty Sure You Know,answer,,,,False
Understand how counted,Race and ethnicity,Asian,You're Not Sure,answer,,,,False
Understand how counted,Race and ethnicity,Asian,"No, You Don't Understand How",answer,,,,False
Understand how counted,Race and ethnicity,Asian,Understands counting (confident or pretty sure),rollup,23.0,0.7678,20.0,True
Understand how counted,Race and ethnicity,Asian,Not sure or does not understand counting,rollup,,,,False
Who won,Race and ethnicity,Asian,Takis Karantonis,answer,23.0,0.5888,13.0,True
Who won,Race and ethnicity,Asian,Bob Cambridge,answer,23.0,0.0,0.0,True
Who won,Race and ethnicity,Asian,Audrey Clement,answer,23.0,0.0,0.0,True
Who won,Race and ethnicity,Asian,Jeramy Olmack,answer,23.0,0.0,0.0,True
Who won,Race and ethnicity,Asian,Carlos DC De Castro Pretelt,answer,23.0,0.0,0.0,True
Who won,Race and ethnicity,Asian,Not Sure,answer,23.0,0.4112,10.0,True
Results,Race and ethnicity,Asian,Very Satisfied,answer,,,,False
Results,Race and ethnicity,Asian,Somewhat Satisfied,answer,,,,False
Results,Race and ethnicity,Asian,Somewhat Dissatisfied,answer,13.0,0.0,0.0,True
Results,Race and ethnicity,Asian,Very Dissatisfied,answer,13.0,0.0,0.0,True
Results,Race and ethnicity,Asian,Not Sure,answer,,,,False
Ranked in future,Race and ethnicity,Asian,"Yes, Strongly Support",answer,,,,False
Ranked in future,Race and ethnicity,Asian,"Yes, Somewhat Support",answer,,,,False
Ranked in future,Race and ethnicity,Asian,"No, Somewhat Oppose",answer,,,,False
Ranked in future,Race and ethnicity,Asian,"No, Strongly Oppose",answer,,,,False
Ranked in future,Race and ethnicity,Asian,Not Sure,answer,,,,False
Ranked in future,Race and ethnicity,Asian,Support (strongly or somewhat),rollup,23.0,0.7475,19.0,True
Ranked in future,Race and ethnicity,Asian,Oppose (somewhat or strongly),rollup,,,,False
Ranked one and concerned,Race and ethnicity,Asian,Yes,answer,,,,False
Ranked one and concerned,Race and ethnicity,Asian,No,answer,,,,False
"Ranked one, did not know enough",Race and ethnicity,Asian,Yes,answer,,,,False
"Ranked one, did not know enough",Race and ethnicity,Asian,No,answer,,,,False
Ranked in future,Race and ethnicity,Asian,Net support (support minus oppose),net,,,,False
How voted,Race and ethnicity,American Indian,On Election Day,answer,,,,False
How voted,Race and ethnicity,American Indian,Early In Person,answer,,,,False
How voted,Race and ethnicity,American Indian,By Mail Or Absentee Ballot,answer,,,,False
How many ranked,Race and ethnicity,American Indian,More Than One,answer,,,,False
How many ranked,Race and ethnicity,American Indian,Only One,answer,,,,False
How many ranked,Race and ethnicity,American Indian,Did Not Rank Any,answer,,,,False
How many ranked,Race and ethnicity,American Indian,Not Sure,answer,11.0,0.0,0.0,True
Only liked one,Race and ethnicity,American Indian,Yes,answer,,,,False
Only liked one,Race and ethnicity,American Indian,No,answer,,,,False
Didn't know enough,Race and ethnicity,American Indian,Yes,answer,,,,False
Didn't know enough,Race and ethnicity,American Indian,No,answer,,,,False
Concerned,Race and ethnicity,American Indian,Yes,answer,,,,False
Concerned,Race and ethnicity,American Indian,No,answer,,,,False
Felt about ballot,Race and ethnicity,American Indian,Very Confident,answer,,,,False
Felt about ballot,Race and ethnicity,American Indian,Mostly Confident,answer,,,,False
Felt about ballot,Race and ethnicity,American Indian,Not Very Confident,answer,11.0,0.0,0.0,True
Felt about ballot,Race and ethnicity,American Indian,Did Not Understand,answer,11.0,0.0,0.0,True
Felt about ballot,Race and ethnicity,American Indian,Confident marking (very or mostly),rollup,11.0,1.0,11.0,True
Felt about ballot,Race and ethnicity,American Indian,Not confident marking (not very or did not understand),rollup,11.0,0.0,0.0,True
Ranked choice,Race and ethnicity,American Indian,"Yes, Knew You Would Be Using Ranked Choice",answer,,,,False
Ranked choice,Race and ethnicity,American Indian,"No, Learned When Received Ballot",answer,,,,False
Ranked choice,Race and ethnicity,American Indian,Not Sure,answer,,,,False
Understand how counted,Race and ethnicity,American Indian,"Yes, You're Confident",answer,,,,False
Understand how counted,Race and ethnicity,American Indian,Pretty Sure You Know,answer,,,,False
Understand how counted,Race and ethnicity,American Indian,You're Not Sure,answer,11.0,0.0,0.0,True
Understand how counted,Race and ethnicity,American Indian,"No, You Don't Understand How",answer,11.0,0.0,0.0,True
Understand how counted,Race and ethnicity,American Indian,Understands counting (confident or pretty sure),rollup,11.0,1.0,11.0,True
Understand how counted,Race and ethnicity,American Indian,Not sure or does not understand counting,rollup,11.0,0.0,0.0,True
Who won,Race and ethnicity,American Indian,Takis Karantonis,answer,,,,False
Who won,Race and ethnicity,American Indian,Bob Cambridge,answer,11.0,0.0,0.0,True
Who won,Race and ethnicity,American Indian,Audrey Clement,answer,11.0,0.0,0.0,True
Who won,Race and ethnicity,American Indian,Jeramy Olmack,answer,11.0,0.0,0.0,True
Who won,Race and ethnicity,American Indian,Carlos DC De Castro Pretelt,answer,11.0,0.0,0.0,True
Who won,Race and ethnicity,American Indian,Not Sure,answer,,,,False
Results,Race and ethnicity,American Indian,Very Satisfied,answer,,,,False
Results,Race and ethnicity,American Indian,Somewhat Satisfied,answer,,,,False
Results,Race and ethnicity,American Indian,Somewhat Dissatisfied,answer,,,,False
Results,Race and ethnicity,American Indian,Very Dissatisfied,answer,,,,False
Results,Race and ethnicity,American Indian,Not Sure,answer,,,,False
Ranked in future,Race and ethnicity,American Indian,"Yes, Strongly Support",answer,,,,False
Ranked in future,Race and ethnicity,American Indian,"Yes, Somewhat Support",answer,,,,False
Ranked in future,Race and ethnicity,American Indian,"No, Somewhat Oppose",answer,,,,False
Ranked in future,Race and ethnicity,American Indian,"No, Strongly Oppose",answer,,,,False
Ranked in future,Race and ethnicity,American Indian,Not Sure,answer,11.0,0.0,0.0,True
Ranked in future,Race and ethnicity,American Indian,Support (strongly or somewhat),rollup,11.0,0.9423,10.0,True
Ranked in future,Race and ethnicity,American Indian,Oppose (somewhat or strongly),rollup,,,,False
Ranked one and concerned,Race and ethnicity,American Indian,Yes,answer,11.0,0.0,0.0,True
Ranked one and concerned,Race and ethnicity,American Indian,No,answer,11.0,1.0,11.0,True
"Ranked one, did not know enough",Race and ethnicity,American Indian,Yes,answer,,,,False
"Ranked one, did not know enough",Race and ethnicity,American Indian,No,answer,,,,False
Ranked in future,Race and ethnicity,American Indian,Net support (support minus oppose),net,,,,False
How voted,Race and ethnicity,Other race,On Election Day,answer,,,,False
How voted,Race and ethnicity,Other race,Early In Person,answer,,,,False
How voted,Race and ethnicity,Other race,By Mail Or Absentee Ballot,answer,,,,False
How many ranked,Race and ethnicity,Other race,More Than One,answer,16.0,0.7936,12.0,True
How many ranked,Race and ethnicity,Other race,Only One,answer,,,,False
How many ranked,Race and ethnicity,Other race,Did Not Rank Any,answer,,,,False
How many ranked,Race and ethnicity,Other race,Not Sure,answer,,,,False
Only liked one,Race and ethnicity,Other race,Yes,answer,,,,False
Only liked one,Race and ethnicity,Other race,No,answer,,,,False
Didn't know enough,Race and ethnicity,Other race,Yes,answer,,,,False
Didn't know enough,Race and ethnicity,Other race,No,answer,,,,False
Concerned,Race and ethnicity,Other race,Yes,answer,,,,False
Concerned,Race and ethnicity,Other race,No,answer,,,,False
Felt about ballot,Race and ethnicity,Other race,Very Confident,answer,,,,False
Felt about ballot,Race and ethnicity,Other race,Mostly Confident,answer,,,,False
Felt about ballot,Race and ethnicity,Other race,Not Very Confident,answer,16.0,0.0,0.0,True
Felt about ballot,Race and ethnicity,Other race,Did Not Understand,answer,16.0,0.0,0.0,True
Felt about ballot,Race and ethnicity,Other race,Confident marking (very or mostly),rollup,16.0,1.0,16.0,True
Felt about ballot,Race and ethnicity,Other race,Not confident marking (not very or did not understand),rollup,16.0,0.0,0.0,True
Ranked choice,Race and ethnicity,Other race,"Yes, Knew You Would Be Using Ranked Choice",answer,16.0,0.8941,14.0,True
Ranked choice,Race and ethnicity,Other race,"No, Learned When Received Ballot",answer,,,,False
Ranked choice,Race and ethnicity,Other race,Not Sure,answer,,,,False
Understand how counted,Race and ethnicity,Other race,"Yes, You're Confident",answer,,,,False
Understand how counted,Race and ethnicity,Other race,Pretty Sure You Know,answer,,,,False
Understand how counted,Race and ethnicity,Other race,You're Not Sure,answer,,,,False
Understand how counted,Race and ethnicity,Other race,"No, You Don't Understand How",answer,,,,False
Understand how counted,Race and ethnicity,Other race,Understands counting (confident or pretty sure),rollup,16.0,0.8555,13.0,True
Understand how counted,Race and ethnicity,Other race,Not sure or does not understand counting,rollup,,,,False
Who won,Race and ethnicity,Other race,Takis Karantonis,answer,,,,False
Who won,Race and ethnicity,Other race,Bob Cambridge,answer,16.0,0.0,0.0,True
Who won,Race and ethnicity,Other race,Audrey Clement,answer,16.0,0.0,0.0,True
Who won,Race and ethnicity,Other race,Jeramy Olmack,answer,16.0,0.0,0.0,True
Who won,Race and ethnicity,Other race,Carlos DC De Castro Pretelt,answer,16.0,0.0,0.0,True
Who won,Race and ethnicity,Other race,Not Sure,answer,,,,False
Results,Race and ethnicity,Other race,Very Satisfied,answer,,,,False
Results,Race and ethnicity,Other race,Somewhat Satisfied,answer,,,,False
Results,Race and ethnicity,Other race,Somewhat Dissatisfied,answer,,,,False
Results,Race and ethnicity,Other race,Very Dissatisfied,answer,,,,False
Results,Race and ethnicity,Other race,Not Sure,answer,,,,False
Ranked in future,Race and ethnicity,Other race,"Yes, Strongly Support",answer,,,,False
Ranked in future,Race and ethnicity,Other race,"Yes, Somewhat Support",answer,,,,False
Ranked in future,Race and ethnicity,Other race,"No, Somewhat Oppose",answer,,,,False
Ranked in future,Race and ethnicity,Other race,"No, Strongly Oppose",answer,,,,False
Ranked in future,Race and ethnicity,Other race,Not Sure,answer,,,,False
Ranked in future,Race and ethnicity,Other race,Support (strongly or somewhat),rollup,16.0,0.8191,13.0,True
Ranked in future,Race and ethnicity,Other race,Oppose (somewhat or strongly),rollup,,,,False
Ranked one and concerned,Race and ethnicity,Other race,Yes,answer,16.0,0.0,0.0,True
Ranked one and concerned,Race and ethnicity,Other race,No,answer,16.0,1.0,16.0,True
"Ranked one, did not know enough",Race and ethnicity,Other race,Yes,answer,,,,False
"Ranked one, did not know enough",Race and ethnicity,Other race,No,answer,,,,False
Ranked in future,Race and ethnicity,Other race,Net support (support minus oppose),net,,,,False
How voted,Race and ethnicity,Prefer not to say,On Election Day,answer,59.0,0.4775,28.0,True
How voted,Race and ethnicity,Prefer not to say,Early In Person,answer,,,,False
How voted,Race and ethnicity,Prefer not to say,By Mail Or Absentee Ballot,answer,,,,False
How many ranked,Race and ethnicity,Prefer not to say,More Than One,answer,59.0,0.5543,33.0,False
How many ranked,Race and ethnicity,Prefer not to say,Only One,answer,59.0,0.396,23.0,True
How many ranked,Race and ethnicity,Prefer not to say,Did Not Rank Any,answer,,,,False
How many ranked,Race and ethnicity,Prefer not to say,Not Sure,answer,,,,False
Only liked one,Race and ethnicity,Prefer not to say,Yes,answer,,,,False
Only liked one,Race and ethnicity,Prefer not to say,No,answer,,,,False
Didn't know enough,Race and ethnicity,Prefer not to say,Yes,answer,,,,False
Didn't know enough,Race and ethnicity,Prefer not to say,No,answer,,,,False
Concerned,Race and ethnicity,Prefer not to say,Yes,answer,23.0,0.5299,11.0,True
Concerned,Race and ethnicity,Prefer not to say,No,answer,23.0,0.4701,12.0,True
Felt about ballot,Race and ethnicity,Prefer not to say,Very Confident,answer,,,,False
Felt about ballot,Race and ethnicity,Prefer not to say,Mostly Confident,answer,,,,False
Felt about ballot,Race and ethnicity,Prefer not to say,Not Very Confident,answer,,,,False
Felt about ballot,Race and ethnicity,Prefer not to say,Did Not Understand,answer,,,,False
Felt about ballot,Race and ethnicity,Prefer not to say,Confident marking (very or mostly),rollup,59.0,0.9893,58.0,False
Felt about ballot,Race and ethnicity,Prefer not to say,Not confident marking (not very or did not understand),rollup,,,,False
Ranked choice,Race and ethnicity,Prefer not to say,"Yes, Knew You Would Be Using Ranked Choice",answer,59.0,0.8285,47.0,False
Ranked choice,Race and ethnicity,Prefer not to say,"No, Learned When Received Ballot",answer,,,,False
Ranked choice,Race and ethnicity,Prefer not to say,Not Sure,answer,,,,False
Understand how counted,Race and ethnicity,Prefer not to say,"Yes, You're Confident",answer,59.0,0.512,31.0,False
Understand how counted,Race and ethnicity,Prefer not to say,Pretty Sure You Know,answer,59.0,0.2834,14.0,True
Understand how counted,Race and ethnicity,Prefer not to say,You're Not Sure,answer,,,,False
Understand how counted,Race and ethnicity,Prefer not to say,"No, You Don't Understand How",answer,,,,False
Understand how counted,Race and ethnicity,Prefer not to say,Understands counting (confident or pretty sure),rollup,59.0,0.7954,45.0,False
Understand how counted,Race and ethnicity,Prefer not to say,Not sure or does not understand counting,rollup,59.0,0.2046,14.0,True
Who won,Race and ethnicity,Prefer not to say,Takis Karantonis,answer,,,,False
Who won,Race and ethnicity,Prefer not to say,Bob Cambridge,answer,59.0,0.0,0.0,True
Who won,Race and ethnicity,Prefer not to say,Audrey Clement,answer,,,,False
Who won,Race and ethnicity,Prefer not to say,Jeramy Olmack,answer,59.0,0.0,0.0,True
Who won,Race and ethnicity,Prefer not to say,Carlos DC De Castro Pretelt,answer,59.0,0.0,0.0,True
Who won,Race and ethnicity,Prefer not to say,Not Sure,answer,59.0,0.4743,29.0,True
Results,Race and ethnicity,Prefer not to say,Very Satisfied,answer,30.0,0.5831,15.0,True
Results,Race and ethnicity,Prefer not to say,Somewhat Satisfied,answer,,,,False
Results,Race and ethnicity,Prefer not to say,Somewhat Dissatisfied,answer,,,,False
Results,Race and ethnicity,Prefer not to say,Very Dissatisfied,answer,,,,False
Results,Race and ethnicity,Prefer not to say,Not Sure,answer,,,,False
Ranked in future,Race and ethnicity,Prefer not to say,"Yes, Strongly Support",answer,,,,False
Ranked in future,Race and ethnicity,Prefer not to say,"Yes, Somewhat Support",answer,,,,False
Ranked in future,Race and ethnicity,Prefer not to say,"No, Somewhat Oppose",answer,,,,False
Ranked in future,Race and ethnicity,Prefer not to say,"No, Strongly Oppose",answer,,,,False
Ranked in future,Race and ethnicity,Prefer not to say,Not Sure,answer,,,,False
Ranked in future,Race and ethnicity,Prefer not to say,Support (strongly or somewhat),rollup,59.0,0.4053,26.0,True
Ranked in future,Race and ethnicity,Prefer not to say,Oppose (somewhat or strongly),rollup,59.0,0.5182,27.0,True
Ranked one and concerned,Race and ethnicity,Prefer not to say,Yes,answer,59.0,0.2098,11.0,True
Ranked one and concerned,Race and ethnicity,Prefer not to say,No,answer,59.0,0.7902,48.0,False
"Ranked one, did not know enough",Race and ethnicity,Prefer not to say,Yes,answer,,,,False
"Ranked one, did not know enough",Race and ethnicity,Prefer not to say,No,answer,,,,False
Ranked in future,Race and ethnicity,Prefer not to say,Net support (support minus oppose),net,59.0,-11.3,,True
How voted,Pooled,"Hispanic, Asian or 65+",On Election Day,answer,274.0,0.4684,106.0,False
How voted,Pooled,"Hispanic, Asian or 65+",Early In Person,answer,274.0,0.4051,127.0,False
How voted,Pooled,"Hispanic, Asian or 65+",By Mail Or Absentee Ballot,answer,274.0,0.1265,41.0,False
How many ranked,Pooled,"Hispanic, Asian or 65+",More Than One,answer,274.0,0.5216,145.0,False
How many ranked,Pooled,"Hispanic, Asian or 65+",Only One,answer,274.0,0.3447,99.0,False
How many ranked,Pooled,"Hispanic, Asian or 65+",Did Not Rank Any,answer,274.0,0.0849,15.0,True
How many ranked,Pooled,"Hispanic, Asian or 65+",Not Sure,answer,274.0,0.0488,15.0,True
Only liked one,Pooled,"Hispanic, Asian or 65+",Yes,answer,99.0,0.6331,62.0,False
Only liked one,Pooled,"Hispanic, Asian or 65+",No,answer,99.0,0.3669,37.0,False
Didn't know enough,Pooled,"Hispanic, Asian or 65+",Yes,answer,99.0,0.3092,29.0,True
Didn't know enough,Pooled,"Hispanic, Asian or 65+",No,answer,99.0,0.6908,70.0,False
Concerned,Pooled,"Hispanic, Asian or 65+",Yes,answer,99.0,0.2837,29.0,True
Concerned,Pooled,"Hispanic, Asian or 65+",No,answer,99.0,0.7163,70.0,False
Felt about ballot,Pooled,"Hispanic, Asian or 65+",Very Confident,answer,,,,False
Felt about ballot,Pooled,"Hispanic, Asian or 65+",Mostly Confident,answer,,,,False
Felt about ballot,Pooled,"Hispanic, Asian or 65+",Not Very Confident,answer,,,,False
Felt about ballot,Pooled,"Hispanic, Asian or 65+",Did Not Understand,answer,,,,False
Felt about ballot,Pooled,"Hispanic, Asian or 65+",Confident marking (very or mostly),rollup,274.0,0.9525,267.0,False
Felt about ballot,Pooled,"Hispanic, Asian or 65+",Not confident marking (not very or did not understand),rollup,,,,False
Ranked choice,Pooled,"Hispanic, Asian or 65+","Yes, Knew You Would Be Using Ranked Choice",answer,274.0,0.7005,202.0,False
Ranked choice,Pooled,"Hispanic, Asian or 65+","No, Learned When Received Ballot",answer,274.0,0.2485,60.0,False
Ranked choice,Pooled,"Hispanic, Asian or 65+",Not Sure,answer,274.0,0.051,12.0,True
Understand how counted,Pooled,"Hispanic, Asian or 65+","Yes, You're Confident",answer,274.0,0.5917,175.0,False
Understand how counted,Pooled,"Hispanic, Asian or 65+",Pretty Sure You Know,answer,274.0,0.2201,55.0,False
Understand how counted,Pooled,"Hispanic, Asian or 65+",You're Not Sure,answer,274.0,0.0905,28.0,True
Understand how counted,Pooled,"Hispanic, Asian or 65+","No, You Don't Understand How",answer,274.0,0.0977,16.0,True
Understand how counted,Pooled,"Hispanic, Asian or 65+",Understands counting (confident or pretty sure),rollup,274.0,0.8118,230.0,False
Understand how counted,Pooled,"Hispanic, Asian or 65+",Not sure or does not understand counting,rollup,274.0,0.1882,44.0,False
Who won,Pooled,"Hispanic, Asian or 65+",Takis Karantonis,answer,274.0,0.4994,146.0,False
Who won,Pooled,"Hispanic, Asian or 65+",Bob Cambridge,answer,274.0,0.0,0.0,True
Who won,Pooled,"Hispanic, Asian or 65+",Audrey Clement,answer,,,,False
Who won,Pooled,"Hispanic, Asian or 65+",Jeramy Olmack,answer,274.0,0.0,0.0,True
Who won,Pooled,"Hispanic, Asian or 65+",Carlos DC De Castro Pretelt,answer,274.0,0.0,0.0,True
Who won,Pooled,"Hispanic, Asian or 65+",Not Sure,answer,,,,False
Results,Pooled,"Hispanic, Asian or 65+",Very Satisfied,answer,153.0,0.6244,105.0,False
Results,Pooled,"Hispanic, Asian or 65+",Somewhat Satisfied,answer,153.0,0.17,21.0,True
Results,Pooled,"Hispanic, Asian or 65+",Somewhat Dissatisfied,answer,,,,False
Results,Pooled,"Hispanic, Asian or 65+",Very Dissatisfied,answer,153.0,0.076,14.0,True
Results,Pooled,"Hispanic, Asian or 65+",Not Sure,answer,,,,False
Ranked in future,Pooled,"Hispanic, Asian or 65+","Yes, Strongly Support",answer,274.0,0.3253,96.0,False
Ranked in future,Pooled,"Hispanic, Asian or 65+","Yes, Somewhat Support",answer,274.0,0.292,72.0,False
Ranked in future,Pooled,"Hispanic, Asian or 65+","No, Somewhat Oppose",answer,274.0,0.1095,37.0,False
Ranked in future,Pooled,"Hispanic, Asian or 65+","No, Strongly Oppose",answer,274.0,0.1769,46.0,False
Ranked in future,Pooled,"Hispanic, Asian or 65+",Not Sure,answer,274.0,0.0963,23.0,True
Ranked in future,Pooled,"Hispanic, Asian or 65+",Support (strongly or somewhat),rollup,274.0,0.6173,168.0,False
Ranked in future,Pooled,"Hispanic, Asian or 65+",Oppose (somewhat or strongly),rollup,274.0,0.2864,83.0,False
Ranked one and concerned,Pooled,"Hispanic, Asian or 65+",Yes,answer,274.0,0.0978,29.0,True
Ranked one and concerned,Pooled,"Hispanic, Asian or 65+",No,answer,274.0,0.9022,245.0,False
"Ranked one, did not know enough",Pooled,"Hispanic, Asian or 65+",Yes,answer,274.0,0.1066,29.0,True
"Ranked one, did not know enough",Pooled,"Hispanic, Asian or 65+",No,answer,274.0,0.8934,245.0,False
Ranked in future,Pooled,"Hispanic, Asian or 65+",Net support (support minus oppose),net,274.0,33.1,,False
How voted,Pooled,Age 30 and older,On Election Day,answer,562.0,0.5057,262.0,False
How voted,Pooled,Age 30 and older,Early In Person,answer,562.0,0.3732,229.0,False
How voted,Pooled,Age 30 and older,By Mail Or Absentee Ballot,answer,562.0,0.1211,71.0,False
How many ranked,Pooled,Age 30 and older,More Than One,answer,562.0,0.563,316.0,False
How many ranked,Pooled,Age 30 and older,Only One,answer,562.0,0.3345,195.0,False
How many ranked,Pooled,Age 30 and older,Did Not Rank Any,answer,562.0,0.0647,28.0,True
How many ranked,Pooled,Age 30 and older,Not Sure,answer,562.0,0.0378,23.0,True
Only liked one,Pooled,Age 30 and older,Yes,answer,195.0,0.6316,118.0,False
Only liked one,Pooled,Age 30 and older,No,answer,195.0,0.3684,77.0,False
Didn't know enough,Pooled,Age 30 and older,Yes,answer,195.0,0.2836,56.0,False
Didn't know enough,Pooled,Age 30 and older,No,answer,195.0,0.7164,139.0,False
Concerned,Pooled,Age 30 and older,Yes,answer,195.0,0.2278,50.0,False
Concerned,Pooled,Age 30 and older,No,answer,195.0,0.7722,145.0,False
Felt about ballot,Pooled,Age 30 and older,Very Confident,answer,562.0,0.8107,469.0,False
Felt about ballot,Pooled,Age 30 and older,Mostly Confident,answer,562.0,0.1551,79.0,False
Felt about ballot,Pooled,Age 30 and older,Not Very Confident,answer,,,,False
Felt about ballot,Pooled,Age 30 and older,Did Not Understand,answer,,,,False
Felt about ballot,Pooled,Age 30 and older,Confident marking (very or mostly),rollup,562.0,0.9658,548.0,False
Felt about ballot,Pooled,Age 30 and older,Not confident marking (not very or did not understand),rollup,562.0,0.0342,14.0,True
Ranked choice,Pooled,Age 30 and older,"Yes, Knew You Would Be Using Ranked Choice",answer,562.0,0.7083,406.0,False
Ranked choice,Pooled,Age 30 and older,"No, Learned When Received Ballot",answer,562.0,0.2533,135.0,False
Ranked choice,Pooled,Age 30 and older,Not Sure,answer,562.0,0.0384,21.0,True
Understand how counted,Pooled,Age 30 and older,"Yes, You're Confident",answer,562.0,0.6314,367.0,False
Understand how counted,Pooled,Age 30 and older,Pretty Sure You Know,answer,562.0,0.2311,121.0,False
Understand how counted,Pooled,Age 30 and older,You're Not Sure,answer,562.0,0.0728,46.0,False
Understand how counted,Pooled,Age 30 and older,"No, You Don't Understand How",answer,562.0,0.0647,28.0,True
Understand how counted,Pooled,Age 30 and older,Understands counting (confident or pretty sure),rollup,562.0,0.8625,488.0,False
Understand how counted,Pooled,Age 30 and older,Not sure or does not understand counting,rollup,562.0,0.1375,74.0,False
Who won,Pooled,Age 30 and older,Takis Karantonis,answer,562.0,0.5317,304.0,False
Who won,Pooled,Age 30 and older,Bob Cambridge,answer,562.0,0.0,0.0,True
Who won,Pooled,Age 30 and older,Audrey Clement,answer,,,,False
Who won,Pooled,Age 30 and older,Jeramy Olmack,answer,562.0,0.0,0.0,True
Who won,Pooled,Age 30 and older,Carlos DC De Castro Pretelt,answer,562.0,0.0,0.0,True
Who won,Pooled,Age 30 and older,Not Sure,answer,,,,False
Results,Pooled,Age 30 and older,Very Satisfied,answer,312.0,0.6376,206.0,False
Results,Pooled,Age 30 and older,Somewhat Satisfied,answer,312.0,0.1533,44.0,False
Results,Pooled,Age 30 and older,Somewhat Dissatisfied,answer,312.0,0.0603,19.0,True
Results,Pooled,Age 30 and older,Very Dissatisfied,answer,312.0,0.0813,28.0,True
Results,Pooled,Age 30 and older,Not Sure,answer,312.0,0.0674,15.0,True
Ranked in future,Pooled,Age 30 and older,"Yes, Strongly Support",answer,562.0,0.3726,207.0,False
Ranked in future,Pooled,Age 30 and older,"Yes, Somewhat Support",answer,562.0,0.2765,155.0,False
Ranked in future,Pooled,Age 30 and older,"No, Somewhat Oppose",answer,562.0,0.0969,59.0,False
Ranked in future,Pooled,Age 30 and older,"No, Strongly Oppose",answer,562.0,0.1552,88.0,False
Ranked in future,Pooled,Age 30 and older,Not Sure,answer,562.0,0.0988,53.0,False
Ranked in future,Pooled,Age 30 and older,Support (strongly or somewhat),rollup,562.0,0.6491,362.0,False
Ranked in future,Pooled,Age 30 and older,Oppose (somewhat or strongly),rollup,562.0,0.2521,147.0,False
Ranked one and concerned,Pooled,Age 30 and older,Yes,answer,562.0,0.0762,50.0,False
Ranked one and concerned,Pooled,Age 30 and older,No,answer,562.0,0.9238,512.0,False
"Ranked one, did not know enough",Pooled,Age 30 and older,Yes,answer,562.0,0.0949,56.0,False
"Ranked one, did not know enough",Pooled,Age 30 and older,No,answer,562.0,0.9051,506.0,False
Ranked in future,Pooled,Age 30 and older,Net support (support minus oppose),net,562.0,39.7,,False
