name,claim,year,start_year,race,gender,birth_year,age,birthplace,occupation,place,party,basis,checked,source,quote,sheet
William A. Rowe,demographics,,,Black,,,,,,,,stated directly,,hjerpe2021 p.2,"“The first such member, William A. Rowe, was Alexandria County's first black police officer.”",
John B. Syphax,demographics,,,Black,,,,,,,,named in the author's own list of open questions,,hjerpe2021 title page,"“In my research, I found census records which seemed to indicate that there were 5 Black members of the county board during the 1870s and 1880s: William A. Rowe, John B. Syphax, Travis B. Pinn, John W. Pendleton, and Tibbett Allen.”",
John B. Syphax,demographics,,,Black,,,,,,,,photographic,,oleary2010 p.6,"“Yet, neither Henry Holmes nor John B. Syphax, whose photos clearly demonstrate that they were African Americans were so labeled.”",
Travis B. Pinn,demographics,,,Black,,,,,,,,1880 census record,,"hjerpe2021 p.7, Appendix 1","“1880 US Census Document listing Travis B Pinn, Mixed Race resident of Jefferson Township, Alexandria County”",
John W. Pendleton,demographics,,,Black,,,,,,,,1880 census record,,"hjerpe2021 p.8, Appendix 2","“1880 US Census document listing John W Pendleton, Black resident of Jefferson Township, Alexandria County”",
Tibbett Allen,demographics,,,Black,,,,,,,,1880 census record,,"hjerpe2021 p.9, Appendix 3","“1880 US Census Document listing Tibbett Allen, black resident of Jefferson Township, Alexandria County”",
Tibbett Allen,demographics,,,Black,,,,,,,,stated directly,,hjerpe2021 p.3,"“The last black man to serve on the Magisterial Board, Tibbett Allen, was the first Senior Warden of Arlington Lodge #58, a long-running black Free Masons organization which still exists today.”",
Frank Hume,demographics,,,White,,,,,,,,described as a former Confederate soldier,,hjerpe2021 p.7,"“All else that the author could find was a listing from the next month's edition announcing Allen's resignation and the appointment of Frank Hume, a former confederate soldier and the namesake for the Hume School on Arlington Ridge Road, to the seat.”",
"William T. Newman, Jr",demographics,,,Black,,,,,,,,stated directly,,hjerpe2021 p.5,"“After 1930, it would be more than half a century before William T. Newman was elected, breaking the all-white pattern of county governance in 1988.”",
Charles P. Monroe,demographics,,,Black,,,,,,,,one of the four members of color the passage names; it counts three Black men and one Hispanic man without saying which is which,,hjerpe2021 p.6,"“As of the writing of this piece, 3 black men, one Hispanic man, and no Asian American people have served on the Arlington County Board under the at-large system. It should also be noted that all four board members of color in the at-large era were elected in years where two county board seats were up for election, and only Christian Dorsey in 2015 managed to gain office by winning the most amount of votes, rather than the second amount of votes. Had William T. Neuman, Charles Monroe, or Walter Tejada ran in any other election cycle, they would have lost.”",
Christian E. Dorsey,demographics,,,Black,,,,,,,,one of the four members of color the passage names; it counts three Black men and one Hispanic man without saying which is which,,hjerpe2021 p.6,"“As of the writing of this piece, 3 black men, one Hispanic man, and no Asian American people have served on the Arlington County Board under the at-large system. It should also be noted that all four board members of color in the at-large era were elected in years where two county board seats were up for election, and only Christian Dorsey in 2015 managed to gain office by winning the most amount of votes, rather than the second amount of votes. Had William T. Neuman, Charles Monroe, or Walter Tejada ran in any other election cycle, they would have lost.”",
J. Walter Tejada,demographics,,,Hispanic,,,,,,,,one of the four members of color the passage names; it counts three Black men and one Hispanic man without saying which is which,,hjerpe2021 p.6,"“As of the writing of this piece, 3 black men, one Hispanic man, and no Asian American people have served on the Arlington County Board under the at-large system. It should also be noted that all four board members of color in the at-large era were elected in years where two county board seats were up for election, and only Christian Dorsey in 2015 managed to gain office by winning the most amount of votes, rather than the second amount of votes. Had William T. Neuman, Charles Monroe, or Walter Tejada ran in any other election cycle, they would have lost.”",
"Julius D. ""JD"" Spain, Sr.",demographics,,,Black,,,,,,,,"stated directly by Sally Hudson, who knows him",,hudson2026,,
Ellen Bozman,demographics,,,,,1925,,,,,,birth date stated; the obituary names her Board tenure,,mccaffrey2009,"“Born Ellen McConnell, April 21, 1925, in Springfield, Ill.”",
Dorothy Grotos,demographics,,,,,1931,,,,,,"age 88 at death, 25 April 2019; the year is the difference, so within a year",,mccaffrey2019,“Two-term Arlington board member Dorothy Grotos dies at 88”,
Walter Frankland,demographics,,,,,1925,,,,,,"age 91 at death in 2016, in an obituary of his Board colleague; the year is the difference, so within a year",,mccaffrey2019,"“In 1983, Frankland (who died in 2016 at age 91) opted against seeking re-election, and Grotos ran for treasurer to succeed Republican Bennie Fletcher Jr.”",
Joseph S. Wholey,demographics,,,,,1935,,,,,,"age 88 at death, 24 August 2023; the year is the difference, so within a year",,wholey2023,"“age 88, husband and father, scholar and civil servant, died Thursday, August 24, peacefully, at his home in Arlington, Virginia.”",
Joseph L. Fisher,demographics,,,,,1914,,,,,,birth date stated; the entry covers his Board service,,lvafisher,"“Joseph Lyman Fisher (11 January 1914–19 February 1992), member of the House of Representatives, was born in Pawtucket, Rhode Island”",
Christopher E. Zimmerman,demographics,,,,,1959,,,,,,"age 54 on 23 December 2013; the year is the difference, so within a year",,sullivan2013,"“Zimmerman, 54, now in the last months of his 17-year tenure as an Arlington County Board member”",
J. Walter Tejada,demographics,,,,,1958,,,,,,"age 50 on 10 January 2008; the year is the difference, so within a year",,markon2008,"“Tejada, 50, has been riling the status quo since he came to prominence in the 1990s as a defender of the residents of the Arna Valley apartment complex”",
Jay E. Ricks,demographics,,,,,1932,,,,,,"birth date stated; the obituary says he served as Commissioner of Arlington County 1967-1971, which is his Board term",,ricks2021,"“Jay Edwin Ricks, 88, passed away at home in Arlington, Virginia on July 18, 2021 due to complications of Parkinson's Disease. Jay was born on July 31, 1932 in Washington, DC”",
Everard Munsey,demographics,,,,,1933,,,,,,birth date stated; the obituary says he was elected a member and chairman of the Arlington County Board in the 1970s,,munsey2025,"“Virdell Munsey Obituary 9/25/1933 - 4/19/2025 Virdell Everard ""Ev"" Munsey, Jr., passed peacefully on April 19, 2025 at the age of 91.”",
Roye L. Lowry,demographics,,,,,1917,,,,,,birth date stated; the obituary says he served on the Arlington County Board 1961-1965,,lowry2021,"“Roye L. Lowry, a former Foreign Service officer and official at the Office of Management and Budget, died December 4, 2021. He was 104. Born October 2, 1917, in Cincinnati, Ohio”",
Ned R. Thomas,demographics,,,,,1929,,,,,,"age 62 at death, 27 August 1991; the year is the difference, so within a year",,post1991,"“Ned Randolph Thomas Sr., 62, a former chairman of the Arlington County Board and owner of the Columbia Gardens Cemetery, died of cancer Aug. 27 at his home in Arlington.”",
Stephen Detwiler,demographics,,,,,1943,,,,,,"age 74 at death, 30 September 2017; the year is the difference, so within a year. The notice does not name the Board: the match rests on the name, burial at Columbia Gardens in Arlington, and a mourner's line that he was a passionate community activist in Arlington",,detwiler2017,"“Stephen Howard Detwiler, 74, passed away on September 30, 2017.”",
John G. Milliken,demographics,,,,,1946,,,,,,"age 14 in 1960; the year is the difference, so within a year; the piece calls him the former Arlington County Board member",,mccaffrey2017,"“In 1960, with his family just arrived in Arlington, the 14-year-old Milliken was living in the Buckingham neighborhood, attending Washington-Lee High School and was just getting active in politics.”",
Mary Margaret Whipple,demographics,,,,,1941,,,,,,"age 70 on 25 February 2011; the year is the difference, so within a year",,helderman2011,"“A former member of the Arlington School Board and the Arlington County Board, who served as a representative on the Metro board, Whipple, 70, has been known as a staunch advocate of public transit and the environment.”",
Albert C. Eisenberg,demographics,,,,,1946,,,,,,birth date stated; the obituary names his 1983 election to the County Board,,mccaffrey2022b,"“Albert Charles Eisenberg was born on Oct. 15, 1946, in Jersey City, N.J.”",
James B. Hunter III,demographics,,,,,1940,,,,,,"age 58 at death, 5 January 1998; the year is the difference, so within a year",,pearson1998,"“James B. Hunter, 58, an Arlington native and businessman and retired Marine Corps major who became a popular and respected member of the Arlington County Board, died of cancer Jan. 5 at his home in Arlington.”",
Paul F. Ferguson,demographics,,,,,1965,,,,,,"50th birthday on 4 March 2015, which fixes the year; the piece names his 1995 election to the County Board",,mccaffrey2015b,“Ferguson formally kicked off his re-election bid March 4 before the Arlington County Democratic Committee. It coincided with his 50th birthday.”,
Barbara A. Favola,demographics,,,,,1955,,,,,,"birth date stated; the page lists her as a former Arlington County Board member and chair, 1997-2011",,vasenatefavola,"“Born in New London, Connecticut on June 21, 1955”",
"G.N. “Jay” Fisette, Jr.",demographics,,,,,1956,,,,,,"birth date stated; the page lists him as Arlington County Board member, elected November 1997",,outhistoryfisette,"“Born February 25, 1956”",
Michael D. Lane,demographics,,,,,1952,,,,,,"age 46 in the 1998 guide; the year is the difference, so within a year; the guide names him as the Republican candidate for the County Board against Zimmerman",,post1998,“Michael D. Lane Republican Age: 46 Residence: Arlington County.”,
Charles P. Monroe,demographics,,,,,1957,,,,,,"age 46 at death, 11 January 2003, in the headline; the year is the difference, so within a year; the piece describes his collapse while chairing the Board",,connection2003,“Monroe Dead at 46”,
Mary H. Hynes,demographics,,,,,1956,,,,,,"age 59 on 4 February 2015; the year is the difference, so within a year",,rothstein2015,"“Hynes, 59, will serve out the rest of her term in 2015 before stepping down.”",
Libby T. Garvey,demographics,,,,,1951,,,,,,"age 61 on 10 October 2012; the year is the difference, so within a year",,pope2012,"“Libby Garvey, 61 A native of Cambridge, Mass., Garvey was raised in Westport, Conn., and Milwaukee.”",
John E. Vihstadt,demographics,,,,,1953,,,,,,"age 61 on 5 February 2014; the year is the difference, so within a year",,pope2014,"“John Vihstadt, 61: A native of Berwyn, Ill., Vihstadt was raised in Nebraska and Michigan.”",
Christian E. Dorsey,demographics,,,,,1972,,,,,,"age 30 on 14 May 2002; the year is the difference, so within a year. The piece covers his 2002 primary challenge to Zimmerman; the match to the member seated 2016 rests on the name and the same biography, Atlantic City and Georgetown",,connection2002,"“Dorsey, 30, grew up in Atlantic City, N.J., moving to the Washington area to attend Georgetown University. After graduation, he moved to Arlington, and has lived here since.”",
"Kate A. ""Katie"" Cristol",demographics,,,,,1985,,,,,,"age 30 on 9 June 2015; the year is the difference, so within a year",,arlnow2015,"“Cristol, age 30, managed to propel herself from relative obscurity to a first place finish and a coveted spot on the Democratic ticket during a competitive primary.”",
Erik Gutshall,demographics,,,,,1970,,,,,,birth date stated,,arlnow2020b,"“Erik Gutshall April 28, 1970 – April 16, 2020”",
"Matthew D. ""Matt"" de Ferranti",demographics,,,,,1974,,,,,,"age 52 as of the June 2026 primary, in his own questionnaire answer; the year is the difference, so within a year",,patch2026,“Age as of Election Day 52”,
Takis P. Karantonis,demographics,,,,,1965,,,,,,"age 56 on 20 May 2021; the year is the difference, so within a year",,patch2021,“Democrat Takis Karantonis is a 56-year-old senior technical advisor for microlending at the Ethiopian Community Development Council.”,
"Julius D. ""JD"" Spain, Sr.",demographics,,,,,1972,,,,,,"age 52 as of 5 November 2024, in his own questionnaire answer; the year is the difference, so within a year",,patch2024,“Age (as of Election Day) 52”,
Thomas W. Richards,demographics,,,,,1926,,,,,,"would have turned 90 in June 2016, so born June 1926; the piece names his 1960 election, his 1964 re-election and his 1975 appointment",,arlingtonva2016richards,"“Thomas W. Richards died Nov. 9, 2011 after collapsing on the Metro system. He would have turned 90 this June, just weeks after it was announced that Arlington ranked No. 4 on a list of best local U.S. park systems as determined by the Trust for Public Land.”",
Maureen E. Coffey,demographics,,,,,1995,,,,,,"age 28 at her election in November 2023; the year is the difference, so within a year. The same sentence gives Ferguson and Cristol as 30 at theirs, agreeing with their rows",,arlnow2025,"“Ferguson was, at the time of his election in 1995, Arlington’s youngest ever County Board member. He later shared that distinction with Katie Cristol, also 30 at her election in 2015. Both were surpassed by current Board member Maureen Coffey, who was 28 when elected in 2023.”",
"Benjamin H. Winslow, Jr",demographics,,,,,1932,,,,,,"age 61 on 29 April 1993, the week after his election; the year is the difference, so within a year",,hall1993,"“Winslow, 61, an independent who was endorsed by county Republicans, is a Sears salesman and former program analyst for the U.S. Department of Health and Human Services.”",
John Purdy,demographics,,,,,1931,,,,,,"age 49 on 25 January 1980; the year is the difference, so within a year; the piece names him a County Board member of eight years, the roster's John Purdy seated 1973",,post1980,"“Purdy, 49, is one of the two-member board minority backed by the nonpartisan Arlingtonians for a Better County organization and county Democrats.”",
"William T. Newman, Jr",demographics,,,,,1950,,,,,,"age 37 on 31 December 1987, the week after he was sworn in; the year is the difference, so within a year",,hsu1987,"“Newman, 37, said his efforts this year will focus on housing, affirmative action, the establishment of a human rights commission and combating the drug problem that has particularly affected parts of South Arlington.”",
Michael E. Brunner,demographics,,,,,1943,,,,,,"age 44 on 3 March 1987, as the Board's only Republican; the year is the difference, so within a year",,evans1987,"“Brunner, 44, cited his job as executive vice president of the National Telephone Cooperative Association and said his obligations ""make it difficult for me to devote as much time and energy to the county board as I would like.""”",
Harold J. Casto,demographics,,,,,1924,,,,,,"age 39 on 4 July 1963, the day after the county Republican committee nominated him for the County Board; the year is the difference, so within a year; the piece names him county Republican chairman, and a Board candidate of 1963 (seated 1964)",,sawicki1963,"“Casto, 39, is president of Arlington Securities, a Washington stock brokerage.”",
A. Leslie Phillips,demographics,,,,,1921,,,,,,"age 47 on 4 November 1968, the day before the election that seated him; the year is the difference, so within a year; the piece names him the Republican candidate for the County Board in 1968 (seated 1969)",,cherry1968,"“His Republican opponent, A. Leslie Phillips, 47, attended Southeastern University.”",
Elizabeth B. Magruder,demographics,,,,woman,,,,,,,"press: Mrs. (""Mrs. Elizabeth Barron Magruder""), read on the page image, p. A-5",,inskeep1931 p.A-5,“They are Mrs. Elizabeth Barron Magruder and Lyman M. Kelly.”,
Florence Cannon,demographics,,,,woman,,,,,,,"press: Mrs. (""Mrs. Florence Cannon of the Arlington County Board""), read on the page image, image 32",,star1948cannon p.B-3,"“Mrs. Florence Cannon of the Arlington County Board will speak on “County Housekeeping” at the all-member luncheon meeting of the Arlington League of Women Voters to be held at 12:45 Saturday at the Little Tea House, 1301 South”",
Leone B. Buchholz,demographics,,,,woman,,,,,,,"press: Mrs. (""Mrs. Leone Buchholz""), read on the page image, p. A-27",,star1957brown p.A-27,"“Mr. Brown’s home is at 2710 South Hayes street, a short distance from the homes of David L. Krupsaw and Mrs. Leone Buchholz.”",
"HerbertL. Brown, Jr",demographics,,,,man,,,,,,,"press: Mr. (""Mr. Brown, 44""), read on the page image, p. A-27",,star1957brown p.A-27,"“Mr. Brown, 44, is managing editor of Changing Times Magazine.”",
Thomas W. Richards,demographics,,,,man,,,,,,,"press: Mr. (""Mr. Richards""), read on the page image, p. B-4",,barron1960 p.B-4,"“In January Mr. Richards will join Mr. Wilt, Mr. Kaul, Herbert Brown and Leo Urbanske on the board.”",
Roye L. Lowry,demographics,,,,man,,,,,,,"press: he (""he served on the Arlington County Board""), obituary",,lowry2021,“Between 1961 and 1965 he served on the Arlington County Board.”,
Harold J. Casto,demographics,,,,man,,,,,,,"press: he (""He is a graduate""), read on the page image, p. 20",,sun1967gop p.20,"“Casto, the current chairman is 43 years old and a long-term resident of Arlington. He is a graduate of Virginia Polytechnic Institute and served as a combat paratrooper in World War II.”",
Joseph L. Fisher,demographics,,,,man,,,,,,,"press: his (""at his home in Arlington""), obituary",,wapo1992fisher,"“Joseph L. Fisher, 78, a former chairman of the Arlington County Board who later served in Congress and as secretary of the Virginia Department of Human Resources, died of cancer Feb. 19 at his home in Arlington.”",
Ned R. Thomas,demographics,,,,man,,,,,,,"press: Mr., his (""Mr. Thomas""; ""his home""), obituary",,post1991,"“Ned Randolph Thomas Sr., 62, a former chairman of the Arlington County Board and owner of the Columbia Gardens Cemetery, died of cancer Aug. 27 at his home in Arlington.”",
Jay E. Ricks,demographics,,,,man,,,,,,,"press: he (""where he served until 1971""), obituary",,ricks2021,"“In 1967, Jay was elected to the Arlington County Board where he served until 1971.”",
Joseph S. Wholey,demographics,,,,man,,,,,,,"press: he, his (""says he will make important decisions about his political future"")",,wapo1978wholey,"“But most importantly, this is the month Wholey says he will make important decisions about his political future.”",
Everard Munsey,demographics,,,,man,,,,,,,"press: he (""he served in public affairs positions""), obituary",,munsey2025,"“Beyond Ev's role as a local leader, he served in public affairs positions in the Hubert Humphrey campaign in 1968 and was Deputy Assistant Secretary of the Treasury under President Jimmy Carter.”",
John Purdy,demographics,,,,man,,,,,,,"press: he (""what he called a preoccupation"")",,wapo1978purdy,"“Alarmed by what he called a preoccupation with government costs rather than quality of services, incoming Arlington County board chairman John W. Purdy this week urged the three-member liberal board majority to vote as a bloc to finance schools and social services in 1978.”",
Ellen Bozman,demographics,,,,woman,,,,,,,"press: her (""her role in Arlington civic life"")",,mccaffrey2009,"“Ellen Bozman served on the County Board for a record 24 years, but her role in Arlington civic life lasted twice that long.”",
Dorothy Grotos,demographics,,,,woman,,,,,,,"press: she (""the Democratic colleague she most respected"")",,mccaffrey2019,"“After her win in 1975, Grotos and Wholey would occupy the board dais together, and Grotos remembered him as the Democratic colleague she most respected.”",
Walter Frankland,demographics,,,,man,,,,,,,"press: his (""his second meeting as chairman"")",,wapo1980frankland,"“The Arlington County Board meeting was entering its ninth hour on a recent rainy Saturday afternoon when Walter L. Frankland Jr., presiding over his second meeting as chairman, cast the deciding vote for a small housing development.”",
Stephen Detwiler,demographics,,,,man,,,,,,,"press: he (""he meant what he said"")",,wapo1980detwiler,"“But in the 15 months the 36-year-old bank officer has been on the board, Detwiler increasingly has shown that he meant what he said.”",
John G. Milliken,demographics,,,,man,,,,,,,"press: his (""his stature as a civic leader"")",,mccaffrey2017,“John Milliken’s Democratic Party bona-fides are secure – as secure as his stature as a civic leader who is simultaneously an elder statesman and an still-vigorous participant.”,
Mary Margaret Whipple,demographics,,,,woman,,,,,,,"press: her (""announced her retirement"")",,arlnow2011whipple,"“(Possible candidate list updated at 8:10 p.m.) Mary Margaret Whipple, who represents Arlington in the Virginia Senate, announced her retirement today.”",
Albert C. Eisenberg,demographics,,,,man,,,,,,,"press: his (""his final two-year term"")",,mccaffrey2022b,"“In the House of Delegates, Eisenberg was given seats on the Agriculture/Chesapeake/Natural Resources and Science/Technology Committees, augmented by a seat on the General Laws committee for his final two-year term.”",
Michael E. Brunner,demographics,,,,man,,,,,,,"press: he (""he will not seek reelection"")",,evans1987,"“Michael E. Brunner, the only Republican on the Arlington County Board, announced yesterday that he will not seek reelection in November.”",
"William T. Newman, Jr",demographics,,,,man,,,,,,,"press: his (""died at his home"")",,arlnow2026newman,"“Newman died at his home yesterday (Tuesday), leaving an enduring legacy that some consider one of the most consequential in Arlington’s recent history.”",
James B. Hunter III,demographics,,,,man,,,,,,,"press: Mr., his (""Mr. Hunter"", ""his home""), obituary",,pearson1998,"“James B. Hunter, 58, an Arlington native and businessman and retired Marine Corps major who became a popular and respected member of the Arlington County Board, died of cancer Jan. 5 at his home in Arlington. Mr. Hunter, a Democrat, served on the board from 1990 until retiring for health reasons on Sept. 8, 1997.”",
"Benjamin H. Winslow, Jr",demographics,,,,man,,,,,,,"press: he (""how he plans to approach his new position"")",,hall1993,“Washington Post staff writer Charles W. Hall spoke with Winslow this week about how he plans to approach his new position.”,
Christopher E. Zimmerman,demographics,,,,man,,,,,,,"press: he (""said he initially intended"")",,arlnow2013zimmerman,"“After being reelected in 2010, Zimmerman said he initially intended to serve out his four-year term, but those plans since changed.”",
Paul F. Ferguson,demographics,,,,man,,,,,,,"press: his (""his office"")",,sungazette2019ferguson,"“Clerk Paul Ferguson on March 27 told County Board members there has been a 12.2-percent increase in documents filed or recorded over the past year in his office, and the strains are starting to show.”",
Barbara A. Favola,demographics,,,,woman,,,,,,,"press: her (""her opponent"")",,arlnow2011favola,"“The Washington Post and the Arlington Sun Gazette both endorsed Favola yesterday, passing over her opponent, Republican Caren Merrick.”",
"G.N. “Jay” Fisette, Jr.",demographics,,,,man,,,,,,,"press: he (""Though he has not decided"")",,arlnow2017fisette,"“Though he has not decided what exactly to do next, Fisette said it will not be in elected office.”",
Michael D. Lane,demographics,,,,man,,,,,,,"press: he (""he immediately joined"")",,connection2007lane,"“After unpacking in Alexandria, he immediately joined the Alexandria Republican City Committee and volunteered to manage then School Board Member Ken Foran’s campaign for City Council.”",
Charles P. Monroe,demographics,,,,man,,,,,,,"press: his (""tapped by his board colleagues"")",,sungazette2023monroe,"“In late 2002, Monroe was tapped by his board colleagues to serve as chair for 2003, in anticipation of a re-election run later that year.”",
J. Walter Tejada,demographics,,,,man,,,,,,,"press: he (""announced that he will not seek reelection"")",,arlnow2015tejada,“Arlington County Board member Walter Tejada has announced that he will not seek reelection this year.”,
Mary H. Hynes,demographics,,,,woman,,,,,,,"press: her (""the rest of her term"")",,rothstein2015,"“Hynes, 59, will serve out the rest of her term in 2015 before stepping down.”",
Libby T. Garvey,demographics,,,,woman,,,,,,,"press: her (""the end of her term"")",,arlnow2024garvey,“Arlington County Board Chair Libby Garvey is retiring at the end of her term in 2024.”,
John E. Vihstadt,demographics,,,,man,,,,,,,"press: his (""his four years of service"")",,arlnow2018vihstadt,“A ceremony was held at Saturday’s County Board meeting to honor Vihstadt and his four years of service on the Board.”,
Christian E. Dorsey,demographics,,,,man,,,,,,,"press: he (""says he will not seek reelection"")",,arlnow2022dorsey,“Arlington County Board vice-chair Christian Dorsey says he will not seek reelection next year.”,
"Kate A. ""Katie"" Cristol",demographics,,,,woman,,,,,,,"press: her (""confirmed her decision"")",,arlnow2022cristol,"“Cristol confirmed her decision to ARLnow last night, after it was mentioned near the bottom of a Washington Post article about Tuesday’s election.”",
Erik Gutshall,demographics,,,,man,,,,,,,"press: his (""his initial announcement"")",,arlnow2020gutshallresigns,“Local officials and community members have offered words of encouragement and sympathy for Gutshall since his initial announcement and after tonight’s word that he is resigning.”,
"Matthew D. ""Matt"" de Ferranti",demographics,,,,man,,,,,,,"press: his (""used his remarks"")",,arlnow2026chair,"“De Ferranti, who was first elected in 2018 and who previously held the chairmanship in 2021, used his remarks last night (Monday) to tout a local government that can be responsive to community needs and fight for local values while being prudent with taxpayer funds.”",
Takis P. Karantonis,demographics,,,,man,,,,,,,"press: his (""his status as an immigrant"")",,arlnow2020karantonis,"“During the campaign, Karantonis touted his status as an immigrant as a reason he’ll be particularly effective during these fraught times for the country.”",
Maureen E. Coffey,demographics,,,,woman,,,,,,,"press: she (""which she admitted"")",,arlnow2023coffeyprimary,"“Coffey criticized the county for not demonstrating how Missing Middle, which she admitted was not a silver bullet, fits into its broader plans to make housing attainable to residents.”",
Susan R. Cunningham,demographics,,,,woman,,,,,,,"press: her (""announced her intention""), sentence 1 of the story",,arlnow2020cunningham,"“While Arlington Democrats work to select a nominee internally, Susan Cunningham — a civically-involved mother of two — has announced her intention to run as an independent to fill the seat of the late Erik Gutshall.”",
"Julius D. ""JD"" Spain, Sr.",demographics,,,,man,,,,,,,"press: his (""used his ceremonial swearing-in ceremony""), lede",,arlnow2024spain,"“Incoming County Board member JD Spain, Sr., used his ceremonial swearing-in ceremony to promote the spirit of collaboration and community.”",
Daniel A. Dugan,party,,1947,,,,,,,,Republican,"ran as an independent; the Republican committee fielded no candidate and endorsed him, which the coding rule reads as the party's candidate",,mccaffrey2026a,"“Arlington's GOP had not fielded a candidate but, in shades of John Vihstadt's 2014 campaign, opted to endorse Dugan's independent candidacy.”",
RobertW. Cox,party,,1950,,,,,,,,independent,stated directly,,mccaffrey2026a,"“In 1949, Robert Cox was elected to the Board, bringing the number of independents to two — still a minority of the five-member board.”",
Howard R. Massey,party,,1952,,,,,,,,Democratic,"stated directly, of the 1952 appointment",,mccaffrey2026a,"“McCarthy tapped two Democrats, Howard Massey and M. Rex Byrne, and a Democratic-leaning independent, John Tillema, to fill the seats.”",
M. Rex Byrne,party,,1952,,,,,,,,Democratic,"stated directly, of the 1952 appointment",,mccaffrey2026a,"“McCarthy tapped two Democrats, Howard Massey and M. Rex Byrne, and a Democratic-leaning independent, John Tillema, to fill the seats.”",
John A. Tillema,party,,1952,,,,,,,,independent,described as a Democratic-leaning independent,,mccaffrey2026a,"“McCarthy tapped two Democrats, Howard Massey and M. Rex Byrne, and a Democratic-leaning independent, John Tillema, to fill the seats.”",
Joseph L. Fisher,party,,1968,,,,,,,,Democratic,ran as an independent with the support of both ABC and the Democrats; the 1971 source calls him a Democrat,,lvafisher,"“Fisher ran successfully for reelection as an independent in 1967, drawing support from both ABC and Democrats.”",
Joseph L. Fisher,party,,1972,,,,,,,,Democratic,"stated directly, nominally an independent",,mccaffrey2022,"“Incumbent County Board Democrat (though nominally an independent) Joseph Fisher was seen as largely unbeatable in the 1971 race, leading the campaign for the second slot to boil down to Dewberry vs. Democrat-cum-independent Everard Munsey.”",
Everard Munsey,party,,1972,,,,,,,,Democratic,described as a Democrat-cum-independent,,mccaffrey2022,"“Incumbent County Board Democrat (though nominally an independent) Joseph Fisher was seen as largely unbeatable in the 1971 race, leading the campaign for the second slot to boil down to Dewberry vs. Democrat-cum-independent Everard Munsey.”",
Joseph S. Wholey,party,,1971,,,,,,,,ABC,"obituary, undated; his County Board elections were 1970 and 1974, and the 1974 one is sourced separately",,wholey2023,"“As an endorsee of Arlingtonians for a Better County and chairman of Arlington's Long Range County Improvement Program, Joe worked to make Arlington not just a good home for young families, but a vital, vibrant part of the Washington metropolitan area.”",
Joseph S. Wholey,party,,1975,,,,,,,,Democratic,"stated directly, of the 1974 election",,mccaffrey2019,"“Previously, in 1974, she had unsuccessfully run for County Board against Democrat Joseph Wholey.”",
John Purdy,party,,1973,,,,,,,,Democratic,"stated directly, of both terms",,mccaffrey2024,"“In 1980, Democrat John Milliken defeated Republican-backed independent ‘Sim’ Pace to secure a seat that had been held for two four-year terms by Democrat John Purdy.”",
John Purdy,party,,1977,,,,,,,,Democratic,"stated directly, of both terms",,mccaffrey2024,"“In 1980, Democrat John Milliken defeated Republican-backed independent ‘Sim’ Pace to secure a seat that had been held for two four-year terms by Democrat John Purdy.”",
Ellen Bozman,party,,1974,,,,,,,,ABC,"stated directly, with the election years",,mccaffrey2026a,"“Among them was Ellen Bozman, who for the first five of her six County Board victories — 1973, 1977, 1981, 1985 and 1989 — was officially a candidate of ABC, albeit with tacit Democratic support.”",
Ellen Bozman,party,,1978,,,,,,,,ABC,"stated directly, with the election years",,mccaffrey2026a,"“Among them was Ellen Bozman, who for the first five of her six County Board victories — 1973, 1977, 1981, 1985 and 1989 — was officially a candidate of ABC, albeit with tacit Democratic support.”",
Ellen Bozman,party,,1982,,,,,,,,ABC,"stated directly, with the election years",,mccaffrey2026a,"“Among them was Ellen Bozman, who for the first five of her six County Board victories — 1973, 1977, 1981, 1985 and 1989 — was officially a candidate of ABC, albeit with tacit Democratic support.”",
Ellen Bozman,party,,1986,,,,,,,,ABC,"stated directly, with the election years",,mccaffrey2026a,"“Among them was Ellen Bozman, who for the first five of her six County Board victories — 1973, 1977, 1981, 1985 and 1989 — was officially a candidate of ABC, albeit with tacit Democratic support.”",
Ellen Bozman,party,,1990,,,,,,,,ABC,"stated directly, with the election years",,mccaffrey2026a,"“Among them was Ellen Bozman, who for the first five of her six County Board victories — 1973, 1977, 1981, 1985 and 1989 — was officially a candidate of ABC, albeit with tacit Democratic support.”",
Ellen Bozman,party,,1974,,,,,,,,ABC,stated directly; the same source gives the results of each of her six races,,mccaffrey2009,"“In her first five campaigns, Bozman competed not as a Democrat but under the banner of Arlingtonians for a Better County, which while technically nonpartisan was allied with the local Democrats.”",
Dorothy Grotos,party,,1976,,,,,,,,Republican,"stated directly, of both elections",,mccaffrey2019,"“The team of Republicans Grotos and Walter Frankland Jr. in 1975 came out victorious in a six-candidate field to win election to the County Board, and each won 1979 re-election victories over Democrats Mary Margaret Whipple and Charles Rinker.”",
Dorothy Grotos,party,,1980,,,,,,,,Republican,"stated directly, of both elections",,mccaffrey2019,"“The team of Republicans Grotos and Walter Frankland Jr. in 1975 came out victorious in a six-candidate field to win election to the County Board, and each won 1979 re-election victories over Democrats Mary Margaret Whipple and Charles Rinker.”",
Walter Frankland,party,,1976,,,,,,,,Republican,"stated directly, of both elections",,mccaffrey2019,"“The team of Republicans Grotos and Walter Frankland Jr. in 1975 came out victorious in a six-candidate field to win election to the County Board, and each won 1979 re-election victories over Democrats Mary Margaret Whipple and Charles Rinker.”",
Walter Frankland,party,,1980,,,,,,,,Republican,"stated directly, of both elections",,mccaffrey2019,"“The team of Republicans Grotos and Walter Frankland Jr. in 1975 came out victorious in a six-candidate field to win election to the County Board, and each won 1979 re-election victories over Democrats Mary Margaret Whipple and Charles Rinker.”",
Stephen Detwiler,party,,1979,,,,,,,,Republican,named among the three Republicans holding the majority in 1979,,mccaffrey2019,"“Grotos chaired the board in 1979, the last time Republicans (Stephen Detwiler, Frankland and herself) held a majority on the five-member panel.”",
John E. Vihstadt,party,,2014,,,,,,,,Republican,"ran as an independent with the Republican committee's formal backing, which the coding rule reads as the party's candidate",,mccaffrey2018,"“While four years ago, he ran as an independent but accepted formal backing from the Arlington County Republican Committee, this year he steered clear of any affiliation with Republicans.”",
John E. Vihstadt,party,,2015,,,,,,,,Republican,"ran as an independent with the Republican committee's formal backing, which the coding rule reads as the party's candidate",,mccaffrey2018,"“While four years ago, he ran as an independent but accepted formal backing from the Arlington County Republican Committee, this year he steered clear of any affiliation with Republicans.”",
Takis P. Karantonis,party,,2020,,,,,,,,Democratic,"stated directly, of the 2020 special election",,arlnow2020,“Takis Karantonis Thursday morning became the Democratic Party nominee for the July 7 Arlington County Board special election”,
Leone B. Buchholz,residence,1957,,,,,,,,a short distance from 2710 South Hayes street,,stated directly,,star1957brown,"“Mr. Brown’s home is at 2710 South Hayes street, a short distance from the homes of David L. Krupsaw and Mrs. Leone Buchholz.”",
DavidL. Krupsaw,residence,1955,,,,,,,,1097 South Twenty-sixth road,,stated directly,,preston1955 p.B-2,“Mr. Krupsaw is married and has two children and lives at 1097 South Twenty-sixth road.”,
DavidL. Krupsaw,residence,1957,,,,,,,,a short distance from 2710 South Hayes street,,stated directly,,star1957brown,"“Mr. Brown’s home is at 2710 South Hayes street, a short distance from the homes of David L. Krupsaw and Mrs. Leone Buchholz.”",
Ralph Kaul,residence,1955,,,,,,,,1101 North Nash street,,stated directly,,preston1955 p.B-2,"“Mr. Kaul is president of a land development, building and financing firm bearing his name. He served for three years on the Board of Zoning Appeals, was chairman of the Citizens’ Advisory Committee on Housing and is a member of the Citizens’ Committee for School Improvement. He is married, has two children and lives at 1101 North Nash street.”",
"HerbertL. Brown, Jr",residence,1957,,,,,,,,2710 South Hayes street,,stated directly,,star1957brown,"“Mr. Brown’s home is at 2710 South Hayes street, a short distance from the homes of David L. Krupsaw and Mrs. Leone Buchholz.”",
"Leo Urbanske, Jr",residence,1962,,,,,,,,South 19th Street near what is now Crystal City,,stated directly,,pratt1995 p.24,"“In 1962, Mr Leo Urbanske, Jr., who resided on South 19th Street near what is now Crystal City, was elected to the County Board with the support and endorsement of the ABC organization.”",
"Leo Urbanske, Jr",residence,1962,,,,,,,,South Arlington,,stated directly,,pratt1995 p.24,"“He was the last citizen from South Arlington to be elected to the Board for almost 30 years until the election of Board member William T. Newman, Jr., in 1988, as mentioned above.”",
Thomas W. Richards,residence,,,,,,,,,the northernmost section of the County,,stated directly,,pratt1995 p.35 n.10,"“The Board was composed of three Republican members, Messrs. Ned Thomas, Kenneth Haggerty and Harold Casto, and two ABC-Democrat members, Messrs. Joseph Fisher and Thomas Richards, all of whom lived in the northernmost section of the County and far from the subject property.”",
Harold J. Casto,residence,,,,,,,,,the northernmost section of the County,,stated directly,,pratt1995 p.35 n.10,"“The Board was composed of three Republican members, Messrs. Ned Thomas, Kenneth Haggerty and Harold Casto, and two ABC-Democrat members, Messrs. Joseph Fisher and Thomas Richards, all of whom lived in the northernmost section of the County and far from the subject property.”",
Joseph L. Fisher,residence,,,,,,,,,the northernmost section of the County,,stated directly,,pratt1995 p.35 n.10,"“The Board was composed of three Republican members, Messrs. Ned Thomas, Kenneth Haggerty and Harold Casto, and two ABC-Democrat members, Messrs. Joseph Fisher and Thomas Richards, all of whom lived in the northernmost section of the County and far from the subject property.”",
Dr. Kenneth M. Haggerty,residence,,,,,,,,,the northernmost section of the County,,stated directly,,pratt1995 p.35 n.10,"“The Board was composed of three Republican members, Messrs. Ned Thomas, Kenneth Haggerty and Harold Casto, and two ABC-Democrat members, Messrs. Joseph Fisher and Thomas Richards, all of whom lived in the northernmost section of the County and far from the subject property.”",
Ned R. Thomas,residence,,,,,,,,,the northernmost section of the County,,stated directly,,pratt1995 p.35 n.10,"“The Board was composed of three Republican members, Messrs. Ned Thomas, Kenneth Haggerty and Harold Casto, and two ABC-Democrat members, Messrs. Joseph Fisher and Thomas Richards, all of whom lived in the northernmost section of the County and far from the subject property.”",
Albert C. Eisenberg,residence,,,,,,,,,Ashton Heights and Lyon Park Civic Associations,,stated directly,,votesmart2021eisenberg,"“Member, Ashton Heights and Lyon Park Civic Associations”",
Michael E. Brunner,residence,1983,,,,,,,,North Arlington,,stated directly,,pratt1995 p.35 n.8,"“Michael E. Brunner, a resident of North Arlington.”",
"William T. Newman, Jr",residence,1988,,,,,,,,South Arlington,,stated directly,,pratt1995 p.24,"“He was the last citizen from South Arlington to be elected to the Board for almost 30 years until the election of Board member William T. Newman, Jr., in 1988, as mentioned above.”",
Christopher E. Zimmerman,residence,2012,,,,,,,,Douglas Park neighborhood of south Arlington,,stated directly,,connection2012,"“Zimmerman and his wife, Mary Beth, live in the Douglas Park neighborhood of south Arlington where they have raised three children, all graduates of Arlington Public Schools.”",
Christopher E. Zimmerman,residence,2013,,,,,,,,Douglas Park neighborhood off Columbia Pike,,stated directly,,arlnow2013zimmerman,"“A resident of the Douglas Park neighborhood off Columbia Pike, Zimmerman was first elected to the County Board in 1996.”",
Christopher E. Zimmerman,residence,2013,,,,,,,,Douglas Park area near Columbia Pike,,stated directly,,sullivan2013,"“Zimmerman, a Democrat who lives in the Douglas Park area near Columbia Pike, has been one of its biggest watchdogs and champions.”",
Paul F. Ferguson,residence,2023,,,,,,,,Fairlington,,campaign material,,branch2023ferguson,“He lives with his wife and two children in Fairlington.”,
"G.N. “Jay” Fisette, Jr.",residence,1987,,,,,,,,Ashton Heights neighborhood,,stated directly,,arlingtonva2014fisette,"“Fisette and his husband, Bob Rosen, have been residents of the Ashton Heights neighborhood since 1987.”",
"G.N. “Jay” Fisette, Jr.",residence,1987,,,,,,,,Ashton Heights neighborhood,,stated directly,,connection2012,"“Fisette and his partner, Bob Rosen, have been residents of the Ashton Heights neighborhood since 1987.”",
J. Walter Tejada,residence,2008,,,,,,,,Dominion Hills area of Arlington,,stated directly,,markon2008,"“Tejada, who is married to a teacher, Robin Tejada, and lives in the Dominion Hills area of Arlington, said that although he intends to represent all county residents, his ultimate focus will be on ensuring ""fairness and justice for a multitude of people who feel they are under attack.""”",
J. Walter Tejada,residence,2015,,,,,,,,Dominion Hills,,stated directly,,mccaffrey2015,"“Tejada lives in Dominion Hills with his wife, Robin Liten-Tejada, a county teacher and school administrator.”",
Mary H. Hynes,residence,,,,,,,,,the Clarendon neighborhood,,stated directly,,mccaffrey2024b,"“Perhaps transportation policy was sitting latent in her civic DNA until activated years later: When Hynes, her husband Patrick and their children moved to the Clarendon neighborhood more than four decades ago, the neighborhood had just seen massive construction related to Metro’s Orange Line, and was almost ready to begin reaping the economic-development rewards of that transit access.”",
Libby T. Garvey,residence,2012,,,,,,,,Fairlington Civic Association,,stated directly,,connection2012,"“She has been vice president of the County Council of PTAs, vice president of the Fairlington Civic Association and vice chairwoman of the Advisory Council on Instruction.”",
Libby T. Garvey,residence,2020,,,,,,,,Fairlington neighborhood,,stated directly,,arlingtonmagazine2020,"“An Arlington resident since 1977, she lives in the Fairlington neighborhood.”",
John E. Vihstadt,residence,2018,,,,,,,,Tara-Leeway Heights,,stated directly,,arlingtonmagazine2018,“He has lived on Columbia Pike and now owns a home in Tara-Leeway Heights.”,
Christian E. Dorsey,residence,2023,,,,,,,,Columbia Forest neighborhood,,stated directly,,arlingtonva2023dorsey,"“He and his wife, Rachael, live in the Columbia Forest neighborhood and have two children in Arlington Public Schools.”",
"Kate A. ""Katie"" Cristol",residence,2023,,,,,,,,off Columbia Pike,,stated directly,,arlingtonva2023cristol,"“She and her husband, Steve, and their son Cary, live off Columbia Pike, one of the most diverse corridors both in the County and the metropolitan region.”",
Erik Gutshall,residence,1995,,,,,,,,Lyon Park,,stated directly,,arlingtonva2020gutshall,"“The founder and president of his own business, Clarendon Home Services, Mr. Gutshall has served his community in a variety of roles since he and his wife Renee moved to Lyon Park in 1995.”",
"Matthew D. ""Matt"" de Ferranti",residence,2026,,,,,,,,Rock Spring neighborhood,,stated directly,,arlingtonva2026deferranti,"“A 2015 Leadership Arlington graduate, 2016 graduate of the Sorensen Institute for Political Leadership, and 2017 graduate of Arlington Neighborhood College, Matt grew up in neighboring McLean and lives in the Rock Spring neighborhood with his wife, Brooke, and their daughter, son, and dog.”",
Takis P. Karantonis,residence,2026,,,,,,,,Columbia Heights neighborhood,,stated directly,,arlingtonva2026karantonis,“He lives with his family in the Columbia Heights neighborhood.”,
Maureen E. Coffey,residence,2026,,,,,,,,Clarendon-Courthouse Civic Association,,stated directly,,arlingtonva2026coffey,"“Locally, she has served as a board member of the Arlington County Civic Federation (CivFed) and has been an active member of the Clarendon-Courthouse Civic Association.”",
Susan R. Cunningham,residence,2024,,,,,,,,Donaldson Run,,campaign material,,cunningham2024,"“She has lived in National Landing, East Falls Church, Washington DC’s Capitol Hill, and Donaldson Run, and worked in Arlington Mill, Bluemont, Clarendon-Courthouse, Green Valley, and Long Branch Creek.”",
Susan R. Cunningham,residence,2026,,,,,,,,Donaldson Run Civic Association,,stated directly,,arlingtonva2026cunningham,"“She has supported climate, safety net, and youth organizations, including as a board member for ChildTrends, Donaldson Run Civic Association, the Fishing School, GreenHOME, St. Mary's Episcopal Outreach, the SEED Foundation, and See Forever Foundation/Maya Angelou School.”",
"Julius D. ""JD"" Spain, Sr.",residence,2009,,,,,,,,Butler-Holmes subdivision of the Penrose community,,stated directly,,arlingtonva2026spain,"“A longtime Arlington resident, Spain and his wife of 33 years have lived in the historic Butler- Holmes subdivision of the Penrose community since 2009.”",
Robert H. Detwiler,residence,1952,,,,,,,,5027 North Thirtieth street,,stated directly,,star1952detwiler p.1,"“Dr. Detwiler, 42, lives at 5027 North Thirtieth street. He is a pediatrician and a former president of the Arlington County Medical Society.”",
Thomas W. Richards,residence,1960,,,,,,,,2653 North Richmond street,,stated directly,,barron1960 p.B-4,"“Thomas W. Richards, ABC candidate who won a seat on the Arlington County Board, reads congratulatory telegrams to his wife Ellen, and their two children, Cindy, 5, and Douglas, 7, at their home, 2653 North Richmond street.—Star Staff Photo.”",
Ned R. Thomas,residence,1966,,,,,,,,3411 Arlington Blvd.,,stated directly,,sun1966thomas p.4,"“The following letter has been sent to Ned R. Thomas, 3411 Arlington Blvd.”",
Harold J. Casto,residence,1967,,,,,,,,3557 N. Abingdon St.,,stated directly,,sun1967gop p.20,"“Living with his wife and three children at 3557 N. Abingdon St., Casto has been a member of several civic and school groups.”",
Joseph L. Fisher,residence,1967,,,,,,,,2608 N. 24th St.,,stated directly,,sun1967gop p.20,"“His wife, Peggy, and Fisher have seven children ranging in age from 8 to 24, and the couple have sent their children through Arlington's schools. They live at 2608 N. 24th St.”",
A. Leslie Phillips,residence,1967,,,,,,,,3012 N. 27th Street,,stated directly,,sun1967gop p.20,"“He and his wife, Dorothy, have three children Sherryll, 24, Scot, 21, and Dean, 15 and live at 3012 N. 27th Street.”",
Jay E. Ricks,residence,1967,,,,,,,,3153 N. Military Road,,stated directly,,sun1967gop p.20,"“The couple have three children, Douglas, 5, Stephen, 3, and Catherine, 2 and live at 3153 N. Military Road.”",
Ellen Bozman,residence,1973,,,,,,,,4219 N. 39th St.,,stated directly,,cadman1973 p.2,"“Bozman, 48, 4219 N. 39th St., is also a long-time county resident.”",
Dorothy Grotos,residence,1975,,,,,,,,207 North Irving St.,,stated directly,,sun1975grotos p.3,"“Mrs. Grotos, who resides at 207 North Irving St. with her husband, Gunnar, and four children, two of whom are in W & L High School and two others in Long Branch Elementary School, points out that she is deeply interested in Central and South Arlington problems, and that the members of the present all ABC-Democrat Board all reside in one area of North Arlington.”",
Walter Frankland,residence,1975,,,,,,,,2674 Marcey Road,,stated directly,,girard1975 p.2,"“The Arlington resident, who lives at 2674 Marcey Road, was initiated during the debate over the controversial transfer of O.U. Johansen, Washington-Lee High School principal last spring.”",
Florence Cannon,residence,1947,,,,,,,,"4008 8th Street, South",,stated directly,,tad1947cannon p.1,"“Mrs. Cannon is a native of Danville, Pennsylvania. She has lived in Arlington since 1922, making her home at 4008 8th Street, South.”",
Florence Cannon,residence,1947,,,,,,,,4008 South 8th Street,,stated directly,,sun1947candidates p.3,“She is the widow of Andrew Hamilton Cannon and her home is at 4008 South 8th Street.”,
Harry W. Cuppett,residence,1947,,,,,,,,1011 North Stafford street,,stated directly,,tad1947cuppett p.1,"“Harry W. Cuppett, 1011 North Stafford street, Arlington hardware dealer, has been appointed to the Arlington County Board by Circuit Court Judge Walter T. McCarthy, it was announced this morning.”",
Harry W. Cuppett,residence,1947,,,,,,,,1011 North Stafford Street,,stated directly,,tad1947oath p.1,"“The Cuppetts, who live at 1011 North Stafford Street, have one daughter, Mrs. Hazel Cuppett Long, who, incidentally, is Arlington County deputy sheriff under Sheriff Homer Bauserman.”",
Harry W. Cuppett,residence,1947,,,,,,,,1011 North Stafford Street,,stated directly,,sun1947candidates p.3,“He is 56 years old and his home is at 1011 North Stafford Street.”,
Alfred E. Frisbie,residence,1947,,,,,,,,"636 25th Street, South",,stated directly,,tad1947frisbie p.1,"“Alfred E. Frisbie, of 636 25th Street, South, has been appointed to the Arlington County Board by Judge Walter T. McCarthy, it was announced today.”",
Leo C. Lloyd,residence,1947,,,,,,,,4764 N. 24th Road,,stated directly,,tad1947lloyd p.1,"“Leo C. Lloyd, a member and former chairman of the Arlington County Board, died suddenly at 7:15 a.m. today at his home, 4764 N. 24th Road.”",
Edmund D. Campbell,residence,1947,,,,,,,,North Glebe Road,,stated directly,,field1947 p.2,"“Mr. and Mrs. Edmund D. Campbell of North Glebe Road will leave on Monday for Staunton, Va., where Mr. Campbell, who is president of the Board of Trustees of Mary Baldwin College will install the new president, Dr. Frank Bell Lewis, on Tuesday.”",
M. Rex Byrne,residence,1952,,,,,,,,202 North Highland Street,,stated directly,,dailysun1952appointees p.1,"“Byrne lives at 202 North Highland Street, and has never been a candidate for any political office.”",
John A. Tillema,residence,1952,,,,,,,,1903 North Howard Street,,stated directly,,dailysun1952appointees p.1,"“Tillema, who lives at 1903 North Howard Street, also has never sought public office, and holds Ph. D and Master's In Law degrees from the university and also a degree of Doctor of Juridical Science from Harvard.”",
Howard R. Massey,residence,1952,,,,,,,,4300 North 23rd Street,,stated directly,,dailysun1952appointees p.1,“Massey lives at 4300 North 23rd Street. He is assistant cashier and assistant manager fo the DuPont Circle branch of the Riggs National Bank.”,
Harry A. Fellows,residence,1931,,,,,,,,East Falls Church,,stated directly,,inskeep1931 p.A-5,"“Two of the members are from Clarendon, which, because of its dense population, is thought to deserve more representation than other portions. They are Mrs. Elizabeth Barron Magruder and Lyman M. Kelly. The northern area will be represented by Fred A. Gosnell, who lives at Livingstone Heights; the western portion by Harry A. Fellows of East Falls Church, and the southern portion by John C. Gall of Aurora Hills.”",
Elizabeth B. Magruder,residence,1931,,,,,,,,Clarendon,,stated directly,,inskeep1931 p.A-5,"“Two of the members are from Clarendon, which, because of its dense population, is thought to deserve more representation than other portions. They are Mrs. Elizabeth Barron Magruder and Lyman M. Kelly. The northern area will be represented by Fred A. Gosnell, who lives at Livingstone Heights; the western portion by Harry A. Fellows of East Falls Church, and the southern portion by John C. Gall of Aurora Hills.”",
Lyman M. Kelley,residence,1931,,,,,,,,Clarendon,,stated directly,,inskeep1931 p.A-5,"“Two of the members are from Clarendon, which, because of its dense population, is thought to deserve more representation than other portions. They are Mrs. Elizabeth Barron Magruder and Lyman M. Kelly. The northern area will be represented by Fred A. Gosnell, who lives at Livingstone Heights; the western portion by Harry A. Fellows of East Falls Church, and the southern portion by John C. Gall of Aurora Hills.”",
"Fred A. Gosnell, Sr",residence,1931,,,,,,,,Livingstone Heights,,stated directly,,inskeep1931 p.A-5,"“Two of the members are from Clarendon, which, because of its dense population, is thought to deserve more representation than other portions. They are Mrs. Elizabeth Barron Magruder and Lyman M. Kelly. The northern area will be represented by Fred A. Gosnell, who lives at Livingstone Heights; the western portion by Harry A. Fellows of East Falls Church, and the southern portion by John C. Gall of Aurora Hills.”",
John C. Gall,residence,1931,,,,,,,,Aurora Hills,,stated directly,,inskeep1931 p.A-5,"“Two of the members are from Clarendon, which, because of its dense population, is thought to deserve more representation than other portions. They are Mrs. Elizabeth Barron Magruder and Lyman M. Kelly. The northern area will be represented by Fred A. Gosnell, who lives at Livingstone Heights; the western portion by Harry A. Fellows of East Falls Church, and the southern portion by John C. Gall of Aurora Hills.”",
Harry A. Fellows,residence,1934,,,,,,,,"Memorial drive, East Falls Church, Va.",,stated directly,,star1934fellows p.B-3,"“Mrs. Harry A. Fellows, East Falls Church, Va., entertained at a beautifully appointed family luncheon at her home on Memorial drive yesterday.”",
Elizabeth B. Magruder,census,1940,,White,Female,,62,Virginia,County Board Member,"10th St North, house number 3727",,"census listing; read against the sheet, which agrees","read against the sheet, which agrees",census1940magruder,"“Name Elizabeth B Magruder · Age 62 · Estimated Birth Year abt 1878 · Gender Female · Race White · Birthplace Virginia · Marital Status Widowed · Relation to Head of House Head · Home in 1940 Arlington, Virginia · Street 10th St North · House Number 3727 · Farm No · Inferred Residence in 1935 Arlington, Virginia · Sheet Number 2B · Number of Household in Order of Visitation 42 · Occupation County Board Member”",
Elizabeth B. Magruder,census,1950,,White,Female,,72,Virginia,Keeping House,"N. 10th St., number 3727",,"census listing; read against the sheet, which agrees","read against the sheet, which agrees",census1950magruder,"“Name Elizabeth B Magruder · Age 72 · Birth Date abt 1878 · Gender Female · Race White · Birth Place Virginia · Marital Status Widowed · Relation to Head of House Head · Residence Date 1950 · Home in 1950 All Places, Arlington, Virginia, USA · Street Name N. 10th St. · Apartment Number 3727 · Dwelling Number 30 · Occupation Category Keeping House”",
"Fred A. Gosnell, Sr",census,1940,,White,Male,,48,South Carolina,Stautician,"N Glebe Road, house number 1239",,"census listing; read against the sheet, which agrees","read against the sheet, which agrees",census1940gosnell,"“Name Fred A Gosnell · Age 48 · Estimated Birth Year abt 1892 · Gender Male · Race White · Birthplace South Carolina · Marital Status Married · Relation to Head of House Head · Home in 1940 Arlington, Virginia · Street N Glebe Road · House Number 1239 · Farm No · Inferred Residence in 1935 Arlington, Virginia · Sheet Number 28B · Number of Household in Order of Visitation 564 · Occupation Stautician · House Owned or Rented Owned · Value of Home 12000”",
John C. Gall,census,1940,,White,Male,,39,North Carolina,Lawyer,"No Vermont, house number 4521",,"census listing; read against the sheet, which agrees","read against the sheet, which agrees",census1940gall,"“Name John C Gall · Age 39 · Estimated Birth Year abt 1901 · Gender Male · Race White · Birthplace North Carolina · Marital Status Married · Relation to Head of House Head · Home in 1940 Arlington, Virginia · Street No Vermont · House Number 4521 · Farm No · Inferred Residence in 1935 Arlington, Virginia · Sheet Number 8A · Number of Household in Order of Visitation 151 · Occupation Lawyer · House Owned or Rented Owned”",
Lyman M. Kelley,census,1940,,White,Male,,38,Virginia,Broker-Insurance,"North Quincy Street, house number 937",,"census listing; read against the sheet, which agrees","read against the sheet, which agrees",census1940kelley,"“Name Lyman Kelley · Age 38 · Estimated Birth Year abt 1902 · Gender Male · Race White · Birthplace Virginia · Marital Status Married · Relation to Head of House Head · Home in 1940 Arlington, Virginia · Street North Quincy Street · House Number 937 · Farm No · Inferred Residence in 1935 Arlington, Virginia · Sheet Number 1A · Number of Household in Order of Visitation 11 · Occupation Broker-Insurance”",
Christopher B. Garnett,census,1940,,White,Male,,64,Virginia,Lawyer,"Rock Spring Road, house number 4503",,"census listing; read against the sheet, which agrees","read against the sheet, which agrees",census1940garnett,"“Name Christopher B Garnett · Age 64 · Estimated Birth Year abt 1876 · Gender Male · Race White · Birthplace Virginia · Marital Status Married · Relation to Head of House Head · Home in 1940 Arlington, Virginia · Street Rock Spring Road · House Number 4503 · Farm No · Inferred Residence in 1935 Arlington, Virginia · Sheet Number 8B · Number of Household in Order of Visitation 147 · Occupation Lawyer · House Owned or Rented Owned”",
F. Freeland Chew,census,1940,,White,Male,,42,District of Columbia,Clerk,Troy St (North),,"census listing; read against the sheet, which agrees","read against the sheet, which agrees",census1940chew,"“Name F Freeland Chew [F Treeland Chew] · Respondent Yes · Age 42 · Estimated Birth Year abt 1898 · Gender Male · Race White · Birthplace District of Columbia · Marital Status Married · Relation to Head of House Head · Home in 1940 Arlington, Virginia · Street Troy St (North) · Farm No · Inferred Residence in 1935 Arlington, Virginia · Sheet Number 21B · Number of Household in Order of Visitation 693 · Occupation Clerk · House Owned or Rented Rented”",
F. Freeland Chew,census,1950,,White,Male,,52,District of Columbia,Reporter,"N Edison, house number 1502",,"census listing; read against the sheet, which agrees","read against the sheet, which agrees",census1950chew,"“Name Freeland Chew · Age 52 · Birth Date abt 1898 · Gender Male · Race White · Birth Place District of Columbia · Marital Status Married · Relation to Head of House Head · Residence Date 1950 · Home in 1950 All Places, Arlington, Virginia, USA · Street Name N Edison · House Number 1502 · Dwelling Number 18 · Occupation Reporter · Industry Senate · Worker Class Government”",
George M. Yeatman,census,1940,,White,Male,,54,District of Columbia,Manager,"N Pershing, house number 3113",,"census listing; read against the sheet, which agrees","read against the sheet, which agrees",census1940yeatman,"“Name George M Yeatman · Age 54 · Estimated Birth Year abt 1886 · Gender Male · Race White · Birthplace District of Columbia · Marital Status Married · Relation to Head of House Head · Home in 1940 Arlington, Virginia · Street N Pershing · House Number 3113 · Farm No · Inferred Residence in 1935 Arlington, Virginia · Sheet Number 12A · Number of Household in Order of Visitation 224 · Occupation Manager”",
Edmund D. Campbell,census,1940,,White,Male,,41,Virginia,Lawyer,"N Glebe Road, house number 2912",,"census listing; read against the sheet, which agrees","read against the sheet, which agrees",census1940campbell,"“Name Edmund D Campbell · Age 41 · Estimated Birth Year abt 1899 · Gender Male · Race White · Birthplace Virginia · Marital Status Married · Relation to Head of House Head · Home in 1940 Arlington, Virginia · Street N Glebe Road · House Number 2912 · Farm No · Inferred Residence in 1935 Arlington, Virginia · Sheet Number 1A · Number of Household in Order of Visitation 3 · Occupation Lawyer · House Owned or Rented Rented”",
Edmund D. Campbell,census,1950,,White,Male,,51,Virginia,Lawyer,"N Lake, house number 2912",,"census listing; read against the sheet, which agrees","read against the sheet, which agrees",census1950campbell,"“Name Edmund D Campbell · Age 51 · Birth Date abt 1899 · Gender Male · Race White · Birth Place Virginia · Marital Status Married · Relation to Head of House Head · Residence Date 1950 · Home in 1950 All Places, Arlington, Virginia, USA · Street Name N Lake · House Number 2912 · Dwelling Number 18 · Occupation Lawyer · Industry Private Practice · Worker Class Private”",
Leo C. Lloyd,census,1940,,White,Male,,50,District of Columbia,,"N Fillmore, house number 1414",,"census listing; read against the sheet, which agrees","read against the sheet, which agrees",census1940lloyd,"“Name Leo C Lloyd · Respondent Yes · Age 50 · Estimated Birth Year abt 1890 · Gender Male · Race White · Birthplace District of Columbia · Marital Status Married · Relation to Head of House Head · Home in 1940 Arlington, Virginia · Street N Fillmore · House Number 1414 · Farm No · Inferred Residence in 1935 Arlington, Virginia · Residence in 1935 Virginia · Sheet Number 14A · Number of Household in Order of Visitation 28”",
Alfred E. Frisbie,census,1950,,White,Male,,38,New York,Stock Broker,"South 25th Street, house number 636",,"census listing; read against the sheet, which agrees","read against the sheet, which agrees",census1950frisbie,"“Name Alfred E Frisbie · Age 38 · Birth Date abt 1912 · Gender Male · Race White · Birth Place New York · Marital Status Married · Relation to Head of House Head · Residence Date 1950 · Home in 1950 All Places, Arlington, Virginia, USA · Street Name South 25th Street · House Number 636 · Dwelling Number 146 · Occupation Stock Broker · Industry Stock Book Company · Household Members Alfred E Frisbie 38 Head, Minnie D Frisbie 38 Wife”",
Harry W. Cuppett,census,1950,,White,Male,,58,District of Columbia,Owner and Manager,"Stafford, house number 1011",,"census listing; read against the sheet, which agrees","read against the sheet, which agrees",census1950cuppett,"“Name Harry W Cuppett · Age 58 · Birth Date abt 1892 · Gender Male · Race White · Birth Place District of Columbia · Marital Status Married · Relation to Head of House Head · Residence Date 1950 · Home in 1950 All Places, Arlington, Virginia, USA · Street Name Stafford · House Number 1011 · Dwelling Number 108 · Inferred Previous Residence Place All Places, Arlington, Virginia · Occupation Owner and Manager · Industry Retail Hardware Store”",
Florence Cannon,census,1950,,White,Female,,61,Pennsylvania,Methods Examiner,"S. Eighth, house number 4008",,"census listing; read against the sheet, which agrees","read against the sheet, which agrees",census1950cannon,"“Name Florence Cannon · Age 61 · Birth Date abt 1889 · Gender Female · Race White · Birth Place Pennsylvania · Marital Status Widowed · Relation to Head of House Head · Residence Date 1950 · Home in 1950 All Places, Arlington, Virginia, USA · Street Name S. Eighth · House Number 4008 · Dwelling Number 195 · Occupation Methods Examiner · Industry Army Dept · Worker Class Government”",
RobertW. Cox,census,1950,,White,Male,,33,Virginia,Budget Officer,"S. 2nd St., house number 2518",,"census listing; read against the sheet, which agrees","read against the sheet, which agrees",census1950cox,"“Name Robert W Cox · Age 33 · Birth Date abt 1917 · Gender Male · Race White · Birth Place Virginia · Marital Status Married · Relation to Head of House Head · Residence Date 1950 · Home in 1950 All Places, Arlington, Virginia, USA · Street Name S. 2nd St. · House Number 2518 · Dwelling Number 20 · Occupation Budget Officer · Industry U.s Federal Communications Com · Household Members Robert W Cox 33 Head, Ruth Cox 34 Wife”",
Alan L. Dean,census,1950,,White,Male,,31,Oregon,Assistant Orgation Machin,"30th South Abingdon Street, house number 3078",,"census listing; read against the sheet, which agrees","read against the sheet, which agrees",census1950dean,"“Name Alan L Dean · Age 31 · Birth Date abt 1919 · Gender Male · Race White · Birth Place Oregon · Marital Status Married · Relation to Head of House Head · Residence Date 1950 · Home in 1950 All Places, Arlington, Virginia, USA · Street Name 30th South Abingdon Street · Apartment Number 3078 · Dwelling Number 76 · Occupation Assistant Orgation Machin · Industry Buran Business Produt · Worker Class Government · Household Members Alan L Dean 31 Head, Vera A Dean 29 Wife, Claudia V Dean 5 Daughter, Diana L Dean 1 Daughter”",
Alvin F. Kimel,census,1950,,White,Male,,47,,Owner,"N. Troy, house number 1760",,"census listing; read against the sheet, which agrees","read against the sheet, which agrees",census1950kimel,"“Name Alvin F Kimel · Age 47 · Birth Date abt 1903 · Gender Male · Race White · Marital Status Married · Relation to Head of House Head · Residence Date 1950 · Home in 1950 All Places, Arlington, Virginia, USA · Street Name N. Troy · House Number 1760 · Apartment Number 658 · Dwelling Number 147 · Occupation Owner · Industry Retail Furniture Store · Worker Class Own Business”",
Howard R. Massey,census,1950,,White,Male,,40,District of Columbia,Assistant Cashier Assistant Manger,"23rd Rd, number 4300",,"census listing; read against the sheet, which agrees","read against the sheet, which agrees",census1950massey,"“Name Howard R Massey · Age 40 · Birth Date abt 1910 · Gender Male · Race White · Birth Place District of Columbia · Marital Status Married · Relation to Head of House Head · Residence Date 1950 · Home in 1950 All Places, Arlington, Virginia, USA · Street Name 23rd Rd · Apartment Number 4300 · Dwelling Number 83 · Occupation Assistant Cashier Assistant Manger · Industry Bank · Household Members Howard R Massey 40 Head, Amelia B Massey”",
John A. Tillema,census,1950,,White,Male,,63,Iowa,Proprietor Service Servic,"N. Harvard St., house number 1903",,"census listing; read against the sheet, which agrees","read against the sheet, which agrees",census1950tillema,"“Name John A Tillema · Age 63 · Birth Date abt 1887 · Gender Male · Race White · Birth Place Iowa · Marital Status Married · Relation to Head of House Head · Residence Date 1950 · Home in 1950 All Places, Arlington, Virginia, USA · Street Name N. Harvard St. · House Number 1903 · Dwelling Number 212 · Occupation Proprietor Service Servic · Industry Auto Risety · Household Members John A Tillema 63 Head, Ruth K Tillema 48 Wife”",
Robert A. Peck,census,1950,,White,Male,,36,Ohio,Manager Co Proprietor,"N. Vernon St., house number 2530",,"census listing; read against the sheet, which agrees","read against the sheet, which agrees",census1950peck,"“Name Robert A Peck · Age 36 · Birth Date abt 1914 · Gender Male · Race White · Birth Place Ohio · Marital Status Married · Relation to Head of House Head · Residence Date 1950 · Home in 1950 All Places, Arlington, Virginia, USA · Street Name N. Vernon St. · House Number 2530 · Dwelling Number 150 · Inferred Previous Residence Place Arlington, Virginia · Occupation Manager Co Proprietor · Industry Automobile Retail Store”",
"George M. Rowzee, Jr",census,1950,,White,Male,,37,District of Columbia,Cashier,"South 29th Street, house number 4803",,"census listing; read against the sheet, which agrees","read against the sheet, which agrees",census1950rowzee,"“Name George M Rowzee Jr · Age 37 · Birth Date abt 1913 · Gender Male · Race White · Birth Place District of Columbia · Marital Status Married · Relation to Head of House Head · Residence Date 1950 · Home in 1950 All Places, Arlington, Virginia, USA · Street Name South 29th Street · House Number 4803 · Dwelling Number 63 · Occupation Cashier · Industry Bank · Household Members George M Rowzee Jr 37 Head, M Elisabeth Rowzee 37 Wife”",
Wesley W. Cooper,census,1950,,White,Male,,37,Texas,Attorney,"N. Longfellow St., house number 906",,"census listing; read against the sheet, which agrees","read against the sheet, which agrees",census1950cooper,"“Name Wesley W Cooper [Wesley William Cooper] · Age 37 · Birth Date abt 1913 · Gender Male · Race White · Birth Place Texas · Marital Status Married · Relation to Head of House Head · Residence Date 1950 · Home in 1950 All Places, Arlington, Virginia, USA · Street Name N. Longfellow St. · House Number 906 · Dwelling Number 200 · Occupation Attorney · Industry Law · Worker Class Own Business”",
DavidL. Krupsaw,census,1950,,White,Male,,38,"Washington, District of Columbia",Manager,"26th Road, house number 1057",,"census listing; read against the sheet, which agrees","read against the sheet, which agrees",census1950krupsaw,"“Name David L Krupsaw · Age 38 · Birth Date abt 1912 · Gender Male · Race White · Birth Place Washington, District of Columbia · Marital Status Married · Relation to Head of House Head · Residence Date 1950 · Home in 1950 All Places, Arlington, Virginia, USA · Street Name 26th Road · House Number 1057 · Dwelling Number 84 · Inferred Previous Residence Place All Places, Arlington, Virginia · Occupation Manager · Industry Wholesale Manufacturing”",
Lucas H. Blevins,census,1950,,White,Male,,37,Virginia,Dentist,"3300 R Spring, house number 3240",,"census listing; read against the sheet, which agrees","read against the sheet, which agrees",census1950blevins,"“Name Lucas H Blevins · Age 37 · Birth Date abt 1913 · Gender Male · Race White · Birth Place Virginia · Marital Status Married · Relation to Head of House Head · Residence Date 1950 · Home in 1950 All Places, Arlington, Virginia, USA · Street Name 3300 R Spring · House Number 3240 · Dwelling Number 62 · Occupation Dentist · Industry Own Office · Household Members Lucas H Blevins 37 Head, Jean H Blevins”",
"Leo Urbanske, Jr",census,1950,,White,Male,,27,"Washington, District of Columbia",Testman,"So. 15th St., house number 1110",,"census listing; read against the sheet, which agrees","read against the sheet, which agrees",census1950urbanske,"“Name Leo Urbanske Jr · Age 27 · Birth Date abt 1923 · Gender Male · Race White · Birth Place Washington, District of Columbia · Marital Status Married · Relation to Head of House Head · Residence Date 1950 · Home in 1950 All Places, Arlington, Virginia, USA · Street Name So. 15th St. · House Number 1110 · Apartment Number 87 · Dwelling Number 78 · Inferred Previous Residence Place All Places, Arlington, Virginia · Occupation Testman · Industry Telephone Company”",
Ernest D. Wilt,census,1950,,White,Male,,39,Virginia,Proprietor,"29th St N, house number 6212",,"census listing; read against the sheet, which agrees","read against the sheet, which agrees",census1950wilt,"“Name Ernest D Wilt · Age 39 · Birth Date abt 1911 · Gender Male · Race White · Birth Place Virginia · Marital Status Married · Relation to Head of House Head · Residence Date 1950 · Home in 1950 All Places, Arlington, Virginia, USA · Street Name 29th St N · House Number 6212 · Dwelling Number 44 · Occupation Proprietor · Industry Wholesale Retail Appliance · Worker Class Own Business”",
Dr. Kenneth M. Haggerty,census,1950,,,Male,,26,New York,Student,"20th Road N, house number 4706",,"census listing; read against the sheet, which agrees","read against the sheet, which agrees; the index gives no race and the sheet's race column is not legible, so none is coded",census1950haggerty,"“Name Kenneth M Haggerty · Age 26 · Birth Date abt 1924 · Gender Male · Birth Place New York · Marital Status Married · Relation to Head of House Head · Residence Date 1950 · Home in 1950 All Places, Arlington, Virginia, USA · Street Name 20th Road N · House Number 4706 · Apartment Number 208 · Dwelling Number 204 · Occupation Student · Household Members Kenneth M Haggerty 26 Head, Regina M Haggerty”",
Ralph Kaul,census,1950,,White,Male,,36,Utah,Economist,,,census listing; matched on the name and Arlington,"read against the sheet, which agrees; the sheet's street column is blank on his line, so the index's blank street stands",census1950kaul,"“Name Ralph P Kaul · Age 36 · Birth Date abt 1914 · Gender Male · Race White · Birth Place Utah · Marital Status Married · Relation to Head of House Head · Residence Date 1950 · Home in 1950 All Places, Arlington, Virginia, USA · Apartment Number 1201 · Dwelling Number 11 · Occupation Economist · Industry Nat Stail Seanit Reasurer · Worker Class Government · Household Members Ralph P Kaul 36 Head, Elizabeth H Kaul 36 Wife, James M Kaul 6 Son, Judith M Kaul 4 Daughter”",
Leone B. Buchholz,census,1950,,White,Female,,51,Georgia,Keeping House,,,"census listing; the index reads the name as Leona B Buckholz; matched on the name, Arlington and house number 2721, beside the 2710 South Hayes street of 1957","read against the sheet, which agrees; the index's street name, 1, is a column number and not a street, and the sheet's street column is blank",census1950buchholz,"“Name Leona B Buckholz · Age 51 · Birth Date abt 1899 · Gender Female · Race White · Birth Place Georgia · Marital Status Married · Relation to Head of House Wife · Residence Date 1950 · Home in 1950 All Places, Arlington, Virginia, USA · Street Name 1 · House Number 2721 · Dwelling Number 299 · Occupation Category Keeping House · Household Members Herman F Buckholz 64 Head, Leona B Buckholz 51 Wife, Nancy D Dixon 31 Lodger, Mary L Alexander 23 Lodger, Lillian Alexander 22 Lodger, Catherine Hawkins 29 Maid”",
M. Rex Byrne,census,1950,,White,Male,,44,District of Columbia,Warehouse Supervisor,,,"census listing; the index reads the name as M Rector Byrne; matched on the initials, the surname and Arlington","read against the sheet, which agrees; the sheet gives the street as N. Highland St. and the house number as 202, which the Daily Sun of 11 September 1952 prints as well",census1950byrne,"“Name M Rector Byrne · Age 44 · Birth Date abt 1906 · Gender Male · Race White · Birth Place District of Columbia · Marital Status Married · Relation to Head of House Head · Residence Date 1950 · Home in 1950 All Places, Arlington, Virginia, USA · Street Name N Highland St · House Number 202 · Dwelling Number 32 · Occupation Warehouse Supervisor · Industry Transfer Co · Worker Class Private · Household Members M Rector Byrne 44 Head, Helen F Byrne 46 Wife, Ella M McDonald 76 Mother-in-law”",
Robert H. Detwiler,census,1940,,White,Male,,30,Minnesota,Physician,,,census listing; the index reads the surname as Detweiler; matched on the name and Arlington,"read off the sheet, which gives the birthplace as Minnesota where the index reads Wisconsin, and the surname as Detwiler, the Board member's spelling, where the index reads Detweiler; the sheet's own number reads 63A or 67A, not the 62A the index gives",census1940detwiler,"“Name Robert H Detweiler [Robert Detwiler] · Age 30 · Estimated Birth Year abt 1910 · Gender Male · Race White · Birthplace Wisconsin · Marital Status Married · Relation to Head of House Head · Home in 1940 Arlington, Virginia · Street Key Blvd · House Number 1800 · Farm No · Inferred Residence in 1935 Washington, Delaware · Sheet Number 62A · Occupation Physician · Household Members Robert H Detweiler 30 Head, Eleanor Detweiler 27 Wife”",
Daniel A. Dugan,census,1940,,White,Male,,23,District of Columbia,Artist,"N. Greenbriar St., house number 708",,"census listing; the index reads the name as Dan A Dugan, aged 23; matched on the name and Arlington","read off the sheet, which gives the street as N. Greenbriar St. where the index reads N Green Broad Street; the household is Dugan, head, 51, with wife Esther, 45, and son Dan A., 23, an artist; the match to the Board member rests on the name and Arlington alone, and a 23-year-old in 1940 would be 30 when the Board member was seated in 1947",census1940dugan,"“Name Dan A Dugan · Respondent Yes · Age 23 · Estimated Birth Year abt 1917 · Gender Male · Race White · Birthplace District of Columbia · Marital Status Single · Relation to Head of House Son · Home in 1940 Arlington, Virginia · Street N Green Broad Street · House Number 708 · Inferred Residence in 1935 Arlington, Virginia · Sheet Number 10B · Occupation Artist · Usual Industry Legal Services · Household Members Jeremiah Dugan 51 Head, Esther A Dugan 45 Wife, Dan A Dugan 23 Son, Mary J Dugan 14 Daughter, Gayle Mathews 22 Son-in-law, Dorothy Mathews 18 Daughter”","“N. Greenbriar St. · 708 · dwelling 254 · rented, $45 · Dugan, [head], 51, married · Esther, wife, 45 · Dan A., son, 23, single, born District of Columbia, Artist · Mary J., daughter, 14 · Mathews, Gayle, son-in-law, 22 · Dorothy, daughter, 18”"
W. P. Ames,census,1940,,White,Male,,46,Virginia,President,"W. Lee [abbreviation unread], Clarendon; house number as read 688",,"census listing; the index reads the surname as Arnes; matched on the initials, the surname and Arlington","read off the sheet, which gives the surname as Ames where the index reads Arnes; matched on the initials, the surname and Arlington, and the head is President of a lumber company; the street label is a hand-written abbreviation after W. Lee that could not be resolved, and the house number reads 688 where the index gives 436, so only Clarendon is firm",census1940ames,"“Name William P Arnes [William P Ames] · Age 46 · Estimated Birth Year abt 1894 · Gender Male · Race White · Birthplace Virginia · Marital Status Married · Relation to Head of House Head · Home in 1940 Arlington, Virginia · House Number 436 · Farm No · Inferred Residence in 1935 Arlington, Virginia · Sheet Number 21B · Number of Household in Order of Visitation 431 · Occupation President · Household Members Frances F Arnes 17 Daughter, William P Arnes 46 Head, Eva W Arnes 45 Wife, Mary F Arnes 21 Daughter, William P Arnes 20 Son”","“Unincorporated place Clarendon · W. Lee [abbreviation unread] · 688 · dwelling 431 · owned · Ames, William P., head, 46, born Virginia, President, Lumber Co. · Eva V., wife, 45 · Mary F., daughter · William P., Jr., son, 20”"
Basil M. DeLashmutt,census,1930,,White,Male,,27,Virginia,Civil engineer,"Rock Spring Rd., Jewell Station",,"census listing; matched on the name, Arlington and the occupation, civil engineer for Arlington County","read off the sheet, which heads his block Rock Spring Rd., Jewell Station and gives no house number on his line, where the index's 201 belongs to the first household of the neighbouring block; matched on the name, Arlington and the occupation, civil engineer for Arlington County",census1930delashmutt,"“Name Basil M Delashmutt · Birth Year abt 1903 · Gender Male · Race White · Age in 1930 27 · Birthplace Virginia · Marital Status Married · Relation to Head of House Head · Home in 1930 Washington, Arlington, Virginia, USA · Street Address Roch Spring Rd Jewell Station · House Number 201 · Dwelling Number 195 · Family Number 197 · Occupation Civil engineer · Industry Arlington County · Household Members Basil M Delashmutt 27 Head, Mary G Delashmutt 24 Wife”","“Rock Spring Rd., Jewell Station · dwelling 195, family 197 · owned, $7,500 · Delashmutt, Basil M., head, 27, married, born Virginia, Civil Engineer, Arlington County · Mary G., wife, 24”"
Harry A. Fellows,census,1930,,White,Male,,64,Alabama,Lawyer,,,"census listing; the household holds a father and a son both named Harry A Fellows, and the row takes the head, a lawyer aged 64; the son, aged 26, reads the same","read against the sheet, which agrees; the head is born in Alabama and the son in Virginia, so the sheet tells the two Harry A Fellows apart and the row takes the head",census1930fellows,"“Name Harry A Fellows · Birth Year abt 1866 · Gender Male · Race White · Age in 1930 64 · Birthplace Alabama · Marital Status Married · Relation to Head of House Head · Home in 1930 Falls Church, Arlington, Virginia, USA · Street Address Memorial Drive · Dwelling Number 44 · Family Number 45 · Occupation Lawyer · Industry Law Office · Household Members Harry A Fellows 64 Head, Alice M Fellows 60 Wife, Harry A Fellows 26 Son”",
W. A. E. McShea,census,1930,,White,Male,,65,District of Columbia,Machinist,"York Street, house number 100",,"census listing; the index gives William Mc Shea, the only W. McShea in Arlington in 1930; matched on the initial, the surname and Arlington","read off the sheet, which agrees with the index; the index gives William Mc Shea, the only W. McShea in Arlington in 1930; matched on the initial, the surname and Arlington, and the head is a machinist for the U.S. Government, aged 65",census1930mcshea,"“Name William Mc Shea [William Mcshea] · Birth Year abt 1865 · Gender Male · Race White · Age in 1930 65 · Birthplace District of Columbia · Marital Status Married · Relation to Head of House Head · Home in 1930 Arlington, Arlington, Virginia, USA · Street Address York Street · House Number 100 · Dwelling Number 231 · Family Number 231 · Occupation Machinist · Industry U S Govt · Household Members William Mc Shea 65 Head, Margaret Mc Shea 64 Wife”","“Myer Heights · York Street · 100 · dwelling 231, family 231 · owned, $8,000 · McShea, William, head, 65, married, born District of Columbia, Machinist, U S Govt · Margaret, wife, 64”"
Frank Hume,census,1880,,White,Male,,35,Virginia,,Jefferson Township,,"census listing, read against the sheet, which agrees; matched on the name and Alexandria County","read against the sheet, which agrees; the sheet's heading gives the district, Jefferson Township, and there is no street column; the heading is legible",census1880hume,"“Name Frank Hume · Age 35 · Birth Date Abt 1845 · Birthplace Virginia · Home in 1880 Jefferson, Alexandria, Virginia, USA · Dwelling Number 97 · Race White · Gender Male · Relation to Head of House Self (Head) · Marital Status Married · Spouse's Name Emma P. Hume · Household Members Frank Hume 35 Self (Head), Emma P. Hume 30 Wife, Alice Hume 7 Daughter, Frank Hume 6 Son, Emma N. Hume 4 Daughter, Robert S. Hume 3 Son, Nanny G. Hume 1 Daughter, May Hume 1/12 Daughter”",
William A. Rowe,census,1880,,Mulatto,Male,,46,Virginia,Farmer,Arlington,,"census listing, read against the sheet, which agrees; the record reads Mulatto, coded Black as Pinn's 1880 record is; matched on the name and Alexandria County","read against the sheet, which agrees; the sheet's heading gives the district, Arlington, and there is no street column; the heading is legible",census1880rowe,"“Name William A. Rowe · Age 46 · Birth Date Abt 1834 · Birthplace Virginia · Home in 1880 Arlington, Alexandria, Virginia, USA · Dwelling Number 149 · Race Mulatto · Gender Male · Relation to Head of House Self (Head) · Marital Status Married · Spouse's Name Ellen B. Rowe · Occupation Farmer · Household Members George K. Rowe 12 Son, Anna E. Rowe 11 Daughter, John B. Rowe 9 Son, Robert D. Rowe 7 Son, William A. Rowe 46 Self (Head), Ellen B. Rowe 44 Wife”",
Henry W. Febrey,census,1880,,White,Male,,52,Virginia,Farmer,Washington District,,census listing; the index reads the surname as Febery and gives no middle initial; matched on the name and Alexandria County,"read against the sheet, which agrees; the enumerator writes the surname Febery, as the index reads it; the sheet's heading gives the district, Washington District, and there is no street column; the heading is legible",census1880febrey,"“Name Henry Febery [Henry Febrey] · Age 52 · Birth Date Abt 1828 · Birthplace Virginia · Home in 1880 Washington, Alexandria, Virginia, USA · Dwelling Number 8 · Race White · Gender Male · Relation to Head of House Self (Head) · Marital Status Married · Spouse's Name Margaret Febery · Occupation Farmer · Household Members Henry Febery 52 Self (Head), Margaret Febery 49 Wife, William Febery 29 Son, James Febery 27 Son, Lillie Febery 21 Daughter, Nettie Febery 20 Daughter”",
Christopher Costello,census,1880,,White,Male,,48,Ireland,Farmer,Washington District,,"census listing, read against the sheet, which agrees; the head of the household, aged 48; his son of the same name, aged 14, fits the Christopher J. Costello seated in 1901; matched on the name and Alexandria County","read against the sheet, which agrees; the sheet's heading gives the district, Washington District, and there is no street column; the heading is legible",census1880costello,"“Name Christopher Costello [Christopher Costolow] · Age 48 · Birth Date Abt 1832 · Birthplace Ireland · Home in 1880 Washington, Alexandria, Virginia, USA · Dwelling Number 4 · Race White · Gender Male · Relation to Head of House Self (Head) · Marital Status Married · Spouse's Name Elizabeth Costello · Occupation Farmer · Household Members Christopher Costello 48 Self (Head), Elizabeth Costello 40 Wife, Christopher Costello 14 Son, Ellen Costello 12 Daughter, John Costello 10 Son”",
John B. Syphax,census,1880,,Mulatto,Male,,41,Virginia,Justice of the peace,Arlington,,"census listing, read against the sheet, which agrees; the record reads Mulatto, coded Black as Pinn's 1880 record is; matched on the name, Alexandria County and the occupation, justice of the peace","read against the sheet, which agrees; the sheet's heading gives the district, Arlington, and there is no street column; the heading is legible",census1880syphax,"“Name John Syphax · Age 41 · Birth Date Abt 1839 · Birthplace Virginia · Home in 1880 Arlington, Alexandria, Virginia, USA · Dwelling Number 104 · Race Mulatto · Gender Male · Relation to Head of House Son · Marital Status Single · Mother's Name Maria Syphax · Occupation Justice of the peace · Household Members Maria Syphax 76 Self (Head), Austin Syphax 49 Son, Shorter Syphax 47 Son, John Syphax 41 Son”",
Travis B. Pinn,census,1880,,Mulatto,Male,,39,Virginia,Farmer,Jefferson Township,,"census listing, read against the sheet, which agrees; the index reads the name as Travres B Pinn and the race as Mulatto, coded Black as Hjerpe's reading of the same record is; matched on the name and Alexandria County","read against the sheet, which agrees; the sheet's heading gives the district, Jefferson Township, and there is no street column; the heading is legible",census1880pinn,"“Name Travres B Pinn · Age 39 · Birth Date Abt 1841 · Birthplace Virginia · Home in 1880 Jefferson, Alexandria, Virginia, USA · Dwelling Number 37 · Race Mulatto · Gender Male · Relation to Head of House Self (Head) · Spouse's Name Susie Pinn · Occupation Farmer · Household Members Travers B. Pinn 7 Son, Centenniel Pinn 3 Daughter, Nancy Beckley 70 Mother-in-law, Travres B Pinn 39 Self (Head), Susie Pinn 33 Wife, Kowson W.t. Pinn 9 Son”",
Tibbett Allen,census,1880,,Black,Male,,40,Maryland,Brickyard hand,Jefferson Township,,"census listing, read against the sheet, which agrees; matched on the name and Alexandria County","read against the sheet, which agrees; the sheet's heading gives the district, Jefferson Township, and there is no street column; the heading is legible",census1880allen,"“Name Tibbett Allen · Age 40 · Birth Date Abt 1840 · Birthplace Maryland · Home in 1880 Jefferson, Alexandria, Virginia, USA · Dwelling Number 122 · Race Black · Gender Male · Relation to Head of House Self (Head) · Marital Status Married · Spouse's Name Catharina Allen · Occupation Brickyard hand · Household Members Tibbett Allen 40 Self (Head), Catharina Allen 30 Wife, Laura V. Allen 2 Daughter, Ellen Chase 60 Mother-in-law, Chatham Gilbert 21 Brother-in-law”",
Samuel Titus,census,1880,,White,Male,,65,Virginia,Farmer,Washington District,,"census listing, read against the sheet, which agrees; matched on the name and Alexandria County","read against the sheet, which agrees; the sheet's heading gives the district, Washington District, and there is no street column; the heading is legible",census1880titus,"“Name Samuel Titus · Age 65 · Birth Date Abt 1815 · Birthplace Virginia · Home in 1880 Washington, Alexandria, Virginia, USA · Dwelling Number 8 · Race White · Gender Male · Relation to Head of House Self (Head) · Marital Status Married · Spouse's Name Martha Titus · Occupation Farmer · Household Members Samuel Titus 65 Self (Head), Martha Titus 65 Wife, Indianna Titus 24 Daughter, Bell Hitchcock 23 Niece”",
George W. Veitch,census,1880,,White,Male,,44,Virginia,Farmer,Arlington,,"census listing, read against the sheet, which agrees; the index gives no middle initial; matched on the name and Alexandria County","read against the sheet, which agrees; the sheet's heading gives the district, Arlington, and there is no street column; the heading is legible",census1880veitch,"“Name George Veitch · Age 44 · Birth Date Abt 1836 · Birthplace Virginia · Home in 1880 Arlington, Alexandria, Virginia, USA · Dwelling Number 135 · Race White · Gender Male · Relation to Head of House Self (Head) · Marital Status Married · Spouse's Name Margaret J. Veitch · Occupation Farmer · Household Members George Veitch 44 Self (Head), Margaret J. Veitch 38 Wife, Arthur W. Veitch 10 Son, Jesse Veitch 8 Son, George A. Veitch 7 Son, Harry C. Veitch 5 Son, Morgan E. Veitch”",
Horatio Ball,census,1880,,White,Male,,53,Virginia,Farmer,Arlington,,"census listing, read against the sheet, which agrees; matched on the name and Alexandria County","read against the sheet, which agrees; the sheet's heading gives the district, Arlington, and there is no street column; the heading is legible",census1880ball,"“Name Horatio Ball · Age 53 · Birth Date Abt 1827 · Birthplace Virginia · Home in 1880 Arlington, Alexandria, Virginia, USA · Dwelling Number 190 · Race White · Gender Male · Relation to Head of House Self (Head) · Marital Status Married · Spouse's Name Mary Ball · Occupation Farmer · Household Members Horatio Ball 53 Self (Head), Mary Ball 41 Wife, Artimicia Ball 19 Daughter, William M. Ball 15 Son, Alonzo B. Ball 13 Son”",
Frederick S. Corbett,census,1880,,White,Male,,24,Virginia,Sheriff,Arlington,,"census listing, read against the sheet, which agrees; matched on the name, Alexandria County and the occupation, sheriff","read against the sheet, which agrees; the sheet's heading gives the district, Arlington, and there is no street column; the heading is legible",census1880corbett,"“Name Frederick S. Corbett · Age 24 · Birth Date Abt 1856 · Birthplace Virginia · Home in 1880 Arlington, Alexandria, Virginia, USA · Dwelling Number 146 · Race White · Gender Male · Relation to Head of House Self (Head) · Marital Status Married · Spouse's Name Ida C. Corbett · Occupation Sheriff · Household Members Frederick S. Corbett 24 Self (Head), Ida C. Corbett 24 Wife, Edith S. Corbett 2 Daughter”",
Perkins W. Squier,census,1880,,White,Male,,29,New York,Postmaster,Arlington,,"census listing, read against the sheet, which agrees; the index reads the surname as Squires; matched on the name and Alexandria County","read against the sheet, which agrees; the sheet's heading gives the district, Arlington, and there is no street column; the heading is legible",census1880squier,"“Name Perkins Squires · Age 29 · Birth Date Abt 1851 · Birthplace New York · Home in 1880 Arlington, Alexandria, Virginia, USA · Dwelling Number 273 · Race White · Gender Male · Relation to Head of House Self (Head) · Marital Status Single · Occupation Postmaster · Household Members Perkins Squires 29 Self (Head)”",
A. B. Grunwell,census,1880,,White,Male,,46,England,Farmer,Washington District,,"census listing, read against the sheet, which agrees; the index reads the surname as Grumwell; matched on the initials, the surname and Alexandria County","read against the sheet, which agrees; the sheet's heading gives the district, Washington District, and there is no street column; the heading is legible",census1880grunwell,"“Name A. B. Grumwell [A. B. Grunwell] · Age 46 · Birth Date Abt 1834 · Birthplace England · Home in 1880 Washington, Alexandria, Virginia, USA · Dwelling Number 6 · Race White · Gender Male · Relation to Head of House Self (Head) · Marital Status Married · Spouse's Name Jane E. Grumwell · Occupation Farmer · Household Members A. B. Grumwell 46 Self (Head), Jane E. Grumwell 35 Wife, Susan E. Grumwell 11 Daughter, Gilbert Grumwell 7 Son, Mary L. Grumwell 1 Daughter”",
Rezin W. Darbey,census,1900,,White,Male,1850,50,"Maryland, USA",Contractor Builder,Arlington District,,census listing; the index reads the name as Rezi? W Darby; matched on the name and Alexandria County,"read against the sheet, which agrees; the sheet gives the name in full as Rezin W. Darby where the index reads Rezi?; the sheet's heading gives the district, Arlington District, and the street column is blank; the heading is legible",census1900darbey,"“Name Rezi? W Darby [Rezin W Darby] · Age 50 · Birth Date Mar 1850 · Birthplace Maryland, USA · Home in 1900 Arlington, Alexandria, Virginia · House Number 3 · Sheet Number 22 · Race White · Gender Male · Relation to Head of House Head · Marital Status Married · Spouse's Name Clara M Darby · Marriage Year 1879 · Occupation Contractor Builder”",
Christopher J. Costello,census,1900,,White,Male,1865,34,"Virginia, USA",Farm Laborer,"Cherrydale, Washington District",,"census listing, read against the sheet, which agrees; the index reads the surname as Costalow; matched on the name, the middle initial and Alexandria County; the son of the Christopher Costello seated in 1881","read against the sheet, which agrees; the street column reads Cherrydale against his household's lines, where the index reads Sl Cherydale; the sheet's heading gives the district, Washington District; the heading is legible",census1900costello,"“Name Christopher J Costalow [Christoper Costalow] · Age 34 · Birth Date Oct 1865 · Birthplace Virginia, USA · Home in 1900 Washington, Alexandria, Virginia · Street Sl Cherydale · Sheet Number 9 · Race White · Gender Male · Relation to Head of House Head · Marital Status Married · Spouse's Name Elizabeth S Costalow · Marriage Year 1896 · Occupation Farm Laborer”",
W. N. Febrey County,census,1910,,White,Male,1859,51,Virginia,Farmer,Washington District (part of),,"census listing, read against the sheet, which agrees; the index reads the name as William N Foberg, with William W Febery as an alternative; matched on the initials, the surname and Alexandria County; one of two William N. Febrey households in the county, this one with wife Fannie N. and daughter Louise E., the other (census1900febrey, census1920febrey) with wife Eliza F. and daughter Annie, and which is the member is open (febrey-birth-year)","read against the sheet, which agrees; the sheet's heading gives the district, Washington District (part of), and the street column is blank; the heading is legible",census1910febrey,"“Name William N Foberg [William W Foberg] [William W Febery] · Age in 1910 51 · Birth Date 1859 · Birthplace Virginia · Home in 1910 Washington, Alexandria, Virginia, USA · Sheet Number 15a · Race White · Gender Male · Relation to Head of House Head · Marital Status Married · Occupation Farmer · Industry General Farm · Enumeration District Number 0014 · Years Married 28”",
A. D. Torreyson,census,1900,,White,Male,1866,33,"Virginia, USA",Farmer,Arlington District,,"census listing; the index reads the given name as Hoke, with A Duke and Andrew Duke Torreyson as alternatives, and the sheet reads A. Duke; matched on the initials, the surname and the Arlington district; the only Torreyson household in the county in 1900","read against the sheet, which gives the name as A. Duke Torreyson where the index reads Hoke; the sheet's heading gives the district, Arlington District, and the street column is blank; the name, the age and the district heading are legible, so the reading is firm",census1900torreyson,"“Name Hoke Torreyson [Duke Torreyson] [A Duke Torreyson] [Andrew Duke Torreyson] · Age 33 · Birth Date Oct 1866 · Birthplace Virginia, USA · Home in 1900 Arlington, Alexandria, Virginia · House Number 3 · Sheet Number 20 · Race White · Gender Male · Relation to Head of House Head · Marital Status Married · Spouse's Name Blanche Torreyson · Marriage Year 1888 · Occupation Farmer · House Owned or Rented Own · Farm or House F · Household Members Hoke Torreyson 33 Head, Blanche Torreyson 34 Wife, Emily Torreyson 10 Daughter, Maude Torreyson 5 Daughter, Francis Torreyson 2 Son, Samuel Hunter 23 Servant”","“Arlington District, sheet 20 B, line 89 · Torreyson, A. Duke, head, W M, Oct 1866, 33, married 12 years, born Virginia, Farmer · Blanche, wife, 34 · Emily, daughter, 10 · Maude, daughter, 5 · Francis, son, 2 · Hunter, Samuel, servant, 23”"
John W. Pendleton,census,1880,,Black,Male,,32,Virginia,Justice of the Peace Brickyard Hand,Jefferson Township,,"census listing; matched on the name, the middle initial and the Jefferson district, the district he sat for in 1883-85; the occupation, justice of the peace, is a county office","read against the sheet, which agrees; the sheet's heading gives the district, Jefferson Township, and there is no street column; the name, the age and the district heading are legible, so the reading is firm",census1880pendleton,"“Name John W. Pendleton · Age 32 · Birth Date Abt 1848 · Birthplace Virginia · Home in 1880 Jefferson, Alexandria, Virginia, USA · Dwelling Number 128 · Race Black · Gender Male · Relation to Head of House Self (Head) · Marital Status Married · Spouse's Name Eliza J. Pendleton · Occupation Justice of the Peace Brickyard Hand · Household Members John W. Pendleton 32 Self (Head), Eliza J. Pendleton 26 Wife, Elizabeth Penn 11 Daughter”","“Jefferson Township, page 16 (stamped 440) D, line 20 · Pendleton, John W., B M 32, married, Justice of the Peace, Brick Yard hand · Eliza J., wife, 26 · Penn, Elizabeth, adopted daughter, 11”"
Richard W. Johnston,census,1880,,White,Male,,23,"Washington, D.c.",Farmer,Jefferson Township,,"census listing; matched on the name, the middle initial and the Jefferson district, the district he sat for in 1885-87; a 23-year-old in 1880 would be 28 when seated","read against the sheet, which agrees; on the same sheet as Pendleton; the sheet's heading gives the district, Jefferson Township, and there is no street column; the name, the age and the district heading are legible, so the reading is firm",census1880johnston,"“Name Richd. W. Johnston · Age 23 · Birth Date Abt 1857 · Birthplace Washington, D.c. · Home in 1880 Jefferson, Alexandria, Virginia, USA · Dwelling Number 131 · Race White · Gender Male · Relation to Head of House Self (Head) · Marital Status Married · Spouse's Name Maggie L. Johnston · Occupation Farmer · Household Members Richd. W. Johnston 23 Self (Head), Maggie L. Johnston 23 Wife, Morgan Johnston 2 Son”","“Jefferson Township, page 16 (stamped 440) D, line 41 · Johnston, Rich'd W., W M 23, married, Farmer · Maggie L., wife, 23 · Morgan, son, 2”"
Charles W. Payne,census,1880,,White,Male,,58,"Washington, D.c.",Carpenter,Washington District,,"census listing; matched on the name, the middle initial and the Washington district, the district he sat for in 1870-71 and 1877-79; the only Charles W. Payne in the county in 1880","read against the sheet, which agrees; the sheet is the one filed for Christopher Costello; its heading gives the district, Washington District, and there is no street column; the name, the age and the district heading are legible, so the reading is firm",census1880paynecharles,"“Name Chas. W. Payne · Age 58 · Birth Date Abt 1822 · Birthplace Washington, D.c. · Home in 1880 Washington, Alexandria, Virginia, USA · Dwelling Number 6 · Race White · Gender Male · Relation to Head of House Self (Head) · Marital Status Married · Spouse's Name Virginia Payne · Occupation Carpenter · Household Members Chas. W. Payne 58 Self (Head), Virginia Payne 33 Wife”","“Washington District, page 9 (stamped 454) A, line 40 · Payne, Chas. W., W M 58, married, Carpenter · Virginia, wife, 33”"
John D. Payne,census,1880,,White,Male,,25,Virginia,Worker,Arlington,,"census listing; matched on the name, the middle initial and Alexandria County; the record is in the Arlington district and he sat for Washington in 1885-87, so the match rests on the name alone","read against the sheet, which gives the occupation as works on farm where the index reads Worker; the sheet's heading gives the district, Arlington, and there is no street column; the name, the age and the district heading are legible, so the reading is firm",census1880paynejohn,"“Name John D. Payne · Age 25 · Birth Date Abt 1855 · Birthplace Virginia · Home in 1880 Arlington, Alexandria, Virginia, USA · Dwelling Number 241 · Race White · Gender Male · Relation to Head of House Self (Head) · Marital Status Married · Spouse's Name Louiza Payne · Occupation Worker · Household Members John D. Payne 25 Self (Head), Louiza Payne 20 Wife, Bertha S. Payne 8/12 Daughter, William Payne 17 Brother, Freddy Payne 13 Sister”","“Arlington, page 34 B, line 34 · Payne, John D., W M 25, married, works on farm · Louisa, wife, 20 · Bertha S., daughter, 8/12 · William, brother, 17 · Freddy, sister, 13”"
John W. Clark,census,1900,,White,Male,1843,56,"New York, USA",Hotel Prop,Arlington District,,"census listing; matched on the name, the middle initial and the Arlington district, the district he sat for in 1893-95; the only John W. Clark heading a household in the county in 1900","read against the sheet, which agrees; the sheet's heading gives the district, Arlington District, and the street column is blank; the name, the age and the district heading are legible, so the reading is firm",census1900clark,"“Name John W Clark [John M Clark] · Age 56 · Birth Date Mar 1843 · Birthplace New York, USA · Home in 1900 Arlington, Alexandria, Virginia · House Number 1 · Sheet Number 14 · Race White · Gender Male · Relation to Head of House Head · Marital Status Married · Spouse's Name Julia M Clark · Marriage Year 1887 · Occupation Hotel Prop · House Owned or Rented Own · Household Members John W Clark 56 Head, Julia M Clark 38 Wife, John H Clark 11 Son, Julia W Clark 9 Daughter, Walter P Clark 7 Son, Lawrence Parks 60 Servant, Henretta Parks 50 Servant, George Parks 22 Servant, Ludonia Parks 20 Servant, Cora Parks 18 Servant, Jennie Parks 16 Servant, Henretta Parks 12 Servant”","“Arlington District, sheet 14 B, line 52 · Clark, John W., head, W M, Mar 1843, 56, married 13 years, born New York, Hotel Prop. · Julia M., wife, 38 · John H., son, 11 · Julia W., daughter, 9 · Walter P., son, 7”"
William Duncan,census,1900,,White,Male,1854,40,"Virginia, USA",Telegraph Operator,Jefferson District,,"census listing; matched on the name and the Jefferson district, the district he sat for in 1895-99 and 1901-04; the sheet gives a middle initial, J., that the roster does not; the same household is on the 1910 sheet beside Edward Duncan's","read against the sheet, which gives the name as William J. Duncan and the age as 40; the sheet's heading gives the district, Jefferson District, and the street column is blank; the name, the age and the district heading are legible, though the sheet's own birth year and age do not agree",census1900duncan,"“Name William Duncan · Birth Date Aug 1854 · Birthplace Virginia, USA · Home in 1900 Jefferson, Alexandria, Virginia · Sheet Number 13 · Race White · Gender Male · Relation to Head of House Head · Marital Status Married · Spouse's Name Emelia Duncan · Marriage Year 1882 · Father's Birthplace Ireland · Mother's Birthplace Ireland · Occupation Telegraph Operator · House Owned or Rented Own · Household Members William Duncan 40 Head, Emelia Duncan 38 Wife, Nellie A Duncan 15 Daughter, James A Duncan 11 Son, George M Duncan 9 Son, William H Duncan 2 Son, Clarence A Duncan 2 Son”","“Jefferson District, sheet 13 A, line 49 · Duncan, William J., head, W M, Aug 1854, 40, married 18 years, born Virginia, parents Ireland · Emelia, wife, 38, born New York · the household of James Duncan, 74, born Ireland, is the two lines above”"
E. Duncan,census,1910,,White,Male,1872,38,Virginia,Engineer,"Washington Avenue, Jefferson Magisterial District",,"census listing; the index reads the surname as Dancan; matched on the initial, the surname and the Jefferson district, the district he sat for in 1908-12; the only Duncan household in the county whose head's given name begins with E in 1910, and the household next to William Duncan's","read against the sheet, which gives the surname as Duncan where the index reads Dancan; the street column reads Washington Avenue against this block of lines; the sheet's heading gives the district, Jefferson Magisterial District (Part); the name, the age and the district heading are legible, so the reading is firm",census1910duncan,"“Name Edward Dancan [Edward Duncan] · Age in 1910 38 · Birth Date 1872 · Birthplace Virginia · Home in 1910 Jefferson, Alexandria, Virginia, USA · Sheet Number 8a · Street Washington Avenue · Race White · Gender Male · Relation to Head of House Head · Marital Status Married · Father's Birthplace Ireland · Mother's Birthplace Ireland · Occupation Engineer · Industry Locomotive · Home Owned or Rented Own · Years Married 5 · Household Members Edward Dancan 38 Head, Lizzie Duncan 34 Wife, Lizzie Duncan 2 Son, Morton C Duncan 1 Son, Martha Duncan 80 Mother”","“Jefferson Magisterial District (Part), sheet 8 A, street column Washington Avenue, line 45 · Duncan, Edward, head, M W 38, married 5 years, born Virginia, parents Ire-Irish, Engineer, Locomotive · Lizzie, wife, 34 · [no name], son, 2 · Morton C., son, 1 1/2 · Martha, mother, 80, widowed, born Ire-Irish”"
D. N. Rust,census,1900,,White,Male,1850,49,"Delaware, USA",Dentist,Jefferson District,,"census listing; matched on the initials, the surname and the Jefferson district, the district he sat for in 1899-1901 and 1904-08; the only Rust household in the county in 1900; a son of the same name, aged 19, is in the household","read against the sheet, which agrees; the sheet's heading gives the district, Jefferson District, and the street column is blank; the name, the age and the district heading are legible, so the reading is firm",census1900rust,"“Name David N Rust · Age 49 · Birth Date Oct 1850 · Birthplace Delaware, USA · Home in 1900 Jefferson, Alexandria, Virginia · Sheet Number 17 · Race White · Gender Male · Relation to Head of House Head · Marital Status Married · Spouse's Name Mary L Rust · Marriage Year 1877 · Occupation Dentist · House Owned or Rented Own · Home Free or Mortgaged Mortgaged · Household Members David N Rust 49 Head, Mary L Rust 48 Wife, Thomas L Rust 22 Son, Sue K Rust 20 Daughter, David N Rust 19 Son, John Rust 15 Son, Lucy N Rust 14 Daughter, James S Rust 13 Son, Robert N Rust 11 Son, Mary E Rust 7 Daughter, Andrew Turner 15 Servant”","“Jefferson District, sheet 17 B, line 84 · Rust, David N., head, W M, Oct 1850, 49, married 23 years, born Delaware, Dentist · Mary L., wife, 48 · Thomas L., son, 22 · Sue K., daughter, 20 · David N., son, 19 · John, son, 15 · Lucy N., daughter, 14 · James S., son, 13 · Robert N., son, 11 · Mary E., daughter, 7 · Turner, Andrew, servant, B, 15”"
W.W. Douglas,census,1910,,White,Male,1861,49,"Washington, D.C.",Lawyer,Arlington Magisterial District (Part),,"census listing; matched on the initials, the surname and the Arlington district, the district he sat for in 1904-08; the only W. W. Douglas in the county in 1910, the other Douglas head there being Millard F.","read against the sheet, which agrees; the sheet's heading gives the district, Arlington Magisterial District (Part), and the street column is blank; the name, the age and the district heading are legible, so the reading is firm",census1910douglas,"“Name Will W Douglas · Age in 1910 49 · Birth Date 1861 · Birthplace Washington, D.C. · Home in 1910 Arlington, Alexandria, Virginia, USA · Sheet Number 32a · Race White · Gender Male · Relation to Head of House Head · Marital Status Married · Occupation Lawyer · Industry General Trader · Home Owned or Rented Own · Years Married 10 · Household Members Will W Douglas 49 Head, Mary E Douglas 41 Wife, Bessie L Chappelear 23 Stepdaughter, Lawrence W Douglas 9 Son, Everett Lee Douglas 7 Son, Ruth Douglas 4 Daughter”","“Arlington Magisterial District (Part), sheet 32 A, line 16 · Douglas, Will W., head, M W 49, married 10 years, born District of Columbia, Lawyer”"
Millard F. Birth,census,1900,,White,Male,1853,45,"Virginia, USA",Farmer,Arlington District,,"census listing; the index reads the surname as Birch, and so does the sheet, where the roster (O'Leary) prints Birth; matched on the given name, the middle initial and the Arlington district, the district he sat for in 1891-93; no Birth is in the county in 1880, 1900 or 1910, so the roster's surname is taken as a misprint of this one, a weak match until a second source spells it","read against the sheet, which gives the name as Millard F. Birch; the sheet's heading gives the district, Arlington District, and the street column is blank; the name, the age and the district heading are legible, so the reading is firm",census1900birth,"“Name Millard Birch [Milliard H Birch] [Millard F. Birch] · Age 45 · Birth Date Nov 1853 · Birthplace Virginia, USA · Home in 1900 Arlington, Alexandria, Virginia · House Number 3 · Sheet Number 19 · Race White · Gender Male · Relation to Head of House Head · Marital Status Married · Spouse's Name Mary Birch · Marriage Year 1875 · Occupation Farmer · House Owned or Rented Own · Household Members Millard Birch 45 Head, Mary Birch 40 Wife, Susie Birch 16 Daughter, Bertha Birch 15 Daughter, Claude Birch 22 Son, Bowie T Birch 20 Son, Ida Birch 21 Daughter-in-law, Allen Birch 1 Grandson, John Walker 60 Boarder”","“Arlington District, sheet 19 B, line 57 · Birch, Millard F., head, W M, Nov 1853, 46, married 25 years, born Virginia · Mary, wife, 40 · Susie, daughter, 16 · Bertha, daughter, 15 · Claude H., son, 22 · Bowie T., son, 20 · Ida, daughter-in-law, 21 · Allen, grandson, 1 · Walker, John, boarder, 60”"
Corbett,census,1910,,White,Male,1856,46,Virginia,Supervisor,"Old Glebe Road, Arlington District",,"census listing; the roster gives the surname only for the Arlington seat of 1908-12; matched on the surname, the Arlington district and the occupation, Supervisor, County, which is the office; the household is Frederick S. Corbett's, the member of 1889-1901, thirty years on from his 1880 record","read against the sheet, which agrees on the name and household; the age digit is unclear, 5-something where the index reads 46, and 54 would fit the 1880 record's 24; the street column reads Old Glebe Road where the index reads 6 Ld Glebe Road; the sheet's heading gives the district, Arlington District (Part); the name and the district heading are legible, the age is not",census1910corbett,"“Name Fredrick S Corbett · Age in 1910 46 · Birth Date 1856 · Birthplace Virginia · Home in 1910 Arlington, Alexandria, Virginia, USA · Sheet Number 6b · Street 6 Ld Glebe Road · Race White · Gender Male · Relation to Head of House Head · Marital Status Married · Occupation Supervisor · Industry County · Home Owned or Rented Own · Farm or House Farm · Years Married 33 · Household Members Fredrick S Corbett 46 Head, Ida S Corbett 53 Wife, Edith L Corbett 32 Daughter, Marguerite R Corbett 22 Daughter, Margeret R Wibirt 74 Mother-in-law, Edward C Cryer 43 Boarder, Rubie H Cryer 36 Boarder, Fredrick V Cryer 3 Boarder, Euphenia L Watton 28 Boarder, Lizzie C Jackson 26 Servant, Frank Brocks 25 Servant, William T Hodges 28 Boarder”","“Arlington District (Part), sheet 6 B, street column Old Glebe Road, line 52 · Corbett, Fredrick S., head, M W 5?, married 33 years, born Virginia, parents New York · Ida S., wife, 53 · Edith L., daughter, 32 · Marguerite R., daughter, 22 · Wibirt, Margaret R., mother-in-law, 74 · line 64: Here ends the enumeration of my district”"
George N. Saegmulller,census,1880,,White,Male,,33,Bavaria,Astronomical Inst. Maker,Washington District,,"census listing; the index and the sheet spell the surname Sagmuller where the roster prints Saegmulller; matched on the given name, the middle initial, the surname and the Washington district, the district he sat for in 1899-1901","read against the sheet, which agrees; the sheet's heading gives the district, Washington District, and there is no street column; the name, the age and the district heading are legible, so the reading is firm",census1880saegmuller,"“Name Geo. N. Sagmuller · Age 33 · Birth Date Abt 1847 · Birthplace Bavaria · Home in 1880 Washington, Alexandria, Virginia, USA · Dwelling Number 6 · Race White · Gender Male · Relation to Head of House Self (Head) · Marital Status Married · Spouse's Name Mariah J. Sagmuller · Occupation Astronomical Inst. Maker · Household Members Geo. N. Sagmuller 33 Self (Head), Mariah J. Sagmuller 25 Wife, John L. Sagmuller 5 Son, Fred. Sagmuller 2 Son, G. Vandenburgh 60 Father-in-law, Sarah Vandenburgh 56 Mother-in-law”","“Washington District, page 15 (stamped 457) A, line 37 · Sagmuller, Geo. N., W M 33, married, Astronomical Inst. maker · Mariah J., wife, 25 · John L., son, 5 · Fred., son, 2 · Vandenburgh, G., W M 60, father-in-law, married · Sarah, mother-in-law, 56”"
George N. Saegmulller,census,1900,,White,Male,1847,53,Germany,Mfg Instrument,"Maryland Ave. S.W., house number 134, Washington City, District of Columbia",,"census listing; a record outside the county, in Washington City, in the year he sat for the Washington district; matched on the name, the birth, February 1847 in Germany, and the occupation, instrument maker, which agree with the 1880 record in Alexandria County, and on the sons Lee and George born in Virginia; no Saegmuller is in the county's 1900 schedule","read against the sheet, which agrees; the street column reads Maryland Ave. S.W. and the house number 134; the sheet's heading gives Washington City, District of Columbia; the name, the age and the district heading are legible, so the reading is firm",census1900saegmuller,"“Name Geo Saegmuller [Geo Saeymullar] · Age 53 · Birth Date Feb 1847 · Birthplace Germany · Home in 1900 Washington, Washington, District of Columbia · Street Maryland Ave SW · House Number 134 · Sheet Number 16 · Race White · Gender Male · Immigration Year 1874 · Relation to Head of House Head · Marital Status Married · Spouse's Name R J Saegmuller · Marriage Year 1874 · Occupation Mfg Instrument · House Owned or Rented Own · Household Members Geo Saegmuller 53 Head, R J Saegmuller 48 Wife, Lee J Saegmuller 24 Son, George Saegmuller Jr 16 Son, Elsa Richmann 19 Niece, Fannie Chinn 15 Servant”","“District of Columbia, Washington City, sheet 16 B, street column Maryland Ave. S.W., house number 134, line 64 · Saegmuller, Geo., head, W M, Feb 1847, 53, married 26 years, born Germany · R. J., wife, 48, born Wisconsin · Lee J., son, 24, born Virginia · George Jr., son, 16, born Virginia · Richmann, Elsa, niece, 19 · Chinn, Fannie, servant, B, 15”"
Gilbert Vandenberg,census,1880,,White,Male,,60,New York,,Washington District,,"census listing; the index and the sheet give the initial G. only and spell the surname Vandenburgh; matched on the initial, the surname and the Washington district, the district he sat for in 1874-77; he is George N. Saegmuller's father-in-law, in the household of another member of the Board; a weak match, the initial alone standing for the given name","read against the sheet, which agrees; the sheet's heading gives the district, Washington District, and there is no street column; the name, the age and the district heading are legible, so the reading is firm",census1880vandenberg,"“Name G. Vandenburgh · Age 60 · Birth Date Abt 1820 · Birthplace New York · Home in 1880 Washington, Alexandria, Virginia, USA · Dwelling Number 6 · Race White · Gender Male · Relation to Head of House Father-in-law · Marital Status Married · Spouse's Name Sarah Vandenburgh · Household Members Geo. N. Sagmuller 33 Self (Head), Mariah J. Sagmuller 25 Wife, John L. Sagmuller 5 Son, Fred. Sagmuller 2 Son, G. Vandenburgh 60 Father-in-law, Sarah Vandenburgh 56 Mother-in-law”","“Washington District, page 15 (stamped 457) A, line 41 · Vandenburgh, G., W M 60, father-in-law, married · Sarah, mother-in-law, 56 · in the household of Sagmuller, Geo. N., line 37”"
Edward Deeble,census,1880,,White,Male,,69,Virginia,Farmer,Washington District,,"census listing; the sheet gives initials only, E. K. S., and the index adds Edward as an alternative; matched on the initial, the surname and the Washington district, the district he sat for in 1871-72; the only Deeble household in the county in 1880","read against the sheet, which agrees; the sheet's heading gives the district, Washington District, and there is no street column; the name, the age and the district heading are legible, so the reading is firm",census1880deeble,"“Name E. K. S. Deeble [Edward K S Deeble] · Age 69 · Birth Date Abt 1811 · Birthplace Virginia · Home in 1880 Washington, Alexandria, Virginia, USA · Dwelling Number 4 · Race White · Gender Male · Relation to Head of House Self (Head) · Marital Status Married · Spouse's Name Elizabeth Deeble · Occupation Farmer · Household Members E. K. S. Deeble 69 Self (Head), Elizabeth Deeble 60 Wife, Alice Deeble 29 Daughter, Fannie Deeble 25 Daughter, Mildred Deeble 21 Daughter”","“Washington District, page 5 (stamped 452) A, line 13 · Deeble, E. K. S., W M 69, married, Farmer · Elizabeth, wife, 60 · Alice, daughter, 29 · Fannie, daughter, 25 · Mildred, daughter, 21”"
Francis G. Schutt,census,1880,,White,Male,,46,New York,Farmer,Washington District,,"census listing; the index reads the surname as Schult and the sheet reads Schutt; the given name is Frank with no initial; matched on the given name, the surname and the Washington district, the district he sat for in 1879-81; the only Schutt household in the county in 1880, so it fits the Francis D. Schutt of 1873-74 as well, and whether the roster's two Schutts are one man is not settled here","read against the sheet, which gives the surname as Schutt where the index reads Schult; the sheet's heading gives the district, Washington District, and there is no street column; the name, the age and the district heading are legible, so the reading is firm",census1880schutt,"“Name Frank Schult [Frank Schutt] · Age 46 · Birth Date Abt 1834 · Birthplace New York · Home in 1880 Washington, Alexandria, Virginia, USA · Dwelling Number 16 · Race White · Gender Male · Relation to Head of House Self (Head) · Marital Status Married · Spouse's Name Elizabeth Schult · Occupation Farmer · Household Members Frank Schult 46 Self (Head), Elizabeth Schult 41 Wife, Frank Schult 16 Son, Blanch Schult 14 Daughter, Stella Schult 12 Daughter, Bettie T. Schult 10 Daughter, Mary Schult 8 Daughter, Nellie Schult 7 Daughter, Walace Schult 5 Son”","“Washington District, page 16 (stamped 457) B, line 34 · Schutt, Frank, W M 46, married, Farmer · Elizabeth, wife, 41 · Frank, son, 16 · Blanch, daughter, 14 · Stella, daughter, 12 · Bettie T., daughter, 10 · Mary, daughter, 8 · Nellie, daughter, 7 · Walace, son, 5”"
Roach,census,1870,,White,Male,,32,Virginia,Farmer,Jefferson Township,,"census listing; the roster gives the surname only for the Jefferson seat taken in September 1870; matched on the surname and the Jefferson district in the year he sat; the only Roach heading a household in the district in 1870, the other adult Roach there, John, 19, being in his household, and a farmer holding $40,000 in land; a weak match, the surname alone standing for the name","read against the sheet, which gives the name as James C. Roach where the index reads Jame C; the sheet's heading gives the district, Jefferson Township, and there is no street column; the name, the age and the heading are legible, so the reading is firm",census1870roach,"“Name Jame C Roach · Age in 1870 32 · Birth Date abt 1838 · Birthplace Virginia · Dwelling Number 175 · Home in 1870 Jefferson, Alexandria (Independent City), Virginia · Race White · Gender Male · Post Office Alexandria · Occupation Farmer · Male Citizen Over 21 Yes · Personal Estate Value 200 · Real Estate Value 40000 · Inferred Spouse Rebecca Roach · Household Members Jame C Roach 32, Rebecca Roach 25, Reberta Roach, Elizabeth Roach 3, John Roach 19, Townaf Cisson 14”","“Jefferson Township, page 27 (stamped 205), enumerated 13 August 1870, post office Alexandria, line 3, dwelling 175, family 215 · Roach, James C., 32, M W, Farmer, real estate 40,000, personal estate 200 · Rebecca, 23, keeping house · Roberta, 1 · Elizabeth, 3 · John, 19, farmer · Cisson, Townley, 14, at home”"
R. Henry Phillips,census,1900,,White,Male,1833,66,"New York, USA",,Washington District,,"census listing; the index reads the middle initial as A or K and the sheet reads H; matched on the initials R. H., the surname and the Washington district, the district he sat for in 1893-95; the only Phillips heading a household in the district in 1900 whose given name begins with R; a weak match, two initials and a district standing for the name","read against the sheet, which gives the name as Robert H. Phillips where the index reads Robert A or Robert K; the middle initial is uncertain, read as H; the sheet's heading gives the district, Washington District, and the street column is blank at his line, a street label the index reads as Millery Rad beginning six lines below; the surname, the given name and the heading are legible",census1900phillips,"“Name Robert A Phillips [Robert K Phillips] · Age 66 · Birth Date Jul 1833 · Birthplace New York, USA · Home in 1900 Washington, Alexandria, Virginia · Street Millery Rad · Sheet Number 10 · Race White · Gender Male · Relation to Head of House Head · Marital Status Married · Spouse's Name Mary I Phillips · Marriage Year 1880 · Father's Birthplace Connecticut, USA · Mother's Birthplace New York, USA · House Owned or Rented Own · Household Members Robert A Phillips 66 Head, Mary I Phillips 50 Wife, Margueritte Phillips 11 Daughter, Andrew Barbour 80 Father-in-law, Mary Gieble 23 Servant, Alfred Achensold 31 Boarder”","“Washington District, sheet 10 A, line 40, dwelling 155, family 155 · Phillips, Robert H., head · Mary I., wife · Margueritte, daughter · Barbour, Andrew, father-in-law · Gieble, Mary, servant · Achensold, Alfred, boarder”"
