{
 "type": "FeatureCollection",
 "features": [
  {
   "type": "Feature",
   "geometry": {
    "type": "Polygon",
    "coordinates": [
     [
      [
       -77.1443590004178,
       38.8103570000396
      ],
      [
       -77.14420000040913,
       38.809686999892264
      ],
      [
       -77.1440420002254,
       38.809137999992046
      ],
      [
       -77.14403300000455,
       38.809104000214816
      ],
      [
       -77.14372400020807,
       38.807788999778296
      ],
      [
       -77.14360600020728,
       38.80729499980743
      ],
      [
       -77.14348499983348,
       38.80677399996557
      ],
      [
       -77.14342799993207,
       38.80654800014867
      ],
      [
       -77.14333599987056,
       38.806183000302596
      ],
      [
       -77.14320600017422,
       38.80562399998789
      ],
      [
       -77.14270400003389,
       38.805702999701126
      ],
      [
       -77.14235000003156,
       38.805760000042426
      ],
      [
       -77.1411919997651,
       38.80317400004719
      ],
      [
       -77.14114999993231,
       38.80308000012578
      ],
      [
       -77.14075900012006,
       38.802206000177634
      ],
      [
       -77.14069600037087,
       38.80206600013495
      ],
      [
       -77.14068200012717,
       38.80203399988653
      ],
      [
       -77.14066100021077,
       38.80198800029191
      ],
      [
       -77.140643999594,
       38.801951000094164
      ],
      [
       -77.14061199980695,
       38.801878999748915
      ],
      [
       -77.1406000001114,
       38.80185200003821
      ],
      [
       -77.14041599998839,
       38.80144099998993
      ],
      [
       -77.14003400039697,
       38.80058700028442
      ],
      [
       -77.14002099997818,
       38.80055799993929
      ],
      [
       -77.1400090002826,
       38.800530000005296
      ],
      [
       -77.13997499994741,
       38.800454000028914
      ],
      [
       -77.13996200042695,
       38.80042600005405
      ],
      [
       -77.13991600039618,
       38.80032199995108
      ],
      [
       -77.13989700012961,
       38.80027899983044
      ],
      [
       -77.13986199996951,
       38.80020199985899
      ],
      [
       -77.1377420001535,
       38.80075699972839
      ],
      [
       -77.13773899978047,
       38.80071399987029
      ],
      [
       -77.1377289997347,
       38.80057399969664
      ],
      [
       -77.13772600025997,
       38.80053400029659
      ],
      [
       -77.13764800044217,
       38.799410999662776
      ],
      [
       -77.13764500006913,
       38.79936600021435
      ],
      [
       -77.13764400024421,
       38.79935399984319
      ],
      [
       -77.13764300041929,
       38.799332999713926
      ],
      [
       -77.13764199969607,
       38.79932100003734
      ],
      [
       -77.13763800039644,
       38.79926700006754
      ],
      [
       -77.13760099968817,
       38.79873500030368
      ],
      [
       -77.13758200031994,
       38.798459999766195
      ],
      [
       -77.13757999977179,
       38.79843300016029
      ],
      [
       -77.13757800012196,
       38.79840299988604
      ],
      [
       -77.13757700029706,
       38.79839100005289
      ],
      [
       -77.13757599957384,
       38.79836899988672
      ],
      [
       -77.13756800007623,
       38.79825100021623
      ],
      [
       -77.13756499970319,
       38.79821199996769
      ],
      [
       -77.13756200022846,
       38.79816899997411
      ],
      [
       -77.135129000418,
       38.79851299989632
      ],
      [
       -77.13449099983522,
       38.79860299984205
      ],
      [
       -77.13445599967511,
       38.798607999991276
      ],
      [
       -77.13439200010103,
       38.79861699983898
      ],
      [
       -77.13393500016653,
       38.798683000087365
      ],
      [
       -77.13211800029923,
       38.79894500027957
      ],
      [
       -77.1313490001952,
       38.79905599989684
      ],
      [
       -77.13107200018575,
       38.7990960001265
      ],
      [
       -77.13089499973545,
       38.79912399992383
      ],
      [
       -77.13086600032145,
       38.799129000036494
      ],
      [
       -77.13074999997048,
       38.799147000299236
      ],
      [
       -77.13044299982381,
       38.79918999970266
      ],
      [
       -77.13042799975521,
       38.799191999885956
      ],
      [
       -77.12826699993131,
       38.79949299987597
      ],
      [
       -77.1282519998627,
       38.799495000050754
      ],
      [
       -77.12699200038732,
       38.799672999978895
      ],
      [
       -77.12616399983375,
       38.799786000028995
      ],
      [
       -77.12614999959004,
       38.79986700007857
      ],
      [
       -77.12423999983632,
       38.8001329997321
      ],
      [
       -77.12384700037424,
       38.800188000173506
      ],
      [
       -77.12264599955176,
       38.80034599966519
      ],
      [
       -77.12223499964803,
       38.800411999712466
      ],
      [
       -77.1221960001883,
       38.80041800015926
      ],
      [
       -77.12210499995169,
       38.80043300022386
      ],
      [
       -77.12160399963628,
       38.80052299984506
      ],
      [
       -77.12159600013867,
       38.800479000122216
      ],
      [
       -77.12158600009293,
       38.800423999905405
      ],
      [
       -77.12102299985322,
       38.800524999990934
      ],
      [
       -77.12100000028701,
       38.80052900028251
      ],
      [
       -77.11989800009705,
       38.80075300014971
      ],
      [
       -77.11875400007429,
       38.80100999975198
      ],
      [
       -77.11801199973445,
       38.801198000031775
      ],
      [
       -77.1176900004175,
       38.801283999838006
      ],
      [
       -77.11742299955549,
       38.80136500028511
      ],
      [
       -77.11740199963909,
       38.80136899982945
      ],
      [
       -77.11736200035443,
       38.80137800002851
      ],
      [
       -77.11729200003423,
       38.8013920001803
      ],
      [
       -77.11724600000348,
       38.801406000329386
      ],
      [
       -77.11681099981028,
       38.801537000090725
      ],
      [
       -77.11598499980485,
       38.801811999955405
      ],
      [
       -77.11564599987116,
       38.80193200013651
      ],
      [
       -77.11551000032703,
       38.80197999987239
      ],
      [
       -77.11527299960225,
       38.80206400003234
      ],
      [
       -77.11414799984607,
       38.80249000031927
      ],
      [
       -77.11369400028462,
       38.802683000057975
      ],
      [
       -77.11349699974282,
       38.80277100025498
      ],
      [
       -77.11336600022156,
       38.80283000022279
      ],
      [
       -77.11312600002205,
       38.80293099969836
      ],
      [
       -77.11300999967109,
       38.80298699976866
      ],
      [
       -77.11289099984542,
       38.802821999897816
      ],
      [
       -77.11284499981467,
       38.80275800006565
      ],
      [
       -77.11276500034704,
       38.80264699991425
      ],
      [
       -77.11274400043062,
       38.80261700001392
      ],
      [
       -77.11260700016328,
       38.802426999885185
      ],
      [
       -77.11254299969087,
       38.80246300014006
      ],
      [
       -77.11245599965223,
       38.802324000299976
      ],
      [
       -77.11228699959783,
       38.80205600032143
      ],
      [
       -77.11220499958206,
       38.80207100004124
      ],
      [
       -77.11207599971064,
       38.80209400016549
      ],
      [
       -77.11200899976349,
       38.80210699977589
      ],
      [
       -77.1118820004402,
       38.802138000291244
      ],
      [
       -77.1117350001271,
       38.80217899989076
      ],
      [
       -77.11136299968311,
       38.802283000083825
      ],
      [
       -77.11086200026601,
       38.80242899997756
      ],
      [
       -77.11076699983144,
       38.80245600016971
      ],
      [
       -77.1106370001351,
       38.80249100001459
      ],
      [
       -77.11043899976839,
       38.802541000163224
      ],
      [
       -77.11030499987407,
       38.80257199978969
      ],
      [
       -77.11013900019275,
       38.802608999664976
      ],
      [
       -77.10991400006183,
       38.80266000012379
      ],
      [
       -77.10975199968013,
       38.80269800034586
      ],
      [
       -77.10952300024958,
       38.80274800034924
      ],
      [
       -77.10926200013368,
       38.80280399986334
      ],
      [
       -77.1089619996597,
       38.80286400019394
      ],
      [
       -77.1087650000162,
       38.80290200030718
      ],
      [
       -77.10856400017477,
       38.8029390000111
      ],
      [
       -77.10832800017322,
       38.802983000315145
      ],
      [
       -77.1081239999587,
       38.80301799990117
      ],
      [
       -77.10795200042958,
       38.803046000257694
      ],
      [
       -77.10781799963695,
       38.80306699999282
      ],
      [
       -77.10764899958255,
       38.803093999943165
      ],
      [
       -77.10748000042646,
       38.80312000019685
      ],
      [
       -77.1073139998468,
       38.80314500005483
      ],
      [
       -77.10714899999037,
       38.80316900021832
      ],
      [
       -77.10694499977585,
       38.80319699981543
      ],
      [
       -77.10667100013947,
       38.80323100031153
      ],
      [
       -77.10639599977986,
       38.80326599977574
      ],
      [
       -77.1061530001056,
       38.803294999718794
      ],
      [
       -77.10594600041637,
       38.8033169997643
      ],
      [
       -77.10576999979097,
       38.803333999985746
      ],
      [
       -77.10552799994163,
       38.80335699970232
      ],
      [
       -77.10535499968928,
       38.80337500029717
      ],
      [
       -77.10518300016014,
       38.80338900005666
      ],
      [
       -77.10494399978553,
       38.80340699994335
      ],
      [
       -77.10477499973113,
       38.80342000001426
      ],
      [
       -77.10456800004191,
       38.803433999764856
      ],
      [
       -77.1043989999875,
       38.80344400008511
      ],
      [
       -77.10408699981797,
       38.803461999957904
      ],
      [
       -77.10382999990001,
       38.80347599970025
      ],
      [
       -77.10358399985273,
       38.8034869996959
      ],
      [
       -77.10334200000338,
       38.803496000327506
      ],
      [
       -77.10295899968875,
       38.80350700032007
      ],
      [
       -77.1027169998394,
       38.803512000125245
      ],
      [
       -77.10240499966987,
       38.80351499986812
      ],
      [
       -77.10215899962257,
       38.80351600024908
      ],
      [
       -77.10191699977324,
       38.80351600024908
      ],
      [
       -77.1016049996037,
       38.80351299980618
      ],
      [
       -77.10135899955641,
       38.80350800000112
      ],
      [
       -77.10111699970709,
       38.80350300019573
      ],
      [
       -77.10069999995555,
       38.80348899975857
      ],
      [
       -77.10055900038857,
       38.803483999951844
      ],
      [
       -77.10038699996112,
       38.80347599970025
      ],
      [
       -77.10014599993667,
       38.80346400002128
      ],
      [
       -77.09989999988939,
       38.803450000276534
      ],
      [
       -77.09972800036026,
       38.80343900027516
      ],
      [
       -77.09948300013787,
       38.80342299976102
      ],
      [
       -77.09925499963393,
       38.803406000260864
      ],
      [
       -77.09913599980824,
       38.80339700031797
      ],
      [
       -77.09896099990604,
       38.80338200017723
      ],
      [
       -77.09878600000387,
       38.803365999650275
      ],
      [
       -77.09857900031463,
       38.803347000069984
      ],
      [
       -77.09840699988717,
       38.803329999851634
      ],
      [
       -77.0982670001451,
       38.803316000080564
      ],
      [
       -77.09812700040303,
       38.803302000306786
      ],
      [
       -77.09792099964038,
       38.803278999872376
      ],
      [
       -77.09767899979103,
       38.803249999922755
      ],
      [
       -77.09740199978161,
       38.80321699982093
      ],
      [
       -77.09691899990784,
       38.80315199995754
      ],
      [
       -77.09636999991184,
       38.80306999975444
      ],
      [
       -77.09477700035052,
       38.802878999743655
      ],
      [
       -77.09471399970302,
       38.802871000124206
      ],
      [
       -77.09294899971427,
       38.80266099981673
      ],
      [
       -77.09121999971049,
       38.80246199974431
      ],
      [
       -77.088931999665,
       38.80218099999014
      ],
      [
       -77.08741500027165,
       38.80199899981719
      ],
      [
       -77.08490700011814,
       38.80170000002406
      ],
      [
       -77.08479199959208,
       38.80168700033943
      ],
      [
       -77.08451799995571,
       38.801654000213816
      ],
      [
       -77.08410500040215,
       38.80160499985057
      ],
      [
       -77.08332899972712,
       38.80151199966858
      ],
      [
       -77.08100200022187,
       38.801230999668476
      ],
      [
       -77.07978299985604,
       38.80108399970534
      ],
      [
       -77.07872099984905,
       38.800954999945056
      ],
      [
       -77.07770099967486,
       38.80083699965589
      ],
      [
       -77.07747499971906,
       38.80081000025047
      ],
      [
       -77.07650700032171,
       38.80069600000341
      ],
      [
       -77.07629499971131,
       38.80067000026543
      ],
      [
       -77.07612300018216,
       38.80064699968149
      ],
      [
       -77.07609100039511,
       38.80064199967534
      ],
      [
       -77.07605600023501,
       38.80063800009021
      ],
      [
       -77.07602199989984,
       38.80063199966193
      ],
      [
       -77.07598699973973,
       38.80062699965473
      ],
      [
       -77.07591999979257,
       38.80061800006088
      ],
      [
       -77.0758500003707,
       38.80060800004416
      ],
      [
       -77.07581900040854,
       38.80060300003522
      ],
      [
       -77.07578400024845,
       38.800598999747784
      ],
      [
       -77.07574900008835,
       38.80059399973827
      ],
      [
       -77.07571399992824,
       38.8005880000064
      ],
      [
       -77.0756820001412,
       38.800583999718135
      ],
      [
       -77.0756469999811,
       38.80057799998547
      ],
      [
       -77.075611999821,
       38.80057299997443
      ],
      [
       -77.07558099985887,
       38.80056700024078
      ],
      [
       -77.07554599969876,
       38.80056299995139
      ],
      [
       -77.07549600036836,
       38.80055500007193
      ],
      [
       -77.07544399959151,
       38.80054599976893
      ],
      [
       -77.07540900032974,
       38.8005420001784
      ],
      [
       -77.07537400016962,
       38.80053599974205
      ],
      [
       -77.07534300020748,
       38.800530000005296
      ],
      [
       -77.07527299988729,
       38.80051999997617
      ],
      [
       -77.07520599994012,
       38.80050799979941
      ],
      [
       -77.07517099978004,
       38.800502000060284
      ],
      [
       -77.0751399998179,
       38.80049700004396
      ],
      [
       -77.07510499965781,
       38.80049100030392
      ],
      [
       -77.075070000396,
       38.80048600028677
      ],
      [
       -77.07503500023591,
       38.800479999845756
      ],
      [
       -77.07500300044886,
       38.80047400010429
      ],
      [
       -77.07496800028878,
       38.8004679996622
      ],
      [
       -77.07493300012868,
       38.80046199991971
      ],
      [
       -77.07490200016652,
       38.80045600017672
      ],
      [
       -77.07486700000642,
       38.800449999733175
      ],
      [
       -77.07483199984632,
       38.800443999989184
      ],
      [
       -77.07479699968621,
       38.80043699982051
      ],
      [
       -77.07476599972408,
       38.800431000075406
      ],
      [
       -77.074730999564,
       38.80042500032981
      ],
      [
       -77.07469600030221,
       38.800418999883604
      ],
      [
       -77.07466399961685,
       38.80041300013699
      ],
      [
       -77.07462900035506,
       38.80040599996527
      ],
      [
       -77.07459400019494,
       38.80040000021756
      ],
      [
       -77.0745630002328,
       38.800393999769256
      ],
      [
       -77.07452800007272,
       38.80038700029576
      ],
      [
       -77.07449299991261,
       38.800380999846354
      ],
      [
       -77.07446100012557,
       38.800373999671486
      ],
      [
       -77.07442599996546,
       38.80036799992109
      ],
      [
       -77.07439199963027,
       38.800360999744946
      ],
      [
       -77.0742240002991,
       38.80032900013106
      ],
      [
       -77.07395499978728,
       38.80027300007209
      ],
      [
       -77.07385699987796,
       38.800252000213646
      ],
      [
       -77.07382199971786,
       38.80024400029927
      ],
      [
       -77.07379099975574,
       38.80023700011095
      ],
      [
       -77.07375899996869,
       38.80022799976773
      ],
      [
       -77.0737249996335,
       38.80022100027793
      ],
      [
       -77.07369299984646,
       38.80021400008735
      ],
      [
       -77.07365100001365,
       38.800204999741275
      ],
      [
       -77.0736259998993,
       38.80019899997665
      ],
      [
       -77.0735909997392,
       38.8001919997839
      ],
      [
       -77.07355999977705,
       38.800183999862796
      ],
      [
       -77.07352799998999,
       38.800175999940784
      ],
      [
       -77.0734929998299,
       38.80016800001788
      ],
      [
       -77.07346199986776,
       38.80016099982209
      ],
      [
       -77.07342699970766,
       38.80015400032571
      ],
      [
       -77.07339599974553,
       38.800144999972005
      ],
      [
       -77.07336099958543,
       38.80013799977396
      ],
      [
       -77.07332899979838,
       38.80012900011839
      ],
      [
       -77.07329799983624,
       38.80012199991877
      ],
      [
       -77.07326299967615,
       38.8001149997184
      ],
      [
       -77.07323199971398,
       38.800106000059934
      ],
      [
       -77.07319999992696,
       38.80009899985805
      ],
      [
       -77.07316499976683,
       38.8000900001975
      ],
      [
       -77.0731339998047,
       38.80008299999405
      ],
      [
       -77.07309899964461,
       38.800074000331534
      ],
      [
       -77.07306699985756,
       38.80006599969708
      ],
      [
       -77.07303599989542,
       38.80005900019137
      ],
      [
       -77.07300099973531,
       38.800049999825724
      ],
      [
       -77.07296999977318,
       38.80004300031839
      ],
      [
       -77.07293799998611,
       38.80003399995072
      ],
      [
       -77.07290299982603,
       38.80002500028202
      ],
      [
       -77.07287199986388,
       38.800017000342166
      ],
      [
       -77.07284000007682,
       38.800008999701305
      ],
      [
       -77.07280499991673,
       38.8000009997597
      ],
      [
       -77.07277399995459,
       38.799992000086775
      ],
      [
       -77.0727389997945,
       38.79998400014327
      ],
      [
       -77.07270799983236,
       38.7999749997681
      ],
      [
       -77.0726760000453,
       38.79996600009195
      ],
      [
       -77.07264500008317,
       38.79995899987632
      ],
      [
       -77.07261300029612,
       38.79995000019814
      ],
      [
       -77.07258200033397,
       38.799942000249864
      ],
      [
       -77.07255100037183,
       38.79993500003187
      ],
      [
       -77.07251899968647,
       38.79992599965051
      ],
      [
       -77.07248799972433,
       38.79991699996817
      ],
      [
       -77.07245599993728,
       38.799909000016186
      ],
      [
       -77.07242499997514,
       38.79990100006335
      ],
      [
       -77.07239700038605,
       38.79989300010958
      ],
      [
       -77.07236600042391,
       38.79988399972297
      ],
      [
       -77.07233399973853,
       38.79987599976728
      ],
      [
       -77.07230299977641,
       38.79986700007857
      ],
      [
       -77.07227099998934,
       38.799857999688676
      ],
      [
       -77.07224000002721,
       38.79984999973012
      ],
      [
       -77.07221200043813,
       38.799841000038136
      ],
      [
       -77.07217700027802,
       38.79983300007762
      ],
      [
       -77.07214600031588,
       38.79982399968342
      ],
      [
       -77.07211399963052,
       38.7998149999882
      ],
      [
       -77.07208299966838,
       38.79980499985874
      ],
      [
       -77.07205199970625,
       38.79979699989424
      ],
      [
       -77.07201700044443,
       38.799788000195555
      ],
      [
       -77.0719849997591,
       38.79977800006231
      ],
      [
       -77.07195399979693,
       38.799768999661175
      ],
      [
       -77.0719220000099,
       38.79975900022536
      ],
      [
       -77.07188299965182,
       38.799747999654194
      ],
      [
       -77.07186000008561,
       38.799741000117265
      ],
      [
       -77.07181400005486,
       38.79972899980926
      ],
      [
       -77.07176200017632,
       38.79971299986224
      ],
      [
       -77.07173100021419,
       38.79970299971847
      ],
      [
       -77.07169900042713,
       38.799694999742464
      ],
      [
       -77.07166799956669,
       38.79968500029632
      ],
      [
       -77.07163999997758,
       38.79967599988339
      ],
      [
       -77.07161200038848,
       38.79966799990441
      ],
      [
       -77.07157999970315,
       38.79965900018943
      ],
      [
       -77.07155299993896,
       38.799651999943634
      ],
      [
       -77.07152500034987,
       38.799643000226695
      ],
      [
       -77.07149699986245,
       38.799635000243946
      ],
      [
       -77.07100200029312,
       38.79947100004999
      ],
      [
       -77.07097399980573,
       38.799460999872316
      ],
      [
       -77.07000800005821,
       38.79914299993008
      ],
      [
       -77.06898700005911,
       38.798769000128374
      ],
      [
       -77.06799500037232,
       38.79837700001158
      ],
      [
       -77.06620899956884,
       38.7976730002893
      ],
      [
       -77.065846000244,
       38.797529999747525
      ],
      [
       -77.06458599987029,
       38.797032000272466
      ],
      [
       -77.06380300042086,
       38.79672200030399
      ],
      [
       -77.06311499960938,
       38.796449999740524
      ],
      [
       -77.06303099994379,
       38.79642399985365
      ],
      [
       -77.06308700002032,
       38.79632000021143
      ],
      [
       -77.0631509995944,
       38.79620299973235
      ],
      [
       -77.06318999995247,
       38.7961300000961
      ],
      [
       -77.06328899968666,
       38.79594700008466
      ],
      [
       -77.06335700035704,
       38.79582199998277
      ],
      [
       -77.06339900018983,
       38.79574500009653
      ],
      [
       -77.06342699977893,
       38.795692000008295
      ],
      [
       -77.06346600013698,
       38.79562199992385
      ],
      [
       -77.06353100043432,
       38.795503000112596
      ],
      [
       -77.063614000275,
       38.79535000006325
      ],
      [
       -77.06283500012523,
       38.795084000060534
      ],
      [
       -77.06272700017018,
       38.79504800027874
      ],
      [
       -77.06267500029165,
       38.79502999968084
      ],
      [
       -77.06246900042731,
       38.7949589998454
      ],
      [
       -77.06128799969633,
       38.794558000117526
      ],
      [
       -77.06119900000789,
       38.79452800031257
      ],
      [
       -77.06091699997557,
       38.79443199987169
      ],
      [
       -77.06082900011202,
       38.7944020000137
      ],
      [
       -77.06014799987155,
       38.794169999892056
      ],
      [
       -77.05983999989996,
       38.7940480003158
      ],
      [
       -77.05954000032432,
       38.79391300012813
      ],
      [
       -77.05932400041425,
       38.79380799980534
      ],
      [
       -77.05909199971235,
       38.793700999690756
      ],
      [
       -77.05878600028892,
       38.79355900010202
      ],
      [
       -77.0582220002243,
       38.79329699971402
      ],
      [
       -77.0580399997511,
       38.79320600024381
      ],
      [
       -77.05799799991831,
       38.79318499970329
      ],
      [
       -77.05784099955949,
       38.79310600011498
      ],
      [
       -77.05779600025195,
       38.79308399971772
      ],
      [
       -77.05755699987735,
       38.79296400004102
      ],
      [
       -77.05743200020387,
       38.79290200011726
      ],
      [
       -77.05732800044682,
       38.792849999846
      ],
      [
       -77.05702299994996,
       38.79269699970305
      ],
      [
       -77.05698699996496,
       38.792678999911764
      ],
      [
       -77.05694900033012,
       38.79266000028271
      ],
      [
       -77.05683800000205,
       38.79260500033307
      ],
      [
       -77.05680899968972,
       38.79259099985534
      ],
      [
       -77.05667099959746,
       38.792527999772076
      ],
      [
       -77.05652400018269,
       38.7924650003333
      ],
      [
       -77.05647700032702,
       38.792432000138255
      ],
      [
       -77.05642899974814,
       38.79239999976481
      ],
      [
       -77.05640100015903,
       38.79238599994701
      ],
      [
       -77.05637299967164,
       38.792372000126456
      ],
      [
       -77.05634699973236,
       38.79235900014054
      ],
      [
       -77.05632699964089,
       38.79235000020282
      ],
      [
       -77.05591200043749,
       38.79214200008006
      ],
      [
       -77.05548499974192,
       38.79192800028972
      ],
      [
       -77.05543500041152,
       38.791902000153655
      ],
      [
       -77.05542000034289,
       38.79189400000215
      ],
      [
       -77.05470599959214,
       38.79151999996952
      ],
      [
       -77.05450899994867,
       38.79143199988258
      ],
      [
       -77.05427700014506,
       38.7913460000905
      ],
      [
       -77.05404699999129,
       38.79129300023211
      ],
      [
       -77.05382299968531,
       38.79122600028867
      ],
      [
       -77.05369899983674,
       38.79118000001929
      ],
      [
       -77.05346399966011,
       38.79108300011507
      ],
      [
       -77.05312999974926,
       38.790946000198765
      ],
      [
       -77.05268500040866,
       38.79076400004072
      ],
      [
       -77.0525129999812,
       38.79067700028188
      ],
      [
       -77.05224199981956,
       38.79051299977982
      ],
      [
       -77.05206400044264,
       38.7903879999507
      ],
      [
       -77.05184799963425,
       38.790220000014315
      ],
      [
       -77.05169100017373,
       38.79011499985303
      ],
      [
       -77.05151399972341,
       38.79001799990004
      ],
      [
       -77.05146400039301,
       38.78999000002623
      ],
      [
       -77.0514149999892,
       38.78996399988343
      ],
      [
       -77.0513649997605,
       38.789937999731215
      ],
      [
       -77.05131899972974,
       38.78991400001318
      ],
      [
       -77.05129299979048,
       38.78990100027921
      ],
      [
       -77.05126000017852,
       38.789883999654016
      ],
      [
       -77.05122099982044,
       38.7898640001078
      ],
      [
       -77.05102599982678,
       38.789763000317976
      ],
      [
       -77.04703999973967,
       38.78797399981434
      ],
      [
       -77.04136200035701,
       38.7854149996579
      ],
      [
       -77.04025000012132,
       38.785215999746356
      ],
      [
       -77.04009500031063,
       38.78991200026966
      ],
      [
       -77.04046500020648,
       38.79040499975551
      ],
      [
       -77.04004599990682,
       38.79043200030203
      ],
      [
       -77.03982800034694,
       38.79044800023214
      ],
      [
       -77.03963099980511,
       38.79046699975059
      ],
      [
       -77.03954700013954,
       38.79048500010044
      ],
      [
       -77.03947000014664,
       38.790739000040396
      ],
      [
       -77.03942599976571,
       38.79080900001916
      ],
      [
       -77.03944500003229,
       38.79087800007101
      ],
      [
       -77.03943800035958,
       38.791085999681
      ],
      [
       -77.03936200019162,
       38.79116699981604
      ],
      [
       -77.03939200032883,
       38.79132499970213
      ],
      [
       -77.03938399993292,
       38.791454000089544
      ],
      [
       -77.03937100041244,
       38.79152099981868
      ],
      [
       -77.03935999964347,
       38.7915750000562
      ],
      [
       -77.03936600038958,
       38.79158999988148
      ],
      [
       -77.03900599964115,
       38.791644999914155
      ],
      [
       -77.03898999974763,
       38.792415000116726
      ],
      [
       -77.0389880000978,
       38.79249900034851
      ],
      [
       -77.03898700027288,
       38.7925520000104
      ],
      [
       -77.03898399989984,
       38.79276699985953
      ],
      [
       -77.03898300007492,
       38.79282700023902
      ],
      [
       -77.03898399989984,
       38.79291500000412
      ],
      [
       -77.0389880000978,
       38.79367299986327
      ],
      [
       -77.0389889999227,
       38.793700999690756
      ],
      [
       -77.0390090000142,
       38.79440999988372
      ],
      [
       -77.0390090000142,
       38.79446899977248
      ],
      [
       -77.0390099998391,
       38.794540999902885
      ],
      [
       -77.03901499986198,
       38.79473400016587
      ],
      [
       -77.03904699964903,
       38.79589199987084
      ],
      [
       -77.03907400031152,
       38.79687599998258
      ],
      [
       -77.03907400031152,
       38.796903000178354
      ],
      [
       -77.03907599996136,
       38.79699000003948
      ],
      [
       -77.03908000015932,
       38.79715999966284
      ],
      [
       -77.03908400035726,
       38.79728800022354
      ],
      [
       -77.03909199985486,
       38.797570999897935
      ],
      [
       -77.03909400040301,
       38.79758899985408
      ],
      [
       -77.03909799970265,
       38.79764899967498
      ],
      [
       -77.03910400044876,
       38.79783599995961
      ],
      [
       -77.03911399959618,
       38.79816899997411
      ],
      [
       -77.0391560003273,
       38.79945200013119
      ],
      [
       -77.03915799997712,
       38.79950699969805
      ],
      [
       -77.0391639998249,
       38.79974199985114
      ],
      [
       -77.03917600041876,
       38.80003399995072
      ],
      [
       -77.03918399991638,
       38.800299999680924
      ],
      [
       -77.03919099958907,
       38.80049600032067
      ],
      [
       -77.03913000038801,
       38.80081699968242
      ],
      [
       -77.03896600035648,
       38.80167699977258
      ],
      [
       -77.03861999985176,
       38.80347999982615
      ],
      [
       -77.03823900008527,
       38.80508800004547
      ],
      [
       -77.03805599978716,
       38.8059689999702
      ],
      [
       -77.03772000022649,
       38.808144000137446
      ],
      [
       -77.03764200040868,
       38.80857400031329
      ],
      [
       -77.03728800040635,
       38.81052699997311
      ],
      [
       -77.03730599994971,
       38.812236999880305
      ],
      [
       -77.03733799973675,
       38.81340499966321
      ],
      [
       -77.03735600017842,
       38.81418699991455
      ],
      [
       -77.03735799982825,
       38.814476999857206
      ],
      [
       -77.03735600017842,
       38.81453499970408
      ],
      [
       -77.03734299975963,
       38.814634999860075
      ],
      [
       -77.0373620000262,
       38.81470399994188
      ],
      [
       -77.03738899979038,
       38.81473900006939
      ],
      [
       -77.0374170002778,
       38.81478600005358
      ],
      [
       -77.03742700032353,
       38.814852000023734
      ],
      [
       -77.03743700036927,
       38.81493899966819
      ],
      [
       -77.03747300035428,
       38.81499699983875
      ],
      [
       -77.03752299968468,
       38.815043999652694
      ],
      [
       -77.0375939998298,
       38.81508899969866
      ],
      [
       -77.03767300037083,
       38.81514300027628
      ],
      [
       -77.03774100014289,
       38.815182999874075
      ],
      [
       -77.03782599963338,
       38.81524799996003
      ],
      [
       -77.03790699982424,
       38.81532100030889
      ],
      [
       -77.03802599964992,
       38.8154359997671
      ],
      [
       -77.03807900025168,
       38.815514000285994
      ],
      [
       -77.03814600019884,
       38.81561300025621
      ],
      [
       -77.03822300019172,
       38.81577200004772
      ],
      [
       -77.03827400024535,
       38.815873000074276
      ],
      [
       -77.03831500025325,
       38.81596900032711
      ],
      [
       -77.03835100023825,
       38.81602900006946
      ],
      [
       -77.03837800000244,
       38.81607100027901
      ],
      [
       -77.03841200033762,
       38.81608999996571
      ],
      [
       -77.03842099966013,
       38.81613900016577
      ],
      [
       -77.03842599968301,
       38.81619899976491
      ],
      [
       -77.03843200042911,
       38.81621200030133
      ],
      [
       -77.03844699959942,
       38.8162409998742
      ],
      [
       -77.03845800036837,
       38.81629299987515
      ],
      [
       -77.03848699978239,
       38.81651500017919
      ],
      [
       -77.03850600004895,
       38.81662100013702
      ],
      [
       -77.03852299976738,
       38.816714999690284
      ],
      [
       -77.03854000038413,
       38.81681100020804
      ],
      [
       -77.03855299990461,
       38.816898000259236
      ],
      [
       -77.0385589997524,
       38.81697800026082
      ],
      [
       -77.0385660003234,
       38.817048999854464
      ],
      [
       -77.03854000038413,
       38.8170639999173
      ],
      [
       -77.03854399968377,
       38.81707899997697
      ],
      [
       -77.03856799997324,
       38.81708899978169
      ],
      [
       -77.03857600036915,
       38.81710799989669
      ],
      [
       -77.03860700033128,
       38.81718300011706
      ],
      [
       -77.03863099972243,
       38.8172680000381
      ],
      [
       -77.03866000003474,
       38.817340000229414
      ],
      [
       -77.03867500010335,
       38.817407000118465
      ],
      [
       -77.03869099999687,
       38.81745700029758
      ],
      [
       -77.03870400041566,
       38.81751300014853
      ],
      [
       -77.03871100008837,
       38.81755999970195
      ],
      [
       -77.03870199986753,
       38.81759600000906
      ],
      [
       -77.03871100008837,
       38.81764300020763
      ],
      [
       -77.03874299987542,
       38.81763500014625
      ],
      [
       -77.03877700021059,
       38.81768500016529
      ],
      [
       -77.03875200009624,
       38.81770500030306
      ],
      [
       -77.03875100027135,
       38.81773600033051
      ],
      [
       -77.0387780000355,
       38.81780800004868
      ],
      [
       -77.03878899990617,
       38.81785500010734
      ],
      [
       -77.0388259997161,
       38.81787500019737
      ],
      [
       -77.03883699958675,
       38.81792200021181
      ],
      [
       -77.03881200037071,
       38.817946000296566
      ],
      [
       -77.03879999977681,
       38.81797799969712
      ],
      [
       -77.03880899999764,
       38.818001000285385
      ],
      [
       -77.03885599985333,
       38.818036999669644
      ],
      [
       -77.03884400015774,
       38.81811399996361
      ],
      [
       -77.03881999986831,
       38.81813699980802
      ],
      [
       -77.03885599985333,
       38.818164999821605
      ],
      [
       -77.03886699972396,
       38.81820800034593
      ],
      [
       -77.03886900027213,
       38.818244999799745
      ],
      [
       -77.03887299957175,
       38.81832099969571
      ],
      [
       -77.0388819997926,
       38.81837799973945
      ],
      [
       -77.03889799968611,
       38.818427999936766
      ],
      [
       -77.03890899955675,
       38.8184689999603
      ],
      [
       -77.03892699999844,
       38.81851200030113
      ],
      [
       -77.03895100028787,
       38.81857700014846
      ],
      [
       -77.0389680000063,
       38.81862499986845
      ],
      [
       -77.03897700022715,
       38.81866800011503
      ],
      [
       -77.03898499972475,
       38.81868199966888
      ],
      [
       -77.03899200029576,
       38.81869999989108
      ],
      [
       -77.03899099957253,
       38.818726000048464
      ],
      [
       -77.03898100042511,
       38.81875499999744
      ],
      [
       -77.03896999965613,
       38.81877899980147
      ],
      [
       -77.03908299963405,
       38.818820000322894
      ],
      [
       -77.03906099989273,
       38.818865000082724
      ],
      [
       -77.03912000034228,
       38.81888499988911
      ],
      [
       -77.0391010000757,
       38.818938999688214
      ],
      [
       -77.0390380003265,
       38.81892100022634
      ],
      [
       -77.03902999993059,
       38.818929000143264
      ],
      [
       -77.03900599964115,
       38.81895100026013
      ],
      [
       -77.03898499972475,
       38.81897600016202
      ],
      [
       -77.0389529999377,
       38.81901100028983
      ],
      [
       -77.03892500034861,
       38.81903600017066
      ],
      [
       -77.03890699990694,
       38.81906200020537
      ],
      [
       -77.03888599999054,
       38.81908899969295
      ],
      [
       -77.03887199974685,
       38.819124999927055
      ],
      [
       -77.0388619997011,
       38.819166999710546
      ],
      [
       -77.03886400024925,
       38.81925899978304
      ],
      [
       -77.03886699972396,
       38.8193289997433
      ],
      [
       -77.03889900040934,
       38.81936800033125
      ],
      [
       -77.03890500025712,
       38.81939800017678
      ],
      [
       -77.03889199983834,
       38.8194269998521
      ],
      [
       -77.03892000032573,
       38.81947300008516
      ],
      [
       -77.03892299980048,
       38.819504000042905
      ],
      [
       -77.03894200006705,
       38.81953299967506
      ],
      [
       -77.0389599996104,
       38.81953600014315
      ],
      [
       -77.03898300007492,
       38.819538999911266
      ],
      [
       -77.03902499990771,
       38.81952599998218
      ],
      [
       -77.03913200003784,
       38.819605999831175
      ],
      [
       -77.03921599970343,
       38.819668999771515
      ],
      [
       -77.0392769998028,
       38.81972600013612
      ],
      [
       -77.03933999955198,
       38.81978899997029
      ],
      [
       -77.03937399988718,
       38.819817000034256
      ],
      [
       -77.03942900013877,
       38.819845000087156
      ],
      [
       -77.03949600008592,
       38.81986699992108
      ],
      [
       -77.03955499963715,
       38.81987499973174
      ],
      [
       -77.039607000414,
       38.81988800029703
      ],
      [
       -77.03966500014032,
       38.819891000050255
      ],
      [
       -77.03972899971443,
       38.81988499984376
      ],
      [
       -77.03981300027833,
       38.81997399993885
      ],
      [
       -77.03990000031695,
       38.820073000008385
      ],
      [
       -77.03990500033983,
       38.820135000087845
      ],
      [
       -77.03997200028698,
       38.820254000055314
      ],
      [
       -77.03993499957873,
       38.82046099986605
      ],
      [
       -77.03996999973884,
       38.82050099997649
      ],
      [
       -77.03999499985319,
       38.82052600003408
      ],
      [
       -77.040008000272,
       38.820562999683304
      ],
      [
       -77.04001300029485,
       38.8205889998604
      ],
      [
       -77.04004000005904,
       38.820613999887094
      ],
      [
       -77.04004400025701,
       38.82065299977129
      ],
      [
       -77.0400290001884,
       38.820676000195476
      ],
      [
       -77.03999800022623,
       38.82069799977263
      ],
      [
       -77.03998200033271,
       38.82072799975769
      ],
      [
       -77.03996800008902,
       38.82076500000186
      ],
      [
       -77.03995499967023,
       38.82080799965618
      ],
      [
       -77.03993399975383,
       38.82085800024693
      ],
      [
       -77.03989799976881,
       38.82090199998191
      ],
      [
       -77.03984500006537,
       38.820949000098224
      ],
      [
       -77.03980200040766,
       38.821006000138155
      ],
      [
       -77.03973999958507,
       38.821060999863285
      ],
      [
       -77.03967299963792,
       38.82109099969543
      ],
      [
       -77.03962099975938,
       38.82112100021483
      ],
      [
       -77.03956800005592,
       38.821139999954
      ],
      [
       -77.03955299998734,
       38.82116200008769
      ],
      [
       -77.03954700013954,
       38.82120799989993
      ],
      [
       -77.0395439997665,
       38.82125499981427
      ],
      [
       -77.03954200011667,
       38.82127599978087
      ],
      [
       -77.0395160001774,
       38.82129099965326
      ],
      [
       -77.0395160001774,
       38.82131399987133
      ],
      [
       -77.03950799978148,
       38.82133599995126
      ],
      [
       -77.03949799973573,
       38.821360000285225
      ],
      [
       -77.03948600004016,
       38.82140399971002
      ],
      [
       -77.03945900027598,
       38.821431999838794
      ],
      [
       -77.0394440002074,
       38.8214560001404
      ],
      [
       -77.03945900027598,
       38.82155699980459
      ],
      [
       -77.03949199988796,
       38.82158399974598
      ],
      [
       -77.03948799968998,
       38.821604000188465
      ],
      [
       -77.03949600008592,
       38.82165599977295
      ],
      [
       -77.03955399981223,
       38.82169900028897
      ],
      [
       -77.03958399994947,
       38.821705000342625
      ],
      [
       -77.03963400017818,
       38.82173200022788
      ],
      [
       -77.0396579995693,
       38.821767999825674
      ],
      [
       -77.03971100017107,
       38.82181700031827
      ],
      [
       -77.03976399987452,
       38.821823999786
      ],
      [
       -77.03981699957797,
       38.82184400016112
      ],
      [
       -77.0398890004463,
       38.82185199974968
      ],
      [
       -77.03993600030196,
       38.82188099982536
      ],
      [
       -77.04005900032561,
       38.821895000147336
      ],
      [
       -77.04010399963315,
       38.821915999925146
      ],
      [
       -77.04023599987762,
       38.82197000022532
      ],
      [
       -77.0403880002136,
       38.821990999981075
      ],
      [
       -77.0405229999328,
       38.82196799998168
      ],
      [
       -77.04059800027586,
       38.82198999985955
      ],
      [
       -77.04065000015441,
       38.82202299966361
      ],
      [
       -77.04068600013943,
       38.82203699995761
      ],
      [
       -77.04073800001795,
       38.822082999904445
      ],
      [
       -77.04075800010943,
       38.82209000004592
      ],
      [
       -77.0408259998815,
       38.82217599982792
      ],
      [
       -77.04086699988937,
       38.82223599993983
      ],
      [
       -77.04087299973716,
       38.822339000130704
      ],
      [
       -77.04091399974504,
       38.8224159999722
      ],
      [
       -77.0409809996922,
       38.822559000256845
      ],
      [
       -77.04098200041543,
       38.822590000270864
      ],
      [
       -77.04099699958573,
       38.8226080002051
      ],
      [
       -77.04100400015675,
       38.82266500031674
      ],
      [
       -77.04103900031684,
       38.82271799993755
      ],
      [
       -77.0410860001725,
       38.82288500013552
      ],
      [
       -77.04108799982232,
       38.82292699980094
      ],
      [
       -77.0411070000889,
       38.822939999809016
      ],
      [
       -77.0410939996701,
       38.82304900032168
      ],
      [
       -77.04109899969299,
       38.82308200033482
      ],
      [
       -77.04108000032473,
       38.82319099993023
      ],
      [
       -77.04106799973083,
       38.823228999698586
      ],
      [
       -77.04106699990594,
       38.823256999809594
      ],
      [
       -77.04104400033971,
       38.82329400013935
      ],
      [
       -77.04101900022535,
       38.8233160003074
      ],
      [
       -77.04098200041543,
       38.82333699966618
      ],
      [
       -77.0409530001031,
       38.82337199975016
      ],
      [
       -77.04089000035391,
       38.823383000172925
      ],
      [
       -77.04079499991937,
       38.82344600027097
      ],
      [
       -77.04077999985076,
       38.823482999802636
      ],
      [
       -77.04068600013943,
       38.823553999909414
      ],
      [
       -77.04065000015441,
       38.82356699980302
      ],
      [
       -77.04062900023801,
       38.823588999886724
      ],
      [
       -77.04061800036736,
       38.82360399997168
      ],
      [
       -77.040593000253,
       38.82361499965873
      ],
      [
       -77.04053100032871,
       38.82361900005353
      ],
      [
       -77.040517000085,
       38.823636000329074
      ],
      [
       -77.04043800044231,
       38.82363799982598
      ],
      [
       -77.0404180003508,
       38.82365399999884
      ],
      [
       -77.04038400001562,
       38.82366200008392
      ],
      [
       -77.04034200018283,
       38.82368199994272
      ],
      [
       -77.04028899958107,
       38.82368199994272
      ],
      [
       -77.04026299964181,
       38.82370700028323
      ],
      [
       -77.04019599969466,
       38.82371300016772
      ],
      [
       -77.04016800010555,
       38.8237229997407
      ],
      [
       -77.04013700014342,
       38.823721000246124
      ],
      [
       -77.04010899965601,
       38.82373600030333
      ],
      [
       -77.0400659999983,
       38.82374599987313
      ],
      [
       -77.04004900027986,
       38.823751999754286
      ],
      [
       -77.04001300029485,
       38.823751999754286
      ],
      [
       -77.03997099956375,
       38.82374399967933
      ],
      [
       -77.03981499992815,
       38.82373899989446
      ],
      [
       -77.03979499983666,
       38.823750999657506
      ],
      [
       -77.0397689998974,
       38.823750999657506
      ],
      [
       -77.0397489998059,
       38.82376599970833
      ],
      [
       -77.03971799984376,
       38.823780999756
      ],
      [
       -77.03969600010245,
       38.82378999992312
      ],
      [
       -77.03967600001097,
       38.82380700015783
      ],
      [
       -77.03967299963792,
       38.823829000167365
      ],
      [
       -77.03967199981301,
       38.82384400020177
      ],
      [
       -77.03968100003385,
       38.82385700004243
      ],
      [
       -77.0396860000567,
       38.823870999975824
      ],
      [
       -77.03966900033828,
       38.82388800019119
      ],
      [
       -77.03966799961505,
       38.823926999681895
      ],
      [
       -77.03964199967578,
       38.8239530000304
      ],
      [
       -77.03959999984298,
       38.82396399966354
      ],
      [
       -77.03959999984298,
       38.823983000043796
      ],
      [
       -77.03953500044398,
       38.824007000185425
      ],
      [
       -77.03950899960638,
       38.8240259998544
      ],
      [
       -77.03945900027598,
       38.82402499976146
      ],
      [
       -77.0394109996971,
       38.82404199994006
      ],
      [
       -77.03937399988718,
       38.82404199994006
      ],
      [
       -77.03933500042743,
       38.824059000114595
      ],
      [
       -77.03925599988641,
       38.82406199969212
      ],
      [
       -77.03921700042666,
       38.824085999807124
      ],
      [
       -77.03918200026655,
       38.82408799999128
      ],
      [
       -77.03912700001497,
       38.824091000267444
      ],
      [
       -77.03908500018218,
       38.824104000063
      ],
      [
       -77.03906799956543,
       38.82412399979764
      ],
      [
       -77.03905000002207,
       38.82414300013526
      ],
      [
       -77.03902999993059,
       38.82416899970502
      ],
      [
       -77.03901200038725,
       38.82422800014697
      ],
      [
       -77.03897700022715,
       38.824271999899096
      ],
      [
       -77.03894000041723,
       38.82431600032385
      ],
      [
       -77.03890000023426,
       38.824357999845084
      ],
      [
       -77.03888099996767,
       38.824371000291706
      ],
      [
       -77.03887099992194,
       38.82440800004262
      ],
      [
       -77.03883599976183,
       38.82442199986767
      ],
      [
       -77.03880099960173,
       38.82444399968719
      ],
      [
       -77.0387839998833,
       38.82447300010691
      ],
      [
       -77.03878899990617,
       38.824506000159936
      ],
      [
       -77.03880200032498,
       38.82453499985455
      ],
      [
       -77.03880999982256,
       38.824551999911385
      ],
      [
       -77.03883800030997,
       38.82455799972467
      ],
      [
       -77.03882700043933,
       38.824588000183006
      ],
      [
       -77.03881099964748,
       38.82461200012071
      ],
      [
       -77.038790999556,
       38.82464299994076
      ],
      [
       -77.03879899995191,
       38.824692999938144
      ],
      [
       -77.03876399979181,
       38.824741999817554
      ],
      [
       -77.03874899972321,
       38.82489000003405
      ],
      [
       -77.03875999959384,
       38.82497399977417
      ],
      [
       -77.0386650000576,
       38.82506600004232
      ],
      [
       -77.03862599969955,
       38.82541900022683
      ],
      [
       -77.0386159996538,
       38.82550400011486
      ],
      [
       -77.03865500001187,
       38.82556799980716
      ],
      [
       -77.03866599988253,
       38.82567200014674
      ],
      [
       -77.03862800024768,
       38.82576799978701
      ],
      [
       -77.0386080001562,
       38.82592199966852
      ],
      [
       -77.03853899966091,
       38.82603600013882
      ],
      [
       -77.03857800001897,
       38.826089000049755
      ],
      [
       -77.03856200012544,
       38.82619300032808
      ],
      [
       -77.03852000029265,
       38.826257000100874
      ],
      [
       -77.03850600004895,
       38.826349000110824
      ],
      [
       -77.03846400021617,
       38.82644200006094
      ],
      [
       -77.03844900014754,
       38.82652600006944
      ],
      [
       -77.03840200029188,
       38.82682800009793
      ],
      [
       -77.03833699999454,
       38.82692300022668
      ],
      [
       -77.03830299965936,
       38.827098000058335
      ],
      [
       -77.0383339996215,
       38.82712700009686
      ],
      [
       -77.03838200020039,
       38.82717200020563
      ],
      [
       -77.03836700013179,
       38.827265999827915
      ],
      [
       -77.0383119998802,
       38.82731600008268
      ],
      [
       -77.03830199983445,
       38.82735199965654
      ],
      [
       -77.03828599994091,
       38.82741699983238
      ],
      [
       -77.03827199969723,
       38.82748199994892
      ],
      [
       -77.03827800044331,
       38.82750799969897
      ],
      [
       -77.0382630003747,
       38.827522999658115
      ],
      [
       -77.03823599971221,
       38.82754700000606
      ],
      [
       -77.03820499975008,
       38.82757000030278
      ],
      [
       -77.03819600042755,
       38.8275909998065
      ],
      [
       -77.03818899985654,
       38.827614000089
      ],
      [
       -77.0381789998108,
       38.82763600032185
      ],
      [
       -77.03816999958998,
       38.827648000127866
      ],
      [
       -77.03815100022172,
       38.82766300005751
      ],
      [
       -77.03814100017598,
       38.827680000067275
      ],
      [
       -77.03813500032818,
       38.82769299990736
      ],
      [
       -77.0381360001531,
       38.827710999951144
      ],
      [
       -77.03814100017598,
       38.82772899999036
      ],
      [
       -77.03814500037394,
       38.827741999821455
      ],
      [
       -77.03814200000087,
       38.82775200022829
      ],
      [
       -77.03814100017598,
       38.827771000297474
      ],
      [
       -77.03814200000087,
       38.82778300008074
      ],
      [
       -77.03815100022172,
       38.82780000006185
      ],
      [
       -77.03815600024457,
       38.827812999880024
      ],
      [
       -77.03816000044255,
       38.827836000090805
      ],
      [
       -77.03816200009237,
       38.82786099967247
      ],
      [
       -77.03815600024457,
       38.82787300014039
      ],
      [
       -77.03815200004661,
       38.82789400025462
      ],
      [
       -77.03814700002376,
       38.82793599976454
      ],
      [
       -77.03813100013022,
       38.82795000029553
      ],
      [
       -77.03813100013022,
       38.82800200014414
      ],
      [
       -77.03812500028243,
       38.82802300022025
      ],
      [
       -77.0381150002367,
       38.828042000217124
      ],
      [
       -77.0380940003203,
       38.8280570000638
      ],
      [
       -77.0380869997493,
       38.828066999726495
      ],
      [
       -77.0380780004268,
       38.82807500001554
      ],
      [
       -77.03807000003086,
       38.82808799978344
      ],
      [
       -77.03806300035816,
       38.828104999691725
      ],
      [
       -77.03805599978716,
       38.82812599973746
      ],
      [
       -77.03805800033528,
       38.828141000266214
      ],
      [
       -77.03806500000799,
       38.82815500005705
      ],
      [
       -77.03807099985578,
       38.82816599974083
      ],
      [
       -77.03807199968067,
       38.82817800015734
      ],
      [
       -77.03806400018307,
       38.82819600007849
      ],
      [
       -77.03805599978716,
       38.82820899982434
      ],
      [
       -77.03804099971853,
       38.82822699973765
      ],
      [
       -77.03802800019807,
       38.82824500034624
      ],
      [
       -77.03802099962707,
       38.82826000015009
      ],
      [
       -77.03801899997724,
       38.828288999715284
      ],
      [
       -77.03803400004585,
       38.828332999756945
      ],
      [
       -77.03804300026667,
       38.82834800024207
      ],
      [
       -77.03804999993937,
       38.82836500008827
      ],
      [
       -77.03804900011446,
       38.82837999986683
      ],
      [
       -77.0380309996728,
       38.82839200024728
      ],
      [
       -77.03800700028165,
       38.828417999664985
      ],
      [
       -77.03800800010657,
       38.828435000194276
      ],
      [
       -77.03801700032741,
       38.828455000111965
      ],
      [
       -77.03801399995436,
       38.82846899984106
      ],
      [
       -77.03800599955845,
       38.82847600005446
      ],
      [
       -77.0379739997714,
       38.82857400017073
      ],
      [
       -77.0379689997485,
       38.828591999991815
      ],
      [
       -77.0379810003424,
       38.82861700000782
      ],
      [
       -77.03798299999222,
       38.828635999846206
      ],
      [
       -77.03798399981713,
       38.828653000323385
      ],
      [
       -77.03797499959632,
       38.82867400020747
      ],
      [
       -77.03796500044886,
       38.82870100024933
      ],
      [
       -77.03795399967991,
       38.82872200011926
      ],
      [
       -77.03794700000722,
       38.82875200022261
      ],
      [
       -77.03794700000722,
       38.82877300007749
      ],
      [
       -77.03795399967991,
       38.82879800002998
      ],
      [
       -77.03794799983214,
       38.82882099992246
      ],
      [
       -77.0379389996113,
       38.82883200020316
      ],
      [
       -77.03793199993859,
       38.82884299978232
      ],
      [
       -77.03791299967202,
       38.828893999653864
      ],
      [
       -77.03788599990784,
       38.828946000212575
      ],
      [
       -77.03788000006007,
       38.82897000008079
      ],
      [
       -77.03786499999144,
       38.82897500019812
      ],
      [
       -77.03785400012079,
       38.82898000031506
      ],
      [
       -77.03784300025015,
       38.828994999964046
      ],
      [
       -77.03783700040235,
       38.829011000332656
      ],
      [
       -77.03783599967913,
       38.82902800002052
      ],
      [
       -77.03784999992283,
       38.82905599995035
      ],
      [
       -77.03784900009792,
       38.82908199982537
      ],
      [
       -77.03782599963338,
       38.82914099969494
      ],
      [
       -77.0378060004402,
       38.82916400017642
      ],
      [
       -77.03778600034873,
       38.829180999827756
      ],
      [
       -77.03777299992994,
       38.829197000154565
      ],
      [
       -77.0377639997091,
       38.829212999777894
      ],
      [
       -77.03776200005927,
       38.829229000097456
      ],
      [
       -77.03776299988421,
       38.829239000295395
      ],
      [
       -77.03776899973198,
       38.8292479997725
      ],
      [
       -77.03778799999856,
       38.82927300025794
      ],
      [
       -77.037804999717,
       38.829295999997015
      ],
      [
       -77.03780399989208,
       38.82931499965418
      ],
      [
       -77.03779200019652,
       38.829325999858476
      ],
      [
       -77.0377550003866,
       38.82938200017256
      ],
      [
       -77.03776100023437,
       38.82941800010126
      ],
      [
       -77.03776899973198,
       38.82943299965796
      ],
      [
       -77.03776500043233,
       38.82944999994486
      ],
      [
       -77.03773000027222,
       38.82946800024421
      ],
      [
       -77.0376990003101,
       38.82950000006534
      ],
      [
       -77.03771299965547,
       38.82954200002741
      ],
      [
       -77.03771600002852,
       38.82959600014217
      ],
      [
       -77.03774600016577,
       38.82963199996265
      ],
      [
       -77.0377429997927,
       38.82974200004002
      ],
      [
       -77.03776999955689,
       38.82977199971353
      ],
      [
       -77.037776000303,
       38.82981100017994
      ],
      [
       -77.03774100014289,
       38.82984899991404
      ],
      [
       -77.03773699994493,
       38.82986400007973
      ],
      [
       -77.03774799981558,
       38.82991199988888
      ],
      [
       -77.03773899959475,
       38.83000400007414
      ],
      [
       -77.03774899964048,
       38.83003100031132
      ],
      [
       -77.0377550003866,
       38.83013799975093
      ],
      [
       -77.0377839998006,
       38.830180000036385
      ],
      [
       -77.03779899986922,
       38.83019500013233
      ],
      [
       -77.03782599963338,
       38.83019600013859
      ],
      [
       -77.03782499980846,
       38.830217000267304
      ],
      [
       -77.03782200033375,
       38.830241999712634
      ],
      [
       -77.03781499976273,
       38.8302909999717
      ],
      [
       -77.03783800022725,
       38.83031500008621
      ],
      [
       -77.03784400007505,
       38.83034200020543
      ],
      [
       -77.03782599963338,
       38.83040299973728
      ],
      [
       -77.03785800031875,
       38.8304579999013
      ],
      [
       -77.03788099988496,
       38.83048199995956
      ],
      [
       -77.03786300034162,
       38.83049499998772
      ],
      [
       -77.0378680003645,
       38.83053900006549
      ],
      [
       -77.03796600027378,
       38.8306170001365
      ],
      [
       -77.03802200035027,
       38.83066900013634
      ],
      [
       -77.0380240000001,
       38.83071700010249
      ],
      [
       -77.03800499973352,
       38.83074000007477
      ],
      [
       -77.03807900025168,
       38.83082399991051
      ],
      [
       -77.03813899962782,
       38.8308909997084
      ],
      [
       -77.0381500003968,
       38.830927000273576
      ],
      [
       -77.03820200027533,
       38.83098999999417
      ],
      [
       -77.03824300028323,
       38.831034999760455
      ],
      [
       -77.03825800035185,
       38.83104699969333
      ],
      [
       -77.03826000000166,
       38.83111000000752
      ],
      [
       -77.03828500011602,
       38.831172000273355
      ],
      [
       -77.03834899969011,
       38.831211999964715
      ],
      [
       -77.03841700036048,
       38.8312399997353
      ],
      [
       -77.03841300016254,
       38.831292999970735
      ],
      [
       -77.03847900028477,
       38.83137999982263
      ],
      [
       -77.03849799965302,
       38.83140700023768
      ],
      [
       -77.03853500036128,
       38.83142899999808
      ],
      [
       -77.03854600023193,
       38.831477000151544
      ],
      [
       -77.03856399977528,
       38.83151299972056
      ],
      [
       -77.03862800024768,
       38.8315519999329
      ],
      [
       -77.03861900002686,
       38.83159600005705
      ],
      [
       -77.03864599979104,
       38.831608999881766
      ],
      [
       -77.0386840003242,
       38.831630000293416
      ],
      [
       -77.03870900043854,
       38.831699000002835
      ],
      [
       -77.03875799994402,
       38.83173200020528
      ],
      [
       -77.03879599957885,
       38.831733000190006
      ],
      [
       -77.03882200041645,
       38.83175399986528
      ],
      [
       -77.03881800021848,
       38.8317750002341
      ],
      [
       -77.0388550000284,
       38.8318109996524
      ],
      [
       -77.03885900022637,
       38.83182900005451
      ],
      [
       -77.0388960000363,
       38.83185600029925
      ],
      [
       -77.03889900040934,
       38.83188599978162
      ],
      [
       -77.03895200011279,
       38.83192799973545
      ],
      [
       -77.03900399999132,
       38.83195599992416
      ],
      [
       -77.03903900015143,
       38.832032999861546
      ],
      [
       -77.03911600014432,
       38.832099999921056
      ],
      [
       -77.0391720002208,
       38.83214800032182
      ],
      [
       -77.03922900012222,
       38.83219400003402
      ],
      [
       -77.03933700007727,
       38.83226699980529
      ],
      [
       -77.0395570001853,
       38.83238899971611
      ],
      [
       -77.03968299968368,
       38.832473999679486
      ],
      [
       -77.03971299982088,
       38.832515999986185
      ],
      [
       -77.03973899976016,
       38.832534000209954
      ],
      [
       -77.03978099959295,
       38.832551999729446
      ],
      [
       -77.03985599993602,
       38.832570999917074
      ],
      [
       -77.03992799990604,
       38.8325810003453
      ],
      [
       -77.03995899986819,
       38.83259000009967
      ],
      [
       -77.04040999995489,
       38.83287000028672
      ],
      [
       -77.0404669998563,
       38.83287600009872
      ],
      [
       -77.04054200019937,
       38.83293399965494
      ],
      [
       -77.04060199957553,
       38.83296999988663
      ],
      [
       -77.04064400030664,
       38.83298300016018
      ],
      [
       -77.0407060002309,
       38.833030999965445
      ],
      [
       -77.04076800015517,
       38.83306200031816
      ],
      [
       -77.04082900025455,
       38.83311399993141
      ],
      [
       -77.04091100027031,
       38.83315599986042
      ],
      [
       -77.04100099978368,
       38.833205000212836
      ],
      [
       -77.0417120001614,
       38.833634000272355
      ],
      [
       -77.04178699960616,
       38.83367599989452
      ],
      [
       -77.0418889997134,
       38.8337099998371
      ],
      [
       -77.04200699971419,
       38.833721000062
      ],
      [
       -77.04203600002648,
       38.833718000191666
      ],
      [
       -77.04211800004225,
       38.8337099998371
      ],
      [
       -77.04219400021023,
       38.833692999867814
      ],
      [
       -77.04227899970073,
       38.833660999832354
      ],
      [
       -77.04237499996022,
       38.83361199979391
      ],
      [
       -77.04245600015106,
       38.83354699967653
      ],
      [
       -77.04252599957293,
       38.83347699969909
      ],
      [
       -77.04256199955795,
       38.83340599969159
      ],
      [
       -77.0425790001747,
       38.833331999726724
      ],
      [
       -77.04257699962656,
       38.83323899968063
      ],
      [
       -77.04255200041052,
       38.833164000277314
      ],
      [
       -77.0425580002583,
       38.83312500024842
      ],
      [
       -77.0425299997709,
       38.83308099966986
      ],
      [
       -77.04252399992312,
       38.83304800009284
      ],
      [
       -77.04253499979377,
       38.833029000032546
      ],
      [
       -77.04250200018181,
       38.83297599969021
      ],
      [
       -77.0424949996108,
       38.83295199977306
      ],
      [
       -77.04246199999885,
       38.83290999972368
      ],
      [
       -77.04243500023466,
       38.83283699991204
      ],
      [
       -77.04239699970151,
       38.832692000035394
      ],
      [
       -77.04234499982299,
       38.83266400013619
      ],
      [
       -77.04234700037111,
       38.83262199991687
      ],
      [
       -77.04233300012741,
       38.832594999962694
      ],
      [
       -77.04229299994445,
       38.83256300013336
      ],
      [
       -77.04229499959428,
       38.83250600024861
      ],
      [
       -77.04227299985295,
       38.832470999756595
      ],
      [
       -77.04224299971571,
       38.832409999897635
      ],
      [
       -77.04224199989082,
       38.832375000058164
      ],
      [
       -77.04221500012665,
       38.832317000046395
      ],
      [
       -77.0422200001495,
       38.83224300034886
      ],
      [
       -77.04219400021023,
       38.83221900018461
      ],
      [
       -77.04219900023311,
       38.832164999960284
      ],
      [
       -77.04215099965423,
       38.83208700018601
      ],
      [
       -77.04214700035457,
       38.83196499975756
      ],
      [
       -77.04208700008012,
       38.83184499978607
      ],
      [
       -77.04206000031594,
       38.83183499995427
      ],
      [
       -77.0420350002016,
       38.83178800002618
      ],
      [
       -77.04202099995787,
       38.831743000036134
      ],
      [
       -77.04199500001862,
       38.831673999669626
      ],
      [
       -77.04200000004147,
       38.83163300025175
      ],
      [
       -77.04198900017084,
       38.83160599992243
      ],
      [
       -77.0419590000336,
       38.831587000177
      ],
      [
       -77.04197900012508,
       38.83156699973972
      ],
      [
       -77.0419719995541,
       38.831519000346745
      ],
      [
       -77.04198400014796,
       38.831484000069146
      ],
      [
       -77.04201199973704,
       38.83144499981961
      ],
      [
       -77.04204199987427,
       38.831430999975986
      ],
      [
       -77.04208799990502,
       38.83142500004217
      ],
      [
       -77.04211499966921,
       38.83141100019461
      ],
      [
       -77.04210399979856,
       38.83137499987428
      ],
      [
       -77.04210899982141,
       38.8313330002939
      ],
      [
       -77.04227399967787,
       38.83127300015059
      ],
      [
       -77.04238900020391,
       38.83122399986775
      ],
      [
       -77.04242299964079,
       38.831226999843196
      ],
      [
       -77.04246100017394,
       38.831247999667745
      ],
      [
       -77.04251100040265,
       38.83124599968471
      ],
      [
       -77.04254900003748,
       38.83121699992458
      ],
      [
       -77.04280500013051,
       38.831190000137255
      ],
      [
       -77.04288499959814,
       38.83120600001245
      ],
      [
       -77.04291100043572,
       38.83122399986775
      ],
      [
       -77.04299799957606,
       38.83124899965922
      ],
      [
       -77.04304699997985,
       38.83129099998896
      ],
      [
       -77.04309899985839,
       38.83134800014688
      ],
      [
       -77.04312899999562,
       38.831352000107124
      ],
      [
       -77.04314800026219,
       38.831369999925506
      ],
      [
       -77.04318400024721,
       38.8314230000641
      ],
      [
       -77.04320699981342,
       38.831429999987066
      ],
      [
       -77.04327399976057,
       38.831508999769355
      ],
      [
       -77.04327799995852,
       38.83153200018552
      ],
      [
       -77.0433180001415,
       38.83161599978644
      ],
      [
       -77.04331399994354,
       38.83164000015402
      ],
      [
       -77.04333999988282,
       38.83167900029677
      ],
      [
       -77.04333800023299,
       38.831712999793695
      ],
      [
       -77.04335699960124,
       38.831733000190006
      ],
      [
       -77.04337000002003,
       38.83184599976921
      ],
      [
       -77.04341199985282,
       38.83186800009371
      ],
      [
       -77.04346399973137,
       38.83190100021781
      ],
      [
       -77.04347499960203,
       38.83208500022654
      ],
      [
       -77.04350200026451,
       38.83212500010465
      ],
      [
       -77.04350599956416,
       38.832190000121045
      ],
      [
       -77.04352300018091,
       38.83221700022885
      ],
      [
       -77.04354800029527,
       38.8323070002809
      ],
      [
       -77.0435430002724,
       38.832370000179694
      ],
      [
       -77.0435719996864,
       38.83242700017331
      ],
      [
       -77.04360099999872,
       38.832468999807965
      ],
      [
       -77.04359900034889,
       38.832567999998275
      ],
      [
       -77.0436140004175,
       38.832593999990124
      ],
      [
       -77.04361100004446,
       38.832645999945285
      ],
      [
       -77.0436420000066,
       38.832697999862404
      ],
      [
       -77.0436639997479,
       38.8327550002932
      ],
      [
       -77.04367100031892,
       38.83285100017885
      ],
      [
       -77.04368800003736,
       38.8328930002631
      ],
      [
       -77.04371399997662,
       38.83294400003212
      ],
      [
       -77.04373599971794,
       38.83296500004991
      ],
      [
       -77.04374599976367,
       38.83302100030026
      ],
      [
       -77.04379099996952,
       38.833075999840986
      ],
      [
       -77.04378599994664,
       38.83310800013946
      ],
      [
       -77.04375499998451,
       38.83314300031824
      ],
      [
       -77.0437680004033,
       38.83317899974445
      ],
      [
       -77.04384200002313,
       38.833194999872326
      ],
      [
       -77.04384100019824,
       38.83322800008097
      ],
      [
       -77.04379500016748,
       38.83325099994172
      ],
      [
       -77.0437969998173,
       38.833317000291835
      ],
      [
       -77.04377400025109,
       38.83336100002473
      ],
      [
       -77.04379199979444,
       38.833381999919425
      ],
      [
       -77.04383399962722,
       38.833410000235965
      ],
      [
       -77.04391300016825,
       38.83343999976315
      ],
      [
       -77.04392800023686,
       38.833469999977424
      ],
      [
       -77.04397199971949,
       38.83351600023482
      ],
      [
       -77.04405600028339,
       38.833525999830464
      ],
      [
       -77.04416699971314,
       38.833521000032846
      ],
      [
       -77.04419299965242,
       38.83352999966836
      ],
      [
       -77.04421500029206,
       38.8335599998447
      ],
      [
       -77.04423799985828,
       38.83358400025662
      ],
      [
       -77.04425600029992,
       38.833590999967015
      ],
      [
       -77.04430499980543,
       38.833621000117645
      ],
      [
       -77.0443459998133,
       38.83368700012466
      ],
      [
       -77.04439799969182,
       38.833747000332394
      ],
      [
       -77.04444200007275,
       38.833818999955106
      ],
      [
       -77.04445600031647,
       38.833884999778526
      ],
      [
       -77.04448599955538,
       38.83392999981387
      ],
      [
       -77.04454400018003,
       38.834056000181384
      ],
      [
       -77.04453400013426,
       38.83409900020578
      ],
      [
       -77.04457699979197,
       38.83414000030248
      ],
      [
       -77.04463600024154,
       38.83423000002228
      ],
      [
       -77.0446350004166,
       38.83425400020827
      ],
      [
       -77.044648999762,
       38.83433700014757
      ],
      [
       -77.04466700020366,
       38.83436400014065
      ],
      [
       -77.04469999981562,
       38.834445000058565
      ],
      [
       -77.04472599975489,
       38.834472000010685
      ],
      [
       -77.04473199960267,
       38.834575999938
      ],
      [
       -77.04478400037954,
       38.83464299970301
      ],
      [
       -77.04477799963342,
       38.83471399987603
      ],
      [
       -77.04481899964132,
       38.834759000087004
      ],
      [
       -77.04481600016659,
       38.8347999998035
      ],
      [
       -77.0448589998243,
       38.834879000043976
      ],
      [
       -77.04486499967207,
       38.83493800000698
      ],
      [
       -77.04488300011373,
       38.83498200013726
      ],
      [
       -77.0448939999844,
       38.83500400019222
      ],
      [
       -77.0448959996342,
       38.83504199995307
      ],
      [
       -77.04490499985505,
       38.835057999662155
      ],
      [
       -77.04490099965709,
       38.835079999693626
      ],
      [
       -77.04490800022808,
       38.835094000219
      ],
      [
       -77.04491300025096,
       38.83518600000436
      ],
      [
       -77.0449509998858,
       38.835201999681075
      ],
      [
       -77.04496400030459,
       38.83526200001118
      ],
      [
       -77.04499100006876,
       38.835294000026536
      ],
      [
       -77.0449929997186,
       38.83538099988637
      ],
      [
       -77.0450079997872,
       38.835410999982315
      ],
      [
       -77.04501799983294,
       38.83547000020401
      ],
      [
       -77.04501799983294,
       38.83552200015724
      ],
      [
       -77.04502399968074,
       38.83553899968962
      ],
      [
       -77.0450289997036,
       38.83560799980814
      ],
      [
       -77.04504499959712,
       38.83562599994971
      ],
      [
       -77.04504799997017,
       38.83567300014251
      ],
      [
       -77.04504600032034,
       38.83577499985855
      ],
      [
       -77.04508700032824,
       38.83582599966178
      ],
      [
       -77.04510300022176,
       38.83586099990349
      ],
      [
       -77.04512999998593,
       38.835881999760325
      ],
      [
       -77.04521799984948,
       38.83592799985828
      ],
      [
       -77.04519399956004,
       38.83595900034866
      ],
      [
       -77.04510900006953,
       38.83602399966277
      ],
      [
       -77.04505299999303,
       38.836077999758245
      ],
      [
       -77.04505499964287,
       38.83611800019131
      ],
      [
       -77.04507999975722,
       38.836165000059204
      ],
      [
       -77.04512400013814,
       38.836175999904675
      ],
      [
       -77.0451419996815,
       38.836242000341365
      ],
      [
       -77.04515099990233,
       38.83631500015941
      ],
      [
       -77.04515199972725,
       38.83638099976744
      ],
      [
       -77.04514699970437,
       38.83644600009553
      ],
      [
       -77.04519500028326,
       38.83650300032368
      ],
      [
       -77.04520600015391,
       38.83652699974314
      ],
      [
       -77.04522399969727,
       38.83658699965594
      ],
      [
       -77.0452120000017,
       38.83662599988696
      ],
      [
       -77.04523000044337,
       38.8366560001578
      ],
      [
       -77.04524100031402,
       38.836688000246184
      ],
      [
       -77.04521799984948,
       38.836735999652035
      ],
      [
       -77.04524899981163,
       38.83684599994678
      ],
      [
       -77.04526700025329,
       38.83692400010367
      ],
      [
       -77.0452610004055,
       38.83696799970589
      ],
      [
       -77.04528399997173,
       38.83701399980167
      ],
      [
       -77.04528099959867,
       38.837042000088765
      ],
      [
       -77.04530800026117,
       38.837144999850615
      ],
      [
       -77.04533000000248,
       38.83718100005152
      ],
      [
       -77.04531699958369,
       38.837246000348735
      ],
      [
       -77.04529800021542,
       38.83726400007603
      ],
      [
       -77.0452749997509,
       38.837272999937994
      ],
      [
       -77.04526600042838,
       38.83731099988678
      ],
      [
       -77.04526999972802,
       38.837334999733564
      ],
      [
       -77.04532900017757,
       38.83741900018298
      ],
      [
       -77.04532400015471,
       38.837668999734355
      ],
      [
       -77.04532699962942,
       38.837716999877976
      ],
      [
       -77.04535699976665,
       38.83774699968892
      ],
      [
       -77.04539399957659,
       38.83777100008833
      ],
      [
       -77.04542700008686,
       38.83782799995493
      ],
      [
       -77.04543100028481,
       38.837842999838614
      ],
      [
       -77.04544200015548,
       38.83786999990111
      ],
      [
       -77.04544499963019,
       38.83789400025904
      ],
      [
       -77.04542899973669,
       38.83793299977387
      ],
      [
       -77.04542799991177,
       38.83796799967905
      ],
      [
       -77.0454360003077,
       38.837983000232896
      ],
      [
       -77.04543399975954,
       38.83804300031758
      ],
      [
       -77.04543999960734,
       38.83812899972101
      ],
      [
       -77.0454239997138,
       38.838155999674996
      ],
      [
       -77.0454160002162,
       38.8381860000006
      ],
      [
       -77.04542000041415,
       38.83820699987112
      ],
      [
       -77.0454029997974,
       38.8382599998167
      ],
      [
       -77.04535699976665,
       38.83829500026078
      ],
      [
       -77.0453450000711,
       38.83832200015179
      ],
      [
       -77.04532099978164,
       38.83835699986571
      ],
      [
       -77.0452899998195,
       38.83841599974426
      ],
      [
       -77.04527300010106,
       38.8384760001636
      ],
      [
       -77.04531499993386,
       38.83849400027951
      ],
      [
       -77.04532800035265,
       38.83852999979803
      ],
      [
       -77.04533599985025,
       38.838590000121194
      ],
      [
       -77.04537299966019,
       38.83864999969411
      ],
      [
       -77.04537900040629,
       38.838691999854824
      ],
      [
       -77.04540899964519,
       38.83874600002507
      ],
      [
       -77.0454649997217,
       38.83876699973039
      ],
      [
       -77.0455140001255,
       38.838795000027496
      ],
      [
       -77.04554300043782,
       38.83883799998749
      ],
      [
       -77.04558799974534,
       38.838863999787996
      ],
      [
       -77.04563299995118,
       38.83887499991602
      ],
      [
       -77.04567899998193,
       38.83885500012724
      ],
      [
       -77.04576299964752,
       38.8389320002978
      ],
      [
       -77.04591800035654,
       38.83899599981275
      ],
      [
       -77.04595599999138,
       38.839047000106596
      ],
      [
       -77.04601399971769,
       38.83908399992647
      ],
      [
       -77.04605800009863,
       38.839176000151575
      ],
      [
       -77.04606200029659,
       38.839206000047184
      ],
      [
       -77.04618199994718,
       38.839287999930505
      ],
      [
       -77.04620799988645,
       38.83931500014448
      ],
      [
       -77.04621100025949,
       38.83935400027994
      ],
      [
       -77.04619600019089,
       38.83937200017383
      ],
      [
       -77.0461760000994,
       38.839397999779194
      ],
      [
       -77.04620200003866,
       38.839436999869214
      ],
      [
       -77.04621299990932,
       38.83944600015604
      ],
      [
       -77.04625100044247,
       38.839458999946416
      ],
      [
       -77.04625800011516,
       38.83949499967646
      ],
      [
       -77.04630699962064,
       38.83953700003818
      ],
      [
       -77.04630300032099,
       38.83965900008197
      ],
      [
       -77.04634500015379,
       38.83968899977395
      ],
      [
       -77.0463600002224,
       38.8397209998979
      ],
      [
       -77.04639399965929,
       38.83975300000747
      ],
      [
       -77.04641799994874,
       38.83977300024358
      ],
      [
       -77.046407999903,
       38.839814999741506
      ],
      [
       -77.0464220001467,
       38.83983900014318
      ],
      [
       -77.04648300024606,
       38.83986399970756
      ],
      [
       -77.04651300038329,
       38.83989400001278
      ],
      [
       -77.0465009997894,
       38.839920999996814
      ],
      [
       -77.04647400002523,
       38.83994100018572
      ],
      [
       -77.04647700039827,
       38.83996499984519
      ],
      [
       -77.04645399993373,
       38.83997400006524
      ],
      [
       -77.04644100041327,
       38.84004499981783
      ],
      [
       -77.04641899977365,
       38.84004899998902
      ],
      [
       -77.04641200010094,
       38.84007400017927
      ],
      [
       -77.0463729997429,
       38.84006800027433
      ],
      [
       -77.04633400028315,
       38.84007300031178
      ],
      [
       -77.04630699962064,
       38.840092999758255
      ],
      [
       -77.04624800006943,
       38.84008199981845
      ],
      [
       -77.04613300044169,
       38.83999900028183
      ],
      [
       -77.04606800014436,
       38.83997300019634
      ],
      [
       -77.04599000032657,
       38.839956000323674
      ],
      [
       -77.04596299966407,
       38.84000199988742
      ],
      [
       -77.04585200023429,
       38.84001100010283
      ],
      [
       -77.04584399983837,
       38.840047000253286
      ],
      [
       -77.04586999977765,
       38.84014800013117
      ],
      [
       -77.04597899955759,
       38.84032500006333
      ],
      [
       -77.04611900019798,
       38.84041399979569
      ],
      [
       -77.04619100016801,
       38.84042899983394
      ],
      [
       -77.04620500041172,
       38.8404320001211
      ],
      [
       -77.04626800016091,
       38.840444999731346
      ],
      [
       -77.04643100036752,
       38.84053499987428
      ],
      [
       -77.04673599996606,
       38.840632000320745
      ],
      [
       -77.04701899982327,
       38.84065900002477
      ],
      [
       -77.04745300019152,
       38.84065900002477
      ],
      [
       -77.04748900017654,
       38.84065499988787
      ],
      [
       -77.0476270002688,
       38.840826999974205
      ],
      [
       -77.04775100011736,
       38.8409620001209
      ],
      [
       -77.04801999973088,
       38.8412610002234
      ],
      [
       -77.04803200032475,
       38.8412610002234
      ],
      [
       -77.04803800017254,
       38.84128100003567
      ],
      [
       -77.04817100024194,
       38.84125899982202
      ],
      [
       -77.04826099975531,
       38.841243999958735
      ],
      [
       -77.04836200003764,
       38.84124499980976
      ],
      [
       -77.04853699993984,
       38.84124800006252
      ],
      [
       -77.04870799964405,
       38.84124999976451
      ],
      [
       -77.04875500039805,
       38.841251000315154
      ],
      [
       -77.04878700018507,
       38.841251000315154
      ],
      [
       -77.04880800010149,
       38.841251000315154
      ],
      [
       -77.04881999979705,
       38.841251000315154
      ],
      [
       -77.0488509997592,
       38.841251000315154
      ],
      [
       -77.04886300035307,
       38.84125200016609
      ],
      [
       -77.0488940003152,
       38.84125300001705
      ],
      [
       -77.04890600001077,
       38.84125300001705
      ],
      [
       -77.04892699992718,
       38.84125399986796
      ],
      [
       -77.04894799984358,
       38.84125600026942
      ],
      [
       -77.0490130001409,
       38.84125999967289
      ],
      [
       -77.04907699971498,
       38.84126600017696
      ],
      [
       -77.04947300044843,
       38.84134100013835
      ],
      [
       -77.04951699993104,
       38.84134900033485
      ],
      [
       -77.04953199999966,
       38.84135400028224
      ],
      [
       -77.04955200009115,
       38.84136000007874
      ],
      [
       -77.04957300000756,
       38.841365000025355
      ],
      [
       -77.04959300009902,
       38.841370999820924
      ],
      [
       -77.04961300019053,
       38.84137700031569
      ],
      [
       -77.049633000282,
       38.841383999959326
      ],
      [
       -77.04965000000044,
       38.84138899990425
      ],
      [
       -77.04966300041923,
       38.84139299999989
      ],
      [
       -77.0496829996124,
       38.84140000034165
      ],
      [
       -77.04969400038138,
       38.84140299988818
      ],
      [
       -77.04972199997047,
       38.84141400032342
      ],
      [
       -77.04974200006194,
       38.84142099996341
      ],
      [
       -77.04976100032853,
       38.84142800030242
      ],
      [
       -77.04978200024492,
       38.8414359997894
      ],
      [
       -77.04980999983401,
       38.84144700021953
      ],
      [
       -77.04982900010059,
       38.84145499970442
      ],
      [
       -77.04984900019207,
       38.841462999888044
      ],
      [
       -77.04986799956032,
       38.841471000070776
      ],
      [
       -77.04988600000199,
       38.84147900025261
      ],
      [
       -77.04990500026858,
       38.84148800028121
      ],
      [
       -77.04992299981191,
       38.841495999761435
      ],
      [
       -77.0499429999034,
       38.841503000093056
      ],
      [
       -77.04996200016997,
       38.841511000271296
      ],
      [
       -77.04998100043655,
       38.841517999901754
      ],
      [
       -77.04999999980481,
       38.84152399968442
      ],
      [
       -77.05001999989629,
       38.84153000016629
      ],
      [
       -77.05003999998779,
       38.84153599994795
      ],
      [
       -77.05006000007927,
       38.8415409998822
      ],
      [
       -77.05008000017075,
       38.84154599981609
      ],
      [
       -77.0500910000414,
       38.84154900005616
      ],
      [
       -77.05011100013287,
       38.841553000142795
      ],
      [
       -77.05013200004927,
       38.84155700022922
      ],
      [
       -77.05015200014077,
       38.84156100031541
      ],
      [
       -77.05017300005717,
       38.84156399985516
      ],
      [
       -77.05020499984423,
       38.841567999941006
      ],
      [
       -77.05022599976063,
       38.84157000033364
      ],
      [
       -77.05025699972276,
       38.841572999873
      ],
      [
       -77.05027500016442,
       38.84157399971941
      ],
      [
       -77.05028900040813,
       38.84157500026549
      ],
      [
       -77.05031000032453,
       38.84157500026549
      ],
      [
       -77.05033200006584,
       38.84157500026549
      ],
      [
       -77.05035299998222,
       38.84157500026549
      ],
      [
       -77.05037399989862,
       38.84157500026549
      ],
      [
       -77.05039499981501,
       38.84157399971941
      ],
      [
       -77.05042699960207,
       38.841571000180096
      ],
      [
       -77.05044800041678,
       38.841568999787484
      ],
      [
       -77.05047900037891,
       38.84156499970174
      ],
      [
       -77.05050000029532,
       38.841562000162035
      ],
      [
       -77.05052100021172,
       38.841558999922526
      ],
      [
       -77.0505410003032,
       38.84155499983621
      ],
      [
       -77.0505620002196,
       38.8415499999029
      ],
      [
       -77.05058300013599,
       38.84154599981609
      ],
      [
       -77.05060300022748,
       38.8415409998822
      ],
      [
       -77.05062199959575,
       38.841535000100954
      ],
      [
       -77.05063300036473,
       38.841531999860294
      ],
      [
       -77.05065199973296,
       38.841526000078346
      ],
      [
       -77.05067199982446,
       38.84152000029585
      ],
      [
       -77.05070100013677,
       38.84150999972431
      ],
      [
       -77.05072899972588,
       38.84149800015615
      ],
      [
       -77.05074799999244,
       38.84148999997645
      ],
      [
       -77.0507660004341,
       38.8414819997958
      ],
      [
       -77.05078499980236,
       38.84147400031401
      ],
      [
       -77.05080300024403,
       38.841465000283634
      ],
      [
       -77.05081999996246,
       38.84145499970442
      ],
      [
       -77.0508369996809,
       38.84144599967164
      ],
      [
       -77.05085400029765,
       38.8414359997894
      ],
      [
       -77.05087100001607,
       38.841425999905795
      ],
      [
       -77.05088699990961,
       38.84141500017206
      ],
      [
       -77.05091100019905,
       38.84139799994424
      ],
      [
       -77.05112899975894,
       38.84124599966083
      ],
      [
       -77.05134899986697,
       38.841092000046054
      ],
      [
       -77.05136399993559,
       38.84108100026074
      ],
      [
       -77.05137999982911,
       38.8410710003272
      ],
      [
       -77.05143199970765,
       38.841034999995095
      ],
      [
       -77.05196599963503,
       38.84066099974331
      ],
      [
       -77.05199099974938,
       38.840644999894465
      ],
      [
       -77.05200699964293,
       38.84063400004005
      ],
      [
       -77.05202400025968,
       38.840623000183925
      ],
      [
       -77.0520409999781,
       38.840613000186025
      ],
      [
       -77.05205900041977,
       38.840602000326605
      ],
      [
       -77.0520760001382,
       38.84059200032581
      ],
      [
       -77.05209299985664,
       38.84058200032355
      ],
      [
       -77.05210999957508,
       38.84057200031989
      ],
      [
       -77.05212800001674,
       38.840562000314804
      ],
      [
       -77.05213800006247,
       38.840557000311776
      ],
      [
       -77.05216400000175,
       38.8405430001614
      ],
      [
       -77.05224900039056,
       38.84050300011638
      ],
      [
       -77.05232700020836,
       38.84047100034408
      ],
      [
       -77.05233800007903,
       38.84046700019662
      ],
      [
       -77.0523580001705,
       38.840458999901
      ],
      [
       -77.05236900004117,
       38.840454999752865
      ],
      [
       -77.05237999991182,
       38.84045200016637
      ],
      [
       -77.0524000000033,
       38.840444999731346
      ],
      [
       -77.05241099987396,
       38.84044100028207
      ],
      [
       -77.05242199974461,
       38.840437999995345
      ],
      [
       -77.05243299961528,
       38.84043399984602
      ],
      [
       -77.05244400038423,
       38.84043100025865
      ],
      [
       -77.05246399957741,
       38.84042600024635
      ],
      [
       -77.05248399966888,
       38.84041999967145
      ],
      [
       -77.05250399976038,
       38.84041499965838
      ],
      [
       -77.05252399985186,
       38.84041000034471
      ],
      [
       -77.05254499976826,
       38.84040500033095
      ],
      [
       -77.05256499985974,
       38.84040100017977
      ],
      [
       -77.05259599982189,
       38.840393999739725
      ],
      [
       -77.05261699973829,
       38.84039000028764
      ],
      [
       -77.05263699982976,
       38.84038600013562
      ],
      [
       -77.05265799974616,
       38.840382999846504
      ],
      [
       -77.05267899966255,
       38.8403789996941
      ],
      [
       -77.0527099996247,
       38.84037399967815
      ],
      [
       -77.05273100043941,
       38.8403719999516
      ],
      [
       -77.05275200035581,
       38.840368999661905
      ],
      [
       -77.05277300027221,
       38.840366999935156
      ],
      [
       -77.05280400023435,
       38.840362999781846
      ],
      [
       -77.05282599997564,
       38.84036199991842
      ],
      [
       -77.05284699989204,
       38.84036000019148
      ],
      [
       -77.0528779998542,
       38.84035799976482
      ],
      [
       -77.0528999995955,
       38.840356999901275
      ],
      [
       -77.05293200028086,
       38.840356000037765
      ],
      [
       -77.05295300019726,
       38.84035500017425
      ],
      [
       -77.05297400011366,
       38.84035500017425
      ],
      [
       -77.05299500003007,
       38.84035500017425
      ],
      [
       -77.05301699977136,
       38.84035500017425
      ],
      [
       -77.05303799968775,
       38.84035500017425
      ],
      [
       -77.05307000037313,
       38.840356000037765
      ],
      [
       -77.05310100033526,
       38.84035799976482
      ],
      [
       -77.05311300003083,
       38.840359000328014
      ],
      [
       -77.05314399999297,
       38.84036100005498
      ],
      [
       -77.05318599982577,
       38.84036400034496
      ],
      [
       -77.05320699974217,
       38.840366999935156
      ],
      [
       -77.05323199985652,
       38.840366999935156
      ],
      [
       -77.05326399964358,
       38.84037100008825
      ],
      [
       -77.05330600037468,
       38.84037699996764
      ],
      [
       -77.05333800016172,
       38.840382999846504
      ],
      [
       -77.05337999999452,
       38.84039000028764
      ],
      [
       -77.05341000013175,
       38.84039700002837
      ],
      [
       -77.05343100004815,
       38.84040100017977
      ],
      [
       -77.05347200005602,
       38.840411000207475
      ],
      [
       -77.05349299997242,
       38.84041600022076
      ],
      [
       -77.05351300006392,
       38.84042100023376
      ],
      [
       -77.05352399993457,
       38.84042399982155
      ],
      [
       -77.05354400002605,
       38.84042899983394
      ],
      [
       -77.05356400011753,
       38.84043499970843
      ],
      [
       -77.05358400020903,
       38.84044100028207
      ],
      [
       -77.05360400030051,
       38.840447000155564
      ],
      [
       -77.05362400039199,
       38.84045300002853
      ],
      [
       -77.05364399958516,
       38.84045999976307
      ],
      [
       -77.05427899979489,
       38.84067900000624
      ],
      [
       -77.05532499990834,
       38.841040999818496
      ],
      [
       -77.05538799965754,
       38.841063999953064
      ],
      [
       -77.05551999990202,
       38.84111699986987
      ],
      [
       -77.05862599955702,
       38.84243800031629
      ],
      [
       -77.06016799996303,
       38.84311600017251
      ],
      [
       -77.06140900007016,
       38.84387399973079
      ],
      [
       -77.06155800003307,
       38.843965000247124
      ],
      [
       -77.06190199998966,
       38.844174999810356
      ],
      [
       -77.06203800043211,
       38.84425700026445
      ],
      [
       -77.06291100029321,
       38.84476100002456
      ],
      [
       -77.06293800005739,
       38.844774000243206
      ],
      [
       -77.06295499977583,
       38.844782999855035
      ],
      [
       -77.06297300021748,
       38.84479200016532
      ],
      [
       -77.06299199958573,
       38.84479999997376
      ],
      [
       -77.06301099985232,
       38.844809000281906
      ],
      [
       -77.06302900029398,
       38.84481700008847
      ],
      [
       -77.06304799966223,
       38.84482400009332
      ],
      [
       -77.06306699992881,
       38.84483199989821
      ],
      [
       -77.06309600024113,
       38.8448420000028
      ],
      [
       -77.06311600033261,
       38.84484900000523
      ],
      [
       -77.06313499970088,
       38.844855000206685
      ],
      [
       -77.06315499979236,
       38.844860999707926
      ],
      [
       -77.06317499988386,
       38.84486699990837
      ],
      [
       -77.0631859997545,
       38.84487000000841
      ],
      [
       -77.06320599984599,
       38.844874999708374
      ],
      [
       -77.06322599993747,
       38.84488000010765
      ],
      [
       -77.06324600002895,
       38.84488499980697
      ],
      [
       -77.06325699989961,
       38.84488799990619
      ],
      [
       -77.0632769999911,
       38.84489199980518
      ],
      [
       -77.0632979999075,
       38.84489599970388
      ],
      [
       -77.06332899986963,
       38.844901999901325
      ],
      [
       -77.06334899996112,
       38.84490499999988
      ],
      [
       -77.06336999987752,
       38.844908999897854
      ],
      [
       -77.06339099979391,
       38.84491100019662
      ],
      [
       -77.06341199971031,
       38.84491400029474
      ],
      [
       -77.06343299962671,
       38.84491599989371
      ],
      [
       -77.06344500022058,
       38.84491699969313
      ],
      [
       -77.06346600013698,
       38.84491899999167
      ],
      [
       -77.06348700005339,
       38.84491999979106
      ],
      [
       -77.06350799996977,
       38.84492200008946
      ],
      [
       -77.06352899988617,
       38.84492299988886
      ],
      [
       -77.06355099962748,
       38.84492299988886
      ],
      [
       -77.06358199958963,
       38.84492299988886
      ],
      [
       -77.06360300040434,
       38.84492299988886
      ],
      [
       -77.06362500014563,
       38.84492299988886
      ],
      [
       -77.06365699993269,
       38.84492200008946
      ],
      [
       -77.063678999674,
       38.84491999979106
      ],
      [
       -77.06370100031361,
       38.844918000192216
      ],
      [
       -77.06372300005494,
       38.844915000094254
      ],
      [
       -77.06374399997134,
       38.84491199999612
      ],
      [
       -77.06376599971264,
       38.844908999897854
      ],
      [
       -77.06378699962903,
       38.84490499999988
      ],
      [
       -77.06380900026866,
       38.84490100010168
      ],
      [
       -77.06383000018506,
       38.844897000203254
      ],
      [
       -77.06385199992637,
       38.84489199980518
      ],
      [
       -77.06387200001785,
       38.844886000306495
      ],
      [
       -77.06389299993424,
       38.844880999907645
      ],
      [
       -77.06454200038768,
       38.84471800014545
      ],
      [
       -77.06462000020548,
       38.844700000204604
      ],
      [
       -77.06463399955086,
       38.8446970000974
      ],
      [
       -77.06472200031273,
       38.844676999846016
      ],
      [
       -77.0648040003285,
       38.84465599978592
      ],
      [
       -77.06482500024488,
       38.844647999961246
      ],
      [
       -77.06484199996332,
       38.844637000026
      ],
      [
       -77.06485899968176,
       38.8446269998926
      ],
      [
       -77.06487499957528,
       38.84461599995409
      ],
      [
       -77.06489100036713,
       38.844605999817695
      ],
      [
       -77.06490800008558,
       38.844594999875945
      ],
      [
       -77.06493400002483,
       38.844580000016244
      ],
      [
       -77.06495099974326,
       38.84456999987483
      ],
      [
       -77.06497699968254,
       38.84455500000986
      ],
      [
       -77.06498599990339,
       38.8445489997831
      ],
      [
       -77.06500299962181,
       38.844540000141684
      ],
      [
       -77.06502000023856,
       38.84452999999465
      ],
      [
       -77.06503799978192,
       38.84451999984616
      ],
      [
       -77.06505500039867,
       38.84450999969632
      ],
      [
       -77.065072999942,
       38.844500000244686
      ],
      [
       -77.06508999966044,
       38.844490999897396
      ],
      [
       -77.06511700032293,
       38.844476000015774
      ],
      [
       -77.06513499986629,
       38.84446699966551
      ],
      [
       -77.06516099980556,
       38.84445300028444
      ],
      [
       -77.06518799956973,
       38.84443900020096
      ],
      [
       -77.0652060000114,
       38.844429999846
      ],
      [
       -77.06521600005713,
       38.84442500011477
      ],
      [
       -77.06523299977559,
       38.84441599975799
      ],
      [
       -77.06525100021723,
       38.84440700009979
      ],
      [
       -77.06526100026299,
       38.84440199966728
      ],
      [
       -77.06527799998142,
       38.844393999814045
      ],
      [
       -77.06528800002717,
       38.84438900008027
      ],
      [
       -77.06530599957051,
       38.844379999718996
      ],
      [
       -77.06532499983707,
       38.844371999863334
      ],
      [
       -77.06534300027874,
       38.84436300019952
      ],
      [
       -77.06536099982209,
       38.844353999834965
      ],
      [
       -77.06538000008868,
       38.84434599997633
      ],
      [
       -77.06539799963203,
       38.844337000309274
      ],
      [
       -77.06541699989859,
       38.84432899974912
      ],
      [
       -77.06543500034026,
       38.844320999887735
      ],
      [
       -77.06546399975426,
       38.844308000285935
      ],
      [
       -77.06548200019593,
       38.84429999972251
      ],
      [
       -77.06551099960993,
       38.84428799992519
      ],
      [
       -77.0655290000516,
       38.84428000005919
      ],
      [
       -77.06554800031816,
       38.84427200019229
      ],
      [
       -77.06556699968642,
       38.844264000324436
      ],
      [
       -77.065585999953,
       38.84425700026445
      ],
      [
       -77.06560400039466,
       38.844248999695346
      ],
      [
       -77.06562399958783,
       38.8442409998249
      ],
      [
       -77.0656420000295,
       38.84423399976265
      ],
      [
       -77.06566200012098,
       38.84422599989057
      ],
      [
       -77.06568100038754,
       38.84421899982684
      ],
      [
       -77.06571900002238,
       38.844203999887874
      ],
      [
       -77.06573800028896,
       38.844196999821975
      ],
      [
       -77.06576699970296,
       38.84418599981705
      ],
      [
       -77.06578699979445,
       38.844178999749374
      ],
      [
       -77.06581600010676,
       38.84416900025121
      ],
      [
       -77.06583500037334,
       38.844162000181875
      ],
      [
       -77.0658549995665,
       38.844155000111854
      ],
      [
       -77.06587399983309,
       38.84414800004113
      ],
      [
       -77.0659230002369,
       38.84413200027676
      ],
      [
       -77.06594199960516,
       38.844125000203775
      ],
      [
       -77.06596300041987,
       38.84411899994075
      ],
      [
       -77.06598199978812,
       38.84411199986654
      ],
      [
       -77.0660010000547,
       38.84410600030209
      ],
      [
       -77.06601199992535,
       38.844103000169845
      ],
      [
       -77.06603100019193,
       38.84409699990496
      ],
      [
       -77.06605100028341,
       38.844091000339304
      ],
      [
       -77.06607100037489,
       38.844085000073406
      ],
      [
       -77.06609099956808,
       38.84407899980707
      ],
      [
       -77.06611099965954,
       38.84407300023983
      ],
      [
       -77.06613099975104,
       38.84406699997243
      ],
      [
       -77.06616099988827,
       38.84405800027008
      ],
      [
       -77.06618099997975,
       38.84405299981304
      ],
      [
       -77.06620100007122,
       38.84404700024361
      ],
      [
       -77.06621199994188,
       38.84404400010887
      ],
      [
       -77.06623100020846,
       38.84403899965084
      ],
      [
       -77.06625100029996,
       38.84403300008024
      ],
      [
       -77.06627200021634,
       38.84402800032111
      ],
      [
       -77.06629200030783,
       38.84402299986195
      ],
      [
       -77.06631200039932,
       38.844018000102054
      ],
      [
       -77.06635000003415,
       38.844007999881605
      ],
      [
       -77.0664169999813,
       38.84398899994868
      ],
      [
       -77.06643799989769,
       38.84398400018645
      ],
      [
       -77.06645799998918,
       38.84397899972421
      ],
      [
       -77.06647800008066,
       38.84397399996122
      ],
      [
       -77.06649800017215,
       38.84396900019794
      ],
      [
       -77.06650900004281,
       38.843966000059915
      ],
      [
       -77.06652900013428,
       38.843962000108924
      ],
      [
       -77.06655000005068,
       38.8439570003448
      ],
      [
       -77.06657000014218,
       38.8439519998806
      ],
      [
       -77.06659000023366,
       38.84394799992882
      ],
      [
       -77.06661000032514,
       38.84394300016372
      ],
      [
       -77.06663100024156,
       38.843939000211435
      ],
      [
       -77.06665100033304,
       38.84393399974597
      ],
      [
       -77.0666710004245,
       38.84392999979318
      ],
      [
       -77.06669200034091,
       38.84392599984016
      ],
      [
       -77.0667130002573,
       38.843921000073514
      ],
      [
       -77.06673300034879,
       38.843917000119994
      ],
      [
       -77.06675400026519,
       38.843913000166246
      ],
      [
       -77.06677400035667,
       38.84390900021227
      ],
      [
       -77.06679500027307,
       38.843905000258026
      ],
      [
       -77.06682500041029,
       38.8438989999765
      ],
      [
       -77.06684399977856,
       38.84389599983552
      ],
      [
       -77.06686700024309,
       38.8438919998806
      ],
      [
       -77.0668880001595,
       38.84388799992545
      ],
      [
       -77.06690800025099,
       38.84388499978401
      ],
      [
       -77.06692900016736,
       38.84388099982846
      ],
      [
       -77.06695000008376,
       38.843877999686725
      ],
      [
       -77.06698100004591,
       38.84387299991669
      ],
      [
       -77.06700199996232,
       38.843869999774626
      ],
      [
       -77.06703299992445,
       38.84386500000404
      ],
      [
       -77.06705399984085,
       38.84386199986162
      ],
      [
       -77.06707499975725,
       38.84385899971908
      ],
      [
       -77.06709599967364,
       38.84385600027609
      ],
      [
       -77.06713699968151,
       38.84384999999044
      ],
      [
       -77.06719000028328,
       38.84384399970422
      ],
      [
       -77.06721100019968,
       38.843841000260596
      ],
      [
       -77.06723200011608,
       38.84383800011717
      ],
      [
       -77.06725300003247,
       38.8438359997883
      ],
      [
       -77.06729499986527,
       38.84383100001532
      ],
      [
       -77.06734799956871,
       38.84382600024194
      ],
      [
       -77.06736900038342,
       38.84382399991273
      ],
      [
       -77.06739000029982,
       38.843822000283076
      ],
      [
       -77.06741100021623,
       38.84381999995375
      ],
      [
       -77.06744300000327,
       38.84381699980945
      ],
      [
       -77.06745999972169,
       38.8438159999945
      ],
      [
       -77.06749499988182,
       38.84381299985007
      ],
      [
       -77.06751599979822,
       38.84381200003508
      ],
      [
       -77.06754799958526,
       38.84380999970547
      ],
      [
       -77.06756900039996,
       38.84380800007543
      ],
      [
       -77.06760100018703,
       38.843805999745705
      ],
      [
       -77.06762200010341,
       38.84380499993061
      ],
      [
       -77.06764300001981,
       38.843804000115554
      ],
      [
       -77.06766399993622,
       38.84380300030048
      ],
      [
       -77.06771699963966,
       38.84380099997057
      ],
      [
       -77.06774799960179,
       38.843799000340326
      ],
      [
       -77.06776000019566,
       38.843799000340326
      ],
      [
       -77.06778100011206,
       38.84379799982551
      ],
      [
       -77.06780200002846,
       38.84379799982551
      ],
      [
       -77.06782299994487,
       38.8437970000103
      ],
      [
       -77.06786499977765,
       38.843796000195134
      ],
      [
       -77.06788599969406,
       38.843796000195134
      ],
      [
       -77.06790699961046,
       38.843796000195134
      ],
      [
       -77.06791900020434,
       38.843796000195134
      ],
      [
       -77.06794000012074,
       38.843796000195134
      ],
      [
       -77.06796100003714,
       38.84379499968028
      ],
      [
       -77.06798199995353,
       38.84379499968028
      ],
      [
       -77.06801399974059,
       38.843796000195134
      ],
      [
       -77.06803499965697,
       38.843796000195134
      ],
      [
       -77.06806700034235,
       38.843796000195134
      ],
      [
       -77.06808800025874,
       38.843796000195134
      ],
      [
       -77.0681200000458,
       38.8437970000103
      ],
      [
       -77.06815100000793,
       38.84379799982551
      ],
      [
       -77.06817199992433,
       38.843799000340326
      ],
      [
       -77.06819399966564,
       38.843799000340326
      ],
      [
       -77.06823600039675,
       38.84380099997057
      ],
      [
       -77.06827900005446,
       38.84380300030048
      ],
      [
       -77.06833099993298,
       38.843805999745705
      ],
      [
       -77.0683529996743,
       38.843807000260405
      ],
      [
       -77.06837399959069,
       38.84380800007543
      ],
      [
       -77.0683950004054,
       38.843808999890484
      ],
      [
       -77.06844800010883,
       38.84381299985007
      ],
      [
       -77.06908199959534,
       38.84385899971908
      ],
      [
       -77.0695700003903,
       38.84389800016276
      ],
      [
       -77.07034799981683,
       38.8439570003448
      ],
      [
       -77.0704010004186,
       38.843959999783536
      ],
      [
       -77.07042200033499,
       38.843961000296076
      ],
      [
       -77.07043900005344,
       38.843962000108924
      ],
      [
       -77.07045300029714,
       38.843962000108924
      ],
      [
       -77.07047500003843,
       38.843962999921764
      ],
      [
       -77.07049599995483,
       38.84396399973464
      ],
      [
       -77.07053799978762,
       38.843966000059915
      ],
      [
       -77.07055899970403,
       38.843966000059915
      ],
      [
       -77.07063300022219,
       38.84396799968552
      ],
      [
       -77.07065499996351,
       38.84396900019794
      ],
      [
       -77.07067599987991,
       38.84396900019794
      ],
      [
       -77.0706969997963,
       38.84397000001068
      ],
      [
       -77.0707179997127,
       38.84397000001068
      ],
      [
       -77.07076000044381,
       38.84397000001068
      ],
      [
       -77.0707810003602,
       38.84397099982341
      ],
      [
       -77.07082400001791,
       38.84397099982341
      ],
      [
       -77.07083999991141,
       38.84397099982341
      ],
      [
       -77.07087699972135,
       38.84397099982341
      ],
      [
       -77.07089799963775,
       38.84397099982341
      ],
      [
       -77.07091899955415,
       38.84397099982341
      ],
      [
       -77.07094000036886,
       38.84397000001068
      ],
      [
       -77.07099300007228,
       38.84397000001068
      ],
      [
       -77.07100499976787,
       38.84397000001068
      ],
      [
       -77.07106800041537,
       38.84396799968552
      ],
      [
       -77.07108500013382,
       38.84396799968552
      ],
      [
       -77.07113100016457,
       38.843966000059915
      ],
      [
       -77.07115200008097,
       38.843966000059915
      ],
      [
       -77.07121499983016,
       38.843962999921764
      ],
      [
       -77.07123599974655,
       38.843962999921764
      ],
      [
       -77.07124800034042,
       38.843962000108924
      ],
      [
       -77.07126900025682,
       38.843961000296076
      ],
      [
       -77.07129000017322,
       38.843959999783536
      ],
      [
       -77.07131100008962,
       38.8439589999706
      ],
      [
       -77.07135299992241,
       38.8439570003448
      ],
      [
       -77.07137399983881,
       38.843955999832154
      ],
      [
       -77.0714380003112,
       38.8439519998806
      ],
      [
       -77.0714590002276,
       38.84395100006761
      ],
      [
       -77.07150100006041,
       38.84394799992882
      ],
      [
       -77.07152199997681,
       38.843946000302715
      ],
      [
       -77.071584999726,
       38.84394099983775
      ],
      [
       -77.0716059996424,
       38.843939000211435
      ],
      [
       -77.07164900019842,
       38.84393600007214
      ],
      [
       -77.0716690002899,
       38.84393399974597
      ],
      [
       -77.07174299990974,
       38.84392699965356
      ],
      [
       -77.07176399982615,
       38.843925000026815
      ],
      [
       -77.07193299988053,
       38.843905000258026
      ],
      [
       -77.07210199993496,
       38.843882000342106
      ],
      [
       -77.07282699965803,
       38.84379499968028
      ],
      [
       -77.0735480000815,
       38.84370800031135
      ],
      [
       -77.07408000035905,
       38.84364300031935
      ],
      [
       -77.07421000005539,
       38.843628000258946
      ],
      [
       -77.0742739996295,
       38.84362000031873
      ],
      [
       -77.07432999970598,
       38.84361300019538
      ],
      [
       -77.07470600034794,
       38.84357599993177
      ],
      [
       -77.07508299991649,
       38.843551000272235
      ],
      [
       -77.07567999959306,
       38.8435330000362
      ],
      [
       -77.07627700016796,
       38.84354599977956
      ],
      [
       -77.07631999982564,
       38.84354599977956
      ],
      [
       -77.07634199956696,
       38.84354700029792
      ],
      [
       -77.0763640002066,
       38.843548000116634
      ],
      [
       -77.0763859999479,
       38.843548999935294
      ],
      [
       -77.0764200002831,
       38.843551000272235
      ],
      [
       -77.07644200002439,
       38.8435529999095
      ],
      [
       -77.0764639997657,
       38.84355600006494
      ],
      [
       -77.07648600040531,
       38.843557999702014
      ],
      [
       -77.0764980001009,
       38.84355900022025
      ],
      [
       -77.07660299968289,
       38.843568999804084
      ],
      [
       -77.07670800016318,
       38.84358399987693
      ],
      [
       -77.0768649996237,
       38.84361300019538
      ],
      [
       -77.07701899960948,
       38.84364800010559
      ],
      [
       -77.07718699983897,
       38.843690000115
      ],
      [
       -77.0773650001142,
       38.8437350002475
      ],
      [
       -77.07744499958183,
       38.84375500006406
      ],
      [
       -77.07754699968909,
       38.84377999965192
      ],
      [
       -77.07756799960549,
       38.84378400031281
      ],
      [
       -77.07758799969696,
       38.84378800027381
      ],
      [
       -77.07760899961336,
       38.843792000234586
      ],
      [
       -77.07763000042807,
       38.84379499968028
      ],
      [
       -77.07765100034446,
       38.84379799982551
      ],
      [
       -77.07766499968984,
       38.843799000340326
      ],
      [
       -77.07768300013151,
       38.843801999785725
      ],
      [
       -77.07771499991857,
       38.843805999745705
      ],
      [
       -77.07773599983499,
       38.84380800007543
      ],
      [
       -77.07776799962201,
       38.84380999970547
      ],
      [
       -77.07778900043672,
       38.843811000220114
      ],
      [
       -77.07781000035313,
       38.84381200003508
      ],
      [
       -77.0778220000487,
       38.84381299985007
      ],
      [
       -77.0778429999651,
       38.84381299985007
      ],
      [
       -77.0778639998815,
       38.84381299985007
      ],
      [
       -77.07788099959991,
       38.84381299985007
      ],
      [
       -77.07789599966854,
       38.84381299985007
      ],
      [
       -77.07791699958493,
       38.84381299985007
      ],
      [
       -77.07793900022456,
       38.84381200003508
      ],
      [
       -77.07796000014096,
       38.843811000220114
      ],
      [
       -77.07798100005736,
       38.84380999970547
      ],
      [
       -77.07800299979866,
       38.84380800007543
      ],
      [
       -77.07802399971506,
       38.843805999745705
      ],
      [
       -77.07805600040042,
       38.84380300030048
      ],
      [
       -77.07807700031682,
       38.84380099997057
      ],
      [
       -77.07809800023323,
       38.84379799982551
      ],
      [
       -77.07814099989093,
       38.84379099971967
      ],
      [
       -77.07817199985307,
       38.84378599994348
      ],
      [
       -77.0782029998152,
       38.84377899983646
      ],
      [
       -77.0782239997316,
       38.84377499987495
      ],
      [
       -77.07824399982307,
       38.843770000097685
      ],
      [
       -77.07827499978524,
       38.84376200017344
      ],
      [
       -77.0782949998767,
       38.84375699969559
      ],
      [
       -77.0783149999682,
       38.84375199991702
      ],
      [
       -77.07834599993035,
       38.84374399999074
      ],
      [
       -77.07836600002182,
       38.84373799969559
      ],
      [
       -77.07837699989248,
       38.8437350002475
      ],
      [
       -77.07839699998397,
       38.84372899995163
      ],
      [
       -77.07842700012118,
       38.843718999690566
      ],
      [
       -77.07844700021268,
       38.843713000092976
      ],
      [
       -77.07847599962669,
       38.84370200001322
      ],
      [
       -77.07850499993899,
       38.8436909999317
      ],
      [
       -77.07853400025131,
       38.84367999984849
      ],
      [
       -77.0785540003428,
       38.84367199991407
      ],
      [
       -77.07857199988614,
       38.84366399997881
      ],
      [
       -77.07859100015271,
       38.843655000225496
      ],
      [
       -77.0786100004193,
       38.843647000288264
      ],
      [
       -77.07862799996265,
       38.84363799983313
      ],
      [
       -77.07864600040432,
       38.843629000076525
      ],
      [
       -77.07866499977257,
       38.84362000031873
      ],
      [
       -77.07867700036645,
       38.843611999677954
      ],
      [
       -77.07869099971184,
       38.84360500025348
      ],
      [
       -77.07870800032859,
       38.843595999793024
      ],
      [
       -77.07873400026786,
       38.84358099972272
      ],
      [
       -77.07874299959038,
       38.84357500011349
      ],
      [
       -77.07876000020713,
       38.843564999830775
      ],
      [
       -77.07877600010066,
       38.84355500024633
      ],
      [
       -77.07879299981909,
       38.84354400014209
      ],
      [
       -77.07881700010853,
       38.84352800024188
      ],
      [
       -77.07883300000206,
       38.84351700013347
      ],
      [
       -77.07884800007068,
       38.8435050002041
      ],
      [
       -77.07887099963689,
       38.843487999775896
      ],
      [
       -77.07888599970549,
       38.84347699966129
      ],
      [
       -77.0789009997741,
       38.84346499972517
      ],
      [
       -77.07891599984274,
       38.84345299978703
      ],
      [
       -77.07893099991135,
       38.84344099984686
      ],
      [
       -77.07895199982775,
       38.84342199976248
      ],
      [
       -77.07897299974414,
       38.84340299967307
      ],
      [
       -77.07898699998783,
       38.843389999903586
      ],
      [
       -77.07900000040664,
       38.84337700013168
      ],
      [
       -77.07901299992712,
       38.84336399965778
      ],
      [
       -77.07903399984352,
       38.84334299990977
      ],
      [
       -77.07904499971417,
       38.843330999951
      ],
      [
       -77.0790759996763,
       38.843296999707114
      ],
      [
       -77.07909900014083,
       38.843268999782175
      ],
      [
       -77.0791109998364,
       38.84325500016539
      ],
      [
       -77.07912699972992,
       38.84323399968554
      ],
      [
       -77.07914799964634,
       38.84320499991229
      ],
      [
       -77.07916299971494,
       38.84318300029357
      ],
      [
       -77.07917899960847,
       38.84315799979627
      ],
      [
       -77.0791879998293,
       38.843140999984826
      ],
      [
       -77.079202000073,
       38.84311600017251
      ],
      [
       -77.07921200011874,
       38.84309899965135
      ],
      [
       -77.07922100033959,
       38.84308199982582
      ],
      [
       -77.07930199963211,
       38.842926000331836
      ],
      [
       -77.08014299970615,
       38.84307200017349
      ],
      [
       -77.08058499957204,
       38.84314800015462
      ],
      [
       -77.08066999996085,
       38.84316300031622
      ],
      [
       -77.08080899987803,
       38.84318700028835
      ],
      [
       -77.08195100025095,
       38.843384000278256
      ],
      [
       -77.0821019998637,
       38.84340899999647
      ],
      [
       -77.08224499997881,
       38.84343299988558
      ],
      [
       -77.08242099970592,
       38.84346300008544
      ],
      [
       -77.08256899984391,
       38.843489000295065
      ],
      [
       -77.08266500010339,
       38.8435050002041
      ],
      [
       -77.08481000003376,
       38.84387100028842
      ],
      [
       -77.08550399979471,
       38.843954000206274
      ],
      [
       -77.08564199988696,
       38.84397000001068
      ],
      [
       -77.08570200016143,
       38.84397700009891
      ],
      [
       -77.08570399981124,
       38.843965000247124
      ],
      [
       -77.08570700018429,
       38.843939000211435
      ],
      [
       -77.08570999965903,
       38.84391799993346
      ],
      [
       -77.08571399985699,
       38.843842000075135
      ],
      [
       -77.08571499968191,
       38.843828999686195
      ],
      [
       -77.08571899987987,
       38.84376699995127
      ],
      [
       -77.0857289999256,
       38.843594000156976
      ],
      [
       -77.08571800005495,
       38.8435330000362
      ],
      [
       -77.08569600031365,
       38.84330399986155
      ],
      [
       -77.0857080000092,
       38.84312800016748
      ],
      [
       -77.08570499963616,
       38.84309799982638
      ],
      [
       -77.08569999961328,
       38.84296000005339
      ],
      [
       -77.08569799996347,
       38.84287699967569
      ],
      [
       -77.08569799996347,
       38.842849000285106
      ],
      [
       -77.08563600003917,
       38.8427430001935
      ],
      [
       -77.08559599985621,
       38.84267499982714
      ],
      [
       -77.08556200041934,
       38.84258900032026
      ],
      [
       -77.08552899990907,
       38.8424770001395
      ],
      [
       -77.08554800017563,
       38.84238900002376
      ],
      [
       -77.08552399988619,
       38.842274000018506
      ],
      [
       -77.08543600002265,
       38.84185599993054
      ],
      [
       -77.08532700024271,
       38.84129900014176
      ],
      [
       -77.08530899980104,
       38.84120500015941
      ],
      [
       -77.08527299981603,
       38.84102099993876
      ],
      [
       -77.0851940001733,
       38.84061400004592
      ],
      [
       -77.0851580001883,
       38.84042499968411
      ],
      [
       -77.0851299997009,
       38.840289000053524
      ],
      [
       -77.08511100033265,
       38.8401850000783
      ],
      [
       -77.08506100010392,
       38.8399240003054
      ],
      [
       -77.08501900027112,
       38.839702000219596
      ],
      [
       -77.08498300028612,
       38.83951900018602
      ],
      [
       -77.08494999977584,
       38.83936399975506
      ],
      [
       -77.0849320002325,
       38.83930499996277
      ],
      [
       -77.0848829998287,
       38.83921000026554
      ],
      [
       -77.08487299978295,
       38.83917199993132
      ],
      [
       -77.08470499955345,
       38.83864999969411
      ],
      [
       -77.08466899956844,
       38.83854000008865
      ],
      [
       -77.08462099988787,
       38.838532000276054
      ],
      [
       -77.08462699973565,
       38.8383949999354
      ],
      [
       -77.08464199980426,
       38.838310000046036
      ],
      [
       -77.0846650002688,
       38.83817599966023
      ],
      [
       -77.08472499964493,
       38.83777700018694
      ],
      [
       -77.08472499964493,
       38.837672000137886
      ],
      [
       -77.0847570003303,
       38.837363999799926
      ],
      [
       -77.08479599979005,
       38.83696799970589
      ],
      [
       -77.0848279995771,
       38.836661999650666
      ],
      [
       -77.0848839996536,
       38.836210999974256
      ],
      [
       -77.0850319997916,
       38.835724999947416
      ],
      [
       -77.08509899973875,
       38.8355369998272
      ],
      [
       -77.0852140002648,
       38.83527900030542
      ],
      [
       -77.08531600037205,
       38.835060000237846
      ],
      [
       -77.08539400018986,
       38.83479200027026
      ],
      [
       -77.08543199982468,
       38.83460599967345
      ],
      [
       -77.08541799958098,
       38.83405999998945
      ],
      [
       -77.08540699971032,
       38.8338620001227
      ],
      [
       -77.08540099986254,
       38.83381200026712
      ],
      [
       -77.08539900021272,
       38.8334120001582
      ],
      [
       -77.08537999994614,
       38.83290999972368
      ],
      [
       -77.08536599970245,
       38.83249199991392
      ],
      [
       -77.08534300013622,
       38.83201200026858
      ],
      [
       -77.08533499974031,
       38.83187599995553
      ],
      [
       -77.0853280000676,
       38.83153900009771
      ],
      [
       -77.08532499969455,
       38.83134600016665
      ],
      [
       -77.085312999999,
       38.831056000341455
      ],
      [
       -77.08531899984678,
       38.83095400016066
      ],
      [
       -77.08534599961095,
       38.83072200009712
      ],
      [
       -77.08535099963383,
       38.83068200013035
      ],
      [
       -77.08541900030421,
       38.83042099979565
      ],
      [
       -77.08547100018275,
       38.830262999827774
      ],
      [
       -77.08555499984833,
       38.830087000070804
      ],
      [
       -77.08565399958253,
       38.82987800023153
      ],
      [
       -77.08566100015354,
       38.82986900013427
      ],
      [
       -77.08571800005495,
       38.82976400031501
      ],
      [
       -77.08578900020007,
       38.82963399999104
      ],
      [
       -77.08587200004074,
       38.829455000028496
      ],
      [
       -77.08594700038381,
       38.82931200029792
      ],
      [
       -77.08600400028521,
       38.82920400029637
      ],
      [
       -77.08605399961561,
       38.82911499984147
      ],
      [
       -77.08609100032385,
       38.8290429996594
      ],
      [
       -77.08612899995869,
       38.82896800003374
      ],
      [
       -77.08626000037825,
       38.8287369998226
      ],
      [
       -77.08628100029466,
       38.82869900019473
      ],
      [
       -77.08653499983956,
       38.828339999983754
      ],
      [
       -77.0867280001834,
       38.828111999940965
      ],
      [
       -77.08692999984976,
       38.82794199999244
      ],
      [
       -77.08698599992627,
       38.827891000138706
      ],
      [
       -77.08729499972274,
       38.82765599976416
      ],
      [
       -77.0874889998915,
       38.82753100000829
      ],
      [
       -77.087805000259,
       38.82735699988747
      ],
      [
       -77.08793099975738,
       38.82744999992051
      ],
      [
       -77.09028099972716,
       38.829191000032445
      ],
      [
       -77.09029599979577,
       38.829202000255904
      ],
      [
       -77.09271500026084,
       38.831177000236025
      ],
      [
       -77.09272799978132,
       38.83118800015258
      ],
      [
       -77.09442099980006,
       38.832505000274786
      ],
      [
       -77.0950080003292,
       38.832961000180305
      ],
      [
       -77.09531899977551,
       38.833202000320746
      ],
      [
       -77.09570700011304,
       38.83348999988004
      ],
      [
       -77.09652600044578,
       38.83404500000825
      ],
      [
       -77.09694700039526,
       38.83432400012131
      ],
      [
       -77.09725899966647,
       38.834533000201766
      ],
      [
       -77.09737900021538,
       38.83461000015037
      ],
      [
       -77.0974500003605,
       38.834654999727384
      ],
      [
       -77.0976620000726,
       38.83477499985971
      ],
      [
       -77.0978300003021,
       38.8348740003414
      ],
      [
       -77.09792999986122,
       38.834931999669024
      ],
      [
       -77.09803299979338,
       38.83498899971023
      ],
      [
       -77.09948099958973,
       38.835696999841865
      ],
      [
       -77.10067300019136,
       38.836316999999966
      ],
      [
       -77.10072199969686,
       38.83634300002177
      ],
      [
       -77.10032300038701,
       38.836867000212706
      ],
      [
       -77.1003019995723,
       38.83686100003744
      ],
      [
       -77.10023600034837,
       38.83685499986161
      ],
      [
       -77.1001969999903,
       38.83686000012476
      ],
      [
       -77.1001619998302,
       38.83686399977529
      ],
      [
       -77.10012699967011,
       38.836872999687785
      ],
      [
       -77.10008800021036,
       38.836890000296954
      ],
      [
       -77.10006100044619,
       38.83690700020232
      ],
      [
       -77.10004999967722,
       38.8369140002857
      ],
      [
       -77.10002399973796,
       38.83694000008937
      ],
      [
       -77.1000050003697,
       38.836977000305026
      ],
      [
       -77.10000100017174,
       38.837003000085716
      ],
      [
       -77.09999699997377,
       38.83702600012596
      ],
      [
       -77.09999699997377,
       38.83704800024883
      ],
      [
       -77.10000000034682,
       38.837067999845715
      ],
      [
       -77.10000299982156,
       38.837090999865
      ],
      [
       -77.10001299986729,
       38.837115999695015
      ],
      [
       -77.10003999963148,
       38.83715899996982
      ],
      [
       -77.10006399992093,
       38.837175999810924
      ],
      [
       -77.10007499979157,
       38.83718499968403
      ],
      [
       -77.10010999995168,
       38.83720200021866
      ],
      [
       -77.10013099986809,
       38.83720699975769
      ],
      [
       -77.10019000031762,
       38.83721499971923
      ],
      [
       -77.10024600039411,
       38.8372190000495
      ],
      [
       -77.10033799955731,
       38.837204999942145
      ],
      [
       -77.10040200002972,
       38.83716999966166
      ],
      [
       -77.10071699967399,
       38.83738900023377
      ],
      [
       -77.1008930002994,
       38.837514000171915
      ],
      [
       -77.10093199975915,
       38.83754099965954
      ],
      [
       -77.1011469998443,
       38.8376809999482
      ],
      [
       -77.10131300042397,
       38.837799000077645
      ],
      [
       -77.10152400031117,
       38.83794099965373
      ],
      [
       -77.10170800043419,
       38.83806300033458
      ],
      [
       -77.10177000035844,
       38.83810500014206
      ],
      [
       -77.10223999981342,
       38.838424000269555
      ],
      [
       -77.10228699966909,
       38.83845600026268
      ],
      [
       -77.10232100000428,
       38.83849899972783
      ],
      [
       -77.10235199996643,
       38.83853400005437
      ],
      [
       -77.10240899986783,
       38.8386070003202
      ],
      [
       -77.10246499994433,
       38.83868099969852
      ],
      [
       -77.10258999961779,
       38.83885199977364
      ],
      [
       -77.10264700041752,
       38.83895999983027
      ],
      [
       -77.10271400036467,
       38.839082000163614
      ],
      [
       -77.10277299991589,
       38.8392510002167
      ],
      [
       -77.10280200022822,
       38.8393629998776
      ],
      [
       -77.10280200022822,
       38.83951300023435
      ],
      [
       -77.10288400024398,
       38.839542999987835
      ],
      [
       -77.10290500016038,
       38.83955099968676
      ],
      [
       -77.10297999960514,
       38.83958299987277
      ],
      [
       -77.10312299972027,
       38.839648999948594
      ],
      [
       -77.10321999980465,
       38.83970399996503
      ],
      [
       -77.1034480003086,
       38.839822000238506
      ],
      [
       -77.1035689997841,
       38.839881000301865
      ],
      [
       -77.10393799985503,
       38.84005300015998
      ],
      [
       -77.10395600029672,
       38.840059999933864
      ],
      [
       -77.10401300019811,
       38.84008500012025
      ],
      [
       -77.1040330002896,
       38.840092999758255
      ],
      [
       -77.10437600042127,
       38.84024399984069
      ],
      [
       -77.10442599975167,
       38.84026800009768
      ],
      [
       -77.10452399966097,
       38.84041999967145
      ],
      [
       -77.10502199960334,
       38.84081000030555
      ],
      [
       -77.10596300013482,
       38.84008199981845
      ],
      [
       -77.10619800031145,
       38.84033599996551
      ],
      [
       -77.10608500033355,
       38.84038699999871
      ],
      [
       -77.10606100004411,
       38.8403979998913
      ],
      [
       -77.10623400029647,
       38.84059200032581
      ],
      [
       -77.10656499983426,
       38.84091099980018
      ],
      [
       -77.10701900029403,
       38.84136599987473
      ],
      [
       -77.1070259999667,
       38.84137599976677
      ],
      [
       -77.10703299963942,
       38.84139399984888
      ],
      [
       -77.10703299963942,
       38.84141500017206
      ],
      [
       -77.1070250001418,
       38.84143199969618
      ],
      [
       -77.10702199976875,
       38.84144099973072
      ],
      [
       -77.10701400027115,
       38.841448999915926
      ],
      [
       -77.10668100018522,
       38.84164099989314
      ],
      [
       -77.10661300041315,
       38.841671999993956
      ],
      [
       -77.10663400032954,
       38.84172400031324
      ],
      [
       -77.10667699998726,
       38.84183399989472
      ],
      [
       -77.10671600034532,
       38.841934000193575
      ],
      [
       -77.10674300010949,
       38.842001999868714
      ],
      [
       -77.10678400011739,
       38.84210599998703
      ],
      [
       -77.10681799955424,
       38.84218300013818
      ],
      [
       -77.10693200025538,
       38.84243999998483
      ],
      [
       -77.10738900018987,
       38.84233499981932
      ],
      [
       -77.10744600009127,
       38.842316000139334
      ],
      [
       -77.10747799987833,
       38.842308999887685
      ],
      [
       -77.10749399977185,
       38.84230599967967
      ],
      [
       -77.10763199986411,
       38.842269999972395
      ],
      [
       -77.10774800021507,
       38.842232999710085
      ],
      [
       -77.10786000036806,
       38.84217099998378
      ],
      [
       -77.10796800032308,
       38.84208800008507
      ],
      [
       -77.10832399997525,
       38.84231799981126
      ],
      [
       -77.10852800018975,
       38.842444999855616
      ],
      [
       -77.10900799969046,
       38.84276099992976
      ],
      [
       -77.10912499986632,
       38.84275500025138
      ],
      [
       -77.10923899966913,
       38.84281899982636
      ],
      [
       -77.10950200033318,
       38.842939000186135
      ],
      [
       -77.11060000032518,
       38.84339600022803
      ],
      [
       -77.11067099957198,
       38.84342000012158
      ],
      [
       -77.1107989996185,
       38.84344600034692
      ],
      [
       -77.11133699974384,
       38.84327199994954
      ],
      [
       -77.11139299982034,
       38.84325900015613
      ],
      [
       -77.1124959998352,
       38.84292200032238
      ],
      [
       -77.11540900004469,
       38.84203100013227
      ],
      [
       -77.11568100003124,
       38.84194700022912
      ],
      [
       -77.1164590003561,
       38.84170999969278
      ],
      [
       -77.11787899966505,
       38.841276000083106
      ],
      [
       -77.11791899984802,
       38.84126799987844
      ],
      [
       -77.118183000337,
       38.841186000177686
      ],
      [
       -77.11830299998759,
       38.84114800019897
      ],
      [
       -77.11851100040005,
       38.84108499967399
      ],
      [
       -77.11871800008929,
       38.84102099993876
      ],
      [
       -77.11889999966417,
       38.8409649996859
      ],
      [
       -77.11893300017444,
       38.84094200021898
      ],
      [
       -77.11951300013259,
       38.84076300000693
      ],
      [
       -77.11965500042281,
       38.84071899995228
      ],
      [
       -77.11993400008207,
       38.84063300018038
      ],
      [
       -77.11997400026503,
       38.840637000318516
      ],
      [
       -77.12049999979648,
       38.84047700021504
      ],
      [
       -77.12055400022318,
       38.84044600029332
      ],
      [
       -77.12059600005595,
       38.84043299998354
      ],
      [
       -77.12063600023893,
       38.84041999967145
      ],
      [
       -77.12068499974443,
       38.84041999967145
      ],
      [
       -77.12102399967813,
       38.84031699975175
      ],
      [
       -77.12122100021995,
       38.84025700018499
      ],
      [
       -77.12129499983978,
       38.84023399978952
      ],
      [
       -77.12133300037293,
       38.840356999901275
      ],
      [
       -77.12137500020572,
       38.84049200024002
      ],
      [
       -77.12139100009927,
       38.84054400002228
      ],
      [
       -77.12143499958188,
       38.84068499985961
      ],
      [
       -77.12164399981924,
       38.84135599998124
      ],
      [
       -77.12190099973718,
       38.84130499994285
      ],
      [
       -77.12447199963991,
       38.8407939997905
      ],
      [
       -77.1246180001281,
       38.84128599998783
      ],
      [
       -77.12464200041754,
       38.84137599976677
      ],
      [
       -77.12469799959571,
       38.84134100013835
      ],
      [
       -77.12523499989615,
       38.84101699982222
      ],
      [
       -77.1256969998535,
       38.84074200019093
      ],
      [
       -77.1257179997699,
       38.84072899993529
      ],
      [
       -77.12579300011298,
       38.84068499985961
      ],
      [
       -77.12572100014296,
       38.84061700032529
      ],
      [
       -77.12541999984407,
       38.84030800027475
      ],
      [
       -77.12550699988272,
       38.8402530000255
      ],
      [
       -77.12559200027152,
       38.84019900029911
      ],
      [
       -77.125456999654,
       38.8400139997079
      ],
      [
       -77.12511699989537,
       38.83955099968676
      ],
      [
       -77.12583300029594,
       38.83936500033222
      ],
      [
       -77.12585900023522,
       38.839357999790316
      ],
      [
       -77.1259060000909,
       38.8393459998592
      ],
      [
       -77.12564699962479,
       38.838904999938514
      ],
      [
       -77.12560999981488,
       38.83886100013445
      ],
      [
       -77.12537100033859,
       38.83853499994348
      ],
      [
       -77.12535000042219,
       38.838508000133295
      ],
      [
       -77.12534000037644,
       38.83849400027951
      ],
      [
       -77.12532899960748,
       38.83847899983338
      ],
      [
       -77.12532000028497,
       38.83846599986398
      ],
      [
       -77.12530400039144,
       38.838443000289075
      ],
      [
       -77.12529799964534,
       38.838434999765916
      ],
      [
       -77.1252809999269,
       38.838412000180995
      ],
      [
       -77.12524800031494,
       38.83836700018059
      ],
      [
       -77.12514399965956,
       38.83822500005508
      ],
      [
       -77.1250490001233,
       38.83809599968558
      ],
      [
       -77.12503999990247,
       38.83808400024139
      ],
      [
       -77.12488300044195,
       38.837869000002655
      ],
      [
       -77.1248659998252,
       38.837847000133586
      ],
      [
       -77.12485699960438,
       38.837834999947674
      ],
      [
       -77.12469799959571,
       38.837595000003446
      ],
      [
       -77.12480499972584,
       38.837578000262376
      ],
      [
       -77.12774999972237,
       38.836917999933156
      ],
      [
       -77.12785100000472,
       38.83693000027364
      ],
      [
       -77.12791200010406,
       38.83693800026631
      ],
      [
       -77.12964000028293,
       38.83513099999487
      ],
      [
       -77.12968700013857,
       38.8350820002687
      ],
      [
       -77.13032200034831,
       38.83441800009615
      ],
      [
       -77.13111200036873,
       38.833591999925574
      ],
      [
       -77.13117400029302,
       38.83353300024634
      ],
      [
       -77.13138799965495,
       38.83333099976446
      ],
      [
       -77.13244200016432,
       38.83301299986735
      ],
      [
       -77.13299299981014,
       38.83284800027185
      ],
      [
       -77.1330310003433,
       38.83283699991204
      ],
      [
       -77.13320500042057,
       38.832784000126516
      ],
      [
       -77.13347700040713,
       38.83270199974684
      ],
      [
       -77.13349800032353,
       38.83270499965999
      ],
      [
       -77.13501499971686,
       38.832237999761325
      ],
      [
       -77.1351510001593,
       38.83219699996858
      ],
      [
       -77.13522499977915,
       38.83217499974577
      ],
      [
       -77.13527400018296,
       38.83216000006706
      ],
      [
       -77.13525400009145,
       38.832099999921056
      ],
      [
       -77.13513799974051,
       38.83175699981839
      ],
      [
       -77.13511099997633,
       38.83167600034037
      ],
      [
       -77.13502800013565,
       38.83142700002018
      ],
      [
       -77.13493299970109,
       38.83092300028945
      ],
      [
       -77.13491000013488,
       38.83081299993769
      ],
      [
       -77.13492799967823,
       38.83080499995635
      ],
      [
       -77.13503999983122,
       38.83075700004954
      ],
      [
       -77.13533600010723,
       38.83063100014017
      ],
      [
       -77.13535299982566,
       38.830618000136845
      ],
      [
       -77.13553000027599,
       38.830544000072635
      ],
      [
       -77.13562900001018,
       38.830471999936286
      ],
      [
       -77.13564599972861,
       38.830458999903875
      ],
      [
       -77.1357219998966,
       38.830403999740625
      ],
      [
       -77.13675899978924,
       38.82964800018809
      ],
      [
       -77.13724000001318,
       38.829396999736844
      ],
      [
       -77.13846299967864,
       38.82844399977302
      ],
      [
       -77.1390650002764,
       38.82807600005159
      ],
      [
       -77.13920599984338,
       38.82798999969796
      ],
      [
       -77.13952999970849,
       38.82783500005133
      ],
      [
       -77.13956999989146,
       38.82780600030121
      ],
      [
       -77.1399459996351,
       38.82753600022665
      ],
      [
       -77.14017900016192,
       38.82738200033723
      ],
      [
       -77.14066399968551,
       38.8271069998061
      ],
      [
       -77.1407409996784,
       38.827052999902754
      ],
      [
       -77.14081799967128,
       38.82697600017709
      ],
      [
       -77.14085000035665,
       38.8269340001008
      ],
      [
       -77.14087200009796,
       38.826904999983654
      ],
      [
       -77.14093599967207,
       38.82678299977168
      ],
      [
       -77.14095800031167,
       38.826731999787455
      ],
      [
       -77.14098900027383,
       38.82666100005047
      ],
      [
       -77.14102500025885,
       38.826602000225066
      ],
      [
       -77.1410650004418,
       38.82653499988952
      ],
      [
       -77.14110899992443,
       38.82647299978403
      ],
      [
       -77.14116199962787,
       38.82641499986216
      ],
      [
       -77.14140100000247,
       38.82621400023802
      ],
      [
       -77.14144200001036,
       38.826180000214144
      ],
      [
       -77.14150300010972,
       38.826128999797945
      ],
      [
       -77.14155800036133,
       38.826082999665694
      ],
      [
       -77.14160199984391,
       38.826035000074114
      ],
      [
       -77.1416560002706,
       38.82595599981562
      ],
      [
       -77.14169499973035,
       38.825863999997665
      ],
      [
       -77.14173499991331,
       38.82576799978701
      ],
      [
       -77.14177300044648,
       38.82567899993532
      ],
      [
       -77.14184000039361,
       38.825519999868376
      ],
      [
       -77.1418749996554,
       38.82543800021886
      ],
      [
       -77.14186499960967,
       38.825423999893715
      ],
      [
       -77.1418389996704,
       38.825226999875696
      ],
      [
       -77.14175900020277,
       38.82475500019406
      ],
      [
       -77.14215300038806,
       38.82382599988016
      ],
      [
       -77.14215800041094,
       38.82381300003384
      ],
      [
       -77.14172599969248,
       38.823822000196856
      ],
      [
       -77.14130399991811,
       38.82383000026306
      ],
      [
       -77.13851299990735,
       38.82388399981156
      ],
      [
       -77.13847899957217,
       38.82382300029265
      ],
      [
       -77.13719900000528,
       38.82151899984381
      ],
      [
       -77.13718999978445,
       38.821501999762674
      ],
      [
       -77.1373050003105,
       38.82140899965885
      ],
      [
       -77.13746400031916,
       38.82127900017553
      ],
      [
       -77.13747199981677,
       38.821271999954334
      ],
      [
       -77.13755200018271,
       38.82120699976736
      ],
      [
       -77.13762099977968,
       38.82115100002169
      ],
      [
       -77.13770699999341,
       38.82108099975277
      ],
      [
       -77.13818099964632,
       38.820695000053384
      ],
      [
       -77.13828100010376,
       38.820613999887094
      ],
      [
       -77.13894800010053,
       38.8200709997114
      ],
      [
       -77.13910999958392,
       38.819939999734764
      ],
      [
       -77.13930799995065,
       38.819778999844786
      ],
      [
       -77.1395580001959,
       38.81957499991783
      ],
      [
       -77.13953599955627,
       38.81955800007255
      ],
      [
       -77.1394240003016,
       38.81947400024209
      ],
      [
       -77.1394119997077,
       38.81946500022935
      ],
      [
       -77.13939400016437,
       38.81945100012956
      ],
      [
       -77.1390359999641,
       38.81918099986621
      ],
      [
       -77.13876999982529,
       38.818981000281326
      ],
      [
       -77.13870600025119,
       38.81893300010137
      ],
      [
       -77.13866799971805,
       38.818904000224876
      ],
      [
       -77.1385809996794,
       38.8188379998103
      ],
      [
       -77.13850299986161,
       38.81878900006739
      ],
      [
       -77.13848500031825,
       38.81877899980147
      ],
      [
       -77.1384109998001,
       38.818740000290774
      ],
      [
       -77.13844799961004,
       38.81870799983283
      ],
      [
       -77.13850000038688,
       38.81866599977863
      ],
      [
       -77.13899199958314,
       38.81826700012791
      ],
      [
       -77.13915300013996,
       38.81802000015708
      ],
      [
       -77.13974599961855,
       38.81710300034581
      ],
      [
       -77.13991300002316,
       38.81717099994717
      ],
      [
       -77.14012399991034,
       38.81725700007047
      ],
      [
       -77.14021299959877,
       38.81713699980462
      ],
      [
       -77.14055999992843,
       38.81730099993068
      ],
      [
       -77.14088700016656,
       38.817476000314414
      ],
      [
       -77.14104899964997,
       38.817541999891525
      ],
      [
       -77.14115300030537,
       38.817404000260595
      ],
      [
       -77.14118199971936,
       38.81736600018339
      ],
      [
       -77.14120299963575,
       38.81733900004257
      ],
      [
       -77.141276000329,
       38.8172439997248
      ],
      [
       -77.14166899979108,
       38.81673100001886
      ],
      [
       -77.14246499965928,
       38.81569399981139
      ],
      [
       -77.14295799957878,
       38.81505200000513
      ],
      [
       -77.14307200027991,
       38.81505699970005
      ],
      [
       -77.14321500039505,
       38.81493899966819
      ],
      [
       -77.14324499963396,
       38.81491399974906
      ],
      [
       -77.14365999973566,
       38.8143060000218
      ],
      [
       -77.14373599990363,
       38.81419499966329
      ],
      [
       -77.14366099956057,
       38.8137529997737
      ],
      [
       -77.14366599958343,
       38.81365400001792
      ],
      [
       -77.1436699997814,
       38.81358800033758
      ],
      [
       -77.14367300015444,
       38.8135329997406
      ],
      [
       -77.14367399997936,
       38.81351500031236
      ],
      [
       -77.14367999982714,
       38.813399999852386
      ],
      [
       -77.1436909996978,
       38.813203999711746
      ],
      [
       -77.14367700035241,
       38.8129599997259
      ],
      [
       -77.14365600043601,
       38.812724000218104
      ],
      [
       -77.14365999973566,
       38.812657000123366
      ],
      [
       -77.14366599958343,
       38.81255599973609
      ],
      [
       -77.14368999987288,
       38.81214900017554
      ],
      [
       -77.1436970004439,
       38.81203900021676
      ],
      [
       -77.1437040001166,
       38.81191900025884
      ],
      [
       -77.14370900013945,
       38.81182800006848
      ],
      [
       -77.14371400016233,
       38.811747000316615
      ],
      [
       -77.14375000014735,
       38.8111360000328
      ],
      [
       -77.14375900036816,
       38.810984000225034
      ],
      [
       -77.14376699986579,
       38.810837999662205
      ],
      [
       -77.14377100006375,
       38.81077299975162
      ],
      [
       -77.143797000003,
       38.810657999764594
      ],
      [
       -77.14382799996515,
       38.81056099977117
      ],
      [
       -77.14383999966071,
       38.81052500010806
      ],
      [
       -77.14384600040681,
       38.810424000197706
      ],
      [
       -77.14387200034608,
       38.81041999976167
      ],
      [
       -77.14392699969933,
       38.810412000288956
      ],
      [
       -77.1439660000574,
       38.81040700026804
      ],
      [
       -77.1443590004178,
       38.8103570000396
      ]
     ]
    ]
   },
   "properties": {
    "GEOID": "51510",
    "NAME": "Alexandria city"
   }
  }
 ]
}