# OCR of 1890a_v1-13.pdf (93 pages)
# Finding aid only - verify every digit against the scan.

===== 1890a_v1-13.pdf page 1 =====
SEX, GENERAL NATIVITY, AND COLOR.
TABLI
9.—POPULATION BY SEX, GENERAL NATIVITY, AND COLOR, BY STATES AND
TERRITORIES: 1890.
TABLE 10.-COLORED POPULATION OLASSIFIED AS NEGROES, MULATTOES, QUADROONS,
OCTOROONS, CHINESE, JAPANESE, AND CIVILIZED INDIANS, BY STATES AND
TERRITORIES: 1890.
TABLE 11.-MALE AND FEMALE POPULATION, BY STATES AND TERRITORIES: 1850 TO 1800.
TABLE 12.-NATIVE AND FOREIGN BORN POPULATION, BY STATES AND TERRITORIES:
1850 TO 1890.
TABLE 13.-WHITE AND NEGRO POPULATION, BY STATES AND TERRITORIES: 1850 TO 1890.
TABLE 14,-CHINESE, JAPANESE, AND CIVILIZED INDIAN POPULATION, BY STATES AND
TERRITORIES: 1860 TO 1890.
TABLE
15.-NATIVE AND FOREIGN BORN AND WHITE AND NEGRO POPULATION, BY COUNTIES:
1870 TO 1890.
TABLE 16.-CHINESE POPULATION, BX COUNTIES: 1870 TO 1800.
TABLE 17.-JAPANESE POPULATION, BY COUNTIES: 1870 TO 1890.
TABLE 13.-CIVILIZED INDIAN POPULATION, BY COUNTIES: 1870 TO 1890.
TABLE 19.-POPULATION, BY SEX, GENERAL NATIVITY, AND COLOR, OF PLACES HAVING
2,500 INHABITANTS OR MORE: 1890.
TABLE 20.-NATIVE AND FOREIGN BORN AND WHITE AND COLORED POPULATION, CLASSIFIED
BY SEX, BY STATES AND TERRITORIES: 1890.
TABLE 21.-NEGRO, OHINESE, JAPANESE, AND OIVILIZED INDIAN POPULATION, CLASSIFIED
BY SEX, BY STATES AND TERRITORIES: 1890.
TABLE 22.-NATIVE AND FOREIGN BORN AND WHITE AND COLORED POPULATION, CLASSIFIED
BX SEX, BY COUNTIES: 1890.
TABLE 23.-NATIVE AND FOREIGN BORN AND WHITE AND COLORED POPULATION, CLASSIFIED
BY SEX, OF PLACES HAVING 2,500 INHABITANTS OR MORE: 1890.
393

===== 1890a_v1-13.pdf page 2 =====
Hlerenth
Consus olthe lniled States
Fobort P. Portor, Superintendent.
THE TOTAL POPULATION
AND ITS
ELEMENTS AT EACH CENSUS.
1830
1890
1870
1840
1820
1810
1790
1800
5
1860
1850
5
5
1880
LEGEND.
NATIVE OF NATIVE PARENTS ..
NATIVE OF FOREIGN PARENTS_L
FOREIGN BORN..
COLORED_--
ALL WHITES 1790 TO 1840
NATIVE WHITES 1850 AND 1860
N

===== 1890a_v1-13.pdf page 3 =====
SEX, GENERAL NATIVITY, AND COLOR.
395
TABLE 9.-POPULATION BY SEX, GENERAL NATIVITY, AND COLOR, BY STATES AND TERRITORIES: 1890.
STATES AND TERRITORIES.
Total
population.
The Onitod States
North Atlantio division ..
Maine -..
Now Hampshire
Vermont...
Massnchusctts
Rhode Island
Conuecticut..
Now York..
New Jersey...
Peonsylvania.
South Atlantio division
Delaware ..
Marsland....
Distriut of Columbia
Virginia ......
West Virginia.
North Carolina
Sonth Carolina
Georgia...
Florida .
North Central division
Obio -
Indiana
Illinois
Michigun
Wisconsin
Minnesota
Jowa...
Missouri :
North Dakotn
South Dakota
Nebraska..
Kansas ...
divigion..
pi
Weatern division.
Alontana...
Wyoming..
Colorado...
Newy Moxico.
Arizona....
Utah....
Nevada -
Idaho
Washington .
Oregon..---t
Cnlifornia..
02, 622, 250
17, 401, 545
061. 086
376, 530
832, 422
2,208, 018
345, 500
716, 258
Б, 997, 85%
1,141, 943
б, 258,014
8,857, 120
168,49B
1, 012, 390
280, 392
1, 605, 080
T02, 701
1, G17, 047
1, 151, 140
1,837, 358
301, 422
22, 362, 279
3, 072, 310
2, 102, 401
8,820, 851
2. 098, 889
1. G8G, 880
1, 301. 826
1,011, 896
2, 079, 184
182, 719
828, 808
1; 058, 010
1,427, 006
10, 972, 898
1, 858, 685
1, 707, 518
1,018,017
1, 289, 600,
1, 118, 587
2, 285, 528
01, 881
1,128, 179
8, 027, 013
132, 150
GO, 705
412,198
153, 598
Б0, 620
207. 005
45,761
$4, 385
349. 300
813,767
1, 208, 130
SEX.
NATIVE AND FOREION BORN.
Male,
32, 007, 880
8, 677, 798
382, 590
180, 500
169, 327
1, 087, 709
168, 025
309, 538
2, 976, 803
720. 810
2, 666, 381
4, 418, 769
80, 578
615, 091
109, 58₴
824, 278
390, 285
700, 149
572,387
919.925
201, 917
11, 591, 010
1, 855, 736
1, 118, 317
1,072,308
1, 091: 780
874,951
60õ, 321
994, 153
1, 385, 238
101, 590
180, 250
572, 824
752, 112
đ, 603, 877
912, 758
891, 585
757, 160
649, 087
559, 350
1, 172, 058
34, 733
585. 765
1, 782, 526
87, 882
89,318
245, 217
83. 055
36,571
110, 463
29,214
51, 290
217.502
181,810
700, 059
Female.
30, 554, 370
8, 723, 747
328, 490
180, 061
168, 095
1, 151, 284
177, 481
370, 720
3, 020, 900
72t,114
2, 501, 083
*, 189, 101
82, 920
520, 699
120, 808
831,702
872,509
818, 708
578, 812
917, 128
189, 475
10, 707, 369
1, 818, 580
1, 074,057
1, 854, 043
1, 002, 109
811, 029
606, 505
017, 443
1,208,046
81, 129
148, 058
486, 086
074, 084
5, 379, 016
915,877
875, 038
750, 561
080, 918
560, 237
1, 002, 970
27,101
712, 124
1, 215, 087
44,277
21, 362
100, 951
T0, 588
28, 0$0
97,442
10, 047
33, 095
181, 828
181, 927
508, 071
Native.
Foreigu.
58, 372, 708
13, 513, 308
582, 195
304, 190
288,384
1, 581, 806
239, 201
662, 057
4,120,803
1, 115, 958
4, 412, 201
8, (19, 305
155, 382
948, 091
211, 622
1, 637, 000
74K,011
1, 614, 215
1, 144, 870
1,825, 216
308,400
18, 302, 105
3, 213, 028
2, 048, 109
2, 981, 004
1, 550, 000
1,107, 081
834,470
1,587,827
2, 444,315
101,258
287,758
850,308
1, 279, 258
10, 061, 072
1, 709, 279
1, 7-17, 489
1, 498,210
1, 281, 048
1, 008, 810
2, 082, 507
50), 094
1,118, 815
2, 256, 708
89, 008
45,792
328, 208
142, 334
40, 825
154,841
31, 055
60,920
250, 385
250, 150
841,821
9, 249, 517
#, 888, 177
78, 001
72, 310
41, 088
657, 137
100, 305
188, 601
1, 571,050
328, 075
815, 720
208, 525
13, 161
01, 206
• 18,770
18,374
18, 88:3
3, 702
6,270
12,137
22, 082
4,000,11*
459, 298
146, 205
812, 347
543, 880
619, 190
467, 356
324, 06D
284, 80U
81, 101
91, 065
202, 542
147, 838

===== 1890a_v1-13.pdf page 4 =====
396
STATISTICS OF POPULATION.
TABLE 9.-POPULATION BY SEX, GENERAL NATIVITY, AND COLOR, BY STATES AND TERRITORIES: 1890-Continned.
NATIVE WHITE.
STATES AND TERRITORIES.
AggrygaTe
ivhite,
Foreign
white.
The Uniter States..
North Atlantie division
Maine .-
New Hampshire
Vermont..
Massachusetts.
Rbode Island
Connecticut..
New Tork..
New Jersey .-
Pennsylrania.
South Atlantio division-
Delaware..
Maryland..
Distriet of Columbia
Virginia...
West Virginia
North Carolina -
South Carolinn
Georgia..
Florida -
North Central division .
Ohio..
Indiana.
Illinois .
Michigan
Wisconsin.:
ALinnesota.
Iown...
Missouri..
Worth Dakota
South Dakota.
Nebraska.
Kansas ..
South Central diviaion.
Kentucky.
Tennessce
Alabama..
Mississippi
Louisiana.
Texas...
Oklahoma.
Arkansas..
Western dirision ..
Montana...
Wroming.
Colorado..
New Mexico.
Arizona..
Utah...
Nevada
Idaho..
Washington
Oregon...
California
Total,
Nativo
parents.
Foreign
parents.
54, 983, 890
45, 862, 028
34, 358, 848
11, 503, 675
9, 121, 807
17, 121, 081
18, 247, 115
8, 801,405
4, 855, 710
3,874, 860
050, 203
875, 810
381, 418
2, 215, 373
837, 859
733, 138
5, 028, 982
1, 306,581
5, 148. 257
680, 568
808, 044
287,30-1
1,561, 870
281, 882
550, 283
+, 358, 260
1, 068, 590
+, 301, 668
506, 703
258, 629
225, 245
975,480
137,550
357, 285
2, 520, 807
696, 718
8, 238, 088
5, 502, 149
5, 389, 833
ữ, 007, 879
140, 006
826. 103
154, 095
1,020, 122
730, 077
1, 055, 182
462.C08
978, 357
224. 019
120, 970
732, 706
136, 178
1, 001, 903
711. 225
1, 051, 720
455. 805
000,465
206, 771
100, 355
576, 285
107.300
976, 758
070,214
1,041, 183
415, 195
040, 782
100, 898
21, 911, 027
17, 858.470
12, 250, 155
3, 584,805
2, 1-10, 780
3,768,172
2, 072, 88-1
1, 680. 178
1, 296, 159
1,001, 080
2, 528, 158
182, 12;
327, 290
1, 0:16, 888
1, 370,508
7,187,570
2, 870, 257
127,271
59, 275
404, 468
142, 719
55, 580
205, 890
39, 084
82, 018
340, 518
301, 758
1,111, 672
a Persons of negro descent, Chinese, Japanese, and civilized Indians.
SRNENENED 1R0EEN8S4E
3 07а в 00то9м3 деоната
T'otal
colored.
(a)
G90
Шар«оое ратоото песонсер и даоеиеа
506
137,356
+, 888
1,430
7,730
10, 871
4, 010
2,006
6, 677
2,367
8, S77°
12,0G9
96, 458

===== 1890a_v1-13.pdf page 5 =====
SEX, GENERAL NATIVITY, AND COLOR.
397
TABLE: 1D.-COLORED POPULATION CLASSIFIED AS NEGROES, MULATTOES, QUADROONS, OCTOROONS, CHINESE,
JAPANESE, AND CIVILIZED INDIANS, BY STATES AND TERRITORIES: 1890.
SPATES AND TERRITORIES.
Total colorerl,
The United States..
North Atlantic division-
Malne...
Now Hampshire
Vermont......
Maagachusetts
Rhodo Island.
Coonectiont ..
New Tork...
Nety Jersey
Pennaylvania.
South Atlantio divixion.
Delaware...
Maryland..
District ot Columbia
Virginia .
West Virginia
North Carolinn
South Carolina
Georgia.
Floridi
North Contral divixion
Ohio .
Indiana.
Illinois.
Michigan
Wisconsin
Minnesota
Town.....
Missonri.
North Dakota
Soutl Dakotn.
Nebraska...
Kansas .
South Central division.
Kentucky
Teunessee
dlabama...
alississiphl
Louisiana.
Texas....
Oklahoma.
Arkansas
Westeru division.
Montann..
TYjoming.
Colorado
Now Mexivo.
Arizonn .
Utah.
Nevada
Idaho
Washington
Oregon
Calitornia
7, 038, 360
279,504
1, 823
690
1,004
23. 570
7, 617
12, 820
73,901
48,352
100, 757
3, 265, 771
28,427
215, 897
75, 697
685, 868
32,717
562, 505
680, 141
858, 006
166, 473
460, 352
87,511
45, 668
57,879
21,005
6,407
D, 607
10, 810
150, 726
596
1,518
12.022
60,043
#, 485, 317
268,174
430,881
679, 209
714, 719
560, 192
489, 088
3. 008
309,427
157, 366
4, 888
1, 180
Т. THO
101,874
4.010
2,000
6, 077
2, 367
8, 877
12, 009
00, 468
Total.
7,170, 040
269, 906
1, 190
61+
937
22, 114
7,393
12, 302
TO, 092
47, 688
107, 590
#, 262, 600
28, 386
215, 057
75,572
085. 488
32, 690
561, 018
688, 934
868, 815
166, 180
#81,112
87, 113
45, 215
57, 028
16, 223
2,444
3, 083
10. 685
150, 181
373
541
8, 013
41, 710
, 470, 251
268,071
130, 678
678, 489
742, 550
559, 193
488,171
2.078
309, 117
27, 081
1,490
922
0, 215
1, 956
1, 357
588
212
201
1,002
1, 180
11.822
PERSONS OF NEGRO DESCENT.
Chinese.
Japanese.
Civilized
Indians.
Negroes.
Mulattoes.
Quadroons. Octoroons.
6,887, 980
207, 175
507
248
521
14, 108
5,300
0,221
51, 852
40,430
81, 886
2,823, 505
21,837
181, 296
55, 730
512, 997
28, 336
488,817
621.781
773, 082
146, 423
297,831
50, 078
31, 557
10,346
7.036
1, 017
1,081
7, 503
114, 789
15X
310
G, 091
36, 530
2, 998, 002
216, 085
156, 215
001, 069
657,308
408, 240
122, 447
2, 156
209,487
16, 477
1, 086
G71
4,056
970
032
379
110
100
1,044
557
6,542
956, 989
105, 185
69, 036
51,492
6, 240
4,990
409
107
114
183
70
118
328
61
37
6,815
728
193
1,079
226
42
2,403
367
261
12, 469
1,629
1,149
0, 128
701
878
20, 080
2.366
2,802
374,705
38, 946
3,218
107
81, 094
2, 078
17, 989
1,126
107,217
0, 772
7,583
758
05, 687
5, 897
58, 400
8, 120
72,072
8, 795
16, 510
2, 203
: 107,701
15, 092
29,191
4, 112
10,070
1,520
13, 588
1, 862
5, 580
1,376
782
290,
1,100
310
2,318
585
80, 966
2. 982
109
70
164
44
41
28
2,155
405
10, 708
1,580
416, 411
43, 068
46, 152
8, 577
06, 229
5, 185
65, 993
7,040
72, 045
8, 030
70, 840
8, 597
55,819
0,219
688
77
38, 252
4, 084
0, 620
1, 780
257
98
195
37
1, 778
220
419
286
390
20
145
20
77
12
30
871
101
287
134
2,618
868
2, 195
54
19
152
881
15
135
1:
18
86
208
1,204
107, 175
G, 177
73
22
981
27g
2,085
608
1,110
609
37
189
15
32
34
108
108
2, 851
183
92
740
120
110
01
04
400
28
195
21+
93
1,434
28
51
18
147
881
710
25
92
96, 844
2, 532
465
1,308
361
1,170
806
2, 888
2,007
3. 260
9, 540
72,172
2,089
247
18
18
118
22
82
55
16
14
117
22
18
1t
38
61
1, 550
10
160
25
1,147
58, 806
#8, 234
550
1G
424
180
228
726
81
98$
2, 857
41
310
1, 514
173
09
171
16, 772
1D3
819
$97
5, 091
$, 845
1, 838
60
127
101
T82
2,8113
736
4,571
71
146
750
2, 036
027
*701
10
218
31,872
86D
13
107
•8, 051
1, 519
608
3, 509
150
3, 055
1, 208
11,517

===== 1890a_v1-13.pdf page 6 =====
398
STATISTICS OF POPULATION.
TABLE I1.-MALE AND FEMALE POPULATION, BY STATES AND TERRITORIES: 1850 TO 1890.
STATES AND TERRITORIES,
The United States
North Atlantie division .
ARLITE ...
New Hampshire-
Vermont...
Massachusetts.
Rhode Island.
Conneetient .
New York.
New Jersey
Pennsylvenia
South A tlantie division
Dolavare .
Maryland.
Distriet of Columbia
Pirginia ...
West Virginia
North Carolina
South Carolina.
Georgia..
Florida .
North Central division
Obio..
Indiana..
Illinois
Michignu
TVisconsin
Minnesota
Iowa.
Missouri.
North Dakota
South Dakota.
Nebraska
Kansas
South Central division.
Kentacky.
Tennessee
Alabama..
Mississippi
Louisinna.
Техла..
Okiahoma.
Arkansas.
Western division
Montana..
Wyoming.
Colorado.
New Mexico
Arizona..
Dtah...
Nevada
Tdalio.
Washington
Oregon...
Californía.
1890
32, 067, 880
8, 677, 798
332, 590
186, 506
160, 327
1, 087,709
168, 025
369, 588
2,076, 893
720, 810
2,600,331
+, $18, 709
85,573
515, 601
109.584
824.278
390, 285
799,149
572, 337
919,925
201, 947
11,594, 910
1, 855, 736
1, 118, 347
1, 972, 308
1, 091, 780
874, 951
605, 321
094, 453
1,385, 238
101, 500
180, 250
572, 824
752, 112
5, 593, 877
942, 758
891, 585
757, 456
619, 687
559, 350
1, 172, 553
34,738
585, 755
1, 782, 526
87, 882
39, 343
245, 247
83, 055
36, 571
110, 463
29, 214
51,290
217, 502
181,840
700, 059
1880
25, 518, 820
7, 160, 622
321, 058
170, 520
166, 887
858,440
183, 030
305, 782
2, 505, 322
059, 922
2, 136, 655
3, 757, 698
74, 108
462, 187
83,578
715, 580
714,495
687, 908
490, 408
702.981
136,441
9, 015, 020
1, 618, 986
1, 010, 361
1,586, 323
862, 055
680,060
119,149
848, 130
1, 127,187
a82,290
249,241
530, 667
+,514,546
832,590
769, 277
022, 629
567,177
468,751
837, 810
416, 279
1, 070, 034
28, 177
14, 152
129, 131
64, 406
28.202
74, 509
42.019
21,818
45, 973
108,381
618,176
MALES.
1870
1860
19,498, 565
16, 085, 204
6, 079, 069
313, 103
155, 640
163,721
703, 779
104, 756
265. 270
2, 163, 220
448, 672
1,758, 499
2, 865, 814
62, 028
384,084
62, 192
697, 058
222,848
518, 704
843.302
678, 055
94,548
6, 713, 802
1,337, 050
857,994
1,810,537
• 617, 745
544, 880/
235, 299
025, 917
890,347
48, 878
70,125
202, 224
3, 225, 164
065.675
023, 347
488, 738
413,421
362, 165
123,557
248, 261
5, 205, 638
817,189
159, 816
158, 786
596. 713
81, 133
226, 994
1, 993, 532
335, U51
1, 404, 419
2, 680, 998
56, 689
340, 898
35, 490
806,101
495, 610
347, 320
531, 915
72, 980
+, 742, 830
1, 190,162
099, 260
902, 781
* 394,694
407, 419
93, 084
354, 193
022, 201
42,797
16, 760
39, 178
2, 908, 186
592, 321
562, 718
489, 291
405, 048
309;904
320, 167
227, 747
121, 548
1850
11, 837, 660
$, 339, 413
207, 471
150, 220
160, 033
488,517
72, 078
183,704
1, 507, 011
240, 346
1, 168, 103
2, 343, 236
15,955
292, 323
24, 164
717,804
130,901
829, 634
456, 465
45, 927
2,814, 23-t
1, 016, 808
511, 898
148, 321
209, 896
104, 710
3, 710
101, 052
357, 832
2, 209, 151
502, 780
501, 132
302, 343
311, 724
274, 590
118, 780
109, 810
609, 110
16.771
T, 219
24, 820
$7,735
6, 887
14,121
32, 379
12,184
14, 990
53, 131
349, 179
32, 091
40,001
20,255
6, 137
8,446
31,591
273, 387
a Dakota territory.
181, 626
•31, 742
6,046
8, 258
85, 580
1890
30, 551, 370
8, 723, 747
328, 490
189, 96
168, 095
1,151, 234
177,481
876, 720
3, 020, 060
724,114
2, 591, 683
1, 439, 151
82, 020
526, 699
120, 808
831, 702
372, 500
818, 798
578, 812
917, 428
189, 175
10, 767, 369
1, 816, 580
1,074, 057
1,854, 048
1, 002, 109
811, 929
600, 505
017,418
1, 293, 946
81,129
148, 558
486, 080
674, 984
5, 379, 016
915, 877
875, 988
755, 501
(30, 913
559, 287
1, 062, 070
27, 101
542,424
1, 245, 087
44,277
, 21,302
160, 951
70, 588
28, 049
97,442
16, 517
38, 095
181, 828
131, 927
508, 071
1880
24, 036, 963
7, 846, 785
324, 878
176, 405
165, 809
024, 645
143, 501
318,918
2, 577, 519
071, 194
2, 146, 236
3, 839, 499
72, 500
472, 756
94, 046
760, 970
303, 962
711; 842
505, 169
779, 109
183, 049
8, 348, 101
1, 584, 12G
967, 040
1, 491,348
774;582
685, 428
301, 621
776,479
1,0$1, 103
452, 881
208,101
$59, 129
#, 101,825
810, 100
778, 082
039, 870
564, 420
471,102
753, 009
386, 216
697, 603
10, 982
0, 037
65, 196
55, 060
12, 238
69, 454
20, 247
10, 792
20, 143
71, 387
3-16, 518
FEMALES.
1870
19, 004, 800
0, 219, 061
318, 812
162, 660
104, 830
758, 072
112, 597
272, 184
2, 219, 530
156, 124
1,708,452
2, 087, 796
62, 387
395,910
09, 508
628, 105
219,171
552, 857
301, 704
605, 154
93, 200
G, 207, 300
1, 327, 710
822, 643
1, 223, 354
500,314
500, 78+
204, 407
568, 103
824, 018
aб, 308
52, 568
162, 175
3, 209, 216
655, 386
635, 178
508, 25¢
414,501
304, 750
395, 022
236, 210
381.394
3, 824
1,809
15, 04
14, 780
2,771
42, 665
10, 112
2, 815
8, 905
37, 792
210,768
1860
15, 358.117
5,328, 085
311, 090
106, 257
156, 312
034, 353
90, 487
284, 158
1, 947,203
330, D84
1. 451,79G
2, 077, 705
55, 527
346, 151
39, 581
790,217
407, 006
350. 388
525,341
07,404
1, 353, 877
1, 149, 349
651, 168
809, 100
354,419
368, 482
78, 939
320, 420
059, 811
a2,010
12, 081
48, 028
2, 800, 472
508, 363
517, 083
474,910
385, 357
338, 008
284, 048
207, 703
107,428
1, 580
41,425
20, 018
720
3, 148
20, 874
106, 057
1850
11, 354, 210
4,287,138
285,098
161,750
151, 087
505,007
75,107
187, 088
1,520,453
244, 200
1, 113, 083
2, 335, 851
45, 577
, 200.711
27,023
703,797
438, 135
338, 878
149,720
$1,518
2,589, 301
963, 521
176, 623
103,140
187, 758
140, 075
2,361
91,102
324, 212
2,004, 371
479, 075
408, 585
379, 283
201, 802
243, 106
98, 812
100, 051
17,102
29, 805
5, 334
5, 030.
7,017

===== 1890a_v1-13.pdf page 7 =====
SEX, GENERAL NATIVITY, AND COLOR.
TABLE 12.-NATIVE AND FORLIGN BORN POPULATION, BY STATES AND TERRITORIES: 1850 TO 1890.
STATES AND TERRITORIES.
The United States.
North Atlantie division
Maine.
New Hampshire
Vermont..
Massachusetts.
Rhode Island
Connecticut .
New York..
New Jersey..
Pennsylvania.
South Atlantic dirision.
Delaware...
Maryland.-
Distriet ot Columbia
Virginia
West Virginin
North Carolina
Sonth Carolina
Georgia..
Florida..
North Central division
Ohto ...
Indiann.
Illinois
Michignn
Wisconsin
Minnesota
1o1t2...
Missouri.
North Dakota
South Dakota.
Nebraska
Kansas ..
South Central division
Kentucky .
L'enneasee
Alabnma
Мізміявіррі
Louisiann.
Teхля-
Oklahoma
Arkansas
Western division
Muntana.
Wgoming
Colorado.
Now Mexico
Arizona .
Utah.
Nevada
Idaho..
WVashington
Oregon
California
1890
53, 872, 703
13, 513, 308
582,125
304, 190
288, 334
1,581, 800
239,201
562, 057
$, 426, 803
1, 115, 958
4,412, 294
8, 049, 395
155,332
048, 094
211, 622
1, 637, 606
743,911
1, 614, 245
1, 144, 879
1, 825, 216
308, 490
18, 802, 105
3, 213, 028
2, 016, 199
2, 984, 004
1, 550, 009
1, 167, 681
834, 470
1, 587, 827
2,14t, 315
101, 258
237, 708
850,868
1,279,258
10, 651, 072
1,790, 279
1,747,189
1, 198, 240
1, 281, 018
1, 008, 810
2, 082, 567
59,094
1,113, 915
2, 256,708
89, 063
15,792
328, 208
142,334
40, 825
154, 841
31, 055
66, 929
250, 385
258, 450
$41, 821
1880
NATIVE BORN.
1870
43, 475, 840
11, 692, 887
590, 053
300, 697
201, 327
1, 389, 594
202, 588
192, 708
3, 871, 402
900, 41G
3, 695, 002
T, 122, 939
137,140
852, 137
160, 502
1, 497, 869
G00, 192
1, 896, 008
D87,891
1, 531, 010
250, 584
14,447, 282
2, 803, 119
1, 834, 128
2, 401, 295
1, 218, 429
910, 072
513, 097
1,362, 965
1, 956, 802
4 88, 382
854,988
880,010
8, 015, 097
792, 175
1, 287, 635
27, 638
14, 939
154, 537
111, 514
24,391
99, 960
80, 018
22, 636
59,813
144, 205
571, 820
1860
32, 991, 142
27, 30*, 624
9, 778, 124
578, 084
288, 089
283, 396
1,104, 032
161, 957
423, 815
3,244, 406
717, 159
2, 978, 042
8,570, 368
590, 826
305, 135
282, 355
870, 960
137,220
379, 451
2, 879,455
519, 245
2, 175, 710
5, 686, 766
116, 879
697,162
115, 416
1, 211, 409
424, 023
1, 008, 882
097, 582
1, 172, 982
182,781
10, 047, 820
2, 292, 767
1,539, 108
2, 024, 693
010, 049
690, 171
279, 000
089, 828
1,490, 028
09,360
02, 245
316, 007
6,201, 279
1, 257, 613
1, 289, 204
987, 030
810,731
665, 088
750, 108
470,415
677,147
12, 616
5, 605
33, 265
80,254
3,849
50, 084
28, 890
7,114
18,931
79,323
350, 410
õ, 202, 203
103, 051
009, 520
02, 596
1, 561, 260
989,824
693, 722
1, 015, 615
137, 115
7, 558, 358
2, 011, 262
1, 232, 145
1,387, 308
000, 020
498, 054
113, 295
568, 8:30
1, 021, 171
a3, 063
22,190
94, 515
5, 538, 726
1, 095, 885
1, 088, 570
951, 819
782, 747
627, 027
560, 793
481, 850
480, 97#
31, 611
86, 798
27,519
#,793
8,150
47,342
233, 406
1850
20, 947,274
тимsтиr....
7,301, 308
651, 344
303,711
280, 405
830, 490
123, 043
332,214
2,141,465
429, 007
2, 008, 369
4,574, 180
86, 279
531, 825
46,769
1, 398. 670
866, 458
059, 800
890, 697
84, 670
4, 753, 220
1, 762, 130
032,814
789, 578
312, 951
191, 914
4, 100
171, 245
605, 452
4,166, 787
950, 085
997,00€
764,114
001, 738
449, 529
194, 011
208, 420
151, 790
59, 390
9,330
12,272
70, 795
« Dakota territory.
1890
0, 249,547
3, 888, 177
78.961
72, 840
t1. 088
657,137
100, 305
183, 001
1, 571, 050
328, 075
815, 720
208, 525
18, 101
91, 290
18, 770
18, 374
18,883
8,702
0, 270
12, 137
22,082
1,000, 114
459, 293
140,205
812, 347
548, 880
519,190
407, 356
824, 069
234, 869
81, 461
91, 055
202, 542
147, 838
321,821
59, 350
20, 029
14,777
T, 952
10,717
152, 050
2, 740
11, 201
770,910
13, 090
14, 013
83, 090
11, 259
18,705
53, 064
14, 706
17, 456
90, 005
57,317
366, 309
FOREIGN BORN.
1880
1870
6, 679, 943
Б, 507, 229
2,814, 520
58.883
46.294
40, 959
143,491
73. 098
129, 002
1, 211,379
221, 700
587, 829
174, 258
0, 468
82, 800
17,122
14, 090
18, 205
3,742
7, 080
10, 561
9, 909
2,910, 820
304, 913
144, 178
583, 576
388, 508
405, 425
267, 076
261, 650
211,578
051, 795
07, 114
110,080
274,274
59,517
10, 702
9, 734
Đ, 209
54, 140
114, 010
10,850
500, 062
11,521
5, 850
39, 790
8, 051
10.040
43,904
25, 653
9, 974
15, 803
80, 503
292, 874
2,520, 60G
48, 881
29,011
47,105
353, 319
56, 396
113, 639
1, 188,858
188, 943
545, 300
166, 8+4
1h201100a
2, 383, 285
379, 493
141,474
515, 198
268, 010
864, 490
160, 607
204, 682
222, 287
0d; 815
30,748
48,302
283, 131
6, 026
318, 363
7,970
3, 513
0, 599
5, 620
5, 809
30, 702
18,801
7,885
5,024
11, 600
209, 881
1860
4, 188, 697
2, 023, 905
37, 453
20,938
32,748
260,106
37,304
80, 690
1, 001,280
122,790
430, 505
102, 500
antal
8, 298
0, 980
11, 671
3,309
1, 548, 858
828, 249
118, 261
324, 048
140, 098
276, 927
58, 728
100, 077
1G0,541
01,774
6, 351
12, 091
220, 032
50, 799
• 21,220
12,802
8, 558
80, 075
$3,122
3, 600
170, 002
2,606
8, 723
12,754
2,064
3,144
5, 128
140, 528
399
1850
2,241, 002
1,325, 543
31,825
14, 205
33, 715
104,021
23,902
38,518
655, 920
30,918
303,417
104,910
1010
2,581
8.707
6, 188
2, 769
050, 375
218,193
55,572
111, 802
54, 703
110, 477
1, 977
20, 969
70, 592
136.755
81, 420
5,058
7, 509
4, 788
68, 231
17, 681
1,471
27,019
2, 151
2,044
1, 022
21,8077
* 17,798

===== 1890a_v1-13.pdf page 8 =====
400
STATISTICS OF POPULATION.
IABLE: 13.-WHITE AND NEGRO POPULATION, BY STATES AND TERRITORIES: 1850 TO 1890.
STATES AND TERRITORIES.
The United States.
North Atlantie dirision
Maine
New Hampshire
Vermont.
Massachusettg
Rbode Islnd
Connectieut.
New Tork
New Terser
Pennsylvania.
South Atlantie dirision.
Delatrare
Mnryland.
Distriet of Columbia.
Virgiula ...
West Tirginia
North Carolina
South Carolina
Georgia..
Florida.
North Central division
Ohio.-.
Indiand.
Illinois ..
Miehigau
Wisconsin
Minnesota
IowH--=-
Missouri.
North Dakota.
South Dakota.
Nebraska.,
Kansas
South Central division
Kentucky
T'ennessee
Alabama..
Mississippi.
Louisiana..
Teras...
Oklahoma.
Arkansas.
Western division
AIontana..
Wyoming.
Colorado.
New Mexico
Arizona.
"Ttah..
vada
"ton
1500
51, 983, 890
17, 121, 081
059, 263
370,440
8:1, 418
2, 215,373
337,850
788, 438
6, 928, 032
1,896, 581
5, 148, 257
5. 602, 140
140,066
820, 103
151, 695
1, 020, 122
730,077
1,055, 1182
162.008
978,157
224, 040
1880
18, 402, 970
14,273,844
646, 852
$46, 229
381, 214
1,768. 782
269, 939
610, 76S
5, 016, 022
1,092, 017
4,197,016
$, 054. 112
120, 160
724, 603
118. 006
$80, 858
592, 537
867,242
391, 105
816, B06
112, 605
WHITE.
1970
1860
33,589,377
26,922, 537
12, 117, 260
10,438, 028
621, 800
626, 947
317, 697
325,579
320, 613
314, 360
1, 148, 156
1, 221, 432
212,219
170, 649
027, 649
451,504
+, 830, 210
3, 831, 090
875.407
616, 690
3, 456, 009
2. 849, 959
3, 685, 238
102, 221
005,497
88,278
712,080
424,088
678, 170
289,607
038, 020
96. 057
8, 805, 107
40. 580
510.018
6.1, 768
1, 047, 209
620, 042
291,300
501, 550
77,746
21, 911, 027
8, 087, 505
2, 116, 736
8. 768.172
2,079, 881
1, 680, 178
1,206, 15!
1,001. 086
2, 325, 458
182,123
327, 290
1, 040,888
1, 376, 553
16, 061, 123
3,117,020
1, 038, 706
3, 081, 151
1, G14, 560
1, 300, G18
770.884
1, 614, 600
2,022, 826
0138, 147
410, 764
952, 155
12, 698, 503
2. 001, 046
1, 055, &37
2, 511.000
1, 107, 282
1, 051, 351
438,267
1,188, 207
1, 603, 14G
112,887
122, 117
310, 377
8, 899, 969
2, 302, 808
1,338, 710
1, 704, 291
736,112
773, 603
169,395
073,770
1, 068, 189
5. 267, 988
1,055, 050
977,154
846,084
395, 071
304, 756
6, 038
191, 851
592,004
02, 576
23, 690
106, 300
T. 18T. 576
5, 061, 315
1,590, 462
1,877,179
1.836. 687
1,134, 831
883, 718
662, 185
044.851
170, 308
558, 395
104,954
1,715, 035
1, 197, 287
4, 22T. 971
1, 098; 602
036, 119
521,384
382, 806
362, 065
804, 700
3, 728, 866
019.484
826.722
526,271
358, 809
357, 460 /
420, 801
2, 812, 195
761, 419
750, 836
426,514
205, 718
255, 401
151, 084
58, 826
818, 752
591.531
862, 115
324, 143
162, 180
2,870, 257
1.612. 276
010,306
550, 567
177, 577
127,271
85, 385
18,306
50, 275
10, 487
8,720
404, 468
191,126
30, 221
142.719
108, 721
90, 393
55, 580
35, 100
0,581
205, 800
142, 423
86,044
30, 084
64, 556
38, 959
82, 018
20, 013
10,018
840, 518
07,199
22,195
301, 758
163, 075
80, 029
1,111, 072
767,181
409,121
31, 231
82,924
40, 125
G, 812
11, 138
52, 160
823, 177
01,525
11, 380
13,087
81,635
a Includes all persons ot negro deseent.
1550
19.553, 068
8,477,089
581, 813
317, 456
318, 402
085, 150
148, 875
368, 099
3. 018.325
405, 509
2.268, 160
2, 818, 219
71,160
$17.04%
37,041
804, 800
558, 028
274, 563
521, 572
47,203
1890
7,470, 010
269, 906
1, 100
614
987
22,144
7.393
12,302
70, 002
47,638
107.500
3, 262, 600
28,386
215, 057
75, 572
635, 488
32, 690
561, 018
688, 034
856, 815
166, 180
431, 112
87, 113
45,215
57, 028
15, 221
2,444
3, 083
10, 685
150, 184
373
5f1
8, 013
49.710
8, 479, 251
268, 071
480, 078
078, 480
T42,509
559, 103
488,171
2. 973
800, 117
27, 081
1,400
022
6, 215
1, 950
1, 807
588
212
201
1. 602
1, 180
11,322
1880
NEGRO. (a)
1570
0,580, 703
229, 417
1,151
6A5
1, 057
18, 697
6, 488
11.547
05,104
38,853
85, 535
2,941, 209
26,442
210, 230 |
50.596
631, 616
2й, 886 1
031, 277
604, 332
725, 138
120, 600
#, 880, 000
179, 738
1, 000
580
024
13,947
$, 080
0, 668
52,081
30, 058
65, 291
2, 216, 705
200011803
0X5, 621
278, (80
79, 900
68, 213
39, 228
24, 560
16, 308
28, 702
15.100
11,849
2,702
2, 118
1,564
759
9, 51G
0, 762
• 145, 850
118,071.
U101
2,385
48, 107
B, 012, 701
271, 451
403, 151
600, 108
650, 201
488, 655
303, 384
210, 666
11, 852
816
208
2, 435
1, 015
155
232
188
53
325
48T
6, 018
780
17, 108
2, 204, 106
222, 210
322, 381
475,510
441,201
304, 210 1
258, 475
122, 160
6,380
183
183
456
172
20
11%
357
G0
20T
846
4, 272
& Dakota territory.
1800
4, 141, 830
156, 001
1,327
494
709
0, 602
$, 052
8, 627
40, 005
25,330
56, 040
2, 008, 108
21,627
171,111
14, 316
518, 907
361, 529
412, 320
405, 698
62, 677
18+, 269
86, 673
11, 428
7,628
6,709
1,171
259
1, 069
118, 50B
82
627
2, 088, 913
236, 167
288, 019
487,770
437.104
150, 37
182,021
111,250
4, 479
40
85
60
45
30
• 128
4, 080
1850
3, 688, 808
149, 762
1,350
520
71x
9, 064
8, 070
7,003
49,009
24, 016
53, 620
1,860,871
20, 365
105, 091
13, 710
526,801
316,011
308,944
384, 013
40.312
186, 607
25,279
11,262
5,486
2,060
G35
433
00, 010
1, 101, 327
220.992
245.831
815, 104
310, 308
202, 271
58, 558
17, 708
1,211
22
61b
207
062

===== 1890a_v1-13.pdf page 9 =====
SEX, GENERAL NATIVITY, AND COLOR
401
T'ABLE 14.-CHINESE, JAPANESE, AND CIVILIZED INDIAN POPULATION, BY STATES AND TERRITORIES: 1860 TO 1890.
[No Chinese, Tapaneso, or vivilizod Indians shown in the Cezang Report for 1850.]
STATES AND TERRITORIES.
T'be United States..
North Atlantie divicion
Maine
New Hamp
Vermont..
Massachusetts.
Rhods Island.
Connecticut.
New Fork..
New Jersey..
Peunsylraia.
South Atlantic division
Delaware.
Marylund
Distriet of Columbia.
T'irginin..
TTeat Virginia..
North Carolina -
South Carolina.
Grorgia..
Florida.
North Contral division
Ohio...
Indiana.
Illinois -
Nlichigan
Wisconsin
Minnesota
OIa....
Aissouri..
North Dakota
South Dakota.
Nobraska..
Tennesseu
Alabama..
Mіssіsвiррi
Louisiana..
Toxas...
Ollahoma.
Arkansas.
75ostern division
Montana...
Wyoming-
Colorado..
Now Mexico
Arizona..
Utah..
Nevada
Idaho-
Washington
Oregon ...
Cnlifornia.
1890
107, 175
58
32
60
37
aEEx8azttnaD a7raza 85 8 Ealaeaaaalal
28
18
25
02
G3ttãsEsãadl su85saй
CHINESE.
JAPANESE.
CIILIZRD INDIANS.
18S0
1570
1860
1890
1SSO
1870
1860
1800
1880
105, 105
74
17
20
27
1G
21
1onstessendo BlaBaraod Ead eamaadedla eao cadona diaeaBaaa
$1
18
19
10
25
51
57
03, 190
84, 983
2,030
148
187
247
87
20
19
11
18
18
118
22
R2
55
9
10
14
22
18
14
38
211
10
71
25
98
62, 831
1, 949
1-13
80
34, 033
1, 550
10
20
446
3, 162
4,274
23J
3,330
49, 277
860
25
84, 988
1,147
a Dakota torritory:
41
17
00 1o
94
80
1870
65
21
10
33
33
68
60
50
848
002
105
154
807
165
25, 781
1, 505
$00
23
It
151
151
235
139
1G
184
1,660
1, 241
121
40
32
18
75
87
70
89
10,870
157
06
180
1,800
31
179
23
47
1,319
318
7,241
1860
$11,021
239
5
20
32
10
10
110
1,303
119
1, 158
88
88
30
182
65
20
63
90
60
2
48
22,907
10,507
80
120
177
17,798
РОР—26

===== 1890a_v1-13.pdf page 10 =====
402
STATISTICS OF POPULATION.
TABLE 15--NATIVE AND FOREIGN BORN AND WHITE AND NEGRO POPULATION, BY COUNTIES: 1870 TO 1890.
[Certain counties in North Dakota, South Dakota, and Toxas, having no populution, are omitted from this tablo. For information concerning them ses Table 4.)
NATIVE BORN.
Tebeeliw.
Alabama.
Autauga.
Baldwin.
Barbour
Bibb...
Blount..
Bullock
Butler...
Calhonn..
Chambers.
Cherokee.
Chilton.
Choctaw.
Clarko..
Clay..
Cleburne
Coftee
LaDlRia10.
Conecuh.
Cooва.
Corington
Crenshaw
Cullman.
Dale......
0194..
Dokalb.
Winston,
Arizonn
Apache.
Cochise -
Gila....-
Graham.
Maricopa.
Mohave
Pima..
Pinal..
Yavnpni-
Xuma
1890
1830
1, 408, 240
13, 302
8, 809
34,810
18, 873
21, 804
27,017
21, 601
33,396
20, 280
20, 426
14, 525
17,504
22, 597
15, 757
18,209
12,164
19,978
14,509
15,900
7,581
15,121
12, 579
17,211
49, 035
20,841
21, 688
8,609
21,811
12,815
10, 658
10, 078
21.979
27, 160
21,820
27, 909
88, 303
14, 173
28, 377
20, 694
28, 041
21, 102
81,524
18, 128
37.024
33,040
11, 312
18, 920
48, 721
18, 977
05, 509
28,
698
NNS
, 260
, 453
. 386
17,214
21, 056
17, 286
20,727
20,
510
29,222
25, +49
80, 110
15, 650
7,000
30, 708
0, 511
40, 825
8, 915
+, 152
084
4,205
7, 998
28NES
1,252, 771
13, 088
8,374
33, 841
9, 160
15, 212
20, 026
19, 502
19, 469
28, 395
19, 059
10, 760
17, 772
12, 927
10, 968
8,117
15, 995
12, 566
15,100
5,697
11,719
5,589
12, 071
48, 029
12, 653
17, 463
5,672
15, 333
10,127
9,111
1, 838
21, 880
20, 493
18, 750
25, 005
22, 738
12,131
20, 838
21, 309
27, 175
21,618
31,005
17, 885
37,432
2+, 788
14, 425
17,120
28, 045
23, 285
23, 376
24, 801
9, 451
4.520
31,744
1,252
24, 391
4,474
3, 442
856
8, 270
1, 700
1,
758
890
FOREIGN BORN.
1870
1890
1880
11,147
Зu8aа
17,302
11, 905
21, 578
1), 353
12, 080
24, 012
17, 963
10, 917
19, 760
6, 586
3,900
28,291
4,152
3, 849
14, 777
28
132
88
451
123
19
10
139
33
33
21
22
27
c M Mgg ga Cnt SHge SgtS sedã.
Fegsa
egagta
18, 795
1870
9,734
25
229
188
27
127
40
57
122
45
49
27
28
84
11
otaENe
H&Ess
16, 019
809
9, 962
38
151
150
22
11
86
58
28
13
62
==1
-88N
SdoÕ FeEno HEgze ctens chão, tubda sã
D, 800
2, 780
3877
1,405
2, 988
2,217
122
1,000
1, 208
619
969
6, 182
384
1, 827
730
1, 795
34t
3,816
790
200
034
1,325
1,002
« Includes all persons of negro descent.
WHITE.
1800
1880
883, 718
4, 796
5, 678
18, 154
9, 080
20, 155
6, 055.
11, 326
23, 947
12,460
17,056
11, 483
8, 209
9, 085
14, 061
12, 427
662, 185
4, 397
4,890
13, 091
5, 887
14, 210
6,914
10, 68€
14, 134
11,364
16, 418
8,051
7,890
7,718
11, 870
10,308
OENEE
ASSES
269e
FOENS gESCE
EAEO BOEFG
58222
. 340
,014
11,
, 308
14, 280
5. 913
15, 399
051
23808
55, 580
3, 931
6, 742
705
5, 070
10,674
05
Mhene Cenee
sge gags
Meaei
oet ases
14,
18, 155
0, 182
11, 621
12, 253
6,451
10, 850
38, 160
3, 398
5,030
NANG
1870
521,381
+, 329
3, 159
12, 148
Đ, 001
0, 203
7, 223
8, 590
10, 088
8,074
9, 652
5, 057
5, 802
7, 098
8, 828
7,441
NEEEE
==x5=
7,1
12,798
11), 305
5, 916
7, 295
8,810
5, 202
8, 409
12,
9, 581
175
5, 698
2,110
1, 592
NEGRO. (d)
1890
678, 489
8, 118
8, 268
21,442
4,744
1,770
21, 005
10, 815
9, 879
18, 858
2, 803
3,060
9,313
12, 939
1,704
791
SEACE
285sg
TNE
3838
$5865
FEB-
, 070
305
18, 279
3, 050
6, 596
681
13,914
8, 508
12,
1,
24,
&NERE
1, 357
H8N8
-85810
1880
1870
G00, 103
8,710
3, 075
20, 884
3.000
1,159
22, 119
8,965
5.457
12, 075
2, 690
2,142
8,341
10,080
1, 068
668
THHOS
g88a
SH8H8
HỢNET
Ba8нe
22rte
CEG8S
NE28
18,
055
2,
884
4,081
22
277
12,
,504
7, 203
9, 741
601
250
155
475,510
7,203
2,815
17,105
2,408
668
17,201
0,301
3.802
8,008
1,180
1,137
6,872
7, 505
5745
g2388
f5_:
3232
8a588
aaras
RaCHE
1, 800
1, 8-1
15,600
2,00.
3, 178
18, 107
9, 595
4,190
8, 201
30%
1.787
26
DO D:

===== 1890a_v1-13.pdf page 11 =====
SEX, GENERAL NATIVITY, AND COLOR.
403
TABII 15.-NATIVE AND FOREIGN BORN AND WHITE AND NEGRO POPULATION, BY COUNTIES: 1870 TO 1890-Cont'd.
FOREIGN BORN.
COUNTIES,
Arkansas.
Arkansas
Asbloy.-
Baxter
Benton.
Boone.
Bradley
Calhoun.
Carroll
Chieot
Clark .
Cily
Cleburne
Clereland
Columbia.
Conway
Craighend
Crawlord.
Crittenden
Cross...
Dallas..
Desba.
Drew..
Faulkner.
franklin
Fulton.
Garland
Grant..
areent..
Hempstead
Hot Spring-
Howard
Incependene
Izardl.
dackson
Toflerson
Johnson.
Lafarette
Lawrenco
Leo....
Lincoln
Littlo River
Logau.....
Lonoke..
Madison
Alarion.
Miller'..
Alissisaippi
Monoe....
Montgomers
Novala.-
Newton
Ounchitn
Perry ...
Philbips
Pike .
P'oinsett
Polk..
Pope.-..
Irairio
Pulnski
Randolph
St. Franeis
Saline ....
Scott..--
Senroy -
Sobastian
Sevier .-
Sharg ....
Stone...
Union.
Tan Buren
Vashington
White..
Woodruf.
Yell..
Calitornia
Alameda
Alpine .
Amador
BuU0O --
Calaveras
Colusa..
Contra
Costu
Del Norto.
Eldorado .
Fresno
1800
NATIVE BORN.
1890°
702,175
7,905
10, 125
5, 903
20,
255
12, 098
5058
3258
10,
914
EБ-E
11, 187
18, 749
21, 850
18, 029
15, 045
40, 207
16,426
7,666
12,
8-16
18,799
10, 230
8,881
20,187
19, 180
17,324
10, 373
14, 480
55K
15,188
14,
758
0, 085
10, 808
5,
4,177
9, 205
11,
19J
11,522
14, 100
13,449
11,
, 008
12, 597
9,044
B1, 821
10.
050
10, 349
7, 082
14. 054
554
FEEE
882
841, 821
62, 918
481
7, 502
14,
131
6, 550
, 646
920
1870
$79,445
8, 187
7, 891
13, 782
7, 018
8, 024
3,845
5,771
7,054
11, 035
228
687
83-t
110
ЗЕNGЕ ВО ДОДА БЕЕР ВОNЕ ООЖУ КСАН ВОEО ДЕR О EОRE ERE
, 850
1t4
,208
176
698
735
814
749
7,
faure aoasle atte diad mo aoa aot e alallo bd o aa ma ad
1890
1880
1870
14, 264
315
17
198
*0
17
10
181
54
Đ5
121
27
48
84
578
171
187
CaE CEаE
10
325
10,350
133
31
11
73
*17
21
25
126
157
138
60
34
15
377
21
161
Fageb
53599
2, 103
5,020
181
51
1st
x i3
1G0
18
67
o2gg
Eeese:
Epas!
ESS
20
1ags
1890
818, 752
7, 800
6, 127
8, 509
27, 622
15, 723
F, 108
4, 517
17,205
1, 302
14,201
12,156
7, 832
8,034
12, 580
11, 788
11,500
19,410
6, 026
FEFEE
88:a5
B5SET
55F5
gaRE
8, 070
+,537
5, 695
18
17,
50N3E
300,309
292, 874
209, 831
30,946
22, 748
9, 855
180
225
200
2, 818
133
B, 808
6, 283
3, 975
2, 332
3,310
4,218
2, 994
2, 924
1, 077
4, 595
613
4,393
2, 070
2, 386
885
3,709
442
4, 022
8,002
2, 272
1,362
all
nersous of
negro
descent.
9,237
17, 637
25, 320
18, 800
5, 541
9, 827
12, 601
9, 630
20, 308
8, G16
10,240
6, 980
8, 605
8,405
31,014
20,879
6, 452
10, 652
1, 111, 672
89, 559
435
9, 909
16,804
8,399
18,295
12,082
28,174
WHITE.
1880
1870
591, 681
302, 115
3, 082
1, 278
iз, 610
U, 908
6,117
2, 755
Б, 748
1, 816
8,401
2a508
88885
409
8588
BSCES
68=32
POFE
86832
Tagee
2E825
1, 902
й, 792
18, 418
б, 691
17, 667
11, 097
4, 021
7,580
0, 085
7, 262
17, 070
5, 088
8, 871
4, 984
0, 985
0, 417
2,
894
15, 701
4, 103
12, 738
767, 181
57, 785
521
9, 924
14, 270
7,832
698
712
731
7, 679
7,482
1, 324
7.961
588
2, 185
6,106
8, 976
758
85B2
HaRA
S, 539
3.981
5, 735
1,808
8,081
3, 000
, 365
, iSTH
180
1890
NEGRO. (a)
1830
1970
309,117
8,682
i, 308 /
91
2,804
2, 720
82
10, 023
G, 785
43
419
3,127
7, 312
7,071
519
2,200
2, 890
8,265
nacn5
2,774
1, 035
161
10, 968
1, 249
3,054
1,008
202
4, 829
20, 908
83038
9,
siza
*,304
$, 951
941
10, 6-40
484
510
40
1, 621
1.303
21, 035
595
8,000
1,184
sa e
3,740
1,453
177
118
6,372
102
1,010
2,068
7,556
1,362
11,322
210, 666
122, 169
8, 067
1,212
5, 180
3, 764
45
128
182
88
74
2, 210
2, 520
2, 088
00
1,100
8,405
5, 303
5, 203
3, 492
22
2, 829
0, 508
3,200
201
1, 392
1, 789
2, 200
1,
9,
êsaeg
=
88623
8, 385
sEae
4, 595
Đ, 200
0, 258
800
15, 800
392
200
61
DOD
2,784
14, 921
027
B, 107
1,360
88
16
1, 541
1,090
176
0,134
118
9-44
2, 082
+, 483
1.118
6,018
686
3, 7s
030
255
088
2, 575
1,289
1,751
335
885
588
246
1,878
150
B,
10,
Daese
225
45
575
1,811
13,709
357
2,446
121
30
1,354€
114
J. 806
119
3883
1,272
HEuse

===== 1890a_v1-13.pdf page 12 =====
404
STATISTICS OF POPULATION.
TABLA 15.-NATIVE AND FOREIGN BORN AND WAITE AND NEGRO POPULATION, 'BY COUNTIES: 1870 TO 1890-Cont'd.
COUNTIES.
California-Continued.
Humboldt.........
Invo
Kern..
Klamath
Lake
1aeaet.
Lus Angeles
Marin..
Mariposa..
Mendocino.
Merced.
Motoc..
Mono..
Monterey
Napu..
Nevada
Orange.
Plncer-
211TIad.
Sacramento .
San Benito.
San Bernardino
San Diego.....
San Francisco.
San Joaguin..
NATITE BORN,
WHITE.
NEGRO. (a)
1890
17,001
2.774
6, 925
6i, 08k
3.742
77,
055
7. 392
2,815
13, 512
5, 658
4,519
1,350
13,811
10,970
11, 603
11,811
10,467
8,270
27, 127
5, 057
20, 121
27,077
172. 181
FOREIUN BORN.
1980
1870
1800
1980
1870
18D0
1890
1890
26
Eane terli mon irats diae
3, 521
681
1,881
1, 060
872
7, 270
5, 005
1, 832
2,107
1,700
307
3, 123
2,664
4,208
8,468
..*
6,210°
2, 486
12,494
1, 385
094
1, 803
104,
7.
17, 177
7,176
5.134
8,117
20, 616
9, 055
7,239
$, 455
Б, 608
12,540
19, 833
R93E
2,037
2,810
1,321
11, 263
15,056
251
•736
6, 093
1870
22, 022
2, 598
8, 214
6, 201
8, 857
05, 023
11,038
8, 085
16, 036
7,202
ik, 15:3
1,185
16,821
15,126
16, 012
18, 107
13, 507
4, 215
35, 364 1
6, 228
21, 101
3H, 211
270,090
26, 588
15.180
0, 572
15, 009
41,
247
18,004
8, 788
8.081
9, 185
82,110
12, 085
$52F
200
1580
48
12
130
41
1, 817
101
09
35
17
12
00
110
15
86
7
518
1,
GEB62
1570
188
37
68
60
10
104
150
500
1,
sasea cãeee
1101
410
10
104
167
115
1,1:00
221
abaae
San Luis Obispo.
Sun Matco ..
Santa Burbara
Santa Clara..
Santa Cruz.
Shasta..
Sierra-
Siskiyou.
Solano...
Sonoma..
Stanislaus.
Sutter...
Telama
Trinits-
Tulare.
Tunlumne.
Vintura..
Ioli..
Tubi..
Colorado
Arapnhoe
Archuleta
Baen .-.
Bent .--
Bonher
Chaftte.
Cheyenne
Clear Creck.
Conejus -
Custilla ••
Custer -
onita....
Dalorts
Douglns
Bagle...
Elhert.-
El Paso
Fremont
Gartield
Gilyin..
Grand..
raan pcuati
Gunnison .
Hinsdal -
Huerfano
Jefferson .
Kiowa...
Kit Curson.
Lako.*
La PInta
Lntimer..
Las Auimar
dalilcoln..
20, 766
12,102
5, 844
12, 919
13, 696
14, 139
10,203
8,103
9,320
18.695
23, 985
7,S19
1.51k
1.885
2,578
20, 978
1,152
8, 210
10, 265
6, 974k
828, 208
770
i rnd Td
10:
2, 205
1, L17
2.200
2, 279
1, 530
18,170
6.928
3,321
B, 136
509
B.203
6,070
0,731
1,156
2, 119
9,145
1, 035
8, 803
14, 710
546
482
56
65
$15
327
080
730
2,717
640
616
1G6
1, 250
7, 088
J11
1, 194
702
768
898
486
140
1, 825
3, 142
2,380
1,308
611
^125
2, 200
1,769
8, 055
..........
Б, 100
2, 075
10, 602
GG0
1.208
78,719
6, 220
939
8, 138
1, 216
9, 005
1, 985
1,286
2, 803
2,527
5, 608
4, 108
1,304
1, 081
753
1,816
500
3, 968
2,11
4,707
0, 599
1, 700
110
218
300
08
247
1,751
ift
+2
105
109
8ON BEE 1EPNE BENN MEAN CIEE SDE SOE SEREE
623
186
$16
767
e fda aao doe alatrolaad dle dee mo en
986
1, 003
5, 400
179
2,217
2,370
52i
HfEa Ssass seEes aeead
06, 215
3, 26%
69
4380₴
Boo ỗo
200
34
18
227
26
HEZE. 3255
117
G11
104
166
257
2, -1.35
1, 088
TU
10
40
10
844
208
20
13
Logan..
Mesu.-
Montezuma
Montroso
Morgan
Otaro....
Ouray..
2,547
8.651
1,071
8, 002
1, 805
i, 835
1,85%
2, 159
510
« Ineludes all persons of negro descent.
2, 059

===== 1890a_v1-13.pdf page 13 =====
SEX, GENERAL NATIVITY, AND COLOR.
405
TABLE 15.-NATIVE AND FOREIGN BORN AND WHITE AND NEGRO POPULATION, BY COUNTIES: 1870 TO 1890-Cont'd.
COUNTIES.
1edl.
Delawar
Kent.-
Newrastl
Sugsex -
District ot' Columbia
The District..
Florida.
Lu da dil hio hun Aui cua chi at
1800
NATIVE BORN.
1850
2, 937
904
#2, 058
84,7601
38, 514
211, 622
211, 622
348, 490
22. 629
1, 015
7,122
#, 109
1, 668
2, 382
4, 006
12, 815
Ton
1,807
26,125
18, 280
$,1-5
11. 745
8, 500
2, 140
12, 666
4,919/
17,524
15, 680
8.684
7, 558
1,
294
17. 681
6, 480
1,451
14,304
2, 785
20,190
7.697
8,097
11, 540
3, 002
+,018
7,681.
10, 608
8, 229
7,814
5, 288
10, 501
2,
122
7, 021
104
781
6, 848
61, 714
1, 801
100
1,707
085
4,026
1, 018
2, 750
(), 557
224
18.869
11,-135
1, 665
12,127
4, 781
1, 222
ñ. 639
2, 167
1-1,850
10,017
2,136
19, 575
5, 031
1,301
14,773
8, 487
12,958
5, 480
6, 438
6. 315
3,178
8.030
+, 3+9
0,547
4,657
7,128
1870
382
2, 050
281
115, 879
20.284
01, 996
31.509
115, 446
115, 14G
182, 781
17, 228
1,320
3, 605
1, 21G
006
2.1181
Т. 808
72
11, 402
7, 240
1, 104
9.702
5,741
2, 920
8,187
1, 571
+.Out
18,341
1,781
Jn. 14y
1, 984
1,048
11, 088
1, 903
10,773
3, 140
4, 089
2, 174
3. 107
3, 784
2, 483
8, 289
2, 0-15
8, 650
1, 452
1, 605
2,
488
3.018
2, 208 11
FOREIGN BORN.
1880
1890
867
416
2, 020
188
5, 100
18h
368
321
374
578
709
245
49K
110 1
1, 878
127
18
12
181)
+2
161
1, 375
1,108
103
149
7
SGняE "Sебе
*Д!
131
201
274
88588
1, 033
00g
28:
200
402
1,48%
728
129, 992
20, 89:3
26, 081
7,439
Б, 979
17,321
11, 280
4,714
10,735
0,468
014
8, 720
134
17,122
17,122
0,009
182
10
82
57
22
79
32
38
1, 062
721
87
136
5, 504
202
303
1870
115
209
320
113, 089
17.870
27, 072
072
7.051
20, 842
12.002
8,031
8,071
9, 186
520
8. 519
97
16,254
16,251
4,0G7
100
132
18
619
568
2,508
158
21
12
1890
3, 178
2, 640
8, 852
1,008
30, 501
1,196
B, 429
2,301
3,305
1,506
2, 877
1, 288
1,902
2, 24*
11,705
2, 595
738, 438
117, 420
144,817
02, 71k
31. 091
204. 873
75, 028
24, 888
41, 612
1-40, 060
24, 025
82, 779
32, 602 1
154, 005
104, 695
224, 940
!, 678
2,588
Б, 961
2, 806
1, 182
2. 090
1. 0112
1i, 8398
640
4, 805
11, 970
11,
475
1, 050
Б, 337
584
1AK)
Far=g
SE25
12, 815
3, 951,
9, 089
657
$,872
7,121
404
WHITE.
1850
3, 824
T,102
1,986
189
1,968
1,086
5, 118
, 63
120, 100
24, 760
05,1174
30,826 1
118, 006
118, 006
1.42, 606
0, +46
1.100
1,822
1, 870
1,184
2, 205
J,820
1910
8,880
6, 654
1,100
4,114
1, 172
2, 268
2,
,822
3,782
814
Б, 009
3, 878
1.741
7, 050
3. 070
5,585
*8, 038
IC020C0
E8SEG
FOHIN
A89E
1870
410
2.287
301
1,635
102,221
22. 650
БR, 328
20, 258
88, 2781
68, 278
90, 057
1, 085
1, 010
2,817
1,197
754
1, 699
+,1117
79
5.141
4,087
781
1, 764
8,386
2, 670
1.135
B, 030
3, 601
1,580
2, 89g
1,023
727
+20
813
, 920
4,081
2,277
1,997
2, 037
NNHK
ESEEE
1890
NEGRO. (Q)
1880
904
18
807
+118
101
500
541
510
804
87
180
TSt Ero aato dna t Ms anc ine steld die dol Ba
892
18t
80
034
5,
117
co ino p
$:
1171
3,518
1,480
100
548
26, 412
8,111
12, 686
$, 602
60, 896
50, 590
126, 690
10,016
1,200
306
6741
1,769
07
10,870
5, 302
592
8, 055
915
1870
173
16, 840
2,035
518
9, 18:1
185
8,305
8, 107
3,547
1, 028
122
2,416
1,368
8,.110
165
538
888
1
9, 668
1, 680
1, 762
1,002
372
2,731
1,410
190
-160
22, 794
7,104
10, 192
5,118
18,404
13, 101
91, 680
12, 3393
2011
821
19
1,228
13
0, 780
2. 850
1TÕ
0, 008
2,308
85t
546
D,
197
12,341
305
:12:3
6. 642
88
7,878
1, 026
1, У7О
198
182
a8a27
79
328
944
40a
378
« Includes all persons of negro descent.

===== 1890a_v1-13.pdf page 14 =====
406
STATISTICS OF POPULATION.
TABLE 15.-NATIVE AND FOREIGN BORN AND WHITE AND NEGRO POPULATION, BY COUNTIES: 1870 TO 1890-Cont'd.
NATIVE BORN.
CHOLENHLTS.
1890
Georgia .--
Appling
Baker ...
Baldwin
Banka..
bartow..
Berrien.
Bibb....
Ttmnak
Brjan..
Bulloch.
Burke.
JSLlA..
Calboun.
Cauden
- Campbell.
Carroll
Catoosa
Charlton .....
Chatham
Chattahoochee
Chattooga..
Cherokeo.
Clarke.-.
Clay....
Clayton
Clinch..
Cobb
C'oflee
Colquitt.
Columbia
Coreta.
Crawford.
Dado....
Dawson
Deentur.
" Dekalb
Dodre...
DDo0IY.
Dongherty
Donglas -
Early
Teroins
Eftin cham
Elbert..
Emanuol
Fannin.
Fnyette
Floyi.
Forsyth
Franklin
Fulton .
Gilmer
Glascock
Glynn....
Gordon.
Greene .
Gwinnett
Habersham
Hnll...
Hcook
Haralaon
Harris.
Hart
Heard
Henry.
Houston.
Irtrin...
Jackson
Jasper..
Jefferson
Johnson.
10nag.
Laurens.
Lee.
Liberty
Lineoln
Lowndes
Lurpkin
MGDufe
McIntogh
Macon.-
Madison.
Marion.
Meriwether
•Miller.
1880
1870
791
271
28
225
11,
1, 581, 616
5.258
7,304
13,721
7,332
18, 628
0, 612
26, 536
11, 712
4.921
8, 034
27, 076
8,307
7,020
6,126
0, 923
10, 881
4, 716
2,151
41, 718|
5,604
10, 015
14,300
11, 549
G. 088
8,00đ
1,135
20,681
Ml. 1A9t
3,021
10, 452
21, 072
8,648
4,607
5,832
19,017
14, 152
5,347
12, 112
12, 508
0,922
7, 601
2,
552
5,957
12, 929
9, 727
•7,236
8, 509
21,274
10, 562
11 Ht
47. 588
8, 383
8, 575
0, 318
11,117
17,513
19, 516
8,608
15, 239
16,946
5, 973
15,752
9,088
8,762
14, 179
22, 350
2,696
16, 285
11,841
15, 039
4,797
11,600
10, 040
10, 506
10, 616
6, 405
11,027
6, 520
9.427
G, 110
11, 063
7,971
8,595
17:
630
3,717
362
E S0GE OUAN DULE DESU SERG DUAM DESESEU CARE BESN DAN AUE WUEE CRERECERE BETPEE
FOREIGN BORN.
WHITE,
NEGRO. (a)
26
22
11
16
22
¡-OWNS FEERO BIODO EOMONO ONtOB EABES AlU COÃMO MUNN SENDE MABS EuFE Dntta Mndt Mal es Bel
2,
1880
1870
1880
1870
10, 561
88 cn di cod
11,127
19
20
2'3
HOCIE
C56:#
816, 906
4, 081
I,
742
4,512
5, 830
12, 419
5,783
11,429
5. 670
2.368
5, 797
0, 089
4, 277
2,354
2, 091
6, 085
14, 591
#, 127
тідeт
638, 026
'ftiev»
8,
one Sats
8E889
3,
6,
Batee
KCi TI C DÔ
98988
573
28u8
5.821
450
212
5, 674
7,961
3, 455
758
739
3, 581
10
075
430
1,
,546
N-JACTE
, 288
4,110
1.888
3,844
4, 052
11, 846
4, 057
9, 831
4, 111
1, 647
3, 806
4,213
3, 496
2,02
1, 458
6, 589
10.473
8,703
$38 25938
Baeat
LINTE
7,352
сiлотiн
4,208
10, 272
5, 373
8, 317
3,045
LMTRST
Meaes
NHNN
1, 797
276
4, 699
1, 196
5858
1800
1880
858, 815
1.40r
4.519
9,343
1,563
0,041
2,417
28, 336
7,037
2,687
4, 689
22, 080
5,398
0, 199
4, 137
8, 10%
3, 851
686
10 403
8,
8.
93ER4
85,
719
16,841
2, 075
5,396
487
10, 788
co 2co-t
14
3, 673
7,07+
5,
212
BSESE
suf
725, 183
1,192
5, 565
9, 294
1,507
0, 271
830
15, 700
6, 057
2, 561
2,256
21, 031
4,084
4,070
4, 092
3, 885
2,310
612
B9NCE
43365
20,
1,820
16, 390
535
10, 090
001
4, 695
3230S
970
021
400
2,
2.

===== 1890a_v1-13.pdf page 15 =====
SEX, GENERAL NATIVITY, AND COLOR
407
TABLE 15.-NATIVE AND FOREIGN BORN AND WHITE AND NEGRO POPULATION, BY COUNTIES: 1870 TO 1890-Cont'd.
COUNTIES,
1800
NATIVE BORY.
1880
1870
1890
FOREIGN BORN.
1880
1870
WIITE.
1870
1800
Georgia-Continued.
Milton
Mitchell.
Monroe...
Montgomery
Norgan
Murray
Muscogee
Newton ..
Oconee..
Oglethorpe
Paulding.
Pickens..
Piorce.
Pike...
Polk...
Pulaski
P'utnam
1E11 -1114171
Rabun.:
Kamlolph.
Richmond
Rodkdale.
Schley….
Soreven
Spalding
Stewart
Sumter.
Tnlbot...
T'aliaferro
Tattoall.
Taylor
Telfir
Torrell
Thomas
Lowng.
Troup.
Twiggs.
Union.
Upson..
Walker
WValton.
Taro.•
Warren.
Washington.
Wayne.
Tobster
White..
TVhittiola
Wilcox..
Wilkes.-
Wilkinson
Worth....
Idaho
Ada...
Alturas.
Benr Lake.
Bingham
Boise..
Саввіл..
Custer -
Elnore..
Idaho...
Kootenai
Latal
Lemhi
Logan...
Noz Perces
Oneida..
Cuyneв .
Shoshone.
Washington
Illinois.
Adams...
Alexand'or
Bond...
Boone
Brown
Bureau.
Calhoun
Carroll.
Cass -
Champaign
6,205
10, 899
19, 181
9, 288
10, 028.1
8, 160
27, 488
14, 295
T, 713
16, 930
11, 942
8, 171.
6,857
16, 285
14, 897
16, 526
14, 831
4,468
Đ, 098
15, 244
13, 871
6, 802
5, 442
14,306
13, 075
15, 677
22, 045
18, 256
7. 277
10, 244
BEДE NEH NE ENA MEA HEE
4.282
6, 613
17,186
B,569
10, 674
6, 482
16, 240
14, 598
71, 755
7,685
6, 307
2,771
10, 889
7, 790
mist talt tete
8, 668
7, 183
5, 468
8,210
14,
183
9, 025
26, 017
14, 410
1,064
2,770
20, 693
8, 101
7,741
12,107
18, 232
17, 488
8, 757
10.9-15
25, 210
7,408
5,
, 69-4
6, 129
12,817
286
205
93
2, 98+, 004
2, 494, 205
52, 585
49, 107
15,516
18, 552
18.638
18,771
9, 483
11,415
9,204
12,328
27, 042
26, 90đ
6,811
6, 357
16, 033
14,887
14, 391
12, 084
87,804
36, 208
5Б0-3
21
Boute
OFNEer
58ow
8508
BEL 9020
Bt#x
1890
1880
Ha018
1,
6805 89-55
GUỆa EOE 1SEEO
5, 530
3 721
5,500
' 5,043
+EBa
9,974
726
491
065
1,867
177
1,080
145
807
78i
1, 028
617
350
64
583, 570
515, 198
10, 028
11,740
1,266
1,401
1, 095
1,172
2. 301
2,
713
797
848
6, 178
6. 233
110
1, 215
2, 089
2, 490
1, 809
1,869
4, 655
4, 012
all
persong
of нвутo
descent..
.782
5, 484
4, 189
6, 693
3,510
4, 240
7,362
8.005
6,740
3,327
5, 469
0. 903
6,645
3, 065
7,780
7, 805
5,824
3, 518
1,77
4,437
5,516
17, 185
2, 229
0, 178
0, 489
PRCEE
3, 818
3,083
6, 409
2, 478
3,037
5,713
7,441
8. G01
Toii
7,083
5,188
1,904
Б, 00!
5, 214
5, 055
3,010
1,778
3, 137
5, 084
13, 157
2, 278
4,247
5, 327
403
1,181
2, 100
3,780
0, 160
2, 623
Lalol as mo an me
tis
864
1.921
1,334
252
171
879
2, 511, 090
54, 794
8.209
13, 042
12,907
I2, 179
32, 272
6, 559
1G.075
11, 570
32,504
FEEET
sasa
18,970
MES
1, 563
FoSN
, 155
925
2,105
B, 272
662
1, 980
B, 156
12,464
5,211
4,176
201
22
13
42
BEEE
53
16
10
16
10
19
14
41
57, 028
2,014
1, 878
200
Êнoug
NEGRO. (a)
1SS0
777
no taa na aea
481
145
197
Eese
MAENO
N0-1c0
40.868
1,884
4,508
325
48
59
155
1870
4G0
2, 950
10,804
1,108
7, 058
757
9, 220
8, 014
550
120
814
1,906
2,078
5, 984
7,445
2,377
110
5,177
12,565
2,851
1,888
4, K78
IEE TES
11, 224
5, 632
114
4, 505
1, 620
4, 102
472
6, 260
8.312
379
2, 238
504
1,511
3388
60
20
NOH
28, 762
1, 507
2,200
110
35
26
143
3

===== 1890a_v1-13.pdf page 16 =====
408
STATISTICS OF POPULATION.
TABLE 15.-NATIVE AND FOREIGN BORN AND WHITE AND NEGRO POPULATION, BY COUNTIES: 1870 TO 1890-Cont'd
NATIVE BORN.
COUNTIES.
1800
1890
Illinois-Continued.
Christian
Clarli --.
with
Clintou.
Coles..
Cook.
Crawforl.
Cumberlant.
Dekalb.
Dewitt.
Donglas.
Dupago .
Edgar .-
Edwards.
Eftingham
Fayette .
Fort .
Franklin.
Eulton...
Gallatin.
Crreene.
Grundv
Hamilton
Hancock
Hardlin..
Henderson
Heury.---
droquris.
Jacksou.
Jasper
Jeflerson
Jersoy :
Jo Daviess
fohnson.
Kano..
Kankakee.
Kendull
Anox ..
Lake..
Lee
Monlve
Montgomery
Norgan
Monltrie
Uglo..
Peorin,
Perry
Piatt.
Pike
Pope
Pulaski
Putnam
Randolph
Klchland
Rock Island
St.
Clair....
Saline..
sangamon.
Schuylor..
Scott.
Shelby
Stark..
Stephenson
Cazewell.
Union -
Vermilion
Wnbash
Warren.
28, 103
21, 800
16, 307
14, 158
29, 085
709, 270
17,168
15, 208
20, 880
16,161
16, 925
16, 040
26,200
8,825
17,000
22, 139
19, 801
17, 000
11, 069
11, 690
22, 508
13,438
17, 528
20, 176
7,121
8, 910
24, 476
28, 908
26,251
17, 606
21, 957
18,118
10, 906
14, 022
46,807
21, 854
9,283
32,001
18,212
58, 359
14, 508
21, 090
31
258
22, 101
26, 020
20, 288
54,470
34,694
34,694
41,888
23,052
11, 387
1-k, 414
10,828
11,161
15, 755
10,714
27, 423
29, 133
1t,104
24, 088
57, 966
13. 626
16,170
29, 808
13, 740
11, 000
8,947
21. 984
11,251
30.184
58, 703
19, 218
62, 541
15, 601
Đ, G00
20,760
0, 010
25, 580
24,004
20, 897
45, 828
11,385
19,239
25, 784
21, 162
15, 737
14, 634
25. 893
805, 109
15, 897
13, 475
21, 495
16, 058
10, 205
13, 618
21,707
7, 759
16,214
21, 717
11, 757
15, 985 l
39.348
12,187
21, 462
12,844
16, 418
31,880
5, 884
8, 611
26, 032
28,994
20, 921
18, 810
20, 060
13,476
21, 036
N. 1124
#6, 874
18,790
10, 288
81,728
16.325
52, 509
13,383
22, 337
31, 222
21, 888
20,397
20,060
52,384
28, 204
32,887
38,511
22, 330
12,021
14, 452
4, 890
11, Ut1
16,064
10,1405
25,425
27, 688
13,254
25, 418
14,109
13.982
74, 715
32, 183
12,860
$,701
21, 886
11,043
27, 908
45, 834
15,800
-15, 090
15. 687
9, 830
28.016
10,007
20,002
24,671
17,+26
38, 586
9, 470
20,755
FOREIGN BORN,
WHITE.
NEGRO. (Q)
1870
1890
1880
1800
1880
1870
1880
1870
KNE WIEE NINE GICE NIG NON MHE REE
Gen aoona iaa aand dato ons aauE sga
Co no NNa
580
3. 503
377
4, 022
12,
,419
1, 903
270
350
783
3, 065
766
11,
1,
1870
732
455
300
28+
D52
618
792
868
n TuE EreE se0es iang loie sEse entE aa
3,80+
902
10,300
15
972
30, 430
919
57-1
21, 856
10, 715
17.119
29, 805
:1, 176,
127
aastl
805
688
686
$19
17. 210
10, 418
26, 996
16, 947
17,001
22,185
20, 589
9, 371
19.888
1890
98
43
56
287
204
14, 910
87
25
09
61
68
111
210
73
25
72
Eaase 20na a0c2s nara
AN+N
Lawes
COH
32366
28, 340
16, 808
05588
BEEE CRGg 22E
PEGEE
gebbe aeats
SBSSE
453E9
Bang gana wiaee
SENEE
S5585
, 608
GBaRE
22.55
, 279
28, 100
2L, 843
16, 108
18, 361
26, 705
600, 362
16,160
18. 75
26, 675
10, 897
10, 711
10.101
20, 316
8,51-4
18. 895
23, 201
14, 089
FaE
naba
CC CA C CHI CHET COSS
Suer benen eaane deead sanee aaeae
3928а
SE5EE
), 571
676
EB1
475
2, 042
2, 178
a Includes all persons of negro descent.
3858
20, 318
18,698
15, 818
15, 002
25, 015
340, 102
13, 885
12, 220
23, 212
14, 712
18,387
16, 652
21, 3HD
7,108
15,043
127
51
84
353
270
6, 915
87
113
110
60
182
83
25
45
21
56
$20
22U
3, 858
EX
50
97
1ll
67
10
19, 585
Đ, 089
ззось зензе свве пенеь вEEрв БЕрЕа Вззе Нза
18
136
40
110
30
82063
T5O0S
39658
724
tond
379
BerE EEsge

===== 1890a_v1-13.pdf page 17 =====
SEX, GENERAL NATIVITY, AND COLOR.
409:
TABLE 15.-NATIVE AND FOREIGN BORN AND WHITE AND NEGRO POPULATION, BY COUNTIES: 1870 TO 1890-Cont'd.
COUNTIES.
Illinois-Contioned.
Washington.....
Wayno..
White..
Whiteside.
Will...
Williamson
TVinnebago.
Wooitord
NATIVE BORN.
1890
1880
15, 748
2B, 528
24, 418
25, 048
43, 267
21,881
28, 780
17,016
16, 847
20,970
22, 382
26,048
17,265
19,007
28, 915
17,511
1870
13,734
19, 238
16,241
22, 918
28, 420
17,160
22,058
14,891
FOREIGN BORN.
1890
1880
1870
Tng thể
4, 205
321
705
4, 812
16,157
817
0, 590
4,109
8, 865
520
605
4, 590
14, 587
163
0,713
4, 065
144, 178
1890
19, 127
28, 800
2+, 112
80, 811
01, 499
22, 020
39,765
21, 309
WHITE.
1880
20, 900
21, 275
22,058
30,807
72, 719
19,071
30, 351
21, 535
1870
17,163
10,729
i6, 073
27, 4ilt
12, 771
17,228
20.180
18,016
146, 205
141, 174 2,140, 786
1, 038, 708 1, 655, SU7
NEGRO. (a)
1890
1880
185
508
4U
503
197
170
120
212
16
584
78
703
25:
140
85
15, 215
39, 228
1870
183
20 •
173
50
212
106
121.
10.
24, 6G0:
Indiana.
Adams..
Allen........
Bartholomew
Benton.
Blackford
Boorio...
Brown
Carroll
CA8s
Clurk
Clay
Clinton.
Crawford.
Daviess .
Dearborn.
Decatur
Dekalb...
Delaware
Dubois..
Dlkhar't
Payette
Bloyd..
Dountain
Franklin
Fulton
Gibson
Frant.
Grecne..
Flamilton
Hlancock
Harrison ..
Hendricks
Henrr....
Howard..
Huntington
Jnekson
Janmer.
JRF
....
Jefterron
Jennings.
Johnson.
Knos...
Koscingko.
Lagrange
Lake...
Laporto.
Lnwrence
Malison
Al ariOn.
1larshall
Martin
Miami.
Monroo
Montgom
Morgan -
Owvon
Parke.
Perry
Pike
Porter.
Posey
Pulaski
Putnam
Randolph
Ripley
Rush.
St. Joseph
NLUbt .-
Shelby
Spencer
starko
2, 046, 109
18, 373
56,301
22, 754
10. 689
10, 266
170
, 888
260
016
FSSEI
23, 93-1
30, 812
25,
820
17, 418
20, 017
21. 101
2#, 621
25,
I18
20, 300
22, 920
10, 812
22,
13, 728
PRENE
ESSER
AERRO
tawts
88388
SENFE
DERES
1, 834, 128
1, 589, 108
13,084
45, 570
21, 105
9, 012
: 7,820
BAБER
58852
NARÁN
BE
5.11
csás
81, 382
10, 618
20,274
22,491
23, 050
19, 211
20, 047
21,542
8, 651
18,
15, 251
HASZE
AH0a5
NEER8
8388
SECEO
SS988
8E838
10, 061
B4, 735
19,700
4, 029
6, 081
17
17,
15,840
10,520
10,
,130
2t, 21
16, 178
18,
19, 218
20, 491
14,580
18, 058
19,
762
22,532
10,012
17,740
17,879
6,114
14, 64l
899
GEFEE
FEENE
, 200
cá cô s đ
Aodé dnt Moa eots rora to ldo not Fasco aur aFeio aata aaurs Feae ata
1,
MANEE GNOSO DUDN ME BUEE GANE SUNNE CEIE MOO CEN MRU ĐAC CUEВ CI CRỆК
1, 321
8, 750
1, 4333
686
191
20, 180
66, 103
24, 608
11,857
10,108
CaeS
842
a Ineludes ail persong of negro descent.
NNE CHE HHEA
HER3G
ANETE
88588
GSERE
15, 383
51,507
22, 089
11,102
8.008
BREES
GEJE FAEES
Reass
2e208
HaAFE
FSaSE
22988
SANE
SERRE
ANSE
ЯООЕД
99808
11,382
-13,128
21, 122
5, 615
0i, 258
з8ада вокав ареда.
Moecr srans wance casca scaaa
URBER 5.285
ENERA
Esss
saase
SENEE
FRRRE
26038
askas
FeHES
218
31+
16
Fe8as
gEE E9CEE
2
TS H H MIN T MAT IS T MITO MHINE SEN MINNA TETR SRE
8,
11

===== 1890a_v1-13.pdf page 18 =====
110
STATISTICS OF POPULATION.
'TABLE 15.-NATIVE AND FOREIGN BORN AND IHITE AND NEGRO POPULATION, BY COUNTIES: 1870 TO 1890-C'ont'd.
COUNTIES.
•Indiana-Continued.
Stenben.-.
Sullivan...
Switzerland
Tippecanoe.
Tipton...
Union ...
Vanderburg
Verinilion
Vigo..
Wabash.
Warren.
Warrick
Washingtou
Wayne .
Wells..
Whito.
Whitley.
Ilowa--
Adlair-.
Adame...
Allamakee
Appanoose
Andubon .
NATIVE BORN.
1800
14, 156
21, 188
12, 198
30, 872
17,826
6, 788
51,301
12, 807
45,781
26, 308
10, 603
20, 137
18,42+
35, 030
20,05U
14,868
17,143
1,567,827
13.137
11, 219
18,282
17,808
10, 007
1880
14,208
19, 011
12, 948
31, 470
14, 110
7, 381
B8, 665
11, 821
40, 859
24, 259
11,047
18,888
18, 686
35, 725
17,851
12, 065
10, 202
1, 362, 905
10, 599
10, 718
14,188
10,121
G, 578
1870
989, 328
3, 678
FOREIGN BORN.
1890
aale a as tees sas
808
HaBas
NNFKE
Feaae
1880
377
125
388
4, 496
297
292
8,528
#, 799
982
450
1, 274
269
2, 888
591
830
789
201, 650
HOSEE
1870
447
269
415
5, 374
222
291
9,323
236
8, 707
900
160
1, 888
352
2, 040
650
508
840
204, 692
WHITE.
NEGRO, (a)
1890
14, 472
21,005
12, 379
34, 724
18,136
6, 845
58,711
13,107
48,474
20, 888
10,931
20,547
18, 009
36, 254
21,511
16, 062
17,716
38858
aesa
1880
1870
1890
1870
14, 687
20, 190
13,122
35, 060
14, 3461
7,520
38, 845
11, 951
44,149
24,971
11, 178
14, 048
18,952
36, 000
18,487
1B, 789
10, 888
66088
mr mall wetrta
F2e32
Senee
1850
19
58
47
106
121
172
61
112
2,151
1,090
84
187
18
1,208
Б1
07
Б, 702
68:
wEetn
Benton.
Blackhawl
Boone...
Bremer...
Buchanan
Buena Vista.
autler.
Calhoun.
Carroll.
Cаяs
Cedar.
Cerro Gordo
Cherokee..
Chickasuw
Clarke ...
Clay..
Clnyton
Clinton..
Urawford
Dallas...
Davis..
Decatur..
DeliLwaro
Deg ALoines
Dickinson.•
Dubuque-
Emmet.
Fagetto .
Floyd.-
Franklin.
Fremont
tltene.
Grundy .
Guthrie
Hamilton
-Hancock
Hardin...
Harrison.
Henry"
Motrard.
Humboldt
Ida..-
Jowa...
- Jackson
• Jasper.
Jefferson
Juhnson.
Jones
Keokuk
Kossuth
Leo-
LinD
Louisa
Lucas .
Lyon.
Madison.
Mahasia
Marion..
Marshall
Millg..
20, 009
20,110
18,886
11, 071
10, 105
10, 001
12,414
11,140
14, 318
17, 078
15,260
12.317
12, 862
1w. 207
10,966
7, 611
20, 839
29, 058
13.354
19, 046
14,749
15,114
14,840
27,800
3,682
37,588
8,181
19, 827
12,514
10,009
15, 976
18,914
0, 578
16, 256
11, 687
5, 025
15,905
19,290
17,183
8, 818
7,438
8, 178
14,572
18,445
22, 164
13, 802
18, 508
16, 778
21, 020
10, 064
32, 004
38,168
11,117
12, 820
6, 424
15, 246
25,
632
21'
13,
20, 902
19, 985
16,780
11,198
15. 788
5, 772
12.043
4, 698
9, 227
14, 799
10, 277
9,497
6, 095
11, 557
11, 067
3, 572
21, 490
26, 000
8, 939
17, 111
15, 838
14, 800
14, 015
25,920
1, 640
31,069
1,117
18, 688
12,126
8, 261
16,714
11, 224
9,358
13, 460
8, 689
2,567
15, 496
15, 097
19, 041
8, 385
4, 157
8, 615
15, 158
18,001
28, 801
15, 799
19, 878
17,837
19, 307
4,883
28, 922
32, 010
12, 216
12. 966
1, 551
16, 460
270
068
679
12,861
8, 089
8, 462
1, 970
15. 028
1,196
25, 405
900
14,116
8, 965
3,814
10, 589
4, 281
4,500
6, 628
4, 981
863
11, 903
8,010
19, 752
4, 828
2, 090
208
12, 842
17, 197
20,421
* 15, 825
18, 578
17, 852
2, 780
28, 409
26, 987
11, 706
9,817
INI0N
3852%
2888g
3326G
SEA0S
996
098
762
698
779
D56
160
781
a tiEs tEg
85888
11,
32968
938
503
3,281
925
2,613
886
2,311
1, 552
1, 9-15
502
162
2,
295
417
1,
FSE8
89%
8,
7,784 |1
1, 276
a Includea all persons
of negro descent.
FEE5
Faeat
BENS
NEREN
28388
FreF-
GEEEg
SOEES
8528
10, 089
NHT
450
Suatis
26885 8998
, 024
20, 100
28, 888
FEOO5
BEEE
-555S
56288
FBE83
33888
FESE®
ONORE
+55-5
B893E
≥Egen
bầuga
csgi
16805
EONE
FENRS
C5525
2880R
1SH8S
623:.
228Ng
-Haão
Eeti o
+938

===== 1890a_v1-13.pdf page 19 =====
SEX,
GENERAL NATIVITY, AND COLOR.
411
TABLE 15.-NATIVE AND FOREIGN BORN AND WHITE AND NEGRO POPULATION, BY COUNTIES: 1870 TO 1890-Cont'd.
COUNTIES.
Iowa--Continued.
Mitchell.....-
Alonona.
Monroe -
Montgomery
Nluscatino.
O'Brien
Osceola.
Page..
Palo Aito
Plymouth
Poeahontas
Polk........
Pottawattamie
Poweshick
Ringgold..
nite...
Scott..
Sheloy
Sions
Storg.
Tama
Teylor
Union.
Van Buren
Wapello..
Warren .
Washington
Wayne....
Webster .-
Winnebago
Winneshick.
Woodbury
Worth
Wright
Kansas.
Allen ..
Autlerson
arapahoe
Atchison.
Barbor ..
Barton
Bouchon
Browll
Butlalo
Butlor
Chaso
Chautnuqua
Cherokec..
Cheyenne
Clark.
Clay
Cloud.--
Coftey.-.
Comanche.
Cowloy..
Crnwford
Decatur..
Dickinson
Doniphan
Douglas.
Idwards.
Elk....
Ellis
Ellsworth.
Finner.
Foote .-
Ford.
Franklin
Garfeld.
Gonry..
ltnwe..
Graham
Grant.-
Gray.-
Greeley
Greenwood.
Hamilton
Harper.-.
Harrey
Haskoll .
Hodgeman
Howard...
Jackson
‹Tetferson.
Jewell
1890
10,571
12,455
12, 295
18,426
20, 063
10,465
4,387
10,113
7,189
14, 288
7,892
56, 082
38.304
16,424
18,097
11, 615
20, 050
13,791
12,150
14, 040
17,479
15, 606
15, 301|
15, 058
27, 074
17, 440
16, 093
15, 219
16,021
5, 008
16, 208
44, 038
6,279
9, 860
1, 279. 258
12, 502
13,871
23, 659
7,580
10, 626
27, 255
18, 539
22, 641
7,412
12, 061
25, 50.4
3,861
2, 286
13, 855
16, 879
15,014
2, 462
38. 297
20, 808
7,578
19,086
12, 179
21, 674
228
800
5, 893
7,313
3, 150
4,772
10, 086
881
8,381
2, 089
4, 674
1, 226
2,814
1,16÷
15, 298
1, 887
12, 520
14,716
1, 020
2,116
18,
445
10,
885
18,221
NATITE BORN.
1880
10,964
7,867
12,
226
18, 447
19,201
3, 026
1, 887
17,870
8, 113
6, 120
2,698
36, 102
32, 743
17, 013
11, 492
7,140
28,400
10, 277
3, 618
18, 92:3
17, 555
14, 841
13,423
18, 266
22, 678
18, 613
18,510
15, 673
11,730
2, 940
16, 076
11, 951
5, 181
4, 283
886, 010
10,420
8,416
28, 881
2, 548
8, 102
18,501
11, $80
1.65
17, 504
5, 458
10, 788
20, 798
38
147
9,928
18,144/
10, 720
852
20, 678
16, 645
3, 850
12,
,582
12, 752
1Đ, 389
2, 001
10,
130
1, 281
6,844
366
2, 507
15, 093
5, 033
1, 084
B, 938
9, 725
8,901
Đ, 610
1,475
9, 752
14, 783
10,411
1870
7,190
3, 077
11,575
5, 258
17,449
649
0,335
980
1,550
950
28, 944
13.070
13, 950
5, 401
1,247
21, 071
2,187
892
9, 042
15, 206
6, 766
5, 53-1
10,746
20, 108
17,252
17,254
11,001
7,467
800
13,811
1. 053
1, 790
2,09.1
816, 007
0, 365
4,782
12, 518
13, 868
5, 988
2, 850
1,790
10,113
2, 057
1, 020
5,790
i, oot
7,579
2,
12. 882
17, 786
783
808
J,511
8,504
FOREIGN BORN.
1880
1870
1890
2.728
2. 060
371
2,422
1, 411
2. 595
1, 187
2, 228
2, 120
5,285
2, 161
8,126
1,970
459
3. 007
13, 208
8, 820
6, 220
3, 178
4,
83805
39668
3,
3, 309
1, 188
1,493
2,148
3, 089
529
382
1, 997
1, 016
2,440
1, 015
0, 233
7,107
1, 928
593
704
454
877
041
113
20
028
284
10
980
830
348
487
45
555
1,104
1,361
162
320
1890
2, 392
577
1,149
676
1, 239
66
640
847
019
490
3, 018
8, 823
1, 625
200
16k
13.291
1t, 480
18,403
15, 810
24, 820
18, 059
5,574
21, 106
9, 810
19, 568
9,658
61,211
47, 098
18,327
18, 556
14, 522
42,88k
17,610
18,870
18,127
21, 604
10, 288
16,831
10,
123
29,
700
15,044
21, 537
•7,325
22, 501
, 252
22€
12, 055
1, 070, 558
13, 115
18,014
23,749
7, 0-12
12, 843
26, 298
19,804
23, 949
8, 05đ
12, 072
26, 421
4, 101
2,351
15, 939
2,510
83, 840
€306g
536
1, 193
50
2, 080
3 sa
805
355
82
101
100
8, 218
1, 016
1.40
828
746
10
266
232
2, 885
51
1,841
279
229
2,619
5,
,127
, 181
960
11,800
188
785
1,128
880
1,064
5885
a Includos all persons ot pegro deseent.
10,
8888
28888
38585
2, 210
WHITE.
1880
1870
11, 358
8,907
18,461
15,782
22, 991
4, 142
2,219
19,420
4, 181
8, 501
3, 713
41, 714
80. 281
18, 874
12, 070
8,774
41, 0001
12, 08:3
5,420
10,897
21, 173
15, 505
14, 888
16,
,020
21, 828
20, 270
4, 016
8208
052, 155
10, 952
8, 871
28, 237
2, 052
10, 022
17,866
12,551
1W1
18,527
Б, 902
10, 015
20, 031
87
150
12, 2010
HE
21,
%883
J,081
3, 612
12, 675
5, 021
21, 525
709
9, 822
1, 386
2,109
1,446
27,054
18,725
15, 502
5; 886
1,110
38, 358
2,584
576
11, 640
16,086
6, 888
17,461
22,15%
18, 809
10,475
1,501
515
18, 476
316, 377
°0, 560
0, 108
308
11, 207
6, 721
*3, 002
1, 969
10, 809
082
1,176
388
410
1,0.18
15, 847
G, 058
B, 419
1, 575
10,
14,
17,
FEIN
5337
NEGRO. (d)
1590
1880
23
202
38
177
234
1, 104
827
G6
274
8a8t
10, 710
894
288
8,001
80
329
2, 272
122
105
178
224
1, 342
S68 88528
oềe ga!
028:5
1870
88
258
119
170
13
247
672
G14
02
15
266
13
EgEe
HO98
178
48, 107
350
180
3.410
200
1, 716
263
59
110
141
1,801
119
3, 217
339
80
SUeô-
153
80%
163
79
1
210
SEEEG
17, 108
152
112
1,186
770
05
30
13÷
0: 85:
35

===== 1890a_v1-13.pdf page 20 =====
412
STATISTIOS OF POPULATION.
TABLE 15.-NATIVE AND FOREIGN BORN AND WHITE AND NEGRO POPULATION, BY COUNTIES: 1870 TO 1890-Cont'i.
COUNTIES.
Kansas--Continued,
+) 01160D+-.*.*.
Kearuy
Kingnian.
Kiown..
Lubetto .
Lane.
Leavenworth
Lincoln-
Linn ..
Logun
Lyon.
AcPlurson
Marion
Marohall
Alcade..
Miami
Mit«hell
Montgomory
Alorris .
Alorton.
Nemaha
Neosho.
NeSA....
Norton
Олage.
Osborns
Pawno:
Phillips-.-
Pottarratomie
Prutt..
Rawlins
Reno
Repuhlic
Hice...
1 P0TY DHT TOFE T
Washington
Wichita.
Wilson.
Woodson.
Wyandotte
Kentucky.
Adtalr
Allen..
Anderson
Ballar.
Barren
Bath .
Bell.
Boono -
Bourbon
Boyd.-
Boyle..
Eracken
Breathitt-
Breckinridge
Bullitt. .
Butler
Caldwell
Calloway.
Carpbell.
Carlislo
1800
16.243
1,480
11,181
2, 693
26, 318
1, 936
$1, 605
8. 496
16. 802
$,061
20, 709
16, 156
14, 631
19,971
2.103
18,397
13, 836
22, 222
10,161
676
17, 004
17,586
1,071
10, 069
20,740
11,119
11,388
4,708
12,536
14, 063
e sonde geena slee deearares
501
987
1, 799, 270
13,712
13, 677
10, 598
8, 329
21.148
12,777
10, 023
11, R47
10,571
10,587
12, 697
11, 906
8, 668
18, 832
8, 179
13.
937
13,
14,
36,
7,
NATIVE BORN.
1580
1870
15,045
12,430
122
3, 493
21, 373
560
27. 012
7, 697
1-4, 857
303
15, 409
12, 270
8.596
318
705
18, 000
258
16, 586
13, 609
17,311
$11
8.240
10,721
14, 149
3.118
6, 512
16, 533
11, 478
9,225
4,040
11, 199
20
18
13,011
1, 748
1,320
11, 397
12, 657
1, 105
8, 548
4
8. 317
3,981
7. 630
1,186 1.
6, 168
0.1
10, 397
2, 771
13
17,175
936
721
26,123
ii, goy
1, 120
i1
13, 002
57
$, 301
10
10, 589
136
10
2, 159
7,37#
554
12, 428
18
13, 162
5, 016
10, 167
zal Ea ieu
85
321
1, 589, 178
1, 257, 013
18, 006
12, 075
9, 322
14,300
22,257
11,897
6,05*
11,489
15,400
11, 501
11,788
12, 862
7,741
17,317
S, 360
12, 128
11,284
13, 286
29,710
Ì Sãc no moa 1
FOREIGN BORN.
1800
1880
1, 208
37
220
1,102
41
5, 343
895
441
1,917
1,873
8, 857
3, 136
35
1,216
48
18
1,
1,
3,
1,
089
1, 082
451
815
2,
789
2N09E
2,
1,
1870
1,254
720
0, 915
123
527
929
125
183
1, 104
808
T4
476
249
1, 459
951
141
1,174
1,475
159
1,404
WHITE.
1890
1S80
10,107
1,501
17, 740
2, 858
25. 523
2,057
34, 000
0,006
16, 188
3, 359
22.103
21, 563
20, 380
23, 625
2,516
18,674
14, 985
22, 1-16
10, 884
717
19.
084
18, 217
24,
15, 087
159
1, 711
20, 517
601
27,383
8, 517
14, 481
16.298
17, 091
12,366
15, 900
20G
16, 901
14,8701
17,528
8, 782
12, 387
1-4, 785
3, 722
0, 966
18, 005
300
721
I EEsl aS BBlel
1, 500, 162
55760
RUBEЮ
8352-
36
289
399
405
405
t+0
406
529
601
564
Esge
142
6.17
148
160
610
112
161
186
203
85
58
18
24
91
7, 579
7,730
7,186
32
les
all
persons
of
negto
descent.
11, 893
12, 650
0, 547
6, 078
17, 765
11, 235
9, 070
11, 134
10, 179
18, 828
8, 139
11. 728
8, 580
16, 896
7, 243
13,198
10, 450
18, 583
48,522
7, 228
43
56K
B3
161
079
14
1870
010
727
760
•$85
25
281
5, 035
143
4, 2.40
1,085
12,085
0568
20l3a tal
1, 098, 092
9, 220
9, 192
*, 751
11, 099
1it, 157
8,418
3,
620
9,084
8, 186
8, 282
5, 836
10.773
5,401
11,
758
6, 587
8, 701
718
1800
800
88
17
2.015
•1, 405
777
25
1,081
50
150
286
25
037
50
917
218
B:K1
:30
178
EERE
179
ESÊ
1,354
0, 112
NELE
BeaJe
30
6, 935
208, 071
1,828
1,0:12
1, (8
1,412
8,721
1, 578
7-10
1,112
0,797
705
1, 800
040
100
2, 080
1,018
773
328₴
NDGRO, (d)
1850
809
2,170
1, 1070
815
1, 0U7
•11)
97
281
808
18.1
374
571
NEaee
:ESE
2ugE
280
12018
5, 351
is
123
10J
040
77
50
1,570
271, 151
-e.144
2, 171
1,009
1, 060
1,725
4, 011
2, 017
181
1, 202
7,314
556
4,787
816
185
2, 201
1,307
820
2, 187
1, 215
$41
1870
-H8
44
1,2K1
120
11
400
115
720
2,12U
222, 210
1,810.
1, 1UE
005
1,-177
8, 028
1,702
111
1,019
6,
177
201
3, 070
020
181
1, 0H2
1,19.
0-fH1
2,

===== 1890a_v1-13.pdf page 21 =====
SEX, GENERAL NATIVITY, AND COLOR.
413
TABLE 15.-NATIVE AND FOREIGN BORN AND WHITE AND NEGRO POPULATION, BY COUNTIES: 1870 TO 1890-Cont'd.
COUNTIES.
1890
NATIVE BORN.
1880
Kentucky-Continued.
Varroll-------.--..
Carter
Casey .
Christian
Clark.
Clay ..
Clinton
Crittenden
Cumberland
Daviess .
EEimonson.
Illott.
Estill.
riyotto -
Mleming.
Hovd
Franklin
Fulton..
Gallatin
Garrard.
Grant.
LTlIlYOS.
Grayson
Green.
rreonul
Hanoock
Harlin
Harlan
Harrison
Elnrt --
Henderson
Henry....
Mickman
Hlopkins.
Jackson.
Jetterson
Jessamine
Tolnson.
Kenton-
Knott.
Koox
Laruc
Laurel
Lawrence
лtu ....
Leslie.
Letcher.
Lowis..
Lincoln
Liringston
Logan.
Tvol.,
MoGracken
MeLean.
Mndison .
Mngottin
Murion..
Marshall
nntull.
Muson.
Mende-
Menifue
Mercer
Metenlfe.
Mouroe.
Montgomtry
Morgan
Muhlenberg.
Nelson....
Nicholns
Ohio ..
Olclham
Owen
Owsley.
Pendleton
Perry -
Piko
Powell
enlaski.
Lobertson.
Rockcastle.
Rowen ..
Russell.
Scott.--
Shelby.
8, 996
17,112
11, 789
33, 884
15, 292
12, 444
7, 041
18, 000
8, 447
$2, 450
7, 972
9,196
10), 760
31, 287
15, 930
11, 258
20, 839
9, 891
4,5.11
11, 107
12,521
28, 441
18, 085
11, t02
11, 786
9, 071
21,091
6, 194
16, 651
10,408
28, 086
14,050
11, 591
23, 200
8,259
162, 572
11, 108
11, 028
45, 370
5, 438
13, 716
9, 399
12, 904
17, 663
6, 062
3,064
0, 019
14, 681
15,404
9, 4103
23, 702
7,000
20,304
9, 615
24, 109
9.190
15,-198
11, 271
4.203
19.889
9,421
1, 655
14, DH8
9), 802
10, 989
12, 205
11, 248
17,717
16, 180
10, 688
22, 686
G, 686
17, 002
5, 973
15, T68
6, 381
17, 378
4, 651
25, 580
4, 605
9, 797
6, 104
8,
131
16, 384
16, 348
8,636
12,176
10,964
31,447
12,028
10,211
7,202
11,654
8,890
20,991
7,211
6,558
9,852
27,591
15,003
10,17B
18,172
7,810
4,7835 1
11,654
12, 874
21, 041 |
15, 680
11, 819
13, 131
8,875
22, 226
5, 278
10,170
17,070
23,871
1-4, 200
10,061
18,819
6, 678
120,400
10,740
0,150
35, 431
10,584
9, 741
9,121
18,220
*, 210
3,740
6, G00
12,984
19,091
9, 101
24,211
6,728
15,492
9, 286
21,985
6,948
14,491
9.019
3, 058
19,408
10,220
$, 750
14, 028
9,414
10, 738
10,891
8,151
11, 970
16,850
11,679
19,416
7,400
17, 284
1,040
15,877
Б.600
12, 998
8, 631
21,197
5, 782
1), 629
4,399
7,589
14,776
16, 511
1870
5, 800
7, 423
8, 868
22, 806
10, 745
8, 286
6, 470
9,815
7, 082
20, 108
1,119
4,482
9, 102
25, 241
18,117
7,871
14, 755
5, 071
4, 97
10, 388
9,356
10, 297
11, 232
D, 369
10,901
6, 373
15, 317
4. 415
12, 570
13, 616
17, 769
10,888
8,149
13, 765
1,516
01, 113
8, 561
7, 180
27, 010
8, 201
8,182
• 8, 009
8, 170
3, 010
iuin
8.973
10,876
8, 004
20, 286
6. 187
12,080
7, 503
19,301
4, 083
12, 600
9, 400
io, 085
9, 379
1,
980
12, 888
7,927
0, 220
7,402
6, 971
12,120
14, 348
8, 888
15, 389
8, 613
14, 198
3, 880
13, 214
1,274
9, 557
2. 503
17, 684
5, 368
7.180
2.989
5, 805
11, 441
15, 341
FOREIGN BORN.
1890
270
92
59
214
142
20
670
83
16
67
1, 411
142
428
11t
1880
1870
9009 8889
26,
95658
20 99588
8=9-
Seaan
SA°B
1,001
E*E62
GEE"G
290
80
16
361
137
11
27
66
G06
10
1, 415
251
6
515
190
Tera
gageg
9#F**
Ga+SS
178
a Includes all persons of negro doscent.
WHITE.
1890
8, 500
17,067
11,431
18,886
10.608
12, 08-1
6,859
12.188
7,456
27,751
7,517
0,187
10,255
22, 060
14,453
11, 105
10, 508
7,707
4.114
8,114.1
98859
Hagg
15,
SFASS
,319
440
4,529
SоTНE
GBCCE
1880
1870
1800
8, 182
11, 971
10, 075
17,043
7, 920
9, 616
0, 901
10,537
7,327
22, 876
0, 067
6, 021
9, 849
16, 049
1B, 016
9, 977
13, 839
6, 871
8, 009
A5EEd
Raneh REree
geee
Gi oó sá g vi
8FE55
eRSNа
Sacse
9, 207
3, 020
16, 077
cm gó
h1L1
10, 080
205
ng gй
9886
591
5,649.
7,409
8, 340
18, 415
7,107
7,802
0, 205 1
8, 572
6, 181
17,111
4, 23:3
4, 11l!
8, 509 1
14,142
11,812
7.706
10, 037
5, 224
63s98
54333
S80Ca
3893
ENGSE
19255
22085
4,505
0, 495
9,070
11, 541
8, 191
070
4, 858
6,031
11,005•
10,880
7,885
14, 108
6, 217
138
3, 812
13, 389
1,173
9, 460
2,860
16, 595
0, 770
2, 959
510
10, 350
NEGRO. (a)
1880
771
1371
14, 089
1, 180 /
700
811
1,101
1,567
4,851
555
18
511
12, 971
1,575
189
4, 860
1, 005
39 45588 24788
8885
1370
SERRR 29183
GORES
150
3, 00.1
410
82
4, 302
1, 274
48
8, 148
1,030
651
8, 560
88
2,078
4, 716
1, 750
1,164
2,211
1, 608
84
780
130
174
287
1,196
288
437
2.98
510
100
5itit
9, 012
3, 715
495
202
800
1,509
$, 603
220
22
500
12, 51:1
1, D0b
171
4, 008
937
809
3, 101
509
aaste
835
23FG
BE3AE
9Ns8
RERES
179
8, 343
385
3, 582
1,204
16
3, 8111
861
760
2, 699
44
3, 918
1,2-14
1,308
2, 810
641
96
102
239
1,075
25%
369
32
293
8, 055
5, 388

===== 1890a_v1-13.pdf page 22 =====
414
STATISTICS OF POPULATION.
TABLE 15.- NATIVE AND FOREIGN BORN AND WHITE AND NEGRO POPULATION, BY COUNTIES: 1870 TO 1890-Cont'il.
FOREIGN BORN.
WHITE.
NEGRO. (a)
LoUNtAEs.
1890
1880
1970
1890
1880
1870
1890
1880
1870
1800
1880
1470
phan 140 l tha ui t 1
ed.
10, 771
6, 719
10,574
67
98
8, 504
7,811
7,406
2,374
2,797
G, 940
5, 510
1, 250
1, 620
9, 300
9, 228
41
58
100
31
102
10
7,879
5,414
7,360
4,477
6, 376
1,474
1,890
16, 779
50
10, 513
9,427
7, 752
6,301
6, 567
13, 860
15,912
35
14, 441
42
52
48
33
10, 250
10,440
9,880
3, 652
4,010
7,084
18, 088
7,112
59
80
6, 819
6, 5.94
5, 121
677
500
309
364
15,573
821
14, 610
11, 066
2, 056
417
8, 100
29,808
27, 084
544/
22, 229
13. 521
14.288
131
19, 802
15, 375
7.926
7, 080
153
11, 628
11, 988
2,094
2,130
12, 831
12,487
25
27
12,234
10, 354
11, 618
9, 927
618
699
17,146
1+, 187
50
17, 442
11, 986
14
33
15, 284
12, 580
9, 582
1,912
1, 600
16, 828
11, 752
8.140
752
2371
7,179
5,037
7, 058
5, 568
8, 570
75
12, 197
11,575
225
130
7,527
6, 158
4, 115
122
4,853
5, 612
1, 068, S40
885, 800
54, 146
61,827
558, 395
454, 051
362, 065
559, 193
483, 056
12, 759
18.754
16, 140
19,179
16, 789
24,807
16,474
14, 080
10,421
20, 271
15, 952
80, 857
25, 657
19,332
12, 170
5, 795
5. 737
2, 773
2,363
1i, 050
23,281
10,191
14,785
18, 803
14,795
19,775
15,538
25,871
12,214
19,457
11. 906
17, 683
14, 890
6, 841
Grant.
6.417
8, 217
6, 101
Iberia.
20, 545
16, 190
Lberville
20,811
17,176
Jackson..
7.444
5, 324
Jetferson.
12,100
11,170
Lafiyette
15, 674
12, 970
Latourche.
21,710
18, 783
Lincoln
14,126
11, 048
Livinyston
blaclison..*.
5, 680
5, 121
14, 086
13, 750
ALorehouse
10, 725
1-, 111
Natchitoches
25,014
10, 458
Orleans --..
207, 070
174, 933
Ouachita…..
17, 750
1t, 442
Plaquemines.
11, 637
10, 691
Pointe Coupee.
19, +21
17,549
DEEBACE EURS SIES BPLE 1 1G
2228 89898
Доддк
8288%
1500 00 15
8893
BRES
Toasrvoi
93729
NNO90
TNaoe
Nghee
13985
13868
28365 48 39
igabl 3 eg555
á MiC
7E58
F828
ENgeE
+*R8
₫898
COAHN
HEỆNG
5 1306
8,100
4,781
2,925
1,
4,804
7,694
táÁãià
2aiea
EsaiS
NEEr CgNNE
g58& H855
14
hE98a
#ótirTes
EREE
8,060
25833
99G68
10, 254
35313
rgriries
Haraa
F3.h8
Jerae
Ranides.
27, 318
23,203
17, 636
Rerl River.
11,301
Richland
10,180
8,040
8,360
5, 003
Sabino ..
9, 357
St.
Bernard
4,000
7,313
0, 418
4,010
3, 273
280
2,347
,104
640
1, 977
GBRER
St. Charles
t. Helena
7,317
6, 987
031
7,456
1,766
St. James.
9, 927
St.
John
15, 168
1+. 382
the .
10, 909
9, 41ā
6, G06
St. Landry
89, 848
39, 475
25, 085
2965g
1, 966
1,401
897
5, 751
5, 740
3,471
3, 328
2,509
4, 089
5,001
4,
,850
,275
9, 997
1170
9,802
• 156
4,080
3, 855
2, 715
6, 637
5,792
518
17,850
20, 473
13,776
22. 274
19, 309
St. Martin
14, 657
12, 439
0, 134
St. Mary.
21,787
19, 019
13, 319
St.
Tammany
9, 636
6, 547
5, 11U
Tangipahoa
12,
325
0, 305
7, 5012
Tensns.
10, 534
17, 645
12, 151
EOR3N
85888
7, 050
5, 788
4, 286
7,821
6,876
7,976
,717
4, 208
14,305
18,115
88
6, 398
4,258
3, 411
8.702
2.585
7,013
5, 008
4, 934
4, 698
1, J53
1, 571
1, 100
15, 192
4,014
16, 2871
Terrebonne
19,956
17,647
12, 237
Union
17,213
18, 470
11, 046
Vermilion.
11, 075
8,580
4, 147
Vernon.
5, 905
5, 149
Washingtou
0, 689
5,184
3,3і®
TVebster
12, 412
9, 924
West Baton Rougo.
8,066
7,549
5, 028
West Carroll.....
3,
730
2,
756
West Felieiana.
1+,
12, 646
10,321
Winu
7, 073
5, 835
1, 935
•ee Eo8E
214
10,412
8, 613
6, 080
0, 699
0, 111
9, 901
8, 01₴
7, 311
7, 403
5, 51%
81
11, 335
6,771
8, 480
2,809
1,057
11
5, 363
4, 783
540
877
4, 635
3, 475
2,391
2, 062
1.712
5, 171
4,822
7,289
5, 688
2, 252
1,710
5, 964
5, 415
i78
2, 276
1,839
2,287
2,810
, 588
12, 785
1.
10, 522
10
6, 072
4,797
1,01đ
1,010
1, 047
Maine..
582, 125
590, 053
578, 034
78, 961
58, 883
48, 881
659, 263
646, 852
624, 809
1, 100
1, 151
Androscoggin
37, 808
36, 807
32, 236
11, 160
8, 235
3. 630
48, 880
14,067
35. 826
Aroostook.
Cumberland
38.
165
77
341
32, 319
75,
720
22, 002
72,
11,
,#24
9,381
7,607
, 182
13,
608
10,
630
9,
839
49, 528
90,
41, 649
. 502
85
553
, E08
Franklin.
16, 528
17,
855
18,511
525
325
17
, 039
18
Hancock.
206
36, 910
938
918|
87, 258
38, 093
444
gofsa
geata
bise à cdrd drco feura laro ecela coda cedla doare eolo cete dde meeea de e eee
E0:E
fitl
37,191
35, 517
1, 102
« Includes all persons of negro descent.

===== 1890a_v1-13.pdf page 23 =====
SEX, GENERAL NATIVITY, AND COLOR.
41'5)
TABLE 15.-NATIVE AND FOREIGN BORN AND WIITE AND NEGRO POPULATION, BY COUNTIES: 1870 TO 1890-Contid.
COUNTIES.
Maine-Continued.
Kennebeu..
Knox
Lincoln
Oxtord..
Penobecot.
Piscataquis
Sagatahoc
Somerset..
Waldo ......
Washington
Tork..
Maryland.
Allegany...
Anne Arundel
Baltimnore .
Baltimore city
Calert.......
Caroline
Carroll -
Cecil--
Charles
Dorchester
Frederick
Garrott
Hartord..
Howard.
Kent...
Montgomery
-Princo George
Queen Anne.
St. Mary
Somerset.
Talbot
Washingtur
TVicomico.
Worcester
Massnchusetts
M HUTT
Alichigan .
Alcona.
Alger..
Allegan
Alpona.
Antrim
Arenac.
Barnga.
Barry .
Benzio
Berrien
Branch.
Calhoun.
Cass
Churloroix
Cheboygan.
Chippewa.
Clare.....
Clinton
Crawtord
Delta ..
Onton.
Cnunet.
Genesee.:
Gladwin
1800
50, 650
29, 816
21,510
20, 075
61, 188
14, 700
17,811
30,462
27,289
37, 602
52,864
048,094
35.944
81, 169
64, 456
365, 436
9, 827
18, 662
B1,
691
21, 957
16, 078
21, 692
•18, 403
18, 683
27,732
16, 460
17, 221
20, 838
25, 490
18, 297
15, 753
2t, 082
19, 356
80,
273
887
19,702
1, 581, 806
26, 425
62, 330
118, 707
8, 020
217, 908
82, 309
02, 343
89, 920
209, 740
8, 038
88, 78*
77,
,644
816, 587
202, 018
1, 550, 009
2, 869 •
057
33, 486
8, 251
7,740
8,504
1,
756
21, 794
34, 909
1, 096
35, 470
25, 086
38, 579
19,810
7, 286
7, 500
5, 212
5, 178
28, 604
1, 967
8,048
30, 252
7,268
33, 730
2,714
NATIVE BORN.
1880
1870
49,560
31,474
21,320
32, 029
64,167
14,210
18,212
81, 059
31,884
37, 620
55,325
852,137
31, 019
27,000
73,472
276, 177
10, 505
50,914
29,745
21, 973
82, 920
08, 183
13, 912
17,968
33, 215
38, 887
30, 118
55, 661
697, 482
...-=t......
80, 507
28, 502
54, 118
210, 870
41, 840
18,555
30, 077
26, 238
18,438
22, 990
40,361
11,387
26,707
46, 161
21, 309
15, 201
17,322
21,390
25,881
1D, 006
16,872
21,020
18,753
B7, 141
17, 080
19, 481
1, 339,50₴
1, 104, 032
20, 686
30, 925
64, 800
98,724
40, 692
1, 099
8.062
187, 881
936
024
1800
6, 862
1, 857
480
911
8,727
1, 43+
1,641
2,165
520
6, 980
9, 965
04, 296
FOREIGN BORN.
1880
8, 498
1,389
495
598
6, 009
626
1, 060
1,27÷
629
0, 858
6, 982
82, 800
0, 827
2, 925
8, 453
69, 008
33
1,
852
aaE:
1890
WHITE.
1880
1870
6.993
830
0, 86-1
50, 186
5888E
1.
1,
BLES
288
HHE3G
1870
2, 289
1,078
824
568
6, 967
461
835
1, 360
085
7,225
4,518
S3, 112
56; 878
31, 391
21, 970
80, 501
72, 390
10, 078
19,344
32, 022
27, 730
41, 815
62, 770
826, 498
02,.921
58, 019
12, 741
24,771
30,707
25,531
32, 012
38, 405
69, 0711
74,581
14, 818
10,132
14,328
18, 0033
32,318
31, 062
82, 430
84.40%
4t, 207
43, 188
02, 203
00, 100
724, 003
605, 407
1890
125+
80
26-1
20•
82|
19
09
18
215, 057
NEGRU, (a)
1880
1870
129
117|
184
10|
116
15
58:
23
109
108.
140
54.
100•
21
20
131
105
74
210, 230
175, 301,
7,960
895
9, 274
56,484
25
40, 135
16, 468
37,87U
10, 580
62,670
1, 09
12, 726
55,02-
367.1481
278,084 227,794
4,708
4,842
1,382
10, 09
30, 24
25, TUU
. 011
,700
10,133
11, 084
42
10,
BEEEE
12
39, 909
10,
1, s3l
14, 500
1, 411
1, 200
1, 018
322
9aRB S559
358, 319
SREEE
dfstià
51888 2505 35083
2588
22, L-k1
057, 137
S5N0
EFfo
382
581
253
295
6,382
1,812
1,193
5,700
1,497
443, 191
agae
==
988
566
astre sc mte std belald ee
670
10,
208, 010
814
Б, 586
1,490
697
2,217
7,082
.342
5, 057
1,708
4, 308
1, 417 11
530
251
102
113
2,740
1, 179
1,549
51
5, 382
« Includes all persons of nogro descent.
SEES
2388
2, 215, 373
1, 703, 782
1, 118, 156
SECER
888*3
2aaa3
EFỆ"
Eeeas aaees
1,
1,
3.
225,
2589
2. 072, 881
11, 614, 500 1, 167, 282
õ, 382
3, 079
606
1,160
88; 580
37, 268
31, 068
15, 570
8, 763
2, 75.1
10, 197
5, 113
1, 920
5, 561
2,743
28,731
, 268
50, 135
25,240
22, 110
37, 590
5,176
16, 701
8, 805
2,155
40, 627
86, 090
84, 507
26.735
42,905
27,876
26, 173
37, 888
85, 054
19,306
20, 729
Đ, 418
19,351
4,879
1, 502
11,823
6, 100
2,025
11,554
4,415
950
7,554
4, 177
26, 475
28, 021
866
2,917
22, 784
1, 150
15,10k
6, 639
2, 523
32,009
7, 816
31,188
25, 013
5,498
39, 170
86, 907
111
33, 779
$, 190 li
1y 126
15, 223
303
130
625
50
611
1, 009
45
1,540
18.877.
10,505
53,710
5,696
aitigão ti
SEÍNCODÓ
ESgC
18,097
15, 100
380:
202
687.
05.1
498
1, 887
351
1,100
11, 732
8,868.
39,608•
5, 533
3, 708
2,178
9. 118,
7,056.
7, 572:
$,855
3,474
7,782.
,134
TẸN:
6, 666
, 838
SUG.
5, 869
13, 917
БeSto
1,
59828
5-
а8RE
11, 819
310•
116-
29
596*
560
1, 690:
78

===== 1890a_v1-13.pdf page 24 =====
416
STATISTICS OF POPULATION.
TABLE 15.-NATIVE AND FOREIGN BORN AND WHITE AND NEGRO POPULATION, BY COUNTIES: 1870 TO 1890-Cont'd.
NATIVE BORN.
WHITE.
COUNTIES.
1890
Michigan-Continued,
Gogobic.......---.
Grand Iraverse.
Gratiot.
Hillsdale.
Houghton.
Huron.
Incham
Louid..
Ioseu.
ro1..
Isnbella.:
Isle Royal.
Jackson...
Kalamazoo
Kalkaska .
Kent..
Keweenaw
Lakd.....
Lapeor..
Leèlanaw ...
Lenawee .
Livinaston.
Lnce
Mackinae
Macomb
Manistee.
Manitou
Marquotte
Masin..
Mecosti.
Menominee
Midland....
Missaukeo
Monroe
Montealm.
Minnegota
Aitkin
Anoka.
Becker..
Beltrami
Benton.
Rigstone
Blüe Earth
Browvn ..
Gnrlton
Carver.
Cass ....
Chippewa
Chisugo.
Ciny
Cook
Cottonwood
Crow Wing
Dakota..
Dodge..
Douglas..
Faribault
F'illmore.
Freoborn
Goorlhue
Grant..
5, 854
10, 269
26, 001
28, 878
18, 571
890
600
16, 131
8.005
3,182
27,911
27, 302
«LEN ERING ДRACH ПАЕE КД ДIAEEE NUERECEEE AENE LEREE
150
957
48
1880
1870
1890
FOREIGN BORN.
1880
°6,301
19, 515
80,789
11, 482
10.343
30, 045
29, 786
3, 521
34
Mr tad tt ta w
99
237
401
2:
083
478
200
004
918
48
580
357
726
000
Nn n s ma tnnn m nat mum
32
96
255
764
381
56
Pe rie on it ald medeaalda
490
179
185
78
10
118
808
608
40
818
166
148 ||
NS a M l nmmin mmnmnn
888
777
1,881
2,391
1,034
10, 901
9.746
3, 681
4, 086
3, 302
2,500
5.603
#,910
615
17,120
1,966
882
8.305
1,805
5,402
2,
723
5,
5 55 05
Leet
2RаEC
574
6Sti
804
045
111
400
1(5
NEGRO, (a)
1870
1890
1,144
1,197
2,196
7.860
4, 786
2,600
3, 05€
1, 125
573
4,005
1, 018
187
12,004
2,146
147
5, 501
1, 582
5, 339
2,411
333
7,301
9,
89989
13,153
18, 281
28, 530
80, 608
35, 340
28, 530
37, 203
32, 703
15, 101
f, 120
18, 304
135
44,409
88, 702
D, 146
109, 183
2, 893
6, 502
20, 111
7,633
31,
28532
24,170
555
. 800
206
$E8
8336
1,
D,204
259
14, 967
2,081
7, 710
2.
, 872
ERS®
40,
BHEE
15,301
5, 575
14, 560
1, 895
1, 268
85. 260
4,604
2, 088
81, 703
52, 005
25,207
9588
6E29
290
50
^91
128
658
8, 010
Б,
$75
12, 502
1,800
niatà
dos all
persons of negro descent.
MANK GET MEEgO BEaCR
гa2ea
1850
1870
1890
1570
8, 403c
21, 888
32, 056
22, 415
20, 048
38, 268
38, 793
6, 823
11, 558
55
11,514
33, 420
2, 937
123
72,737
648
29. 951
5, 032
47.003
22, 156
2,035
31,010
3365
Shuga
307
01+
450
1,071
32, 052
3, 106
1, 456
58,
498
40, 140
20, 885
20, 809
,438
008
asgo
t alra laa a aed o rise tato me oat ea toa
616
35k
488, 257
3, 023
308
80
1, 550
8.8EE
LÁ 1- R5
3R83
$a8g
S,0ói
E8R3R
SFSS
1880
30
138
10
28
452
92
13
125
515
12
720
11
76
120
FcEr5*a
330
02
130
10
17
90
5U
34
2
40k
78
127
sії
708
613
41
B8:
816
62
73-97
158°
1,561
21
co l to!
Fotao
11
12
0w)
150
1*
526
150
Eea: =
I=
25.2
LNH
18:
:5=
ERET
780
16

===== 1890a_v1-13.pdf page 25 =====
SEX, GENERAL NATIVITY, AND COLOR.
417
TABLE 15.-NATIVE AND FOREIGN BORN AND WHITE AND NEGRO POPULATION, BX COUNTIES: 1870 TO 1890-Cont'd.
COUNTIES,
1890
Minnesota-Continued.
Mennepin..
Houston
Hubbard.
Isanti..
Itnaca..
Jackson.
Kanabee
Knndiyohi
Kittson
Lac qui Parlo (0)
Lae qui Parle
Lake.......
Lesncur
Lineoln
Lyon....
NeLeod
Marshall.
Martin .
Mecker
Millelaes .-
Monongalia
Mtorrison...
Mower..
Murray
Nicollet
Nobles .
Norman
Olmeted.
Ottertail
Pine.
Pipestonc
Polk
Pope.
Ramsay
Redwood
Renville
Rice...
Rock..
St. Louis
Scott..
Sherburne
Sibley....
Stearng
Strele.
istevens
Swrift
Todd..
Traverse.
Wabasha.
Wadena.
Waseca
Wnshington
TVatonwan
TVilkin..
Winona.
Wright
Xelloir Medicine
118, 932
10, 051
1,147
3, 795
308
5, 586
085
7,823
2, 001
0, 256
618
18, 795
1. 387
0, 400
10, 957
4,026
6, 881
9. 056
2, 151
819
00 F =
370
722
8258
918
15,
501
059
324
8, 527
0F5E
081
154
017
198
10$
430
12,
095
521
1ã.710
1, 828
2, 841
23, 518
16, 471
5, 990
NATIVE BORN.
1880
40, 271
10,383
2,310
106
2, 918
265
Б, 21-1
253
2,740
78
11,815
1, 875
4, 555
7, 713
525
4, 210
7, 509
1, 250
3,
780
11, 914
2, 307
7, 148
3,384
i8, 858
11, 219
906
1, 7-19
5, 697
3,291
20,
207
B, 768
6,556
15, 684
2, 653
2,590
8, G59
2,875
6, 567
1.1,
827
8, 576
2, 004
956
E tid
FORDIGN BORN.
1870
1390
1880
1870
1890
1870
1890
NEGRO. (0)
1890
1970
21, 338
8, 176
865
02
1, 102
85
668
108
114
7,710
3, 757
3.340
3,737
918
1,463
1,113
7, 288
185
4,281
108
15,304
888
32-4
1,810
18,246
1,147
1,808
11,849
120
1, 708
6, 620
1,
591
p0 ço
662
489
20,742
5, 049
2, 603
18
1, 888
2401
1, 015
8
052
2, 151
4, 788
1, 070
1,702
4,020
467
1,004
4,170
242
STNF#
1,
145
5.1t
1,051
4, 685
830
SASE5
8, 01R
6,
811
900
891
4, 046
7,426
459
848
5,736
2,683
10, 508
1.
607
982
7,957
10,
610
10,800
34, 217
3,911
5, 126
30, 169
10, 032
138,
252
9, 280
1888
SNESE
WHrTE.
19S0
66, 103
16, 320
6, 062*
1,806
ABt
10, 158
871
4, 891
65
16, 067
2,912
6, 255
12,341
991
5, 2-40
11, 728
1,457
RE
4, 435
21,
18,
CECES
31, 329
14, 026
2, 035
78
1,823
03
1,700
64
145
134
11,500
5, 048
3, 807
6, 088
1,107
3,161
1, 081
10,
447
200
8,827
117
1,397
476
12
• 190
10
10
i7
2
FHE
235
onãa
+0IS+
1, 405
36
228
2T
2
i,
980
4,070
7,120
3,884
682
EGEE
56:88
*587
4,538
174
369
1,002
2BE88
SH8NE
491
cd: #
ci8io:
1Đ
o t9:
1,811
3,996
8,491
1, 667
4, 889
958
3.782
10, 276
2, 023
10,.219
,249
7,698
3, 858
7, 052
5659
1, 247
3, 082
Mississippi.
Adams.
Alcorn..
Amite.
Attala.
Benton.
Bolivar-
Calboun.
Carroll.
Chickasaw
Choctar
Claiborne
Clarke ..
Clar.
Coahoma
Copiah .
Covington
De Suto
Franklin
Greene .
Grenada.
Hancock
Harrison
Hiuds….
Holmes .
Issaquena
POP
-27
1, 281, 648
25, 450
13, 084
18, 14Đ'
22,171
10,506
29, 756
14, 674
18,740
19, 816
10, 815
14, 400
15, 771
18, 539
18, 249
30, 094
8, 288
24, 123
10,408
3, 903
14,914
8, 017
11. 882
88, 947
30,801
12, 240
1,199
13
11,321
5. 880
0,440
1,124
103
15, 168
6, 468
.
1,122, 388
816, 731
22,030
18.408
14, 170
18.901
10,371
10, 926
1atsrlh
10, 988
•14,710
18,510
18, 469
9,542
10, 533
17, 724
20, 741
17, 836
19, 651
8, 995
16,048
16,610
13, 175
14, 947
17,314
7,181
13, 450
7,039
*27, 381
20, 425
5,982
4,730
22, 788
81, 701.
9,703
3,
187
7, 467
12,006
2, 032
10, 383
6,161
4, 025
7,352
5, 196
48,457
29, 793
27,027
9,801
19,102
6, 785
a Inclndes all persons of negro descent.
1, 435
551
4, 92-4
384
3, 691
7,672
2. 065
640
8, 884
6,111
2,542
9, 209
11,191
676
211
71
105
183
4,045
18,
25,840
7,741
1,844
33, 783
24, 101
9,836
014,851
6,128
9, 605
7,600
742
5, 665
3, 222
11, 276
8, 101
8,491
8, 208
3, 583
716
624
245
11, 682
319
957.
484
930
896
301
599
382
109
78
5088
580s
588:
5, 882
479,308
4,796
9, 868
5, 491
11, 658
5,777
2,094
10,191
7,831
7,606
0, 537
3,910
7,181
Б, 255
2,412
18, 101
4,084
7,
581
4, 852
2,381
8, 280
4, 685
Б,
, 740
11, 675
6,911
820/
U Seo Tablo 4,
15, 886
7,
17
23
cott ar:
382, 890
4.707
7,068
4, 190
8,828
1,900
8, 501
Đ, 497
9, 880
12, 526
8, 300
4,073
1,769
10, 217
3,106
14, 276
3,698
1,666
3, 929
742,550
19,895
3, 510
10, 597
9,444
€, 919
26, 737
8.412
10, 611
11, 400
2, 688
10, 980
8, 104
12,982
10, 069
15, 600
2, 971
17,
4, 934
933
11, 070
050, 291
17,847
4, 409
8,510
8, 260
5, 246
15,958
3, 300
9, 901
10, 209
2, 198
12, 858
7, 828
12, 110
11, 155
14, 442
1, 958
15, 313
1, 871
785
8, 831
50
444,201
14, 287
2,788
6,777
5, 918
7,816
2,000
11, 550
10. 069
$, 162
9,996
8. 482
5, 381
10,390
1,647
17,745
3,800
372
6,042
1, 186
1,
6,146

===== 1890a_v1-13.pdf page 26 =====
418
STATISTICS OF POPULATION.
TABLE 15.-NATIVE AND FOREIGN BORN AND WHITE AND NEGRO POPULATION, BX COUNTIES: 1870 TO 1890-Cont'sl.
NATIVE BORN.
FOREIGS BORN.
COONTIES.
1890
1880
1870
1890
1880
1870
Mississippi-Continuet.
Itawamba........
Jackson..
dasher ...
Jefterson
Jones .-
Kemper
Intayetto
Lauderdal
Lawrence
Leake...
Lec
Newton.
Noxubee.
Oktibbeha
Penrl liver
Porry..
Pike
100 LOb0e
Prentiss .
Qnitman
Rankin -
neoud.
Sharkey-
Sitison
Smith.-
Suntlower.
Cnllhatchie
Tate
Tiopah....
Tishomingo
11,701
10,916
14,
753
18.
849
8,312
17,935
20,
192
29.839
12,310
14, 781
19,961
16,769
17
, T81
9.13
27,196
51+
911
10, 646
7,330
12,
083
150
824
15,
21
678
503
21, 298
8.
408
13, 114
20,370
10,162
,107
088
, 071
899
135
16, 583
27. 297
17, 657
20,802
2, 940
13.388
20, 785
15,
930
28, 2:16
PHER DINE MEEA 431E 2R7
335
32
26
61
322
22
79
100
128
104
125
18
99
97
599
975
115
17
995
$1
108
203
32
100
140
161
195
195
134
*$829
+₫88"
33
264
198
21
30
72.
118
326
398
370
119
26
117
30
167
53
222, 267
WHIIE.
NEGRO. (Q)
1990
1850
1870
1S90
10, 723
7,814
7,368
3. 589
7, 082
7. 869
11,700
14, 071
6,240
Đ, 350
12. 510
2,507
10,325
6, 009
6, 081
6,530
0,731
12.109
7,418
8,351
10, 119
4.709
750
9, 248
2,301
16, Bsl
10, 585
10,883
8:41
7.507
8, 921
2,530
5,154
10, 020
8,311
1, 259
11,
608
8,803
4,838
5, 799
0, 080
3,962
8,690.
9,555
5, 124
6,244
4, 260
3,469
7,100
11.305!
9,909
4,937
8, 104
12, 056
2, 230
7, 701
5,588
5, 946
4,150
10, 992
10, 551
6, 67
6, 555-
8, 428
5, 802
5, 109
9, 521
2,
, 357
572
4), 609
9,
, 787
592
7, 193
6, 633
1, 405
4, 994
G, 452
1,764
4, 168
9, 094
9, 802
7, 611
985
3, 480
7, 288
15, 356
1, 246
10, 058
8, 808
14,972
6.078
5, 018
7, 530
14, 267
7,587
2L, 036
21,290
3, 002
16, 306
18, 019
7, 009
2, 179
0, 156
22, 629
11, 984
17, 729
650
1,874
10, 020
4, 355-
, 845
2, 3012
10, 413
, 016
T.
1+1
3, 909
1,711
6, 650
D, 207
10, 756
2, 025
991
10, 895
3, 998
24,850
35, 530
4,011
2, 980
13,020
, 061
8, 915
27,701
150, 184
1850
14741
1, 108
2, 182
1. LLNE
5, 631
13.051
850
147. 0k32
39+4
8,537
7. H1A
10, 286
T, Wei
11,588
7,473
16.10%
31,1005
4, 860 1
11, (hxn
7,814
4, NDк,
7,097
5, 812
.i1o2
22, 0501
20.ON0*
, 19, 007
15, 1:k
2,451
1.044
18, 338
141, 4144
18,001
1•1.116+
1, G77
1, 708
**T,ai:
4, 080
i, uNо
24,572
10,800
18, 830
272
Tlkn
intt
Firi,a
1,070
8,112
4, 249
2.421
815
9, 559
$,899
8, 011
1, 030
5.81*
1117
1,
7. 27:
H1.
111X
1.711
:I,
#14
•, 184
*,(M01
3, 065
1, 163
7,200
8, 09c
22,
. 510
21,801
3,770
205
4,12%
1N,
14.100
1, 1.111
25,
342
==;
,Ihl%
. 1%.
16. i"
145, 350
118, 171
11'k
Cape Girarleau
C'arroll.
Carter.
Cass ..
Cedar
Chariton
Christian.
Clark..
Clny....
Clinton.
Cole.-
Cooper.
Crawfor
Dade..
Dallas.
6, 468
20, 821
14, 927
18,070
3. 263
17,876
11, 721
8, 335
10, 129
10, 627
9, 326
14, 326
19,217
12,931
9, 288
12, 122
10, 060
82,
, 201
39, 892
9, 794
PЕДE
2, 015
36, 105
2, 144.310
18898
17.801
30,
728
11,144'
12, 768
25, 740
61,841
0, 929
14.018
24,480
9, 897
20. 282
21, 750
4.581
22, 818
15, 492
25,077
13,575
14. 476
19,252
16,596
, 383
12,5
B,
123
10,191
13,
839
12,141
1,391
16.700
10.813
6, 252
7. 908
8,068
4,589
10,879
18.660
12,835
8,745
8, 101
13,010
30, 133
20, 000
8.718
9, 526
17, 650
10.060
15, 431
38, 523
2, 688
10, 895
12,509
9, 330
12, 860
7,817
6, 70g
7,110
1.848
7,791
20, 081
7,323
5,305
25, 183
14,286
4,192
12,558
8, 026
12.887
17, 052
1, 056, 802 |1, 409, 028
14, 718
15, 430
13, 521
18, 975
13, 964
10, 077
24, 608
11, 431
10. 765
25, 073
+2, 900
5, 848
Y. Y
23, 068
7,165
18, 609
22, 332
2, 154
21. 825
10, 619
23,902
9,421
14, 282
15,127
15. 373
13, 300
20, 031
10,191
12, 463
9,180
20, 430
18,557
8,370
17,941
13, 086
23+, 809
reden
211, 078
Gagne aeass
AaSSE
E9338
125
TIEE MEEE DIEREN RIL SEE RE P O
IRG MNMN WEAEE

===== 1890a_v1-13.pdf page 27 =====
SEX, GENERAL NATIVITY, AND COLOR.
419
TABLE 15:-NATIVE AND FOREIGN BORN AND WHITE AND NEGRO POPULATION, BY COUNTIES: 1870 TO 1890-Cont'a.
HOREIGN BORN.
WHITE.
COUNTIES.
1890
1880
1870
1890
Missouri-Continued.
Daviess ......-.
Dekalb.
Dent ..
Douglas.
Dunklin.
Franklin
Gasconade-
Gentry .
Greene
Grundy.
Harrison.
Henry ..
Hickory
Holt--
Huwrard
Howoll.
Iron....
Jackson-
Japer.
Jetterson
Johnson
Nnox.
Laclede
Lafayette
Larrence.
Lewis.-
Lincoln
Linn....
Livingston
McDonald.
Macon
Madison
Marios..
Marion.
Mercer
Miller..-
Mississippi
Moniteau -
Monroo...
Montgomery
Morgan...
New Madrid
Newton...
Nodawny-
Oregon..
Osage.
Ozark
Pemiscot
Porry ...
Lottia..
Phelpa
Piko...
Platte..
Polk..
Pulnski.
Putnam
Ralls....
Kandolph
sry..
Koynolds.
Ripley
St. Charles
St.
Clair..
Ste.
St.
Geneviev
Erancois
St, Louig..
Tot. Louis city
Saline..
Schuyler
Scotland
Scott...
Nhannon
Sholby ..
Stoddard.
stone.
Sullivan
Caney
T'exas..
Vernon
Tarren
Vashington
Wayne..
Webster
Worth.
Wright
714
092
130
699
987
248
500
814
50
800
639
272
080
. 122
045
037
14, 167
,255
6, 253
3,905
5,958
23, 383
6, 847
11,298
20,731
10, 270
14, 346
16, 632
6, 202
11, 008
10, 079
4,177
5, 760
12, 671
28, 665
12,
13,
RSBES
8, 392
12, 350
4, 022
•11, 046
185
040
8, 453
220, 811
20, 677
8,500
10,881
6, 622
0, 580
8,471
3, 243
11, 655
9, 471
11, 022
7,182
11, 113
6, 022
10,180
4, 006
5, 613
1880
229
570
194
128
54
8, 866
2,329
379
1,861
456
399
1, 002
249
655
396
577
98382
GUSS SHROS WERE SSS0E
58828 25529
E+Se
1,045
380
620
288
21
35
4, 112
2,717
+77
814
514
500
826
222
800
474
79
593
1,
, 018
1570
243
603
104
10
24
0, 715
3, 240
30D
818
291
289
769
250
649
55t
41
522
A8 B880
1890
1880
1,
289
124, 378
995
320
289
1,
FEAS
252
1,
geRss
a Includes all persong of negro descent.
20, 079
14, 428
12, 108
14, 078
14, 927
20, 262
11, 620
18,982
45, 169
17,620
20, 970
27,076
9, 428
15, 389
12, 820
18, 410
8, 799
40, 671
21, 415
F255
SHNES
G3E88
BSFER
SHENS
32825
9,304
i5, 881
11,210
11, 957
JDT
22, 401
0, 784
8,511
20, 656
16,508
9, 380
16,802
32, 830
424, 704
28, 659
11, 240
12, 562
10, 735
14
891
,880
17, 192
SO8FR
18, 695
13, 202
10,564
7,727
9,440
21, 457
10, 986
17,148
25, 908
14, 980
20,291
22, 911
7,387
15,277
18,107
8, 723
7,783
31, 211
17, 781
SanHE
A8SRK
HHдET
52288
NESNE
B.ga8
2eses
13, 532
10, 627
19, 987
18, 451
5, 708
5, 867
20, 652
18, 815
832
13, 169
28, 008
328.191
24, 980
10, 461
12, 377
cosàcásãt
87885
1870
14, 086
9, 730
6, 326
H, 888
5, 816
27, 025
10, 013
11, 561
19, 303
10, 452
14, 625
16, 759
5, 362
11, 468
12, 040
4,198
5, 926
EEEE GEENE
16,807
8, 745
18,381
958
9,224
324,760
17,918
8,806
10,541
6,991
2,830
9, 040
8,405
8, 238
NEGNO, (q)
1890
1880
1870
376
110
41
158
1,79₴
80
30
8,441
254
76
1, 158
25
80
4,511
208
320
150
132
02
20
164
2, 077
167
28
2,799
199
73
991
282
5, 281
01
400
83 E9
3-953 15333
545
B, 469
26, 885
5, 101
112
403
TRER
5388
3, 880
. 22,
250
4, 981
131
650
981
NE53
954
1, 088
108
200
324
122
31
27
100
2, 173
80
58
2,150
115
10
012
90
181
5, 193
24
352
дР83313193
°83E0
2B, 387
3,75÷
Ist
129

===== 1890a_v1-13.pdf page 28 =====
420
STATISTICS OF POPULATION.
TABLE 15.-NATIVE AND FOREIGN BORN AND. WHITE AND NEGRO POPULATION, BY COUNTIES: 1370 TO 1890-Contd.
NATIVE BORN.
FOREIGN BORN.
WHITE.
COUNTIES.
1890
Montana.-
Beaverbead
Cascade...
Chotean..
Custer ...
Datrson..
Deerlodge.
Fergus...
Galintin.
Jefterson
Lewig and Clarke
Madison .
Meagher .
Alissoula.
Park....
Silverbow...
relluwstone
Cn ahaa auao dbo dce sakal 100 ood A2 Coue Celn Aiee S
1880
89
479
,872
425
411
690
867
27, 638
1,882
2, 270
1.177
146
5,374
3,120
1, 784
1, 160
2, 886
2, 093
1,810
1870
1880
1870
1890
1880
12, 616
11, 521
7,079
127,271
35, 385
49.4
830
228
4, 528
2,574
879
7788
J88*
8,421
4, 101
26
738
**2,448
12
6, 017
140
84
37
1,99€
2,461
162
2,158
3, 502
2, 229
14, 621
8, 075
1,250
523
B, 400
1,057
"328
6,104
3,570
2, 906
680
2, 061
2,074
5,964
2, 389
18, 122
5, 710
1, 783
1, 029
941
650
901
4, 518
440
1, 608
3,012
2, 458
1,442
691
1,112
18, 5-43
1, 926
6, 820
22, 969
2, 036
30, 748
1, 040, 888
12
89
66
29
632
1,823
413
*70
346
1,056
7,587
84
10
426
055
198
426
306
30
1,
658
38
BEs
a Includes all persous of neyro descent.
4,169
7,
,5iö*
SEESR
11,
1, 067
8,
5,
NBURO. (R)
1870
1890
1880
1870
18, 306
1, 400
846
183
•-Tлa-.
T14
8-1
291
38
18
71
114
161
03
8, 551
75
60
10
1,551
43
1,406
4,279
299
2, 361
1, 340
18
10
18
2, 420
314
31
186
11
122, 117
19
i02
TOGT
964
103
26
475
130
625
2,440
8, 429
58
78
8, 918
327
1,
2,385
25
12
42
25
=
20
811
20
iò
0228
780

===== 1890a_v1-13.pdf page 29 =====
SEX, GENERAL NATIVITY, AND COLOR.
421
TABLE 15.-NATIVE AND FOREIGN BORN AND WHITE AND NEGRO POPULATION, BY COUNTIES: 1870 TO 1890-Cont'd.
COUNTIES.
Nebraaka-Continued.
Nance.
Nemahi
Nuekolls
Otoe...
Pawnee
Perkins
Phelns
Piercu...
Platto
Polk.
Redwillow
Richardaon
Rock......
Saline
Harpy.
Saunders.
Scotts Bluff
Seward...
Sheridan -
Sherman
Sioux.
Stanton
Taylor
Thayer.
Thomas
Thurston (b)
Faller...
Washiugton
Tayno.
Webster.
TVheeler.
Iork..
Unorganized territory
Nevada.-
Churchill.
Douglas.
Elko .
Esmeralia®
Eureka...
Inmboldt.
Lander:.
Lincoln.
Lfon..i
Nye.
Ormaby
R001.-
Storey..
Washoe...
White Pino
New Hampshire.
Belknay.
Carroll
Cheshire
Coos.
Grafton
Hillaboro-
Merlnack
Rockingham
Straftord .
Sullivan.
New Jorsoy
Atlantic,
Berren
Burlington
Canden ..
Cape May.
Cumborland.
Esser.......
-Gloucester
Hudson...
Hunterdon.
Mercer.-
Middlesex.
Monmouth
Morris .
Ocean..
Passaic.
Saleni.-
.Somerget.
SuBsex
Union..
Varren
1890
704
081
N N7 442131E
710
185
A1, 065
508
945
8, 015
1,810
1,785
2, 395
1,627
1, 932
1,300
1,017
3, 111
5,020
4, 662
1,218
304, 100
17,155
, 908
25,572
17,088
33, 963
68, 187
41,325
48, 566
29, 426
15, 455
1, 115, 058
2t, 100
665
98, 970
762
10,
775
12,110
182, 561
20,442
177, 523
38, 629
63, 484
45, 728
61,845
45, 063
15, 267
65, 278
28,
28,770
21,
377
53, 925
83, 952
¿ Incindos all persons oft nerro dlescent
NATIVE BORN.
1850
1, 025
9,250
3,777
12, 814
5, 920
779
ahãe lata alala calrs and
100
6,114
513
9, 199
2,500
36; 6113
382
807
4,003
1,961
2,870
2, 207
2, 070
1,848
1,191
1, 181
8, 255
254
2, 190
3, 680
1,07k
300, 697
10, 509
,752
26,0$1
14.099
30, 187
57, 420
10, 521
15,080
20,310
16, 858
909,416
16,020
29, 028
01,401
55,
776
9, 542
35, 802
137, 886
24, 139
122, 380
36,749
48, 271
44.101.
50, 817
11, 882
18, 968
46, 205
23.697
24,
130
22, 585
48, 140
38, 821
FOREIGN BORN.
1870
1890
44
1316 200 B8s 7525
3399
52
56
3, 112
124
18
554
172
23, 690
140
791
2, 051
1, 065
1,005
1, 580
2,148
893
760
1,760
108
5, 557
1.997
3, 772
288, 680
10, 991
17,150
25, 468
12, 782
36, 847
52, 766
88, 202
44.478
26, 158
17, 048
717, 158
12, 401
2B,
273
49,597
40, 592
8,148
82,714
97,504
19,865
75, 903
85, 060
88, 368
35,908
41,406
34, 530
13, 064
31, 068
22,884
20,
720
22, 069
30, 942
81, 046
1880
187
1,201.
458
2, 018
981
501
.....
160
482
32
279
879
291
GOG
72
775
473
,216
254
786
408
587
608
283
038
717
30, 708
1,400
541
882
18.512
2,601
163
990
353
694
984
214
075
001
228
1, 885
52,593
1,747
65,504
1,821
9.790
10,125
721
8, 979
492
22, 655
39
2,
768
WHITE.
1870
1890
1880
2, 786
615
011
11
1, 527
"70Ÿ
670
1,383
375
237°
45
628
1,010
58
50
08
18, 801
56
424
1,393
488
I,
327
1,008
25
5, S03
1,004
3,417
20,611
39, 084
HPHN
, 08
790
000
840
8, 083
8,121
0, 887
1, 137
875, 840
2, 719
15
, 013
1, 608
4,288
200
16,
Eosarsári
9a008
4,
Б,
201
1,.951
835
1,697
53.164.
1,807
8, 023
8,
8380
gisirigan
28:88
346, 229
17, 875
207
28, 720
, 161
38, 756
9B,
119
214
510
EGE
17, 273
18, 122
1, 896, 581 |1, 092, 017
810
195
43,
249,
27,
272,
8889:
34,854
76,452
60, 090
01,
53, 181
15,821
852
340
35, 722
185, 176
24,742
186, 248
88, 018
54, 828
657
062
50, 049
14, 857
, 758
810
500
865
624
36,238
1870
44
T, 583
12, 123
$, 171
152
1, 805
136
6,002
. 101
2,011
4, 5:37
2, 958
630
97
62
451
182
1G
235
38, 959
180
1890
681
. 080
Ceen.
$17, 697
17, 640
17,310
250
14,909
30,002
856
055
18, 014
875, 107
SаБ5
909
751
141, 296
20, 589
128, 016
36, 329
44,018
474
12, 403
13,511
2, 203
21, 985
22, 972
10,
503
33, 955
278
3
1
65
17
-1-]
12
10
59
52
242
HMTHEO
27
61.4
267
2, 100
6,910
417
2, 450
197
467
Tісі
805
NEGRO, (a)
1880
1870
87
181
2
13
37
12
2
H8:
488
₴-555
59
115
41
685
38,853
SGEN&
.0
98
1,
588E88
10
357
~oFEe
31
36
67
580
13
30, 658
184
1,092
1,767
2, 539
973
1, 050
634
2,308
545
190
1,206
381

===== 1890a_v1-13.pdf page 30 =====
422
STATISTICS OF POPULATION.
TARLE 15.-NATIVE AND FOREIGN BORN AND WHITE AND NEGRO POPULATION, BY COUNTIES: 1870 TO 1890-Cont'el.
COUNTIES.
Nem Alexico..
Bernalillo
tnltar
Donna Ana
Grant.
Lincoln .
hlora.
Rio Arriba.
San Juan..
san sliguel
Santa Ann
Santa Fe.
Sierra.-
Socorro.
Taos .
Valencia
New Tork..
Albany..
Allegany
Broomo ..
Cattaraugus
Cayuga...
Chantangua.
Chemung..
Cheoango
Clinton.
Columbia.
Cortland
Delaware.
Dutehesя
trie...
usser.
Franklin
Fulton .
Geneseo.
Greone ..
Hamilton.
Herkimer
Jellersou .
Kings..
Lowis..
Livingston
Madison.
Monroe ...
Montgomers
New York.
Ningara..
Oneida ..
Onondaga
Ontario..
Orange .-
Orleang
Oawrego
Otsogo .
Putnam -
t Leoin..
Ronssolner
Richmond
Rockland..
St. Lawronce
Saratoga
Schenectady
Schoharie.
Schuyler .
Seneca ...
Stenbon -
Suftolk.
Sullivan.
Tiogn .
Lompking
Ulster..
Warren
Waghington.
Wayne.....
Westohester
Wroming -
Xates
1890
112, 881
10, 306
6, 848
7, 058
B, 988
6, 567
10, 308
11,391
1,781
23: 470
12, 870
3,184*
9, 105
9,798
13.660
4,420, 803
127, 288
40,212
57
10t
52, 880
55, 685
60, 258
12,011
35, 900
88, 691
40,841
20, 671
42,
, 807
05.
• 826
219, 528
20, 282
31
780
006
168
20, 736
4,340
39,
675
58,
793
505, 652
25, 718
32,404
38,991
137, 589
3B, 221
875, 858
47,100
97, 667
110, 191
40,914
82,
628
24,578
913
96, 805
36, 914
27,
,720
71,
145
49,558
21,228
28, 486
15,060
24, 527
74,392
53,601
27,705
28,501
30, 786.
70,077
25, 274
39.826
42, 075
108,
380
27,
NATIVE BOKS.
1880
1870
111,514
86, 251
16, 842
7,509
3, 144
1,725
4,748
2, 856
2,586
2, 303
592
1,686
9, 542
1,770
10,837
0,241
20,061
15.801
2,587
10,209
9, 383
7,506
0,384
10,872
11, 980
12,919
8, 732
3, 871, 492 В, 214, 400
110,913
93, 738
38, 628
37, 268
15, 527
40, 058
48, 785
38,
214
50, 728
50, 812
5t, 521
50, 015
37,947
30, 728
38, 012
37, 785
40, 202
35, 270
42, 960
41, 185
24, 000
23, 285
40, 200
07,518
09. 508
101, 506
61.938
117, 792
20,408
24, 409
20, 229
28, 321
28, 051
112
24,549
25,
773
$0, 701
29,340
B, 577
2,05k
37,400
84,1-41
57, 315
55, 379
411, 183
266,110
26, 880
23, 407
33, 048
32, 172
39, 985
38, 706
106,561
38, 468
81,101
30,177
727, 620
523, 198
41, 333
87,210
92,040
84,301
91, 500
41,860
80,
110
87,758
75,708
66, 643
25, 329
23, 416
06,716
64, 686
48,747
46, 234
12, 948
12, 969
68, 578
54,728
88, 955
78,028
28, 030
22,016
22, 697
19,869
70. 585
GG, 607
17,570
48, 820
19,79÷
17,661
32, 108
17,011
32, 489
17,041
25,814
71,109
23,978
61,838
48, 287
42,017
284229
28, 728
^.10
82, 272
28,670
81, 051
75,519
22, 082
71,
, 885
20,014
41, 617
41, 274
48, 809
85,
278
40,209
91, 004
26, 961
19, 288
25,113
17,840
POREIGN BORN.
WIITE.
1800
1880
1870
1890
1880
1870
11,259
8.051
5, 620
1-12, 719
108, 721
90, 393
1, 607
82
12,514
7,473
1,126
388
254
17, 052
3,875
1, 960
2,138
2, 809
207
3, 008
7,708
9, 188
7, 587
5, 862
2,724
2,003
514
#10
551
8,881
4, 404
1, 184
117|
7,027
2,448
1, 789
250
200
281
10, 450
9, 423
7,980
148
180
5$s
11,004
10,215
8,976
109
734
577
251
1, 888
".....
12
28, 986
20,13
"16. gi
2, 584
G92
416
658
316
12,851
10, 488
9,585
3, 582
490
70
869
9, 514
7,80-
"8,587
157
9y
216
170
861
9, 845
10,401
11, 792
10, 298
9, 773
8,841
1,571, 050
1, 211, 3T9 |1, 138, 353
15, 923, 952 5, 010, 022 (4,330, 210
29355
grtiiãos
53882
ga888
2a6E5
StTNgjó
NHESE
MBESE 87958
83803
S8BEP
83555
FEnER
minag
88535
Tasista
BaSS5
SELOT
B3388
XAREE
3Rãtg
aaese
58332
SALEGT
8388F
H8388
S985
F8ER5
38628
1800
1,066
340
241
40
592
31
142
31
1
135
113
11
58
18
202
70, 092
32038
NEGRO, (a)
1880
1, 015
210
27
212
14.
9U
168
36
25
05,104
1870
17H
14
17
I0
BRE AEE
88989
Fỗee
85988
digtieit
288
35,
146
18, 255
2,733
,451
19, 075
25,021 |
25352
B8888
EERER
91536
99888
Fg962
Na765
З5829
ARPS8
28988
3F:88
EEEST
7,081
9, 990
3, 326
1, 484
2, 137
10, 385
2, 582
26, 873
10, 901
4, 903
15, 412
7, 586
8, 744
742
898
3,964
6,477
5, 601
4, 262
28,710
B, 040
1, 878
1,799
901
1,048
$, 815
5, 884
4,877
5, 822
1,902
2,127
12, 740
2,578
8,204
1, 755
35888
SHSOE
PASNE
97362 26838 1888 88889
AeR Faag
39858
a eras ante ange ng ngea aunge aoge aonge coega sedes cacus ceee

===== 1890a_v1-13.pdf page 31 =====
SEX, GENERAL NATIVITY, AND COLOR.
423
TABLE 15.-NATIVE AND FOREIGN BORN AND WEITE AND NEGRO POPULATION, BY COUNTIES: 1870 'TO 1890-Cont'd:
COLNTIES.
North Carolina..
Alamance.
Alexander.
Alleghany.
Anson..
Aslie..
Beaufort
Bertie...
Bladen ..
Brunswick
Buncombe.
Burke...
Cabarrus
Caldwell
Camden.
C'artoret.
Caswell
Catawba
Chatham
Cherokee.
Chowan.
(At....
Clerelnod
Columbuy
Cruven...
Cumberland
Currituck
Darl..-•
Daridson
Davit
Duplin
Durlam.
Eigecoml
Forsyth..
Franklin
Gaston .
Gates.
Graham
Granville.
treene
Guiltord.
Halifs.
Hnrnett
Haywood
Henderson
Hertford
Fiyde...
Iredell..
Jackgon .
Jolnston
Jones..
Lenoir.
Loin Coln
MoDoveli
Alacon....
Madison.
Martin.
Mecklenbnr
Mitchell...
Montgomery
MGOTe....*
Nash
New Hanover
Northampton
Onalow.
Orange
Pamlico .
Lasquotank
Pender ..
Perquiman
Person .
Pitt
Polk..
Randolnh
richmond
Robeson-,
Rockingham
Rowan ...
Htutherford
Sampson
Stanly-
Bae ton ntte toay toi mealaa
21,
17,999
24, 075
28,854
21, 070
17,676
10, 240
8, 818
24, 463
10, 088
27, 875
28,850
13, 084
13, 381
12,507
13,812
8,900
25, 420
0,497
27,211
1, 308
14, 859
12,579
10,902
10, 086
17,790
15, 210
42,421
12, 780
11, 228
20, 128
20,697
23, 481
21, 22D
10, 208
1+, 937
7,140
10,714
12, 499
Đ, 290
15,148
25, 504
5, 887
25,170
28, 907
31, 150
25, 301
24,060
18, 762
25, 083
12, 124
NATIVE BORN.
1880
1870
1890
FOREIGN BORX.
1880
W'HITE,
1870
1890
1880
1870
1, 396, 008
1, 068, 332
Un me att ma tnh hã
11, 822
3, 702
80
8,742
37
6, 868
3, 687
12,400
9,569
12, 988
12, 9+7
12, 813
7,727
15,318
42
128
0,706
11,910
8, 472
•357
20
5,353
8,910
10, 072
10, 074
10, 648
8,070
6, 438
bnnet
oo8t-
3, 029 ||1, 055, 382
52
12, 088
8,588
6,061
22
10, 237
15, 088
c- Đ°
11, 869
7,885
8,646
27
91
6,180
28, 640
11
35
12, 378
12, 683
8
10,737
3,747
70
8,528
€, 689
16, 073
17,211
9, 855
4, 010
867, 242
9,997
7,45k
1, 067
8. 780
18,471
10, 022
6, 815
7,508
1. O8T
18, 422
10, 088
9, 849
8, 691
3, 791
7, 107
7, 169
12, 409
078, 470
8,234
6, 084
3,401
6, 350
8,001
8, 379
5, 513
6, 720
4,448
13, 109
7,463
8,025
7,090
3,239
6, 285
6, 587
9, 281
7, 290
3, 081
2, 450
12,
6X4
8,470
20, 888
16,915
380-
5, 128
2,774
17,872
9,615
15;499
Jartino
tSrtAC
Foo bocie
83282
tna tnan ta
5sa5o
85888
ENEN
2R358
20, 186
22,906
18,008
20, 820
18,034
14, 120
14, 200
12,568
FESR
Ba00E
Sat-:
05E8
00 sE-ai
B0E3:
8, 893
7,724
2, 332
31
21,
10, 031
23, 388
21, 585
30.280
20, 395
10, 836
8, 804
10, 267
10, 228
11, 832
AEE SECA
4, 517
B9E
HOSES
B5B:
HE852
57009-=
F.485
7,744
22. 634
1,861
23, 428
7, 490
15, 328
11, 049
9, 813
8, 048
12, 797
18,115
38, 869
9,427
9,302
16,768
17, 718
20,818
20.026 1
9. 815
21, 658
0, 314
10, 333
12, 145
9, 464
13, 715
21, 774
5,056
20, 828
18,180
33,831
21, 673
19, 023
15, 183
22,872
10, 508
cotos mreo talol dtts neco ceae taa
aS- 16 C9n 50
GaSta
858
Eobde gauea
GEEEE
1-1-1 00-1
2E-e5
costcies
BANGE
29
mn a ce
$800đ
$9tz=:o
50
18
12
1H62
0HoEt
a Tocludes all persons of negto ilescent.
7,838
23,141
12, 252
8, 982
13, 985
12, 186
10, 080
9, 221
7,302
9, 705
4, 767
5, 201
5, 007
4,710
8, 251
13,192
4, 807
21,848
10,989
16, 620
6,061
77, 022
8, 032
0,867
11, 485
H880e
4, 207
4, 855
6, 509
4, 795
7,208
10,701
3, 918
17,758
8, 141
11, 942
5, 066
18,578
4,102
5, 359
0, 021
6,356
11,
779
239
5, 174
11,087
4, 180
3,017
0, 06U
8, 862
3, 341
1:4, 945
284
8, 892
483
503
56656
833E3
ОOHEN
HSges
1eEEo
NEGRO. (Q)
1890
1880
1370
561, 018
681, 277
391, 650)
5, 588
$, 013
842
3, 640
100
897
519
814
200
Đ, 789
595
9, 204
0, 078
963
582
D, 203
7,152
1, 682
11, 291
4, 584
8,117
8, 560
7,187
6, 102
4,701
4, 052
3, 300
6, 626
8, 176
2, 801
2,561
2.721
2,311
5, 450
5, 115
1, 064
2,320 |
1,609
3, 020
2, 297
2,171
1,380
2, 121
2, 670
2, 725
9, 089
10, 070
2,010
2, 477
8,199
7,953
5,156
288
1,207
301
гages
13,
11,
F30BE
142
8888
877
516
329
500
8, 099
10, 335
4, 836
4, 060
4,718
12, 360
758
17,
8, 223
HRSGE
19, 208
4,220
517
7,011
FE.6a
i),
SHOEE
7,
86a38
agara
7, 888
0, 479
10, 526
553
10,241
2, 25г
508
2, 517
6, 179
5, 332
8, 521
8,314
13,085
18, 217
12, 018
12,045
2, 911
8, 229
5, 242
9, 143
n sáo mh mnt ht nc mếi mc do 20a
2, 879
Kttli
5, 546
5.514
6, 546
4,574
0, 957
3,951
4,071
3, 098
8, 809
6, 513
5,101
12, 327
11,088
8,114
1, 098
1,144
978
8, 347
3, 078
12, 050 |
10, 104
300
14, 672
11, 988
598
7, 870
10, 101
9, 818
0, 215
3588
0,330
6, 307
8,265
9,510
2, 672
1, 330
1, 289

===== 1890a_v1-13.pdf page 32 =====
424
STATISTICS OF POPULATION.
TABLE 15.-NATIVE AND FOREIGN BORN AND WHITE AND NEGRO POPULATION, BY COUNTIES: 1870 TO 1890-Cont'il.
COLNTIES.
1800
NATIVE BORN.
1880
WHITE.
North Carolina-Contimed.
Ktokes
Surry
Sivniu
Transyivania
Tyrrell.
csd toan ( dual sod mal dlet nld tau lad mac Bal lie
Walsl
TVard
Wells..
Tilliatas.
Unorganized territory
17,189
19,207
6, 549
5, 808
1, 224
21, 246
17, 458
19,038
19, 214
10, 176
10, 610
26, 027
22, 670
18, 830
18, 786
9, 489
114
512
3,070
11,878
2,419
54
$, 857
80
852
1, 169
710
28
10,380
1, 479
Ohio
Adamg.
Allen..
Aghland
Ashtabula
Athens.-
Auglaize.
Belmont.
Brown.
Butler
Carroll.
1870
Hoà a Mie
t mtdo
1,117
897
755
2. 301
4. 876
30
20
2, 306
962
1, 952
215
15
011
1, 027
495
10+
2, 809
195
60
2, 403
302
đ, 100
ttd
2, 574
8, 362
0,689
i,604
187
342
1,016
1, 080
3, 285
1,388
2,210
3, 645
880
5, 516
21
8, 028
983
642
67
419
8, 213, 023
25, 740
37.458
21,427
38,
822
38, 149
25, 486
52,998
28.086
42, 669
16,381
« Inclades all persons of negro descent.
801
isi
694
1,880
205°
18
b646
2, 803, 119
12, 292, 767
28, 555
20, 209
28.012
21, 557
22,704
20, 718
34, 325
30. 800
27, 357
22,916
22,149
16. 860
40, 510
37, 100
37.179
36,636
28. 681
15,712
38. 002
13.706
FOREIGN BORN.
18S0
1900
10
14
28
13
1
18
123
174
146
24
78
14
NE2EE
201
570
1870
03 #
21
18
264
180
18
88
17
18,236
688
*****568
3, 862
05
198
1, 681
66
813
2,237
137
1890
1850
280
38
85
49
008
412
1870
3,600
1, 699
3, 297
2,871
9,528
19, 420
5, 270
8,730
5, 061
10,004
13, 877
7, 185
9, 258
5,601
1, 568
2658В
6, 215
860
200
905
899
278
537
3. 587
10.4
15
16
248
1, 004
"4,122
"409
698
570
42
192
459, 293
344
3, 180
796
4,831
2, 045
2,014
4.415
1,213
5,928
1,182
1890
NEGRO. (0)
1880
1870
2 814
3, 623
2, 3-46
225
2, 075
100
513
1,225
517
1,435
5,547
$,530
11, 148 ---
23, 109
28, 650
1B, 480
16, 283
5, 238
1,374
431
414
10, 984
12,121
2,012
1,021
7, 760
7,109
1,368
1,544
202
325
378
113
15
5; +:
2
108
0546
505
01, 104
304, 943
450
2. 402
1,089
2,814
1,054
3,001
3, 128
1,
782
5, 943
704
372, 493
B, 584, 805 B, 117, 920
2,601, 046
541
25, 687
28, 062
20, 377
2, 066
40, 049
30.800
23,410
1, 215
22, 202
2, 217
43, 385
23,813
21, 007
B8 875
32, 365
852
38, 058
27, 286
22,995
3,181
28, 054
25, 875
19, 979
2,614
2,171
55,477
48, 007
27, 963
30, 595
38,406
28, 785
6, 910
785
47,476
41,435
17, 402 /
16,355
38, 921
14,488 |
87, 113
400
589
21
287
1,233
46
1,932
1, 085
1,113
74
b Estimated to hare been within the present limits of North Dakota.
70,900
343
510
40
203
1,170
69
2, 300
1 140
61/
1,703
*, 111-4
18, 1NJ
12,1002
2,777
8, 1-111
1, 0l
5, (73
1. 441
21
024
08, 218
213
20
161
774
01
1,80%
2, 067
088

===== 1890a_v1-13.pdf page 33 =====
SEX, GENERAL NATIVITY, AND COLOR.
425
TABLE 15.-NATIVE AND FOREIGN BORN AND WHITE AND NEGRO POPULATION, BY COUNTIES: 1870 TO 1890-Cont'd.
NATIVE BORN.
COUNTIES.
Ohio-Continued.
Champaign..
Clark..
Clermout
Clinton...
Columbiana
Coshocton.
Crawford.
Cuynhoga
Darke...
Deflanco .
Delawrare
Erie._-
Fairfield
Fayette.
Franklin
Fulton .
Gallia .
Geaugn
Greene...
Guernsey
Hamilton
Hlancook.
Hardin..
Hurrison
Heury..
Highland
Hocking
Holmes.
Hitron ..
Jackgon
*Jeflerson
Knox...
Lake....
Lawrence
Lieking..
Logan.
Lornin
Lucas...
Nadlison .
Maloning-
Marion..
Medina -
Meigs...
Mlercer
Aliami
Monroe .
Montgomery
Morgan....
Morros.
Muskingum.
Noble ...
Ottawa..
Pauldiug
rALiY..
Piokawny.
Pike ....
Portage
Preblo.
Putnam.
Richland
Ross ..
Sandlusky
Scioto..
Seneca
Shelby .
Stark..
Summit
Trumbull
Tuscarawa
Union-
Yan Wert.
Vinton..
Warren .
Washington.
Wayne..
Villiams.
77ood..
W yandot
1890
25, 878
47, 058
31, 877
28, 725
52,741
25, 503
28, 386
199, 032
41,421
23, 002
25,824
27, 641
32, 680
21, 983
108, 903
20, 271
26,300
12, 711
28,095
27, 815
290, 031
39, 813
27,424
20.809
22,119
28,385
21,
,630
19, 078
28, 592
26, 958
35, 422
26, 657
15, 951
37,832
41, 835
26, 718
38, 808
76,512
19,116
42,844
22, 939
20, 262
28, 425
25, 086
37,585
23, 728
86, 157
18, 808
17,
666
48, 589
20, 108
10, 604
24.837
27, 465
26, 215
16, 970
25, 370
22,610
28,199
35, 171
37,466
26,609
38, 131
36,854
22,991
72. 088
45, 103
35, 978
41, 742
22,174
28, 283
15, 675
24, 327
40,080
36, 248
23, 513
40, 066
20, 206
1880
26, 186
37, 079
84, 628
24, 076
43,804
25, 046
26, 862
128, 190
38, 556
10, 669
25, 680
24, 858
32, 721
19, 898
74, 076
19, 111
27, 189
13,405
30,013
26, 581
231,127
26, 475
25, 276
20, 005
17,779
20, 350
, 209
27,785
22, 202
30,170
20, 278
1-4, 717
30. 682
38, 201
25,442
29,
240
50, 028
18, 887
34, 071
18,740
19,812
30,048
10, 665
33, 981
37, 748
27,
685
30, 068
33, 173
22, 055
55. 406
36, 717
36,102
35, 908
21, 570
21, 639
16,590
26; 992
40, 192
38, 960
22, 218
30, 170
20, 663
1870
22,724
28,014
31, 981
21, 232
34,614
21, 768
21, 714
81,314
30,
807
13, 522
28,
, 426
20, 786
20, 190
10, 022
52, 482
15
940
58295
17,
38888
18
9, 889
28, 783
1+, 548
22,131
20, 786
15, 088
29,492
38, 989
21,544
25, 727
26, 049
18,185
14, 728
28, 613
80, 568
29, 204
17,929
14, 507
14, 265
25, 046
86, 679
81, 088
19,181
21, 445
16,842
FOREIGN BORN.
1890
1,102
4, 610
1, 676
515
6, 288
1, 200
3,041
110, 038
1, 540
2, 767
1,365
7,021
1, 253
B2G
15, 184
1, 752
778
800
4852881
2, 498
811
1, 989
2, 901
1,088
• 4g 008
2,
240
4, 015
1,710
12, 087
8, 986
0, 395
4, 870
686
1, 438
370
1,141
2, 300
ỉ, 357
,384
4, 326
1,516
1880
1,881
4, 269
2, 085
680
4, 768
1, 5906
3, 721
68, 753
1, 040
2, 840
7., 605
7,782
1,560
406
11, 821
1, 930
985
786
1,830
610
8268E
88588
NNOHH
708
2. 709
1, 027
2,040
2, 829
2,564
4, 372
2, 443
8, 774
2, 082
7, 07
071
688
4, 290
805
1, 380
633
1.400
8, 052
3, 116
1, 008
8, 852
1, 732
1870
1,464
3, 550
2, 287
082
8, 785
1, 882
3, 842
90, 096
1,881
2, 197
1,749
7,402
1, 018
548
10, 537
1,848
1,156
711
NoHHe
тейойой
82526
AHEE
1890
25. 467
47, 032
32,048
22,943
58,357
20,621
31, 850
306,777
42,469
25, €62
26, 568
35, 030
33, 545
20, 628
117, 620
21, 999
24, 613
18, 479
25, 750
28,146
28883
BESF8
&HHSR
$5388
HENAT
Saa88
BE882
Mama
WHITE.
1880
26, 145
38,306
34,805
28, 203
17,918
20, 582
30, 475
194, 785
30, 917
22,371
26, 770
82, 170
33, 881
18, 919
82, 840
20, 998
20, 178
14, 240
26,774
20,011
CEEEE BAMA5
SE86 5887
FNGAN
2:589
88888
8588
1870
28, 078
30,014
32, 038
20,769
37, 814
28, 567
25,454
130,564
31, 717
16, 608
24, 018
27, 815
30, 824
10, 095
60, 251
17,700
22, 743
14, 109
C5RỐE
aaE MEAE CAEEE CEECE
CEEG SN328
#C83S
gaa5
5989
NEGRO, (()
1590
1,011
4,040
1, 510
1, 206
662
81
77
3, 146
492
107
618
129
393
1,680
0, 446
2:3
2, 388
10
828
18S0
1570
59
Fro dns aues airá Ents fse bode bãea etts ama auo acdo steca iiooa roloa dets
3osa lee saose auad Fasalt ¿easa Housa Bães sasãs aata aste nasto ddas danoa Fedza dEEEE

===== 1890a_v1-13.pdf page 34 =====
426
STATISTICS OF POPULATION.
TABLE 15.-NATIVE AND FOREIGN BORN AND WHITE AND NEGRO POPULATION, BÍ COUNTIES: 1870 'TO 1890-Cont'd.
NATIVE BORN.
COUNTIES.
Oklahomn..
Beaver..
Canadian
Cleveland.
Greet •-
Kingêsher .
Loyan..-
Oklahoma,
Parue •
Oregon...
Baker..
Beuton...
Clackamas.
Clatson
C'olumbia
Coos
T DI TT DU T
Cla ha aud dod lea Cul Lal We
Elk
Eri+.
1890
59, 091
2, 555
6.760
6,400
5, 279
8, 007
12, 064
10,900
7,021
824
881
529
4, 412, 294
33, 120
398, 881
44.100
44,
438
37,815
181, 400
64, 889
50,
056
64, 992
Б1, 704
55.751
6, 152
32, 044
40, 586
82, 661
35, 259
55, 705
26,109
34, 758
60,406
46, 779
90. 397
62, 583
16,236
71, 196
69. 086
7,834
50,754
10.030
28,787
34, 638
40, 962
87,771
10, 522
95, 089
142,204
33, 010
40, 688
70, 791
137,100
1880
2.573
9.018
857
8, 695, 062
31,929
207, 208
44,908
35, 982
34, 100
117, 661
48,882
54, 458
67, 614
48,014
40,155
1,544
20,287
86, 708
77,591
37,912
37, 918
24, 168
30, 678
62, 014
45, 322
71.840
46.747
9, 696
01,543
54, 952
3, 089
48,010
9, 957
28,094
32.784
39, 394
26, 597
18, 003
62, 352
132, 382
30, 208
37,841
60, 978
97, 349
1870
952
744
426
S17
380
29, 470
3,507
21, 180
32, 888
71, 649
24, 017
23,651
20, 897
26, 013
56, 617
42,960
56, 003
32,373
6,054
52, 609
41, 668
3, 560
41,143
9,115
25, 785
29, 058
84, 735
20, 566
17,175
FOREIGN BORN.
1890
2, 740
119
380
205
59
325
TOS
746
191
57,317
1,151
826
2.788
Б, 049
1,159
1,648
1880
221
1,044
483
1G8
192
1, 082
1, 117
300
3,487
812
24,810
760
218
454
1,579
1, 199
845, 720
366
8822
agragren
285s
1, 548
18,
770
2,079
0, 580
6, 003
14, 878
10, 920
648
679
107
168
514
307
912
170
718
932
511
229
805
721
478
113
828
590
615
EE88
, 593
655
4, 308
9,361
co
13,
145
8, 890
396
945
102
179
1, 170
1,133
224
26, 917
1870
545, 309
693
807
554
014
079
5, 386
3,340
4,226
4, 016
3, 939
7, 099
766
0, 964
1, 580
6, 150
620
090
1,403
1,090
193
46,899
6,891
83,341
4, 507
50, 610
1,413
3,104
5, 840
682
4, 996
106, 227
04, 103
35,716
54, 688 1|
a Includes all persons of negro degcent,
WHITE
1390
19S0
2.500
,758
661
65, 909
7.174
88,
, 584
42,
798
81, 695
36, 730
, 870
, 858
25, 708
64, 009
190
Eagan
920
. 968
5, 151
B1,
882
37; 674
76, 402
27,770
88883
1570
860
481
956
301
tot mut m m mrna aedade daalad
58.88
8g8g
C8ea
NEGRO, (R)
1890
1880
1370
2, 078
189
1,300
721
100
1, 1801
28
17
550
33
11
107, 506
319
2đaHa
308
2.993
816
487
31
187
GER:
85, 535
7,
SEEEE
8E85g
832
1, 880
2,
508
261
200
2, 845
286
25a
3.10
103
05,204
565
#, 150
170
BBD
485
189
22875
9823
889
2,
g-SF3

===== 1890a_v1-13.pdf page 35 =====
SEX, GENERAL NATIVITY, AND COLOR.
427
TABLE 15.-NATIVE AND FOREIGN BORN AND WHITE AND NEGRO POPULATION, BY COUNTIES: 1870 TO 1890-Cont'd.
NATIVE BORN.
COUNTIES.
1890
1880
1870
Ponnsylvania-Contiunerl.
Lyooming..
' MeKean.-.
Mercer--
MitHin..
Monroe
-Montgomery
Montour .....•
Northampton .
Northumberland
LCT1-------
Philedelphia
tike .....
Potter.
Schuylkill.
oyder..
Somerset
Sullivan.-
Susquehanna
Tioga
Jnion.-
Penango
Warren..
Tashington
Wayne...
Westmoreland
I yoning
Jork..
Rhode Island
Bristol.
Kent..
Newport
Frovidence-
Washington
South Carolina.
Abborille .
Aiken...
Andurson
Бarnwell.
Benufort
Berkeley
Charlestou
Chester
Chesterfieid
Curendon.
Colloton.
Darlington
Edgefield
Fnirfeld.
Florenet
Georgotown..
Greenville .
Hampton.
Horry.....
Korshaw
Lancaster
Lanrens..
Lexington
Mnrion....
Marlhoro.
Newberry
Oconee...
Orangeburg
Pickens....
Richland
Spartanburr
maildel..
Union..
Williamsburg
York..
Suuth Dnkota
Aurora.
Beadle.
Bonbomme
Boreman.
Brookings
1800
FOREIGN BORN.
1980
WIIITE.
1SS0
1#, 008
7,070
41,042
16, 980
17, 356
26,788
91, 188
15, 819
96, 929
28, 285
71,137
15, 019
81, 969
26, 469
51, 781
18. 860
72, 594
289,201
8, 237
18, 313
21,837
170,376
20, 438
202, 538
8, 530
15,823
19, 537
189, 052
20,000
161, 957
7, 355
14. 040
16, 780
105,579
18, 107
5, 163
7,216
5, 470
387
781
15, 800
1, 688
J.428
9, 578
252
269, 480
1.305
2,247
31, 53.3
72
1, 210
1, 070
3,736
6, 688
180
6, 750
4, 277
18,681
572
2,560
106, 305
#, 191
8,441
6, 715
84,747
3, 211
4,771
5, 889
6, 680
190
855
9, 593
1, 608
6, 208
4, 768 1
403
20J, 336
1,031
074
20, 146
1, 415
020
8, 610
Б, 540
181
4,001
4,680
5, 228
0,500
579
2, 872
75,993
2,86.4
5, 265
4,648
68, 822
2,309
1,144, 879
987, 891
607, 502
6, 270
7,080
46,757
#1,071
40, 680
31, 085
27.004-----..*1
97
1-18
120
43,521
33,450
23, 905
44, 638
89, 750
35, 548
75
162
33,887
29,971
$4, 200
282
107
205
55, 211
187
56,711
20,558
08,524
88, 820
#, 192
21, 019
1K, 687
107
4,276
18-1
18, 439
16, 300 /
10, 508
2R, 207
10,1641
14,012
40, 212
B6, 300
25, 862
29, 094
84, 368
40, 211
28. 489
45,767
26,172
42, 328
27, 619
19, 769
БзES
24,947
20, 777
19, 565
44, 099
37, 288
20, 511
18, 717
19,242
15,562
22. 308
21, 46k
20,741
$1,550
16, 885
20,305
22, 158
20,942
18, 527
34, 042
28, 498
20.080
+EH85
26, 302
26, 378
18, 0883
16, 047
49, 284
10, 882
41,254
58335
110
03
14, 366
30, 461
28,15k
66, 251
43,520
40,245
86, 928
25, 315
27, 732
24,021
24, 060
88, 744
80,610
237, 708
64, 708
B, 800
56
7,9$4
5,667
900
2,743
359
7,147
3, 406
§agEe
91,050
38, 560•
1.155
13
39%
1, 042
3, 390
390
725
151
2, 685*
175
1,559
a Ineludes all persons of negro descent.
1870
1590
4,558
69, 085
1,119
16, 507
8, 085
00, 737
578
19, 823
1,006
19, 938
0, 290
120, 506
2, 520 4
15, 548
8, 874
88.001 1
+, 325
74, 304
121
26,139
183, 624
|1, 006, 500
1, 196
9, 305
807
22, 721
30, 656
158, 778
79
. 17,040
1, 790
37,174
900
4,004
11, 608
39, 930
#3, 799
52, 221
205
17,767
5,780
46, 158
3, 906
37,504
2, 703
07, 785
6,719
30, 975
8.988
111, 60B
625
15, 8771
3,040
07, 908
55,306
337, 859
2,060
1, 505
8, 264
48, 611
1,900.
NENNE
229
441
425
801
8,074
162, 008
94
15, 142
1B, 701
25, 208
170
159
14,194
2, 095
7, 687
Б, 087
118
21,704
81
8.482
10, 988
26
6,987
14, 032
11,740
17,340
7,180
10, 471
50)
118
912:
50358
raft
EsaEg
3, 857
216
12
gasga
10,411
13, 169
13, 789
1t,
519
9,002
8,960
13, 678
15,051
12, 258
11, 938
827, 290
5, 045
9,568
0, 054
10, 119
50, 508
42, 211
05, 785
19, 362
20, 020
94, 731
15.361
69.987
62, 029
27, 868
815, 162
9, 579
18,770
129, 010
17, 778
82, 99+
8,070
40, 185
45, 609
16, 772
48, 120
27,784
52,774
33, 482
77,349
10, 077
86, 481
200, 089
11, 185
301, 105
18, 172
12, 936
18, 747
18, 858
2,142
80, 022
7, 615
9, 498
0, 282
12,184
12,929
10, 018
0, 885
20:88
7,935
11, 756
11,096
15, 881
8, 026
53688
88895
96, 065
=
0E388
NEGRO. (a)
1870
1890
1880
46, 775
1,189
8,801
49, 700
299
17,285
804
18, 157
160
176
80,375
2, 758
15, 265
96
61, 245
41,811
633
25, 807
291
137
651, 864
5. 128
30,371
10T
11,213
50
116, 014
3741
15,573
20, 181
112
6, 186 |
17
37,274 |
30, 008 1
102
Đ1
15. 408
52
47.402
478
28,787
75
46, 452
#,361
53, 147
58, 160
3.3
1,213
14,575
74,900
1,566
212, 219
7,898
0, 238
18, 257
19, 115
140, 240
14, 368
He8E3
289, 667
688, 98-1
10, 916
81, 705
18,050
14,150
18, 128
18, 578
30, 410
5, 309
31,121
$7,789
28,204
85, 073
6, 290
18, 178
6, 275
1,470
4, 000
16, 246
8, 900
10, 097
26,245
17,010
17,381
31, 116
5, 787
21, 400
11, 654
2, 778
15, 121
1,480
8,809
555
6, 159
00.1
10,349
18, 441
8,411
, 430
14, 185
-7-19700
, 718
H88S
041
8t
27
19
aese Fue fn sesoe a aes
81
21
001, 882
27,687
15, 170
14,805
20, 003
27,782
71, 808
16, 017
6,817
12,908
21, 181
21,556
23, 820
20, 880
BOBE
8, 057
17,688
7,407
18,220
12,071
Saees
8818%
288
1870
11, 319
59
18
i2
24
70
22
94
488
101
41
10
187
931
4,800
9,300
10,492
10, 146
25, 417
14, 101
3,
H: EE
8888
ENFoE
S8EES
55550
5598
70

===== 1890a_v1-13.pdf page 36 =====
428
STATISTICS OF POPULATION.
TABLE 15.-NATIVE AND FOREIGN BORN AND WHITE AND NEGRO POPULATION, BY COUNTIES: 1870 TO 1890-Oont'd.
COUNTIES.
South Dakota-Continued.
Irowll......-......+.
Brule
Buttalo.
Butte
Campbell
Charles hiix
Choteau..
Clark .
odinetu
Custer .-
Davison.
Day.--
Delano
Deuel.
Dewey
Donulas.
Exmunds
Fnhhver:
Faulk.
Grant.
Gregory
Hanliu
daud.
Hanson
Harding
Hughea..
Hutchinson
Hjde..
Jackson
Jayne.
Jeraula .-
Kingsbury
Lake..
Lawrence
Lincoln ..
Lyman ..
AlcCook..
alePherson.
Marshall
Martin ..
Meade.-
Meyer.-
Miner..
Minnohaba.
Moody....
Nowlin..
Pennington
P'utter.=.
Pratt...
Presho.
Ijatt..
Hoberte
Sanbore...
Scobey.
Shannon
Spink
Stanler
isterling
Sully-
Tockl.
Turner
Union..
Walworth-
Washington.
Tankton
Liebach .....
tort nisseton
Sisseton and Wahpeton Indian
resertation.
1890
12,583
5. 102
789
1,3%0
3, 15g
5, 050
5, 351
6,091
4, 055
1,318
5, 873
3, 1ỗc
3, 177
#, 001
11
3,777
3, 092
4,903
241
2,922
5, 497
3,-402
146
4,180
6, 316
1,481
27
2, 879
1i, 378
5, 704
7,505
6, 716
105
4, 951
2,438
3. 342
8, 528
°3, 932
15, 380
4,614
119
5, 857
2,217
17
127
20
1,180
#, 801
30
8, 615
809
1, 891
121
6, 704
6, 815
1,301
30
0, 515
414
NATIVE BORN.
1880
23-4
169
12
+2
341
95
3,809
1,629
705
1,037
73
Ї,545
2, 153
485
78
1,010
215
2, 048
801
2, 015
9, 25
4, 117
84
931
86
200
5.502
2,980
і, 075
89
nath
62÷
223
2, 867
1,779
43
4,838™
85
67
1870
135
i,755
25
22
476
200
229
2, 503
1, 356
1890
4, 274
1. 685
FOREIGN BORN.
1880
119
69
21
60
1, 602
527
230
219
21
77
1870
WHITE.
1880
1870
NEGRU, (Q)
1890
1880
1570
853
30
809
150
721
67
852
96
Cnorganized territory.
Tennessce..
Anderson
Bedfurd .
Benton..
Bledlsoe
Blount .
bracler
Camnbell
Cannon..
„Carroll
Carter.
0487
1,747. 480
1, 525, 657
1,239,204
11, 910
10, 756
24, 692
25, 929
11, 201
6,127
9,751
5,600
17, 584
15,918
18, 536
12, 088
13, 888
9, 992
12,
191
11, 849
28, 582.
22, 071
13,375
10, 012
« Includes all persons of negro descent.
63
17
"866
817
201
8,530
749
026
569
139
78
04
2,403
2,034
3, 052
49
i2
230
155
108
1,004
1800
$
80
7,
I Thi e hoo Mn den m coo đi Cô hn Bã 0 n
9,
32
635
14
185
t0
509
291
114
4, 998
2, 155
985
1, 255
86
2302
2,967
603
153
1, 209
139
5, 573
2,10%
12, 921
5, 800
th,'
112
868
8, 208
B, 689
2,220
106
173
684
281
19k
5,820
6, 802
18
8, 388
130
54
211
35
2, 618
"i?
712
801
321
3,196
2, 077
21
=1s
35
50
110
62
55
0112
0878
20,020
218
47
29
55
71
48
16, 702
9H588
19,310
1, 386, 037 |1, 188, 831
986, 119
79
13, 930
116
9,017
7, 778
18, 542
18,586.
28
10, 618
9,147
17,849
7,782
12
5, 634
4, 888
4,161
57
16, 011
14, 273
12, 781
I1, 838
10, 258
12, 927
9,571
9,952
7,017
11, 244
10, 696
9, 575
17, 960
16, 524
00
14, 648
12, 692
9, 385
7,336
480, 078
1, 184
6, 106
617
500
1, 077
1, 771
558
052
5, 604
697
U Estimated to have been within the present limits of South Dakots.
$08, 151
903
7,189
633
747
1,705
1,845
$82
1,116
5. 579
128
10
018
822, 0X1
028
6, 48%
460
70D
1,150
1, 700
428
927
4,709
578

===== 1890a_v1-13.pdf page 37 =====
SEX, GENERAL NATIVITY, AND COLOR
429
TABLE 15.-NATIVE AND FOREIGN BORN AND WHITE AND NEGRO POPULATION, BY COUNTILS: 1870 TO 1890-Cont'a.
NATIVE BORN.
rOnMIN BOAN.
WHITE.
COUNTIES.
1890
1380
1880
Tennessee-Continued.
Cheathamt..
Chester ...
Claiborne
Chay.
Cocke..
Cofiee .
Crockett
Cumberland
Daridson.
Decatur..
Dokalb.
Dickson
Dyol.....
Fayotto.
Fentress
Frunklin
Gibson .
Giles----
Grainger..
Greene.
Crunily
Hamblen
Hamilton.
Hancock -
Mardeman
Hardin--
Hawkins
Haywood.
Henderson
Henry-
Hickman..
Houston ...
Humphreys
+ 10kS01
James.
Jetferson
Johnson.
KnOX--
Lake..
Lnncleranl
Lawrence
LowiS---
Lincoln .
Loudon
MeMinn
MeNairy
Alacon
Madison.
marion
Marshali
nery
sll.
Rutherford
Scott...
Sequatchie
mviet...
Sholby
Smith.
Stewart
4al1wa31
Sumner
Tipton
Trousdale
LIlCOE ' -
Union......
Yan Buren
Warren .
Wnghington.
Warno....
Wenkley.
White..
Williamson
Wilson.-..
8, 833
4, 030
15, 089
7,258
18, 5lt
13, 726
15, 125
5, 300
108, 005
8, 079
15, 640
13, 556
19,825
28, 82K3
5, 088
18, 629
35, 709
34. 897
18.186
20,568•
6, 115
11, 402
51, 880
10,
340
20, 973
17, 683
22,
225
28,
186
16, 819
21, 036
14, 462
5,340
11, 607
13,814
1,897
10, 468
8, 850
58,172
5, 275
18, 682
11, 913
2,651
27,325
0, 252
17,850
15.475
10, 878
80, 208
15, 128
18,800
37, 987
0, 025
15,805
29, 420
Б, 960
7, 422
27,166
12,033
7,708
4,786
8, 311
18,678
12,452
17, 250
20,014
35, 029
9,000
8,025
18,750
106, 812
18, 387
12,
129
20,810
23, 579
24, 140
5,844
4, 598
11,
453
2,861
14, 349
20,266
11,
BEEEE
ared tied hes ttch cics nnre tio s0s dit sitt tdld
2, 183
793
12,
146
7, 140
1870
1890
o aio die ae Roe Mea eola moo etue daia ddla
7,207
11,
192
7,044
16, 089
18,801
36, 038
5,975
2, 557
15, 532
73, 612
17, 784
12,544
18, 283
23, 610
20, 840
6, 03-4
3, 042
10, 256
2, 029
14,027
10,161
11,
282
24, 491
11,
, 143
28, 212
28,694
2.819
15.510
11, 298
6, 875
7, 158
8, 695
5, 528
15,451
16, 088
33, 132
4, 048
2, 327
1J, 021
68, 415
15, 979
11,884
IB, 119
23, 555
14,691
7, 500
2,721
12, 620
16, 287
10,195
20,
719
0,350
25, 185
25,814
12
14
101
21
76
4, 509
16
10
89
53
Đ5
138
300
150
00
SegTA HEand CBBes 25055 5858 5
5, 928
Eeges
RNONO
46
1970
1890
31
14
18
62
40
1,147!
19
10
84
46
107
13
800
117
12k
26
2º2
30
$0
4,420
tt
40
101
101
171
124
7,316
7,203
14,584
6, 886
15,211
12,104
10, 960
5,325
G6, 840
T,6911
14, 191
11,514
15, 185
8, 386
5, 180
15, 359
20,522
22, 085
12,510
25, 094
12,
HEES8
10,
108
46
1,818
15
ESE
29583
13, 029
10, 096
821
13, 081
14, 412
22, 201
0, 231
14,070
15,885
GB8. PaaD8
Ba208
aebEs
12838
54
67
FEEEEE
03833
27:
wau tem aee tod tão lan nch aice his mtd tne mah toe tota mite aitr tila le
NEGRO. (d)
1870
1590
Eala tre talo ms red aiatide
HOEEE
12, 130
Faeat
PB98 BEETE
628%
Aps6:
ggget
18S0
1570
1,528
1,776
518
374
1,307
1,723
4,180
51
11, 315
1,307
1,159
2,101
4, 090
20, 402
10
3,570
9, 337
12, 320
085
1,519
138
727
8,787
1,661
789
399
1,447
1,724
8. 812
12
81, 331
1,222
1,151
2,231
3,912
.22, 218
108
3,530
9, 145
11,180
820
2,152
188
1,706
Ha deat maant
2232%
18888
667
13E88
i, 191
13,
Б,
AENRS
14,
2g-8a
FOHNN
Essee aa85e
BRESRA
HA8g
CEaBE
48,
88g5e
2oga
BONEE
68888
1,470
758
i, 274
1.501
25,412
1. 056
1,107
1,477
2.894
16, 987
170
2, 972
6, 869
12,7BX
1,030
2,061
187
1, 471
418
39.
183
3965
Heaдe
286g
caggg
SEE:
EлasE
Inclndes all persons of

===== 1890a_v1-13.pdf page 38 =====
430
STATISTICS OF POPULATION.
TABLE 15.-NATIVE AND FOREIGN BORN AND WHITE AND NEGRO POPULATION, BY COUNTIES: 1870 TO 1890-Cont'd.
SATIVE BORN.
COUNTIES.
Texas.
Auderson
Andrews
Angelina.
Aransas-
Archer..
Armstrong.
itaseosa.
Austin...
Bandora..
Bastrop •
Baylor .
Beo
Bell..
Bexar
Bexar distrivt.
Blanco..
Borden.
Bosque.
Borvie.
Brazuria
Brazos .
Brewster
Briscoe..
I3TOIFI-
Bucbel.
Bzrleson
Burpet.
Caldwell
Calhonn-
Callahan
Camoron .
Camp...
Caraon.
Cass ...
Castro .
Chambers
Cherokeo.
Childress
Clay
Coke
Culeman
Golllll .....
Collingeworth
Colorado
Comal...
Comanche.
Concho..-
Cuoke
Coryell
Cottle..
Crane.
Crockett
Crosby...
Dallam..
Dallas..
Dawson.
Dent Smith
Delta....
Denton
Dewitt.
Dickons
Dimmit
Donley.-
InITal.
Onstland
efrrot.
Elwards
Bllis ....
El Paso
Encinal
Erath .
Falls .
Pannin.
Fayette
Fisher ,
Floyd.
Foley
Fort Benil
Franklin.
Freestone
Frio....
Craines
Gralveston
Garza._.
Gillespie
1590
18S0
2, 082,567
24
$95
221
112
187
745
327
,311
347
979
280
15
1ti2
41
9-4
29
172
292
982
957
185
21,243
19, 908
38,400
28, 628
2,049
721
15
10,418
6, 474
15,941
2,841
68
35, 122
14
5, 919
1870
881
570
20
897
35
25
23
80
84
8T
FOREIGN BORN.
1S90
1880
152, 9501
114, 614
440
151
26
27%3
165
83
26
49
G07
$,011
551
197
13,752
170
1,206
930
117
18
213
1,079
248
11,189
327
7,912
81G
250
-333
BE3
1, 050
208
166
111
FaEH
368-
E885u
9833
1,377
FOE
5-5500
271
0, 354
1,107
ssa3e
79738
55Б4
tо30:
WILTE.
ea303 8a -e aal aee Ba .5
Nó so
107
2,001
248
39
987
N8: 5:
1.
1590
1, 745, 985
11,120
24
5. 705
1,084
2, 089
043
0, 157
12, 078
3, 669
11, 836
2, 580
B, 401
80. 716
13. 002
4,434)
18,583
12, 650
2.083
8,213
694
11.
B48
287
7, 274
J-t, 307
8,328
355
281
6,300
1, 292
16
8,027
1, 288
1, 479
15, 265
1,171
7,400
2,058
6,042
34. 209
10, 660
6,218
15,
16,
89888
55.
Haa98
50o
10, 811
10,
€980%
221
1,904
28,
14, 996
2,738
Bach
529
1.603
5. 661
9,311
$, 010
24, 158
14
6,947 €
18S0
917
580
30
709
ggen
325
FERNS
ihamdo ca tedn niodamciod tceal
23
1870
13,
2,
•1,
197
G,
751
4, 086
103
0, 008
229
$27
SESE
804
t,77i
204
12, 053
3,
489
NEGRO. (2)
1890
1880
188,171
9,502
601
187
12
285
5,185
126
8, 898
$17
2,050
5, 501
210
9383
8, 438
13
Ba:
2, 52
11,
,177
995
0÷-1
HSE8G
8, 981
810
6, 675
102
7,009
108
393, 384
7.775
N3t
70
279
8, 949
81|
7, 30G
G
153
1,734
3, 867
168
108
&ME* 3%
.....
6,14
3*г8
99985
2EH2
+, 017
2, 838
2,
00 m7
LAAS5
7.
F.S: =
1370
253,475
1,130
742
16
69
Li3
3, 109
11191
1,757
506
306
Eeae
5, 510
3,308
15
3, Psc
es
all
bersons
uf
negтo
descent.

===== 1890a_v1-13.pdf page 39 =====
SEX, GENERAL NATIVITY, AND COLOR.
431
TABLE 15.-NATIVE AND FOREIGN BORN AND WHITE AND NEGRO POPULATION, BY COUNTIES: 1870 TO 1890- Cont'il.
NATIVE BORN.
COUNTIES.
1890
Texas-Continued.
Glasscock
Goliad -.
Gonzalos.
Gray..
(rayson
Gregg..
Grimes.
Guadalupe
Hale
Hall..
Hamilton
Hanaford.
Hardeman
Hardin..
Harris
Harrison
Hartley •
Haskell .
Нuуs..
Hemphill
Henderson
Hidalgo.
Hill.....
Hood.
Hopking
Honston
Howard
Hunt..
AIntelingon
Irion
Jack..
+ackeon
Jaaper..
Joft Daris.
Jetferson.
Johnson.
dones..
Knrnos.
Kaufman
Kendall
Kont..
Kerr
Kimble.
King...
Кіnney.
Knox
Tinmar.
Larl
Lawpsas
Insalle..
Lavaen.
Lee ...
Leon
Liberty
Limestone.
Linscomb
Live Oak.
Lluno ..
Loring-
Lubbock
Lvnn.
MeCulloch
MeLennan
McMullen..
NIndison ..
AIarion.
Martin..
NIason.
Matagorda
Maverick
Medina..
Alenard
Midlland.
Milam.
Mills..
Mitcheli
Montague
Muntgomery
Moore
Morris .
Motley
Nacogdoches
Navarro.-
Newton
Nolan.
135
5, 388
10.099
19K
01, 020
0,370
20, 692
: 12,838
708
688
9,108
115
#, 804
3, 803
12, 081
20,848
212
1,663
10, 839
475
999
56
780
037
22
328
171
H LỞ L M M LÃO NH HA HHM LH
611
24
015
216
14
181
18S0
1870
51
30
15
17
48
12
90
A dE dNMM Ne WNDLETdE MtETE1
10
T4
12,
728
53
12
115
19
682
733
708
670
H11
72
85
720
FORBIGN BORN.
WHITE.
NEGRO. (a)
1890
18S0
1870
504
1,021
101
410
1, 745
15
1,
69
I0
12
8, 828
382
SEAiE
3525
1,884
845
144
242
280
201
1, 748
849
184
•Hefe
1890
1880
278
147
218
939
81
402
246
718
702
183
NTEG SUEN DERG DOS ANNE CHENS BENN PE 94Е АУТE В ВЕ 9О О НО К ЧЕE
682
15
« Inclndes all persons of negro descent.
1870
1890
o....
18
10
100
290
67
25
654
12
112
21
66
1570
17
s lao 1alas selo aau laa ee-do alla aolodoldoBollaa 85l
18
26
275•
831

===== 1890a_v1-13.pdf page 40 =====
432
STATISTICS OF POPULATION.
TABLI: 15.-NATIVE AND FOREIGN BORN AND WHITE AND NEGRO POPULATION, BX COUNTIES: 1870 TO 1890-Cont'd
YATIVE BORN,
COUNTIES.
1800
Poll -
Rains
776
896
989
90
34
549
97
10
49
72
18
457
FOREIGN BORN.
1SS0
1800
1870
3U
060
7-19
102
101
a mat an dohn sto aomne he csae aita tdeo
478
23
248
188
19
95
73
955
11
13
20
55
76
46
16
08
99
34
1, 662
28
25
29
889
211
413
NS:
11
147
3, 061
164
252
178
1,077
29
111
341
11
1-1
1, 167
34
30, 702
2,
002
667
690
221
WHITE.
NEGILO, (R)
1990
182
B,
3,
0,
33
so tan m aatnem adsan ontalon
91
26.
18
aaoali nd aotondo momontle menn dta
400
555
1880
,і47
231
588
100
8,
8 of DAgrO
descent.
85
2
1,
BB2
250
203
181
210
51

===== 1890a_v1-13.pdf page 41 =====
SEX, GENERAL NATIVITY, AND COLOR.
433
TABLE 15.-NATIVE AND FOREIGN BORN AND WEITE AND NEGRO, POPULATION, BY COUNTIES: 1870 TO 1890-Cont'tl.
COUNTIES.
NATIVE BORN.
1880
Dtah-Continued.
Mlillard
Alorgan
Piute.
Rich
Rio Virgin
Salt Lake
San Juan.
Saupete
Sevier.
Summit
L'ooele.-
Vinta.-
Jiah.
Wasatch
WVashington
TVeber.
Ambergt.
Appomattox
Augusta..
Bath ..
Bedtord.
Blanl...
Botetourt
Brunswick
Buchanan..
Buckingham
•Campbell..
Caroline..
Camoll."
Charles City...
‹Charlotte::
Chesterfiold
Clarko...
Craig -
Culpeper..
Cumberland
1890
3, 265
1, 394
2,185
1,254
40, 759
335
9, 355
4,730
6, 310
2, 748
2, 401
18, 531
2,918
3, 125
17, 138
288, 334
→ 508 00g
a8080
700
290
998
18,
475
17,833
3; 111
702
24, 503
20, 882
1, 037, 606
27, 223
82, 081
17, 907
D, 183
8, 690
17.468
9, 566
36, 668
4, 571
81,180
5, 123
14, 824
17.230
5, 867
14, 289
40, 586
16, 627
15,
467
5,053
15, 039
25, 730
8, 025
8, 818
13, 185
D, 465
203
93-t
20, 274
169
7,188
3, 103
3,254
8, 198
707
12, 988
2, 184
3, 205
8, 510
291, 327
21, 081
19, 40:
588
20, 372
8, 082
24, 648
3, 485
11, 824
21, 807
18, 101
35, 341
23, 486
25.
242
33, 308
1, 497, 869
24,360
32,
273
10, 780
5, 490
10, 241
18, 607
10, 077
35.205
4,453
31,003
4,995
14, 725
16,897
5, 693
15,179
35.681
17,178
13,809
5.490
16.561
24, 608
7,64k
3, 786
18,334
10. 51,0
1870
1,974
1,215
54
1, 291
368
10, 894
3,890
****I,448
1,350
8, 439
887
2,455
5,242
283, 390
20,445
18,574
902
5,412
23, 536
8, 171
11,514
21,048
17, 273
144
33, 963
1, 211, 409
20, 392
27,
15,
3, 566
9, 673
1$, 786
8, 940
28,376
3,750
25,277
3, 980
11, 290
18,422
3, 777
13,257
27,795
15, 076
Đ,
135
4. 9.15
14, 488
18, 185
6, 010
2, 938
12, 130
8, 120
215
7.927
9, 015
12, 525
19, 469
9, 815
9, 862
18, 259
16, 340
1890
708
386
357
273
17, 698
30
3,791
1,400
2, 414
062
301
5, 237
077
584
б, 585
44, 088
CUSE8
FOREIGN BORN.
1880
938
520
312
329
11, 703
85
-. 11:
1.294
1,667
1,299
92
4,985
793
1, 030
8,834
40, 059
280
Faa wus s ado aive dlal
380
Б,
Se89
14, 696
Eano8
WHITE,
1880
1870
779
757
28
664
82
7,443
2,306
19
1,064
827
3,761
357
609
2, 016
47,155
NENNC
1890
4, 032
1,780
2,802
1,523
67,945
310
13, 089
6; 196
7,598
3,591
2, 626
23,732
3, 691
B, 903
22, 525
331, 418
22, 198
20, 307
23.408
1870
3,721
1,706
2,665
1,970
1, 521
80
1, 262
1, 953
. m.
449
81,694
18, 277
204
11,484
0,771
4,455
19
4,845
2,407
4,330
2,177
780
17,912
12,185
2, 918
1, 241
1,155
3, 052
12, 201
7,883
331, 218
329, 618
29
067
3, 837
823
558
088
8588
4, 110
30, 193
4, 071
12,438
23, 077
21, 006
26,
35, 099
5, 086
35, 958
13,751
1, 020, 122
Baugg
5,254
co dã
, 506
20, 084
880, 858
T12, 089
88188
3,788
8,1
, 730
238S
co os socrão
50-
EaBE
3, 730
.511
G.8g!
617
686
860
Es00gren
584
, 586
11, 686
13, 230
5, 051
18,
737
15, 652
463
761
13, 088
11, 981
, 512
17, 009
14, 097
DocoроC
XAGRO. (a)
1890
240
58
127
10
87
685, 438
OONO
11,
410,
149
86378
TaaBe
1880
1870
13%
2
HET
+HO
17
1,057
031, 610
18
11,521
2, 537
230
6, 028
7, 417
18.428
0, 581
7,509
5,264
9, 805
1
5,290
8.015
2, 550
51
21
921
Eggo
512, 841
. 812
679
47
14, 343
8, 038
328
.3, 168
9, 019
8, 733
2, 159
280
6, 160
5, 43:
0aC -
7,850
990
788
Dickenson
Dinwiddie
Flizabeth
Tiegr.
City
-Fairfax
Tauquier
Floyd...-
Fluvanna .
Franklin
Frerlerick
•Giles…..
•Gloncester
Goochland
Grayson•
Tm1898>
Greenesrille
Halifax..
Hunorer
Henrico
Henry.
Hichland.
Islo of Wight
James Citf.
Kino and Queen
King George.
POP-
-28
5.071
13.440
14,001
10,039
16, 275
22, 402
14, 402
9.489
24,984
17,700
9,075
11, 635
0,924
14, 380
Б, 010
8,178
84, 387
17, 351
00.263
18,200
5,341
11, 302
5,597
D, 064
6,627
32,
471
10. 031
11, 020
15, 589
22. 093
13,240
10, 701
25, 073
17, 339
8, 765
11.842
10,268
13,054
5, 822
8,346
33,
515
18,501
78,729
16,001
5,149
10, 638
5,355
-10,491
G, 388
preo tart sait
persons of nerro descent.
C5 A CTC0
, 253
437
114
19
925
685
342
005
CoESEN
CORIOOI
75.
•Antro
6, 722
COCriNCT
NSgES
00
NgeeE
1,508
5, 650
20, 205
9, 282
37, 878
7,395
HaggE

===== 1890a_v1-13.pdf page 42 =====
43.1
STATISTICS OF POPULATION.
TABLE 15.-NATIVE AND FOREIGN BORN AND WHITE AND NEGRO POPULATION, BY COUNTIES: 1870 TC 1890-Cont'd.
COUNTIES.
Virginin-Continued.
King William..
Lancaster..
ute
Lumdloun
Lonisi .
Lunenburg
Aadison.
Mathews..
Mecklnbun
Midllesex.
Montgomtr)
Nansemond
Nelson.....
New Kent.
Norlolk.
Northampton
Northumberhnd
Nottoway..
Orange.
Paye..
Patrick....
Tetereburg city
Pittsylvanid .
Poshatan....
Prince Elwarl.
Prince George.-
Frincess Anne.
Prince William
Pulaski........
Rarpahannock
Richinond.-
ROAnOK+
Rockbridge .
hockingham
Russell...
Seott ..
Shenandoal
SmYth ..*•--
Southampton
spottsglvania.
Statlord.
Surry ...
Sussex.
Tazewell
Warren
Warwick.
Washington-
Westmoreland
Wise.....
Wythe.
York..
Columbia.
Cowlitz .
Douglas.
Franklin
Garfield
Island...
Jetterson
King..-•
Kitsap..
Kittitas
Kiickitat.
Lowis'-
Lincoln -
Mason..••
Okanogan.
Pacitic ...
Pierce...
San Juan
Skagit...
Skamania
Snohomish
Spokane..
Stevens ..
Tharston...
Wahkiakum
Wallawalla.
Whateom -
Whitman
Yakima..
1880
9,525
7,166
17, 618
28, 158
10, 817
11, 835
10, 216
7,577
25, 422
7, 188
17, 485
19,590
15, 281
5, 490
74, 887
10,252
7. 850
11, 503
12, 731
18, 043
14, 145
23.
,108
60, 764
6, 765
14, 003
7,775
9, 122
* 0, 650
13, 629
8, 669
7,115
29, 491
22, 940
31,140
10, 093
21, 647
19, 588
13, 187
20, 055
14, 001
7,310
8, 157
11, 079
19, 266
8, 210
6. 887
28. 951
8. 372
9, 173
17, 889
7, 569
259, 380
1, 065
1,414
1, 116
1, 926
9, 391
0, 269
5, 074
2,710
632
3, 581
1, 228
$,052
18,001
2,875
0, 730
+, 520
1I, 711
7.010
1.976
1,216
3, 017
34, 128
1,511
5, 924
611
5, 801
28, 528
3,419
7.790
1.354
9. 024
12,
ST8
17,
3,'
. NATIVE BORN.
1880
8, 723
1. 1aF!
15, 110
28, 471
18, 800
11, 436
10,551
7,485
24, 528
6, 212
16. 098
15, 850
10, 488
D, 501
57.048
0, 143
7. 9116
11,110
12, 925
Đ, 93-1
12, 828
52,317
7,778
14, 578
9.961
0. 301
8,057
8, 706
9, 276
7, 162
•18, 075
39, 898
20, 368
13, 900
17, 228
12, 181
17,971
14, 038
7.110
7,308
10, 032
12, 880
7,301
2, 218
25, 185
8, 817
7,760
14, 166
7,317
59, 813
868
468
# 427
6,026
1,806
815
1,090
+, 929
802
i. or4
2, 236
508
1,122
2, 436
682
597
1. 074
8, 565
736
2, 747
099
6, 840
2, 230
б, 980
2, 156
FOREIGN BORN.
1870
1890
1880
7,196
5,340
28
13,261
10
20, 72+
16, 259
14, 383
8,0541
6, 196
21, 298
1,971
12,495
11, 048
13, 850
4, 314
15,309
-Llile
6,852
9, 272
10,186
8,124
598
116
50
37
37
20
257
96
55
21
2, 151
61
95
79
83
19
10, 158
81, 287
7, 010
11,'
931
9989
35
53
18
14
1,609
23
46
127
$1
273
18, 981
2,606
615
484
225
108
113
188
1,981
190
#, 692
341
410
90, 005
440
₫59
316
559
3,716
20.988
1,749
2,017
850
251
1,811
16, 817
558
2, 823
163
2, 710
8, 959
1,
1870
15,808
1,063
$77
257
272
622
1.081
846
161
364
31G
212
20
16
20
10
01
33
18
37
1,398
11
19
60
38
5, 024
*85
10
109
64
25
1800
WHITE.
ISSO
3, 788
3,171
17, 002
16, G90
7, 192/
4, 630
6, 260
5, 4-17
0, 829
3,141
14, 227
8, 025
9, 0383
1, 956
37, 497
4,888
#, 705
8, 009
6, 573
11, 820
12, 07)
+50
80,8.17
770
83E98
340, 513
3,
1,570
7, 660
02,
707
+,310
8,210
5, 104
11.
, 380
9, 23*
2,793
1,362
V gv óó
$a8
430
736
8,162
36, 810
3, 958
9,382
2,178
876
907
078
355
BUs
198
20
a Includes all persons of negro descent.
8, 283
2,026
14, 102
16,391
7,400
4, 611
0,006
•Đ, 042
8, 222
2, 618
12, 466
7, 728
.028
2, 275
20, 107
3, 880
1, 110
B, 012
6, 210
8, 816
10,099
25, 889
2,726
75-1
ló5E15
32628
1-1,
20,
12, 68%
I-o0
07, 199
5,308
7, 011
1,888
3,861
2, 878
1870
2, 948
2, 108
12, 268
15, 238
6, 269
•1.3ts
4. 950
4, 10k
7,162
2, 150
0, 074
0, 050
7, 086
2,005
21, 380
3, 198
3, 808 1
2, 241
4, 938
7, 470
7, 836
15, 260
2, 552
•, 100
#BERа
9, 086
069
28826
020
22, 105
307
374
13, 018
•709
put
i20
5E0
165
1890
5, 685
4, 020
1, 213
6, 578
9,805
0, 780
3, 966
2,137
16, 080
1,817
3,615
10, 765
0, 303
8, 610
89, 178
й, 479
B, 090)
7,021
0, 241
1,772
2, 008
12,221
20,001
c,13%
9, 92t
5, 132
4, 180
2, 505
8, 120
2, 815
3, 1-18
0, 005
5,181.
2,811
1, 208
968
812
1,
22.1
11.
782
0, 077
1,109
Б, 017
570
8.00J
1,201
3, 800
NEGRO. (a)
1580
5, 101
1, 03-t
022
7,2131
11, 581
0; 021
1, 050
2,169
10, 388
1, 0844
$, 227
8,176
7,008
1, 2Н2
20, 16B/
6, 203
3,483
8,114
0, 813
1, 110
2, 781
27, 200
Б, 091
0,01•4
6, 790
1,202
2, 000
2, 102
8,580
8, 381
1, 828
5, 818
3,118
1, 274
670
1,000
6:10
10, 560
0, 100
GEEa9
•1, 305
1, 602
2
-715
825
+00E8
**8
42
30
1870
4, 175
8, 107
1, 005
6, 091
10, 01t
0, 0514
8,711
2,000
11,150
2, LR
2,882
0,017
0,813
2,361
22,320
1,816
8.084
7,050
Б, 158
2,925
10, 08!
6,116
7,805
5,046
s, D02
1,80
1, NVD
3,000
3, 028
8,179
11, 840
2,016
1, 107
t7l
.211
745
, th39)
180
105
207

===== 1890a_v1-13.pdf page 43 =====
SEX, GENERAL NATIVITY, AND COLOR.
435
TABLE A5.-NATIVE AND FOREIGN BORN AND WHITE AND NEGRO POPULATION, BY COUNTIES: 1870 TO 1890-Coot'd.
NATIVE BORN.
COUNTIES.
Test Tirginia.
Barbonr
Berkeley
Boone..
Braston
Brooke .
Cabell.
Calhomn.
Clny.
Doddridge
Fnyette?
Gilmer
Grant.
Greenbrier
Hampshire.
Haneock .
Hardy..
Harrison .
Jackson...
Jetterson.
Kanawha.
Lowis..
Lincoln
Logan.
MeDowell
Aurion...
Marshull
Mason....
Mercer.
Mimeral
Monongalia
1890
T tea ai ick sanE
fAr AEEs BIEE dErd deet aar
27.
1, 107, 681
5, 579
10, 603
10,372
8, 878
27,488
11, 082
2.209
12, 263
16, 9B4
12,970
20, 056
12,
882
12,434
31,117
10,451
7, 310
15, 805
20, 126
1,216
32, 854
726
30, 219
17, 606
10,194
16, 960
FORCIGN BORN,
WHITE.
18S0
Esc d eld cito teo ho toi tott hoct sero des Meod mcnla
1870
1890
18S0
1870
+24,928
10, 281
11, 201
4,502
0, 480
Б, 066
6, 260
2. 926
2.116
6, 831
6, 615
4,818
4, 382
11,178
7,508
4, 132
5, 477
16, 292
18, 888
65
$49
12
150
300 •
892
20
155
8041
701
200
51
B19
23
291
18, 205
96
160
50
103
278
26
219
106
15
72
21:
T4
167
40
335
17,001
81
689
51
50
398
169
15
215
32
25
86
230
75
2:1
422
10,177
12, 058
21, 602
9, 653
0, 039
5,117
1, 049
721
502
10, 022
1,529
11, 320
10,043
7,001
20, 500
12, 048
37.198
30, 512
7,095
16k
11,747
18, 508
38, 825
ta dn dt md bacd es mn deo ni dod tet
1-11
1,
-Hồ gabao Hagh -5ãng ceaa bêx2e Eauaa 305
105, 125
1, 282
472
2, 3-12
62
11,526
5, 506
1, 611
5,312
5, 448
2,814
7,565
8, 601
16, 010/
15,410|
1, 550
191
5, 070
6. 490
13, 034
ct38 s8a88 Eo zg dE5
1,250
47
292
56
10,440
1, 269
562
4, 074
3, 586
699
9, 150
3, 408
19,640
18,327
2,118
410
3, 220
8, 875
14,796
2, 602
17,579
0, 908
16, 748
519, 199
1,310
0, 400
Б, 041
3, 612
11, 726
4,015
2,124
4,376
8,209
*, 738
7,304
3, 105
17, 114
13, 867
5, 231
6, 138
6, 859
10,547
1, 358
11, 284
286
6, 432
H. 1 ris1
6, 105
4.150
9.411
5, 079
*, 575
1, 097
5, 157
G, 880
9, 178
u nneInues
all porsons
of
negro
descent.
1800
1880
1870
730,077
502, 587
421, 083
12,204
11, 413
9,920
17,005
15,452
18,228
6, 715
5, 635
4,400
13,794
8), 083
0, 398
0, 545
5, 028
5,307
22, 101
12, 842
6, 300
8, 071
б, 998
4,659!
12,052 /
8, 460
2,931
2, 192
17, 488
10,498
1,041
10, 488
6, 520
0,690
7,061
1,811
0,428 1
Б, 0:8
4, 186
16,041 • 18,076
10,314
10, 852
0, 714
7, 008
0,392
1, 80t!
1,336
B, 077
6, 042
21, 158
+,002
10.2021
16, 058
11,
39
10, 958
29,096
FiCTME
aeas?
HHCHM MOS
hasst saree deaee sasao
8EE28
C8368
555-2
Fanee
Iserg
SECER
ặt tgo
sigrir
на5а аснвS
discózn
Fafp-
aRata
-.
=ERiC-
sacet
11-1-
304,499
1, 080, 473
1, 809, 618 (1, 051, 361
6, 823
20, 017
15,304
7, 081
38,281
15, 997
$,312
16, 305
24, 969
17,705
28, 885
15, 952
59, 480
14, 915
15, 050
13, 205
22, 048
30,646
2,501
•1, 960
893
30, 588
• 22,700
15, 157
22, 103
0, 714
1,380
0,948
309
88, 897
15, 519
2,874
15, 500
15, 295
10, 700
28,028
15, 597
53, 145
15, 810
11, 028
612
16, 802
19, 900
40, 685
0, 297
221
530
341
25, 006
11, 120
695
11, 688
8, 269
3,114
28,709
18,054
52, 900
16,941
4,910
1, 111
9, 485
10,713
10, 017
87,771
1, 697
, 588
21,199
NEGRO, (a)
1890
1880
1870
abrs rãle dods anoo dns nlio sene free ssãos f ã mcisla
2,414
БATEO
25, 586
8 Bin 8e Ba Pte sat san aat Sa es Eaas Rets
gasa
11
21
206
17, 980
1,672
158
87
07
128
8
35
118
27
331
1, 10$
010
27
2, 113
26
209
GEDS

===== 1890a_v1-13.pdf page 44 =====
436
STATISTICS OF POPULATION.
TABLE 15.-NATIVE AND FOREIGN BORN AND WHITE AND NEGRO POPULATION, BY COUNTIES: 1870 TO 1890-Cont'd.
NAIITL BUTN•
FOREIGN BORN.
WHITE.
COUNTIES.
1800
1880
1870
1890
18S0
1870
(0i1 Km 100 000 10 164 )
'ontinued.
11,448
23, 350
13, 417
10, 805
10, 582
25, 848
18,007
6, 784
7, 650
25, 180
18,750
11, 982
0, 920
114, 234
17,802
9, 845
3,665
27,854
10, 485
5. 085
14, 820
S, 015
16, 936
2, 613
28, 782
17,317
34.271
15,891
23,108.
1, 142
12,316
28, 714
8,470
12, 341
19, 642
487
415
486
885
6, 369
23, 271
1,564
10,321
17,513
253
745
30B
135
189
198
647
146
806
076
970
722
085
025
153
1890
10,
12,
18S0
481
882
381
« Inclades oll persons of negro descent.
650
777
143
238
025
NEGRO, (a)
1570
1900
1870
7, 686
88, 970
12,300
13,117
I0, 127
3, 080
81, 745
10, 728
18, 574
25, 9H5
23,011
28, 213
15,507
11.260
87,181
8, 800
8,720
1,971
1.860
1580
10
00
13
40
34
158
45
12
26
23
=1-0055
50
79
122
121
164
041
28
03
20
320
28
+9
30
7-989
68
"59"
218
12
194
65
105
1:1
185
78
$:-
191
:*₴
188
40
109

===== 1890a_v1-13.pdf page 45 =====
COUNTIES.
1890
48
HiNNe
Gnc+t-
1,170
178
40
80
284
28
290
64
109
61
02
13
11
18
15
1
72, 172
8, 311
824
1,530
320
021
405
518
2, 736
19
89
1,121
210
41
1,424
915
181
359
746
22
146
1, 667
875
1, 058
162
1, 429
307
4,371
85
682
909
25, 838
1, 676
380
418
581
2.723
185
SEX,'
GENERAL NATIVITY, AND COLOR.
TABLE 16.- CHINESE POPULATION, BY COUNTIES: 1870 TO 1890.
18S0
1870
COUNTIES.
1, 630
62
1890
1880
California-Continned.
Shasta.-
Sierra .
Sigkiyou
bolano.
Sonoma
Stanislaus.
Sutter..
Tehama
Trinity
Tulare
Tuolumne.
Ventura..
Yolo.
Yuba..
20
Colorado ..
Arapalioe
Bent
Boulder.
Chaffee.
Clear Creok...
12
98
74
"10
342
488
1, 151
1, 522
1,145
421
327
551
951
253
451
G0t
974
1, 308
980
11
*Ão3
8Heea
HHNEN
1870
COUNTIES.
Georgia .-
1, 334
1, 252
1, 568
993
9U4
518
200
774
1,951
805
199
608
2,110
574
810
1, 440
020
473
300
208
204
1,009
99
1,524
395
2,837
612
Bartow.
Bibb....
Burke...
Chatham
Clarke..
Glinch..
Decatur
Hlord
IPulton.
Glynn
Muscogee
Pierce..
Richmond
Telfair ....
Thomas
Wilkes..
288
2
18
17
Idabo .
124
Ada.
Alturas-
Bear Lake
Bingham .
Boise....
Cassia-
Custer..
Elmore.
Idaho..
Kootonai
Latah
Lamhi..
Loran....
Nez P'ercos .
Onvida.....
Oryhee...
Shoshone..
Washington
Mllinois--
124
48
12
75, 182
4,380
17
1,115
8,798
1,037
070
782
434
1,484
758
241
90
702
469
50
1, 160
1, 327
697
310
575
17
863
372
005
3, 003
2, 190
871
4, 892
242
128
229
21, 715
1, 907
183
696
227
2, 695
528
39
20
17
Thas Ra ca aala nons saoa tees Fla
16
70
59
Delaware.
Kent
Neweastle
District of Columbia.
The District...
Florida.
Alachua
Brevard
Clny.
Duval
Escambia.
Hillsboro.
Jnckson.
Marion -
Monroe-
Naseau
Orange.
P'utnam
St. John.
HORFo
272
00 00 38
37
35
91
108
20
H000
123
50
39
1B
18
i2
St.
1800
108
1880
17
437
1870
I.
18
2,007
131
07
121
11
110
70
278
144
28
130
36
55
214
201
740
INN-IN
22
7
8 /18s 30 0l/e 1/105
7%
ccres;
1O-HO
HECH
#15EINOCO
HNNH
571
172
+00
iз
5

===== 1890a_v1-13.pdf page 46 =====
438
COUNTIES.
Vanderburg
Vigo
Wabasli
Wayne.
Whitley.
Iowa..
mnit
STATISTICS OF POPULATION.
TABLE 16.-CHINESE POPULATION, BY COUNTIES: 1870 TO 1890-Continued.
1800
1880
1870
COUNTIES,
1890
1880
1870
COUNTIES.
1890
92
29
nued.
Maryland .
189
11
0s 10
178
1
HARNN
98-1
2:3
58
102
#LOCENOH
11
47
15
137
HowNE
SeTro!
2
Nº5
61
88
HHN
HeeHH
Hi
1
2
рннни
1 2đin thết (hà Han
до
IH FT T ON
St.
Baptist
St.
120
28
10
.Dl4-
C= N0 C0 00F
I0CT
838
489
CIC:H
10
20
Etie
EeNrgRS
5eti-t
4
94
142
95
23
108
13
1010:
27
89
10
17
coptit
gew
HHA
HION
14
2
Maine..
73
08
19
HISCONOH
IP TL
24
147
#20kO a
1880
220
20
25
131
whent*
10
24
1015
51
i
1870
87
70
c=r=
1G

===== 1890a_v1-13.pdf page 47 =====
Miarissippi-Continnet.
(irenila...
Harrison.
Hinds...
Holmes -
issaquena.
Sti mn Lan Tle snln nl anl bl dn hau bstl !
arke
Neagher
Nlissoula.
Park.
Silrerbow
Yellowstone.
Nebraska
Adame
Buffalo
Butler.
Cass .-
Cherry
Cheyenne
Clay
Colfax.
Dawes
Dawson
Doige..
Douglns-
Fillmore
Gлge.-
Hnll
SEX, GENERAL NATIVITY, AND COLOR.
TABLE 16.-CHINESE POPULATION, BX COUNTIES: 1870 TO 1890-Contiuued.
1500
1880
НННО
TNINS
409
10)
187
НаНН
2,582
02
28
12
18
138
46
602
150
405
28
1584
15
• 214
NIMGH
1870
28
01
1
1, 765
131
18
710
ET
62
359
200•
149
18
Iit
2
1
1,919
770
122
608
209
29
44
COUNTIES.
1890
1SS0
Nebraskn-Continued,
Hamilton
Harlin
Howard
Jefterson
Jolnson..
Nevada ...
111
Now Jersey
ndl.
86
NIN-
MNSON
ЯНИNН
2, 830
50
811
277
281
377
B-t
86
23
760
215
217
16
58
13
608
10
54
161
198
38
17
11
13
60
361
62
150
1,
88
2, 935
1970
5,416
83
159
613
212
633
520
387
100
300
66
988
03!
520
107
1+
170
100
äi
17
57
40
909
COUNTIES.
3, 102
16
23
430
56
220
218
23
110
*769
719
221
202
20
New York-Continued.
Chautanqua......
Cheinuny-
Columbia..
Cortland
Velaw'aro.
Ld A nt 000 dat lao C N
North Carolina.
Chowan
Forsytli
Guilford
Fertlord
Mecklunbury.
Now Hanover
Pasquotnnk.
Person .....-
Kobeson..
SurTy.
Vake.
Wayne
Tadkin
North Dakota.
Bufort
Burleigh
Cars
Dickey
Grand Forka.
Morton-
Ramsey
Richlnod
Sargent.
Stark .-
Traill.
Unorganizedterritory..
Ohio
Allen
Ashtabula
Athens
Belmont
Butler .
Champaign.
Clark
ColumbiaDa
Coshouton.
Cnyahoga
1890
1- #A#H
1580
439
1870
10
1,970
20
#E-t-5S
23
#21=
- HLSK
ama,
2113 0
19НP
28
7:31
12
8
183
#eSN+02
NCSGTI
3G
109
2
32

===== 1890a_v1-13.pdf page 48 =====
440
1y fund wnt nal tada hed lund hin ailt tia tied lnld at elt uet dlel aet
STATISTICS OF POPULATION.
TABLE 16.-CHINESE POPULATION, BY COUNTIES: 1870 TO 1890-Continued.
1800
1850
2t
aNNHM
ca121=
*=:
co1o
-$101010
MIÜHEI
25
II
9, 740
0, 510
398
95
80
1,177
23
787
53
2.317
D0
01
58
183
+1
28
97
320
1414
224
98
905
3g7
201
19
51
124
82
367
30
09
305
25
5. 184
25
261
1, 983
205
138
125
205
171
21
285
1,138
75
126
1870
#, 330
080
50
18
13
12
76
0-40
6H4
228
508
45
27
i
Kent
E:
1890
1880
1,146
126
=_=
22
10
ISEIHIO
N0co
13
doHHH
CIMONG
69
34
MENwn
195
+1000+
1870
148
25
wit:
"20
27
230
COUNTIES,
13
i2
South Dakota-Continuedl.
Hnghes......
Lawrence
Nende.
Minnchala
Pennington
Potter.....
L'odd..
Xankton
Tennessec...
Bradler
Davidson
Hamilton
Kuox...
Obion .
Roano.
Shelby
Smitli
Tosns.....
Anderson
Aransan..
Armstrong
Austin.
Beú .-
Jaok
1800
14
HNH
51
2
710
HENTIS
225
CTISJE:30
Erptsto
Hi le to.
=10
10
Eкo
1850
1870
2p20
10
25
186
15
10

===== 1890a_v1-13.pdf page 49 =====
COUNTIES.
Texas-Continned.
Robertson..=
nlttol
T'arrant
Taylor
Loni Gieen.
Travis
Valrerde
Victoria.
Washington
Webb......
Theeler
Wichita..
Wilbarger
Williamson
Wise....
Utah..
Rich
SEX, GENERAL NATIVITY, AND COLOR.
TABLE 16.- CHINESE POPULATION, BY COUNTIES: 1870 TO. 1890-Continued.
1890
1880
1870
38
40
14
806
117
06
44
260
131
12
100
32
01-H CC
55.
72
10
i
501
28
150
17
131
67
10
53
33
3
#5
30
COUNTIES.
1800
Virginia-Continued.
Henrico.•
Nansemond
Nortolk..
Petersburg city
Pittsylvania
Princess Anno
Roanoke ....
Washington.
Washington
tn m ln n M nl lu (1
12
ПHOH
3, 200
104
58
11
48
33
15
76
158
45$
гі
20
361
35
177
804
351
15
1880
1870
$, 180
28
06
216
149
13
+*****
170
155
11
219
282
68
550
512
11
580
32
234
1
13
1-1
12
19
15
42
21
COUNTIES.
West Virginin-Continued
Harrison.
Mercer.
Ohio
Woud
Wisconsin .
d 0a 10r A A0 M
Wyoming.
Albany
Carbon ..
Crook.
Fremont.
Jolmson..
Inramie.
Natrona-
Shoridan.
Swectwater
Uinta....-
Weston-
441
1890
1880
1870
THIM
110
HEMMД
2
3
10
165
28
349
18
91k
24
407
357
143
18

===== 1890a_v1-13.pdf page 50 =====
442
COUNTIES.
Arizou.
Pima.
Florida..
Allinois...
1590
1,147
12
36
24
2
13
500
10
27
26
71
10
18
CO 0O 50LO H +4
14
13
14
STATISTICS OF POPULATION.
TARLE 1%.- JAPANESE POPULATION, BI COUNTIES: 1870 TO 1890.
1580
1870
COUNTIES.
2
86
10
45
1
38
22
• 00
1890
Indiana.
allen ..
Marion.
Montgomery
Parke.......
/anderburg.
Iowa..
Poweshiek..
Kansas..
Chautauqua..
Cowley ...
sabette .
Yabaunsee
Kentucky..
Fayette .
Floyu.-
Shelby .
Louisiana.
Assumption..
Bast Baton Rouge
Jeltergou..
Orleans ••
St. Mary•
Naine.,
1ll lua 1
Michigan ..
Calhoun...
Hillsrale..
Ingham .*
Jackson...
Kent ..
Lenawee.
Marquette
Ottaza...
Washtenaw..
Wayne..
Minuesota.
Hennepin
Ramsoy •
nade.
Mississippi .
1SS0
18
18
39
#M105#
18
HGI
SINN
38
1870
1
1
i
10
COUNTIES,
Montana ..
Beaverhead
Lewis and Clirke
Silverbow.
Nebrasku --
Torgs:
Nevada ...
111 (t 41
iro..
Tork
Ohio ..
Columbiana
Cuyahoga ...
Delaware
Frunklin.
Guernsey .
Bamilton
Hancock
Huron..
Kuox
Lawrence
Medina ..
Simmit..
Waslington
Orogon..
Linn ---
Marion..
Multnomall
Washiugton
Yamhill....
1800
1880
13
22
=N-+-
1
118
7-L
i
22
HeSM
ніN
25
1870
17
10
10
1

===== 1890a_v1-13.pdf page 51 =====
COUNTIES.
Pennaylranin .
Allegheny
Blair....
Carbon-
Chester
Crawforil
Cumberland.
Delaware.
Erio..
Fasotto..
Lackawanna .
SEX, GENERAL NATIVITY, AND COLOR.
TABLE 17.-JAPANESE POPULATION, BY COUNTIES: 1870 TO 1890-Continued.
1890
1980
32
1870
1
COUNTTES.
Tennessee...
Blount ..
Hamilton ….
Lewis.
Montgomery
Texяч..
Cameron
Dalas.-
T'armnt
1890
18S0
1870.
ПHАа
Weber
COUNTIES.
Washington...
Jeftorson
King .-.
Kitsap.
LeiTis.
Pierce..
San Juan.
Skagit -.
Snohomish
Spokane.
W nllavalla
Whatcom.
West Virginin
Berkeloy
Mlonongalia
Wayno.....
1890
300
22
127.
35
58
23
16
-L2HCI
14H9995
443
1SS0
1570

===== 1890a_v1-13.pdf page 52 =====
444
COUNTIES.
1à da den 100 1 dn da 40
Lre
ula ite lusb alld der ad A alr lee
STATISTICS OF POPULATION.
TABLE 19.-CIVILIZED INDIAN POPULATION, BY COUNTIES: 1870 TO 1890.
1800
759
116
173
mI- D0
* HOI
402
1, 512
904
138
124
218
-NOIT
10011т
HLIL
1H9+0
1880
1S70
213
38
23
Ca LS
3, 493
1,819
280
166
28
05t
105
38
3
16
1 50 La
1N1
COUNTIES.
1890
98
Arkansas-Continued
LOunett .
Polk
Proirie
Pulasli
St. Francis...
Saline.
Scott...
Sebastian
Sevier....
Sharp
Stone
Wnshington
White.
Tell..
48
California..
2
17
31
19
89
Alameda...
alpine...
Amador •
Butte ..-
Calaveras
Colusn
Contra Costa-
Del Norte.
Eldorado.
Fresno .
Humboldt
Inyo....
serh..
Klamath
Lake ....
Lassen..
Los Angeles:
Marin.
Mariposя.
Mendocino.
Merced
Modoc .
Mono.
Monterey
Napa-..
Nevada
Orango.
Placer
Plamas
Sacrimento
San Benito
Sau Bernardino
San Diego......
San Francisco.
San Jonguin .
San Luis Obispo
San Mnteo ...
Santa Barbara
Santa Clard .
Santa Cruz..
Shasta
Sierra.
Siskiyou.
Solano ..
2020M1
Stanislans.
Sutter..
Tehama.
Trinity .
Tulare.
Tuolumne
Ventura.
Yolo ...
Yuba
Colorado.
Arapahoe
Bent
Boulder
Chaffee.
Conejos.
Costilla
Guster .
Dolores..
Douglas.
El Paso.
Fremont.
Gilpin....
Hinsdale..
Euerfano
Lake..
11, 517
25
224
58
319
277
370
130
347
1, 379
850
387
556
835
• 144
152
581
30
499
368
58
15
159
374
40
399
698
10
710
207
101
193
178
218
107
1880
16
10,277
103
353
17
411
193
79+
1,935
037
332
774
380
310
162
18%
1, 265
404
85
222
64
101
538
14
81
658
1, 702
34
1, 087
12
498
21
330
167
201
118
347
80
154
21
100
1870
COUNTIES.
+D0
Colorado_Continued
La Plata
Larimer.
Las Anim
Otoro .
Onray
Park..
Prowers..
Pueblo...
Rio Blanco
Rio Grande
Routt.
Ralnehn
7,241
111
Connecticut..
Tairfield
Hartford
Litchtield
Midlesex.
New Enven
New London
Tolland..
Windham.
424
784
2, 685
76
311
585
61
23
210
126
84
542
37
201
66
Delaware
Kent.
Newcastlo
Distriet of Colunabia
Tho District .
Florida..
Brevard.
Dado-
Escanbia
Hernando.
Hillsboro
ова.
yton
20
140
117
180
11
34
17
31
1890
₴*
M-MTI
228
31
18
105
==
25
171
28
134
1880
48
255
73**
1870
i
235
15
10
IoSStH
08
180
16
ECEA2
20
124
12
40
2

===== 1890a_v1-13.pdf page 53 =====
SEX, GENERAL NATIVITY, AND COLOR.
TABLN 18.-CIVILIZED INDIAN POPULATION, BY COUNTIES: 1870 'TO 1890-Continued.
COUNTIES.
1890
1880
1870
ed.
Perces
1
100
23
10
81
19
HEHIT
100E0
343
20
i
165
22
15
13
140
13
29
i1-
1
47
32
1
246
34
240
21
COUNTIES.
1800
1850
1870
COUNTIES.
Indiana-Continued.
Clark.
Clay..
Clinton...
Daviess .
Dearborn.
Decatur..
Dolnware.
Elkhart..
Floyd.
Gibaon-
Grant .
Grreene.
Himilton.
Hendrieks.
Menry-
Huutington-
Jetterson..
Jennings.
Knos.....
Iporte
Lavrence
Marion...
Miamni..
Alontgomery
Noblo
Ornngo.
Latkse
Randolph
Rush.....
St. Joseph
Tidton
Vanderburg.
Vigo.
Wnbash.
Warren .
Washingtor
Wayno..
Iowa.-
Boone...
Bremer...
Buchanan
Cedar....
Clayton ..
Olinton...
Davis
Dubaque
Fromont .
Harlin .
Harrison
Henry
Jatd...
Lucas ...
Madison.
Marion.
Marshad
Mohonn
Monroe.
Polk..
Pottawnttamie.
l'ama.-•
Wayne.
Winneshiek-
Woodbury..
Knnsas.
Allen...=
Atchison
Barber .
Bourbon.
Browvn.
Butler.
Chase
Chautauqua..
Cherokee.
Clay --
Coffey
Cowley
Craw forl,
Dickinson
Doniphan
Douglas
Ellis
Tellsworth
Ford
Prunklin
M9N3
48
G0
COM-EH#
16
736
+-1=
it-
440
1S00
"i
109
3
10
16
i
406
i
2
BD
815
нна.
145
1
18
10
18
911
* 1O
00 M
60
Kansas-Continued.
sM All Aa D40 L1 Lu0
Kentucky..
Barron
Boyd.
Campboll.
Casey
Christian
Crittenden
Fayette
Floyd..
Fulton..
Graves-
Harlan..
Tackson-
dorterson.
Johnson.
Knox..
nhat ha Ddd
Catabonhn
Clniborne
Concordia .
De Soto .
Dast Baton Rougo.
East Carroll.
Tranklin.
Grant ---
Iberin.
Iberville
Jettorson.
Lafayette
Lincoln .
Liviugston
Madison....
Nntchitoches.
Orlenns .
Plaquemines .
Pointo Coupeo.
Rapides....
Red River.-
Sabine
St. John the Baptist..
18
17
001
22
14
HOEH
i
627
10
DiMAGO
1880
445
1970
2
~223
2
30
50
i
i
11
818
158
31
"150
1
360
56
108
12
84
2
569
105
i*IG
00ML59+
10-k
ii

===== 1890a_v1-13.pdf page 54 =====
446
STATISTICS OF POPULATION.
TABLE 18.-CIVILIZED INDIAN POPULATION, BY COUNTIES: 1870 TO 1890-Continued.
COUNTIES.
Louisiana -Continued.
St. Landry....
St. Martin
St, Mary ..
St. Tammany.
Tangipahoa.
Tensas..
Terrebonne
Vermilion .
Washingtou
Wehster ...
West Baton Rouge.
West Foliciana.
Wiun
Maine.
Androscoggin
AFOOstUOk.
Cumberland.
Franklin.
Hancock ...
Knox.
Liucoln...
Penobseot-
Piseataquis
Sagadaboc.
Somerset -
Washiugton
Iork...
Maryland
Annc Aruntel.
haltintole
Baltimore city
Carroll
Cecil.
Charles.
Dorchester
Montgomery ..
Prince George
Talbot …....
Wurcester...
Massachusetts
re
20
24
12
T.
26
Michigan..
5, 694
7,249
1, 026
Alcona.
Alger .•
28
Allegan.
Alpent
120
12
Antrim
02
6.1
Arenac.
Baraya..
Barry ••
bay.
181
120
287
92
119
528
Benzie
279
Berrien
Calhoun.
Cass
45
66
43
Charlevoir
222
Cheboygan.
132
201
103
Chippewa.
441
788
Clare...•
3
Clinton.
Crawford
Delta..
10
217
Eaton--
Emmet..
ttenased
914
158
1, 107
26
88
50
58
213
163
784
"i5
i, 100
17
Gladwin
55
Gogebic
1800
1880
1870
COUNTIES.
Michigan-Continued.
120
13
32
00
13
132
34
15
213
83
Grand 'Iraverse..
20
Gratiot....
50
Hillsdale...
Honghton..
Hurou ..
199
Ingham
Ionia..
Iosco..
Iron.
Isabella
Jackson....
Kalamazo0.
Kalkaska..
Kent.......
Kewveenaw
559
625
iї
10
499
Lake..
Lapeer -
Leelanar
Lenawree...
Livingston.
Luce
Mackinac ..
Manistee...
387
37
89
41
461
21
Manitou..--
Marquette-
Mason
Mecosta.,
AIenominee.
Mridland....
Missankee .
Monroe ...
15
Montmorenes
Muskeuon
Newaygo..
10
28
Onkland
Occana-
Ogemaw....
Ontonagon.
Osceola™
Oscoda..
Ottawra.
Presque Isle
Roscommon.
Saginaw..
St. Clair.-
121
146
13
183
13
369
100
3G
151
St. Joseph.
Sanilac.-
Schoolcratt..
41
******?
Shiawassee--
Tuscola.....
Van Buren .
Washtenat.
Wayne.
Wexford
13
Miunesoto ..
Mitkin ..
Anoka --
Becker.
Benton
Bigstone.
Blue Earth..
Brown ....
Cariton .
Cass .
Chippewa..
Chisago.
ClY
Cook -Ting•
Crow
Dakota….
Douglas.
Freeborn.
Goodhue
Grant….
Hennepin
Anbbard.
Isanti..-.
Itasca....
Kanabec
Kittsun •
Lac qui Farle
Lake....
Lesuenr
Lincoln..
Millelacs..
1890
35
10
e co
50
2
355
22
295
13
261
289
149
87
72
165
362
230
129
42
121
10
na agen
s dist
10
271
21
51
13
282
180
593
i9
1G
14
126
2
11
12
1, 888
233
178
25
66
28
135
52
60
10
28
05
21
1880
1870
Haco0+
39
57
+2
171
cE =o
37
52
800
129
$+7
71
2:3
85
284
11
1at
64
1e 3
31
1
2,300
57
749
35
12
120
25
38
24
50
09
25
11
82
78
21
373
Ecsrt
139
600
160
12
1U0
31
18
in
17
i8
COUNTIES.
Minnesota-Continued.
Murrison.
LUITA'
Ticolle
Ottertail
Pine ..
Polk :
Ramsey
Redwood
Rice..
St. Louis
Scott.
Stearng
Steele
Stovens
Swil't.
Todd..-
Iraverse.
Wabasha.
Wadena.
Wascea.
Washington
Wilkin...
rellow Medicino:
Mississippi
Adams.
allite.
Attala
Calhoun.
Carroll
Choctaw
Claibome.
Clarke..
Clay.---.
Coaloma
Copiah .
Covingt n
De Soto..
Frunklin
uleent.
Grenada.
Hnneock
Barrison
Hinds ..•
Holmes
Jackson.
Jasper...
Juflorson
Jones..
Kemper.
Laudordale.
Latfrence
Leake .•
Loflore
Lincoln..
Madison..
Marshall
Monroe..
Montgomory
Neshoba.....
Newton .
Oktibbeha
Panola .
Perry .
Pike ..
Rankin.
Seott.-
Sharkey..
Tallahatchie
Warren
Wayne...
Wilkinson
Winston .
Iaz0o..
Missouri ..
Andrew.
Atchison
andtrain.
Barry .
Bates..
Benton..
Bollinger..
Boone ...-
Buchanan
Butler...
1890
49
185
IG
12
101
14
35
120
54
15
18
2, 030
1880
1870
12
15
171
163
26
28
53
124
17
Snom
10
10
13
о6 •
13
809
ононt
Sierost
179
t cnta
1*
+85
623
349
38
128
12
127
18
1, 857
cn8:
i2
2
10
20
82
E+
13
1
116
822
***I
80
47
118
185
317
295
rs.
75
1

===== 1890a_v1-13.pdf page 55 =====
Ray
St.
Ste.
St.
COUNMIES.
inued.
Madrid
ive.
ndl
i Clarke.
SEX, GENERAL NATIVITY, AND COLOR.
TABLE 18•-CIVILIZED INDIAN POPULATION, BY COUNTIES: 1870 TO 1890-Continued.
1800
i
8
13
2
ht pe tna
10
10
31
800
2, 893°
107
89
COH
625
201
1880
1870
COUNTIES.
1890
i
10
11
12
2
1, 608.
157
18
15
00 :00
D21
18
14
8,551
0, 772
15
31
25
3,469
4,400
17
15
366
18
86
794
210
458
00 ÷
70
235
87
61
Nebraska-Continned.
Platte .....
Richardson.
SarDy
Saunders
Sioux ....
Thurston.
Nevada
Belknap.
Carroll.
Cheshire.
Coog
Grafton
Millsboro
Morrimack.
Rockingham
Sullivan..
New Jursey
87
us.
na.
cENo.
1
I,808
3, 599
230
117
301
401
425
882
885
+14
184
100
303
288
16
IIMON
25
499
15
589
1+
505
3,374
726
Ei00 ztia
1880
1870
COUNTIES.
38
2, 803
872
308
288
211
224
416
50
127
114
331
280
68
15
12
10
309
512
3, 297
819
10
→Seos:
2:1
ii
28
13
16
1800
New Jork-Continued.
Franklin-
Multen ...
Genesee.
Hamilton.
Herkimer .
Tellerson
Kings...
Lens .
Livimaston
Madison..
I 000 TPT
Saratoga ..
Schenectady
Schoharie.-
Schuyler..
Seneca ..
Stouben.
Suflolk.
Fioga.
Tompkins.
Uister...
TVarren
Vanhington.
Wayno...
Westchester
Wyoming-
Yates ..=
North Carolina..
Alamanco
Alleghany
Anson...
Ashe...
Buncombe.
Caldwell.
Canden ..
•Cherokes.
Craven...
Cumberlanl.
Duplin..
Edgecombe.
1,309
111
Forsyth
Gastön..
Graham.
Granville.
Guiltord..
Halitax-
Harnett
Iredell
52
310
117
t1
76
+7
281
242
Jackson.
Macon
Mecklenburs
Mitcholl.
Moord...
Now Banover
Orange-.
Pender -
Pitt.
Polk
439
Robeson..
Rockingham
Rowan
Rutherford.
Sampson -.
Swain..
Vanee--.
5o ià eT
Iare.
Tancey •
+:
North Dakota-
Benson..
Billings .
Buford
Burleigh
Cass ....
00 HN oc
25
G2
3
81
23
52
62
22
30
17
25
wwtn
12
1,514
151
314
174
700
194
1020%
447
1880
1870
Faon
$1
10
18
GU
18
3U
30
11
20
i
Eeat
1, 230
11
180
10
377
18
12
33
141
59G
85
60
@l:0GI
i
162
10
3
11
1,211
483
711
39
813

===== 1890a_v1-13.pdf page 56 =====
448
STATISTICS OF POPULATION.
TABLE 18 -CIVILIZED INDIAN POPULATION, BY COUNTIES: 1870 TO 1890-Continued.
COUNTIES.
1590
1SS0
1870
North Dakota-Continued.
1aw11r......,..
Dmnons
Grand Works
Modenry ..
Aforton.,
Nelson ..
Pembina
Raunsey.
Htichland.
Sterens.•.
Fallace.
Wallette .
Williams-
Unorganized territury-.
Ohio..
10 Aod d00s Cod 200 Aco Anh C00 CO0 2a1
ry
n.
Oklahoma .
Hleveland
Logan...
Oklaboma.
Oregon..
Baker.
Benton.
Clackamns
Clatsop
Columbis
i
183
14
=1-
14
22
000s
=H
18
29
462
16
130
10
•MNiO
23
COUNTIES.
1890
1880
1870
808
Oregon-Continuel.
Coos...
Crook .
Curry
Douglas
Gilliam..
Grant .
Harney
Jackson.
Tosephine.
Klamath .
Lake.
Lano..:
Liun ....
Malheur
Marion..-
100
i
27
Elk
Northampton .
Northumberlant
Philadelphia-.
Schurlkill.
Somerset.
Venango....
Warren
Washiugton.
Westmioreland
Wyoming.
Tork.
13
Rhode Island.
18
Brietol
Kent.
Newport.
Providence.
Washington.-
I0
South Carolina-..
Abbeville..
Aiken.
Barnwell
Beaufort ..
1,258
1.694
318
Charleston
Chester
53
29
80
117
Chesterfeld
Clarendon...
88
Colleton
Darlington
a Estimated to have been within the present limits of North Dakota.
114
121
120
28
27
28
23
12
63
01
219
28
40
100
083
30
370
190
iii
270
35
72
122
38
61
24
50
21
184
#r1
30
2
26
33
COUNTIES.
1590
1880
Sonth Curolina-Continned.
Edgetield.
Florenco.
Georgetow'n
Grecnvillo.
Hampton..
1d mll Lia dd ant
Hanson
Hughes
Flufehingon
Hydo.....
LATFrence
1lall..
Minnchals
Mloody
Nowlin
P'yatt.
Spink
stanley:
Starling
Sully
lodd.
Union.
Wulwortl
Yankton
Ziebach..
Port Sinsoton
Sissoton and Valipotor
Indian rosorvation.
Unorganized torritory.
"i
782
28
109
9-+9 875*=
302
02
13
795
758-1
182
120
10
102
*10
00=2291
Tennessee..
140
H62
Anderson .
3
10
180
Bodford ..
Bledsoo..
Blount ..
Bradloy
32
21
Canapboll
77
15t
Canuon..
Carter..
Cheatham.
Cluiborne..
111
178
21
131
33
115
124
Cocko...
Cores.
Crockott
Davidson.
Dekalb..
Dyer
Iranklin
Giles...
Grainger
Greent ..
Hamilton.
Hardemnn
15
12
2i
Hardin..
Hnwkins
31
Hnywood.
13
6 Estimated to have been within tho present limits of South Dakota.
1970
20
487
14
51
ii
70

===== 1890a_v1-13.pdf page 57 =====
SEX, GENERAL NATIVITY, AND COLOR.
TABLE 1S.-CIVILIZED INDIAN POPULATION, BY COUNTIES: 1870 TO 1890
-Continued.
COUNTIES:
1890
1880
1870
COUNTIES.
Tennesвeв—Continued
Jackson
James..
Jetterson
Jolinson
Кпох..
Lake .
Lincoln.
Loudon.
MeMinn
Macon.
Madison
Alarion
Mlaury
Meigs .
Monroa
Montgomery
Polk .
Rhen-
Roano.
Robertson.
Rutherford
Seguatchie
Sholby
smlith
Stowart.
Sullivan
Sumner.
Tinton -
Union..
Van Buren:
Warren..
Wushington
Weakley..
Whito ....
TYlllianson
Wilson...•
Toxas.
Armstrong-
Atascosa..
Bastrop -.
Bc0
Boll.
Bexzl'.
Bowio.*
BrAzos
Brewater.
Brown --.
Burleson
Unldwell
Cnllahau
Cameron
Camy .-
Cass
Chambers
Cherokee.
Coke...
Collin.
Cooleo.
Dallay,
Danton-
Jonley
Juval
Eastland
El Paso
Erath
Talls
Fannin.
Tayotte .
Fott Bend
Franklin.-
Creeatone
Galveston.
Gillespie.
Goliad
Gonzales
Grayson.
Grogg-.
Grimes.
Guadalup
Hamilton
haltiS
Harrison
Нлyд-•
Henderson
Hidalgo.
Hopkins
Houston
сoOH
ннст:
NH.
70k
51
18
3
80
СOTH
38
ПTHAM
POР-
42
00-100
27
i5
992
i
290+0
200
#N0:
66
1000
0710
#10:
Texas-Continued.
is
i
les.
879
-18
stine.
=:
130
25
12
Tarrant
I'aylor ..
Titus.
T'om Greer
Traris...
Trinity
Iyler..
Upahur
Valverde
Walkor .
Waller ...•
Vnshington
Wharton..
Wichita..
Williamson
Nood..
Zapatn
Utall.-
Bсaтоr.•
Boxelder.
Cacho..
Davis..
Innory
Garfield.
Iron-.-.
Juab.
Kane.
Millard
Piute ..
Rich
Rio Virgin
Sait Lake
San Juan.
Sampeto -
Sevier.--
Stmmit
Tooele.
Uinta.
Utah..
Wasatch.
• Waghington
Webor.
1890
1880
1970
12
35
3
12
1º1010.
17
No 60,
608
173
00 04
+9
40
53
02
18
12
2
2
121
oroxi
807
152
2
15
21
12
CONN
ст1ю.
32
2
10:
179
12011-80
15
12
COUNTIES.
Fermont..
Addison.
BenningtoIl
Caledonia
Chittendert
Essex-----
Grand Isle
Lamoille
Orleans.
Kutland-
Washingtou
Tindsor --
Virginia..•
Amberst - -
Augusta -
Caroline.
Carroll -
Charles Citr
Chestertield
Culpeper ---
Dinwietie dity
Elizabetl
Essex -.--==-.
Giles..
Gloucester*
Goochland
Grarson..
Hanover
Henrico
Isle ot Wight
King and
SuLeer
King
William
L0t.....
Louisa
NewKent-
Norfolk .-
Northamptom
Northumberland
Prince George.
Pulaski .-=---
Roanoke.
Rockbridge
Rockinglam
Southamyton
Washington.
Wythe..--
Washington..
Asotin.-=
Chehalis.
Clailam.•
Clarke
Columbia
Cowlitz -
Franklin
Gartield.
Ialand.
Deferson
King-
Kitsap-
Kittitas -
Klickitat
Lowia..
Lincoln
Muson...
Okanogan
Pacific .
Pierce..
San Juan
Skagit -
Skamania
Snohomish
Spokane- •
Stevens ---
Tharston
Wahkiakun
Wallawalla
Whatcom -.
Whitman
Yakima-•
West Virginia-
Berkeley
Grant--
Greenbrier
Hancock .
Harrison
1890
34
18
1.
8
849
+9E:
8,655
186
171
80
10
185
301
207
160
104
70
82
218
31
B11
87
810
102
68
449
1870
14
1880
11
2
85
220
12
13
N4.
-1.00 10
4, £05
82
08
13€
10
138
650
118
•18t
181
122
160
210
389
"85
313
130
182
181
6-1
45
358
212
29
117
1
22.
1,810
82
68
13
111
244
11
124
178
72
65
125
89
78
61

===== 1890a_v1-13.pdf page 58 =====
450
COUNTIES,
Weat Virginia-Continued.
Jetlersob......r.r....
Lewis
Marshall
Mason....
Nicholas
Ohio
1 (0 1060 1440
STATISTICS OF POPULATION.
TABLE 18.-CIVILIZED INDIAN POPULATION, BY COUNTIES: 1870 TO 1890-Continued.
1890
3, 885
18
40
304
732
81
165
134
1880
10
3, 161
26
178
252
03
266
413
192
10
10
-953*
1370
COUNTIES.
1500
1880
Wisconsin-Continned.
Cauelaire
Fond du Lac.
Forest
Green Lake
Iowa.
13
12
119
1, 200
44
95
65
128
597
25
48
20
1870
78
95
28
35
90
109
212
22
35
105
60
COUNTIES.
Wigconsin- Continuod.
Richland....
Rock..
St. Croix
Sauk.--
Sawyer.
Shawano..
Trempenlean
Washburn
Waukesha-
Waupacn.
Wausharn.
Winnebago
Wood….
Wyoming
01'
1800
1880
390
12
30
CI51
1B
10
278
13
12
01
18
1.10
10
BD
•*1i?
1970
HEEN
83
30
18
135
17
00
8
13

===== 1890a_v1-13.pdf page 59 =====
SEX, GENERAL NATIVITY, AND COLOR.
451
TABLE 19.-POPULATION BY SEX, GENERAL NATIVITY, AND COLOR, OF PLACES HAVING 2,500 INHABITANTS OR
MORE: 1890.
[T'his table gives the population of' all places, incorporated and unincorporated, in the United States having 2,500 inhabitants or more, so far as they have beer
returned by tho census emumerators separate from the population of the township, precinct, district, ete., of which they form a part.
In the Now England states
the population of towns having 2,500 inhabitants or
more has been used, except in Connecticut, where, in the cast of cities or boroughs having 8,000 imhabitants
or more wrhich have beon separately returned, the population of the city or borough and nut that of the town is given.J
SEX.
CITIES, TOWNS, VILLAGES, AND BOROUGHS.
TN a md pgy m
Selma
Troy
Arizona:
Phenix
Tucson
Arkausas:
Caiden
Euroka Springs
Iayetteville….
Fort Smith
Helena..
Hot Springs
Little Rock.
Pine Blut'.
Texarkana (() -
California:
Alameda.
Bakersheld
Berkeley -
Chieo._..
Eureka.
Fresno .
Los Angeles.
Vard
iL1
Ward
W
aidl
TFa3
Ward
Wuril
Ward 8
Ward9
Mlarysrille
Napa....
Nevadu city
Oakland
Tard 1
Ward:
Ward 3
Ward 4.
Warl
Ward 6
Ward 7
Pasadena.
Petalama-
Pomoua
Reil Bluft.
Riverside
Sacramento
San Bernardino
San Diego....
Male.
Female.
sast tas nis
8,380
2, 038
1, 768
1,610
3,
118
1,015
082
1, 880
1,071
2, 801
1, 300
755
1,400
5, 999
2, 555
1,250
12, 902
5, 180
1, 781
5,574
1,760
2,740
500
2,583
6, 790
20,224
2,
338a
108
1, 015
3.781
+,228
1, 901
2, 970
2, 277
1,340
21,755
6,800
rIco:
556
878
404
$15
2,511
4, 101
2, 338
1.807
1,816
1, 344
2, 530
15, 271
199
8, 696
1, 056
1, 001
12, 363
1,368
2,450
2.778
1,136
1, 458
1, 607
4, 205
HFSOH
GE3 2008
NHHANTНE
SAEEEEES
CEESE
HIET
2.
1,818
1,264
2,114
11, 115
813
7,463
NATIVE AND FOREIGN
BORN.
COLOR.
Native,
Foreign.
White.
Nogro,
Chinese.
Japanese.
Civilized
Indians.
9, 662
Ha tnct m min
HCNNSCO
2Bag
37, 648
109T0
, 304
1OSETIO
FES
EEEESSE
NONH
cơ co cọ
336
238
1, 652
98
G0
55
49
128
Gafg EeaEe
Bae aoãe fateco doe sace aranad daaeao
6, 399
2,210
14, 900
1,313
1, 070
2,877
1, 827
1,400
3,403
SSEE CAE
3,597
2,2017
11, 254
1,1.19
2,423
1,071
,40
1,50:
1,
ges8e
12,
2,
SE5R3E0
1,
TEРN
3
12
DONOCOI
nifer wf
1,
433
MHC MEESONE HHT CEES SEEEE
E: 5
Hino
183

===== 1890a_v1-13.pdf page 60 =====
452
STATISTICS OF POPULATION.
TABLE 19.-POPULATION BY SEX, GENERAL NATIVITY, AND COLOR, OF PLACES HAVING 2,500 INHABITANTS OR
MORE: 1890-Continued.
SEX.
NATIVE AND FOREIGN
BORN.
COLOR.
OITIES, TOWNS, VILLAGES, AND BOROUGHS,
California-Continued.
San Francisco.........
Assembly district 29
Assemblf district 30
Assembly distriet 31
ABsembly distriet 32
Assembly district 38
San Jose
Tulare
Vallejo.
Visalia..
Woodland
Colorado:
Aspen.-
Bessemer.
Boulder
Canyon.-
Colorndo Springs.
7.
Briageport
ard 1
Ward 2.
a1d
Ward 5.
Ward 6.
Bristol...
Brooklya.
•Canton
Colchester.
Danbury -
Dest Laddam
East Hartford
East Windsor
Lnfield
Fairfield...
J-hetalnnrTom
Glastonbury.
Greenwioh (a)
Griawold.
i-roton .
Guilford.
Hamden.
Male.
Female,
Native.
Foreign.
White.
Nogro.
Chinese.
Japanese. Civilized
Indiang,
169, 800
5, 073
5,770
23, 502
9, 956
6,908
6, 353
5,774
5, 507
0, 079
6,744
6, 808
7, 602
9, 376
10, 251
7,826
11, 124
7.454
6,071
809
10,523
9, 190
NHHH.
687
1,497
2,
920
2, 596
T, 950
1,497
8, 799
1,708
1,588
HNIo
909
113
1,
730
745
5, 022
60,
4,
5,
8, 400
6, 458
710
686
ESGE
24,
COHHHEO
НNH
SEENE
1,
866
138
750
5,
105
NHOH
CHCE
129, 197
2,188
4,162
8,330
0, 632
6, 540
5,876
3,974
3,074
5, 211
5, 680
6,341
7,275
8,877
10, 721
0001=F
3858
NHOO
SCE2SS:
5.028
1,178
1,
778
2, 015
24, 620
8,167
6,
574
2,448
4, 068
3,
867
4, 505
3, 702
1,347
1,
215
1,521
8,539
8, 028
1,
323
2,215
1,468
3, 823
2,002
1,746
1, 707
5, 026
1,.580
822
1, 395
1,824
The
500
BAAN HONNE CHaOa
PONNH
587
963
934
SESES
587
830
272
0UU
234
790
506
379
429
126, 811
3, 798
4, 40.1
22, 051
8, 877
Б, 426
4,441
4, 012
8. 091
4, 912
4,647
4,747
5,191
6, 088
7,318
5, 499
as gie inan
989
2,
3, 757
1,181
HgE CRaa2E
38958
789
673
578
2,482
1, 003
270, 696
8, 964
9,706
6, 196
14, 889
13,100.
11, 886
9,296
8, 788
11, 559
12, 079
12,897
14, 762
17, 610
20,429
10,610
1,847
56
1.07
62
418
18*
189
193
97
76
,60
141
213
EoeerNo
Ng cạ
041
SaNg
8a39:
HSERE
8288358
9, 970
589
3, 857
1,127
47, 979
382838
cocoço
aNErCo
8E88
159
481
175
200
1,
EeE3
12
IEEE:
coNg:
43
20
13
15
26
75
66
Đ° b0:
CE#NO
HNA
ННКВ
10го
о08:

===== 1890a_v1-13.pdf page 61 =====
SEX, GENERAL NATIVITY, AND COLOR.
453
TABLE 19.-POPULATION BY SEX, GENERAL NATIVITY, AND COLOR, OF PLACES HAVING 2,500 INHABITANTS OR
MORE: 1890-Continueđ.
SEX.
NATIVE AND FOREIGN
BORN,
CITIES, TOTVNS, VILLAGES, AND BOROUGHS.
Male.
Female.
Native.
Foreign.
ConnectieutContinued.
10
11
18.
Delatare:
Doter-
Newrcastle
Wilmington
Ward
Ward
Ward
Lả có tcủ
Ward
Ward
Ward
Ward
12.
20, 019
2,895
$, 008
8, 160
3, 4-43
2,305
2, 824
4, 611
2, 693
2, 005
3,351
1, 619
3,923
11, 062
+, 268
1,859
3, 050
8,316
1, 297
1, 526
10, 487
2,870
2, 8-7
4, 890
5, 400
2,217
3, 000
4, 272
2,081
$, 072
681
312
3, 209
6, 013
1,911
1, 819
8, 526
7,408
2.888
2, 272
472
1, 257
8, 004
1, 088
1,071
2, 782
262
7,02%
B, 489
1, 255
1, 630
1,670
2, 770
3,185
4,258
3,355
14,226
2, 797
2, 372
307
1, 750
1,
356
Тсбон.
822
889
341
1,303
2,160
30,814
1,155
868
2, 591
2, 105
3, 478
636
873
4,296
2.374
2,590
1,303
1,250
27, 211
2, 540
5, 324
3,241
4, 083
1, 977
2, 720
4, 713
2, 007
J1101
8.076
1. 685
4,299
10,500
404
1, 634
10.801
062
3,
380
824
Б, 125
8860
FcáNeS
HaRa8
55 60
3,418
гітіойсіоо
asens
810
FaisûTfi
HERER
n-itс
1, 698
1, 850
30, 617
1,331
2,372
2,562
1,925
CỖ CỦ TH Cá
38, 774
3, 047
7, 505
1,711
5, 750
2,743
3, 099
7,801
3,080
3,128
5, 166
2, 711
6, 090
14,773
ссógiої
SREREE
GniÓt
ROEES BEAG
2at3
81678
CCÓNA"T
сіitá
KNGci
815
3,241
4,218
5,004
4,977
19, 008
4,101
4.088
5.090
5, 731
2,300
2. 901
6.018
5, 065
2.487
1, 862
2, 904
8, 407
52, 382
2, 228
4.225
4, 229
8, 313
6,110
4, 985
1,
ASES
oá-ti-ieú
a 'The town.
14,450
904
2, H27
1, 057
1,771
1, 539
2,415
2, 008
1, 070
878
1,801
603
3.182
6, 870
MiIS
1,
8E8F88
22
28885
Hойон
1,
ta taede
SaN8A
8875
оi-ea-
==-cács
603
3930E 8008
#885
COLOR.
White.
Negro.
Chinese.
Japanese. 'Civilized
Indians.
51,776
4, 879
9,
598
6, 264
7, 459
#, 099
5, 107
8, 961
5, 189
3. 042
6, 080
3, 268
8, 191
21, 408
oosácgaim
TTisg
795
$688
5150015
N15÷0
RENNA
E305
TNiCò
HA3E3
, 370
277
Tsúre
GH6
V5 LÁ CÔ C5
BanG
CvÁ xÓ CÓ =
eieácdeeieï
3S6F88
34 GEE 603
698s
1,400
839
131
64
171
131
401
108
55
47
$5
227
SERE9
$F798
RESN
30-9
85F38
898
Eader
051
3
ganse
O0I-TST
10-FM
I1
:9A
uі → 5100
5
8
i
do sà n

===== 1890a_v1-13.pdf page 62 =====
454
STATISTICS OF POPULATION.
TABLE 1D.-POPULATION BY SEX, GENERAL NATIVITY, AND COLOR, OF PLACES HAVING 2,500 INHABITANTS OR
MORE: 1890-Continued.
SEX,
NATIVE AND FOREIGN
BORN.
COLOR.
CITIES, TOTNS, VILLAGES, AND BOROUGHS.
Male.
Female.
Native.
Foreign.
White,
Negro.
Chineso.
Japanese.
Civilized
Indlans®
District of Columbia:
Washington...
Florida:
109, 584
120, 808
211, 622
18,770
157, 695
152
88
75, 572
D1
25
St.
1,458
1,460
1, 351
8,
, 403
9,205
1,454
1, 472
1,
510
5, 865
2, 324
1,
358
3, 001
1,269
1, 343
1,489
8, 798
8,815
1,450
1, 384
1,529
5, 865
2,418
1,570
2, 441
2, 575
2, 050
2,702
16, 137
7,031
2,700
2, 691
2, 867
10, 802
4, 419
2, 871
3, 748
165
172
948
329
63
1,517
1, 077
7,370
12, 390
1, 522
1, 822
1, 471
6,001
2, 09%
1, 181
8,900
1, 210
1, 722
1, 599
9, 801
5, 6o4
1, 381
1, 081
1,561
5,743
2, 040
1,758
1, 607
22
MHON
1,908
3,221
D, 964
3,
15155
15,
2,
SдEE8
3, 901
6, 346
8, 501
662
8.880
52
135
Ward 2
Ward 5
1,
Foncaeor
Пійоїтті
76988
4, 505
LNNTTiNN
' 411
Eaesinng
B9E5SE
2, 584
8, 955
4,182
28, 098
6,
,749
238
3, 890
390
, 172
4, 055
1, 998
1, 406
11, 126
1,562
1,495
1,
352
B, 316
20, 729
2,474
403
236
1,775
3SE3
2, 802
602
11, 209
1,500
1,
827
8, 641
22, 400
1, 787
1,
4.
20, 211
842
,279
.748
22,963
3, 540
58:
729
1, 587
Illinois:
Alton .
aurora.
Austin.
Batavin
Beardstown
Belleville
Belvidere .
Bloomington
Blne Island
Braidwood
Cairo...
Canton -
Carlin ville"
Carmi....
Centralia
Champaign.
•Charlestou
•Chestor ..
, 400
Chicago
TYaru
Ward
SOaFE
5, 380
2, 719
1, 632
1,870
2,361
2, 760
2,006
1,261
S8558
7, 664
10,568
1, 595
2, 266
йсйіні
,415
2,402
3, 079
2, 129
1, 447
581,
448
411
805
025
, 768
20.
200
, 794
182
495
3,397
4, 086
1, 167
1, 668
947
475
615
140
5-10
857
191
315
666
001
,445
1,
9, 010
19,462
4,002
3, 486
4, 226
15, 118
3, 835
20, 001
3, 329
4, 500
G, 622
5,561
3, 240
2, 519
4,471
5, 587
4, 089
2, 198
1, 084,998
20, 55.
, 824
25, 033
26, 968
40, 587
,213
, 939
241
32
409
141
3, 689
48
236
281
250
46
210
F8 88S
14
567
зАRTа
Ward
HILE
001-00 0
10
Vard
ard
12
aaree
032
992
1,478

===== 1890a_v1-13.pdf page 63 =====
SEX, GENERAL NATIVITY, AND COLOR.
455
TABLE 1D:-POPULATION BY SEX, GENERAL NATIVITY, AND COLOR, OF PLACES HAVING 2,500 INHABITANTS OR
MORE: 1890-Continued.
SEX.
NATIVE AND FOREIGN
BORN,
COLOR,
CITIES, TOWNS, VILLAGES, AND BOROUGHS.
Male.
Female.
Native.
Foreign.
White.
Negro.
Chinese.
Japanese.
Civilized
Indians.
Illinois-Continued,
Chicago-Continued®
Ward 16....
Ward 17
Ward 18
Ward 19
Ward 20
25
33
Elrin..
Jreehort
Galena...
Enlesburg.
Gene8eo...
28,
480
362
038
10,
772
14,
711
15,
790
19.
027
17, 029
11,871
14, 593
0.098
4,
805
17,
229
25,726
9, 005
12'
485
14,495
16, 092
1, 228
1,762
5, 090
8, 885
1,307
2, 592
1,997
8,281
1,878
1,604
8.485
831
042
7,631
1, 401
26, 078
9, 73%
10, 094
21, 342
10, 938
15,514
15. 055
16, 801
18, 913
12,331
14, 246
5,185
1, 211
14 403
28, 928
10,00đ
17,830
21, 711
12, 816
18, 781
17,401
17,101
20,971
15,301
15, 784
6, 380
D, 427
18, 255
20, 502
FERO
TOHH
9888 H88
THENN
1=99T0
969
2, 169
so da tc hot nit tt
CT CEEE 5ОВа
14
51
610
98
38
88
149
806
18
41
88
53
30
18
23
15
g
1,
Havana
Taoksonville
Jerseyville..
Joliet
Kankakeo.
Kesnnos
Lasalle.
Lincoln
Litchfeld
Alacomb.
MInttoon.
Mendotn
AIetropolis
MOMnG .....
Monmouth
Be
Oak Park
Olney
Uttntva.
Pana..
Paris.
Pekin
Peoria.
Ward
Ward 2
Ward 8.
Ward4.
Ward 5.
Waril 6.
Ward 7
Waril 8.
Ward 9.
Peru...
Pontiac
Prinoeton
duincy
WVard 1
Ward
.2.
Ward
Ward
Warl
Ward:6.
Rockford...
Rook Island.
Sandwich.
Savanna-
shelbyville.
1, 207
180
1.478
12,
630
4, 581
2,301
5,
189
8, 281
2,800
1,981
3, 384
, 678
1, 788
6, 202
2,819
1,769
1, 607
1,607
2, 007
1,040
2, 107
1,790
4,
993
2, 670
2, 418
3, 128
20, 883
2, 449
2, 645
028
2, 295
2, 122
2, 465
2,319
2,
382
8, 428
2,715
1,205
1,509
15,412
2,
641
COH
63888
NEGEN
NHHNNG
eaeate
388848
CTACS
823883
38888
5888
228%
OEEN
SRGEE
2ea8
1,
1,
1,
1,
2,
1,
55, 428
21, 779
25, 798
44, 260
21, 701
30, 180
31, 742
35, 740
30, 615
24, 175
28, 702
10, 646
8,992
31, 587
NEFEN
Feaee
o gctalo
83E88
aFnogo
2: 83202
as coço poa
58088
OHDOUE
PAF#
CoNOET
CEEHER
42L
53686
NaHs
NIOH
1,
126

===== 1890a_v1-13.pdf page 64 =====
456
STATISTICS OF POPULATION.
TABLE 19.-POPULATION BY SEX, GENERAL NATIVITY, AND COLOR, OF PLACES FAVING 2,500 INHABITANTS OR
MORE: 1890-Continued.
SEX.
NATIVE AND FOREIGN
BORN.
COLOR.
CITIES, TOWNS, VILLAGES, AND BOROUGHS.
Male,
Female.
Natire.
Foreign.
Thite.
Negro.
Chineso.
Japanese.
Civilized
Indiang.
Mlinoig-Continued.
Springfeld…
Spring Valley -
Sterling.
Streator..
Sycamure.
Tarlorville.
Urbann....
Warsaw..
Waukegan
Indiana:
Anderson
Aurora...
Bedford .
Bloomington
Bluflton.
Brazil.
Butler.
Columbia
Columbus.
Conneraville
Crawfordaville
Decatur..
Elkhart..
Evangville
Ward 1
WVard 2.
Ward 3.
Ward 4.
Ward 5.
Ward 0.
Fort Wnyne.
Ward
Ward
Ward
Ward
TVard
2,
12, 726
1, 781
2, 992
Б, 070
1, 585
1,485
1,741
1, 420
2,183
4, 796
1, 955
907
3,800
699
205
254
621
1,193
23, 157
8, 836
5.817
11, 388
2, 978
2, 780
3, 445
2,711
1,890
1, 798
23
42
00
24
5, 820
1.918
1. 665
1, 975
1, 781
2: 337
, 525
3, 289
2.33-
2,973
,554
5,G10
25,498
4, 288
,120
8, 250
4,754
3, 825
6,250
17, 898
1434
1,480
1, 618
1, 604
2, 261
4,921
2,010
, 680
2, 048
1, 808
2, 978
502
3,130
2,214
3
1,
5, 760
25, 263
3, 208
17,195
480
856
1,240
782
2, 534
709
497
204
94
8 38 95
1,
H683882
893938
10, 535
3, 927
3, 202
3, 694
3, 580
2, 50J
,510
3, 020
206
88
328
2
ERESEE
gaтarсn ti
BERR8R
8828838
13
13
Ward
Ward
Ward
Ward
Ward
Frankfort.
Franklin.
Garrett..
rosnCIl...
Greencastlo
Greonfioll..
Greenaburg
Hammond..
Huntinghurg
Euntington.
Indianapolis.
Ward
Hets tró
EP
Ward
Ward
Ward
Tard 11.
Ward
Ward
Ward
Ward
Ward
TVard
Ward
Ward
Ward
Ward
21
Ward
Ward
TV
Ward
Joffersonville
Kendallville.
Kokomo....
Lafayette
Laporte .
Lawrenceburg.
Lebanon...
Loransport.
Madison....
Marion.
2, 038
1,887
2,001
1,750
1, 723
2, 800
1,747
1.17
2, 083
2,163
1, 539
720
2. 989
1,619
3, 048
1,
MOH MNGTTTE
LаTTtN
SSEER
2,109
1,320
41(
1,604
1,518
3, 020
034
1,320
3,050
2,22T
1,561
876
2, 876
1,548
3, 080
даштй май
nMrá có có
SaБ0S
29888
EEE SUEE PURE EEE DED SEEES PAREE
,910
854
, 820
8,445
2,125
8,948
2, 880
2, 205
5, 775
3,710
488
5, 552
4, 200
3, 038
3,
, 155
3, 408
2, 900
6, 648
®ÑÒҐÑà ⅝āƠÍú ~⅝∞ă‡ ~ĂÓàà —àá
E8r9s
ró đá ÷" cà 0ó
E835
FERES 78GEE
SFERS
28358
GEESS
H NIÓ MÔ CÓ
3819E
Ceae tttid didtT drrtr
10

===== 1890a_v1-13.pdf page 65 =====
SEX. GENERAL NATIVITY, AND COLOR.
457
TABLE 19.-POPULATION BY SEX, GENERAL NATIVITY, AND COLOR, OF PLACES HAVING 2,500 INHABITANTS OR
MORE: 1890-Continued.
SEX.
NATIVE AND FOREIGN
BORN.
CITIES, TOWNS, VILLAGES, AND BOROUGHS.
Male.
Female.
Foreign.
ed.
1, 279
5, 913
1,094
2,301
6, 841
10,288
1, 202
1, 508
3, 592
1,292
1,800
1,161
8, 052
8853
Native.
BOS ENN SEL1EE
BOUNE RAU SEE BENL
đổ tr má si rá vá cã
56
64
BEGEEEEE FO09 B395
COLOR.
White.
Negro.
Chinese.
Inpanese.
Civilized.
Indians.
2, 626
10,643
8, 852
3,871
10,024
10,155
2,507
2, 915
6, 933
2, 724
8. 062
2, 698
15,721
3, 290
E. 245|
21,530
8÷898538
ọo gicio
08:88
6228
58
138
19
830
418
1,807
180
138
98
383
884
185
205
280
1,116
3-4
255BE
DEd 28: do
--92
2
TN0N:
1020
1.
Ward
TYard
Ward
Ward 4.
TYard.
Ward 6
Not in wards.
Lipton .
1ome0h-
Valparaiso
Vinuennes.
TVabask..
TVarshw,
Waalington.
West Intlianapoli
Winchester
Iowa:
Atlantic..
Belle Plaine
LROOTIE
Burlington .
Cedar Falls
Cedar kapids
Senterville.
Chariton
Charles eity
Cherokee.-
Olarinda.
Clnton.
Council Bluft's
Creston
Davenport
TVard 1.
Tard
2.
Ward
Ward
RNCt
5.
Ward 6.
Not in wards
Docorah...
Des Moines
Ward 1.
al'dl
2
Ward
TV
arL
Ward
5.
Ward 0.
Ward 7.
Dabuque.
ard1.
Ward
2.
Ward 3.
ard
Warcl
5.
Fairfield
Bort Dodgo
Fort Madison
Grinnell.....
Independence
Iowa city
Keoknk.
Knorville
Lemars .
Iyons..
THANH
PSEEE
88858
g0S88
710
1, 810
geseasts
HHшнp
22883
S5885
38683
2EE5528S
THONH
CoSoCoNnoti
a59saa
1, 155
rege
TTFН
FEaHTO
aaes
MBeh CaE
8:58
B88a8
8B5E2888
gacicici
2,108
haeaara
10-73707 00 = 09 15
Cm cà N
ійані
SPMSE
Sgeas eage
в вазано бав замв слка
3888
SOOONACO
F6398
13838:
S98N825E
2,800
tátitirn
ПEБN
Fassoim
484
39888
FSEE
83888
sEae8
1,
HW SEES58E
§ C85E
HỄ%x=
WHN
HION
HIDi

===== 1890a_v1-13.pdf page 66 =====
-458
STATISTICS OF POPULATION.
TABLE 19.-POPULATION BX SEX, GENERAL NATIVITY, AND COLOR, OF PLACES HAVING 2,500 INHABITANTS OR
MORE: 1890-Continued.
NATIVE AND FOREIGN
SEX.
COLOR.
CITTES, TOWNS, VILLAGES, AND BOROUGHS.
Alale.
Female.
Native.
Foreign.
Nogro.
Chinese.
Japanese.
Civilized
Indians.
Iosa-Continued.
190106069..
Marion..
Marsball..
Myrson..
Missouri Valley
Mount Ploasant.
Muscatine-
Newton.
Oskaloosa.
Ottumwa.
ted Oak
Sioux ciby
IYard
aru
artl
Turd 6.
Vinton
Washington
Waterloo...
Webstor.--
What Cheor.
:Kansas:
Abilene...
Arrentine.
Arkansas city
Atchison.....
Chanute..
Clay Conter.
Concordin.
Eldorado.
Emporia
Forl Scott.
Girard
ence.
city
6.
ortii
1e titta
Ward2.
Wardà.
Vard4.
Ward 5.
Wellington
Wichita..
Winfeld.
"Kentucky:
Ashland..
Bellevue
Bowling Green
• Covington.
aru
Ward
ard
CA S0NH
Tard
1, 448
,511
4, 378
. 004
1, 428
1,850
5, 724
207
#. 291
7,121
1,440
1, 848
1,398
1,484
8, 208
1.355
1, 654
738
2,656
4, 125
6, 937
1, 103
1,835
1.044
1, 625
8.551
5,031
1,227
1,331
1, 770
4,881
1,506
2,274
4,
OHFEE
HGBNE
1,425
$. 317
, 598
3, 069
28888
2, 220
12,
213
2, 559
2.094
1,
, 580
18, 042
….nh
1, 420
1, 888
THH
19808
1,034
NAH
583
541
008
1, 369
2, 147
5, 730
1, 357
3,
337
0, 880
1,
440
1, 078
16, 319
3, 474
EEEH
PHEHH
2ages
NHANNH
CONNeCDO
NHHES
39a85
COLINH
1aitiranti
geagaa
дeйriсiс
SGEEEE
THNNH
2673₴
TVhite.
,714
833
298
3,
381
2,414
8, 033
9. 046
2,398
5, 996
12,000
2, 630
2.827
28, 71-4
5,901
28888
83328
FaCNA
CENODO SUNNO
BEast
,813
,503
HNSNGIE
aNsNNe
CECES
2,
308
5,327
Mátciàn
683E8E
50 i
14
30,
SEgOS
363
201
1,616
626
388
361
2, 108
166
562
1, 902
250
494
0, 092
1,515
NimiGT
Eaase
EGE ERAEES
3
Farss
B, 075
8, 068
8.705
4,000
2, 768
3, 677
11, 318
2, 465
6, 102
18, 584
2,807
3, 288
37, 188
7,365
BH88
NncNs
TSS5CHI5
S58E8
es co co
508
gaaicámes
cococanco
118
00 -g
319
135
99
301
405
12
33
354
51
119
1g.01
EEHS 1aSEE
geghg
202
NN
5,
2
HNN:
14
NIOXIO
10N0:
GHORGтAIS
HNto
i
cota
co.
1129-

===== 1890a_v1-13.pdf page 67 =====
SEX, GENERAL NATIVITY, AND COLOR
459
TABLE 19.-POPULATION BY SEX, GENERAL NATIVITY, AND COLOR; OF PLACES HAVING 2,500 INHABITANTS OR
MORE: 1890-Continued.
SEX.
NATIVE AND
FOREIGN
BORN.
COLOR,
CITIES, TOINS, VILLAGES, AND BOROUGHS.
Male.
Female.
Native.
Foreign.
Negro.
• Japaneso.
Civilized
Indians.
KentuckyContinuod.
Cyuthiana ..
1n li pao tot h
1,0
12
Paducah .
Paris.
Pichmond
Shelbyville
Somerset.
Winchester
Rouge
Maine:
Farmington.
Fort Fairfeld
Frenchville
Gardiner..
19
1,
1, 378
5, 350
1,481
1, 650
1,791
582
1, 618
113,467
6, 146
7,
13,
883
5, 914
10, 468
8,671
10,485
5, 128
00
120
g, 273
0,578
i 708
534
229
662
1,716
1, 588
5,776
Б. 654
054
9,300
4, 416
2, 519
6, 649
2, 238
1,181
1,450
3, 009
1, 418
3, 575
2,195
2, 795
2,163
2, 545
1,808
321
2,422
2,390
882
1, 586
1,947
2, 178
3,954
1,712
4, 613
3, 132
1, 403
11, 262
82, 517
7,042
6, 600
7,018
6, 075
7,245
1, 382
SPSECE
опанно
NaEga
1, 829
128, 572
L, 000
, 510
,438
THaGS
asdae
LANНO
29828
White,
Chinese.
2, 893
3, 078
3, 073
7, 606
3, 191
8, 444
5, 720
2, 781
20, 485
137, 619
11, 982
10, 164
11, 101
10, 528
12, 003
7,104
EESES
2,708
10,
062
2J01
2, 983
181
3,
3, 280
207, 670
O-5i00O
GaNg
H 10N 50,00
R9BEE
123
88
591
280
89
391
107
35
1,082
23, 510
2, 408
2. 802
2,471
2, 083
1, 753
757
692
020
NẠНН
275
₴8:
18E52
349
^261
193
107
369
38287
gg 688885
S8585
1, 882
1,031
4, 281
5, 256
1, 863
5, 484
2, 886
1,771 |
13, 020
132, 457
13,209
12, 278
11,794
9, 629
10, 150
6,511
590-00
TNTONIANO
BCSBE
1, 396
, 411
1, 408
2, 071
2,415
1, 028
1,981
177, 376
28282
лоnGBа
CrIONATA
LÁ CÓ C +T T
HEEE
cácco cui
89885
1, 459
6, 027
1,701
1, 260
1,027
1, 628
1,516
ONOGNE
3ag8a
CNMTTà
.311
260
ETES8S
C!MCON
NHN
BNNOOE
18
Б:
00 tg
00#
NOANN
2
"i
ннню
IOH

===== 1890a_v1-13.pdf page 68 =====
460
STATISTICS OF POPULATION.
TABLE 19.-POPULATION BY SEX, GENERAL NATIVITY, AND COLOR, OF PLACES HAVING 2,500 INHABITANTS OR
MORE: 1890-Continued.
SEX.
NATIVE AND FOREIGN
BORN.
COLOR.
CITIES, TOWNE, VILLAGES, AND BOROUGHB.
Maine-Continued,
Gorbam
Mallowell :-
Houlton..
Kennebunk
Kittery--..
Lewiston.
Lisbon
Norway
Oldtown
Orono ...
Pariя.
Pittetieli
Portland
Ward 1.
Ward 2.
Nard 3.
Wart
Ward
ard
6.
Ward7.
Eresque Isle
Richmond.
Rockland
Saco.-.-
Sanford..
Skowhegan .
South Berwick.
Tnomaston...
Vinalhaven .
Waldobaro..
Waterville..
WYestbrook..
Maryland:
Auuapolis.
Raltimore
Ward
Ward
Ward
Ward
1-000
110.
FEEET
RRAAHO
Ward
Ward
Ward
Cambridge.
Chestertown.
Cumberland.
Easton ..
Frederick...
Frostburg-
Hngerstown...
Havre de Grace
Salisbury
Sparrow Point
Westminster..
Massachusetts:
Abington .
Alams-...
Amesbury
Amherst ..
Anrlover .
Arlington
Ashland.
Athol..
Attleboro
Barnstable
Beverly .
Blackatone.
Boston..
Ward 1
Ward 2.
Ward
Ward 4
Ward
Male.
Female.
Native.
Thite.
Chinose.
Clvillzed
Intlinns.
1, 457
1, 584
2, 024
1, 580
1,414
10, 209
1,561
1.291
2, 951
1,524
1,050
1,254
16,994
2,008
2,537
2, 485
SEEENE
1,
TRRESE
3,907
11.
ВЗАОО ОЕРАЕ ЗЕВЕВО ЗРдВар ЕЕОНА
0,
1, 103
715
594
1, 358
2, I18.
4.
866
2, 304
2, 998
2,657
3,
1,910
5, 091
8, 192
217, 751
9. 692
9, 193
6, 384
1, 431
1.597
1, 991
J.Mey
1,450
11,492
1, 559
1,874
2,361
1, 266
1, 600
1,249
19,481
3,129
2, 037
2,600
2,147
2, 412
2, 689
3, 467
1, 422
58₴
тітіно
790
. 501
.728
041
118
8, 697
CT 0 C 0 Ô
BAGRSE
FFEAS
Ezrain
CR CASSE 26889
1,
Seehhr
TraRza
Đi có Có Ố 15
Foreign.
2, 745
2,021
2, 402
2.928
2,737
13, 138
1S00S 29S ARE CUS
2,827
2,
820
2,306
3, 468
5, 446
4,771
7,142
365, 436
17, 359
10,501
12, 044
11,300
12, 738
21, 058
, 820
CGiNNAiN
38858
gi sió điÓ
885898
65
462
69, 008
E8858
O CÔNGÔ
52268
Nogro.
2, 888
msã có c sã
B, 115
2,05%
4, 951
2, 790
3, 155
2, 502
30, 109
c5r có -15
GEBESE
1, 685
EEEaO EAS CеCH CHEEER CaEEE
MENNN
aaaEs
Hótngò
11
3
281
77
2, 014
Ta сáecóT
0798
Japanose.
22
OEEEEN
59+55
HOSARE
458
10

===== 1890a_v1-13.pdf page 69 =====
SEX, GENERAL NATIVITY, AND COLOR.
461
TABLE 19.-POPULATION BY SEX, GENERAL NATIVITY, AND COLOR, OF PLACES HAVING 2,500 INFABITANTS OR
MORE: 1890-Continued.
SEX,
NATIVE AND FOREIGN
BORN.
COLOR,
CITIES, TOWNS, VILLAGES, AND BOROUAHS.
Male.
Temale.
Nativo.
Foreign.
Thite.
Negro.
Chinese.
Japanese.
Civilized
Indians.
Massachusetts Continued.
Boston-Continued,
Ward
Ward
WaId
7.
Ward
8..
Ward 10.
tor
on
9,867
7,475
6, 091
5, 711
4, 415
8, 827
G, 529
11,341
13, 005
8, 881
9. 024
7, 150
0,670
11, 551
11, 725
D, 880
9, 559
11, 601
18, 735
5, 95-
1, 080
2, 386
2, 385
13, 089
1,414
1,851
2,403
2, 108
2, 073
1, 860
1,890
1.789
5, 208
3•1, 204
6,
131
9, 278
0.508
174
1, 118
2,152
1,367
13, 408
2, 625
3,177
3, 180
3,870
6, 790
1,756
2, 577
1,879
3,570
1, 555
8, 422
1, 497
1, 388
1,488
1,489
1,982
2, 377
5,438
1,323
35, 742
5, 841
8, 438
8, 480
4, 038
3, 680
.169|
2, 553
1,
320
Б, 306
1, 227
10,874
1,305
$, 350
2,322
4, 284
14,248
2,427
171
2,483
522
1,352
8, 580
5, 070
0, 835
6, 949
3, 790
12, 8B8
6, 056
11, 084
18,362
9,168
9, 024
8,4881
9, 359
11,405
12,010
©388
HNN
8E0888
1, 013
6,835
85888
358
SCAFE
.413
1,566
1,506
1, 472
2, 418
2, 116
5,030
1,596
38, 656
6, 410
3, 804
62
4, 356
8, 838
6, 338
3,015
1, 757
5,397
1, 340
11, 103
1,538
4, 889
2, 509
4,140
12, 648
THNN
%8SE
8, 937
6, 301
7,822
8,581
5, 201
14, 388
7, 215
12,400
17, 013
11, 781
10,778
10, 855
11, 605
14, 529
16, 534
BFER
coçiço
NTàcciránic
E8EE95
§cá titicó
ПОMD
5, 130
367
2,808
1,850
0855
670
5805
419
6, 076
2,
260
070
soFieaço
9,510
6,748
5, 204
4,120
2,914
7,272
6,870 |
9, 906
, 45
, 201
7,275
#, 788
538A86
іолні
EERa
FEFE?
362
543
96
225
784
215
1,963
004
5, 627
807
7, 048
478
2, 169
HOIH
11T
288
888
517
858
899
1,
18,37k
18, 001
12, 015
10, 002
7,882
20, 550
12, 482
22, 320
26, 307
18,017
17, 220
14, 992
15, 028
22, 220
24, 190
FN HÁN
TiNT
ПSсТЙ
NÖTAN
2a88
879
71,
CESE
8, 890
8:88
8, 365
24, 629
5, 002
484
228
88
55
83298 BAS3A 28ANN S89A G8 290
MAA.EAAT
97
1
D
21
12
18
NOSONO

===== 1890a_v1-13.pdf page 70 =====
462
STATISTICS OF POPULATION.
• TABLI 1D.-POPULATION BY SEX, GENERAL NATIVITY, AND COLOR, OF PLACES HAVING 2,500 INHABITAN'S OR
MORE: 1890-Continued.
SEX.
NATIVE AND FOREIGN
BORN.
COLOR.
CITIES, TOWNS, VILLAGES, AND BOROUGES.
Afale.
Female.
Native.
Foreign.
White.
Negro.
Chinese.
Civilizei
vapaneso. Indiams
2
MI OO mond cood A cocol 97 mond Il monll
Continued.
ard
ard
Aliddleboro
Milford -.
Millbury
Milton
Alonson.
AIontague.
Nantucket.
Natick ..
Noedham.
New Bedford
Warr 1.
Ward 2.
Ward 3.
Ward 4,
Waid 5.
Ward 6.
Newburyport
Newton
North Adams
Northampton .
North Andover
North Abtleboro
Northbridge
North Brookfield
Norwood....
Orange..
35, 458
5, 010
5,
302
6, 700
-7cs
4, 498
27,
1,
S5882838
10, 746
1,89-4
3,
906
6, 967
1, 325
Б, 307
1,481
3, 899
1,341
2,814
4,
1,813
3,206
1, $11
1,443
1, 585
19, 020
5; 325
2, 094
2, 056
1,
590
2, 287
5, 608
6,
NNHIS
14, 008
1, 595
1,302
2, 080
1,883
4, 508
2, 510
2,451
1,303
1, 840
18,601
2,287
2, 619
2, 405
4,101
8,364
2, 190
1,912
B51
5, 220
2,431
GC HÀ
253288
ГOНH
S388S8E
28,
301
agg8see
Hoggia
FNNOFOO
FFH
8883838
8558
NHHG
21, 185
2,889
2, 203
2, 995
2, 991
6,517
3, 800
3, 840
1, 841
2, 180
18, 569
2,184
2, 178
2,117
8, 125
2, 069
3,801
3, 095
3, 100
385
3, 469
M Đ Đô T t
855838
78+
, 113
13, 095
4,849
7,559
8, 169
8, 998
7,820
5, 910
41, 762
micicGsieti
101
710
EEGRE
4Sae
409
, 042
988
4, 208
2, 133
FESEENE
5, 927
350
341
1,106
602
2, 626
899
724
782
430
17, 068
2,162
2,907
2,968
4, 489
BH3885
Meimeà
Fseas
BẾAR8
EEGarEE
HERHN
27, 136
3,217
2, 467
4, 052
3, 585
9, 100
1,715.
4, 460
2, 023
2, 00Đ
35, 606
4,344
Б, 140
5, 082
7,000
SÔcod
ICÓCão ENiS
FEREARG
13,
2,
S4988
deehs
HRSE
HOтIОS
260
17
80
41
40
74
108
10
60
58€0
2
21
N: G05:
Noci
14
ICOCTIO:
cotico
IOHCO

===== 1890a_v1-13.pdf page 71 =====
SEX, GENERAL NATIVITY, AND COLOR
463:
TABLE 19.-POPULATION BY SEX, GENERAL NATIVITY, AND COLOR, O1 PLACES: HAVING 2,500 INHABITANTS OR
MORE: 1890-Continued.
NATIVE AND FOREIGN
BORN.
COLOR:
CITIES, TOWNS, VILLAGES, AND BOROUGIIS.
Male.
Female.
Native.
Foreign.
White.
Negro.
Chineses
Japanese.
Civilized:
Indiuns.
Massachusetts-Continmed.
Oxford
Palmer..
Peabody
Pepperell
Pittsfiold
Plymouth .
Provincetown
Auindsi
ield.
44t
iurn
Tn NN Ce Sn h Mn tu t G mtn t tti tn e
768
541
1,851
3, 418
Б, 018
1, 578
9, 048
3, 774
2, 395
8, 110
1, 999
2,164
2, 863
2,594
1, 928
16, 477
1, 889
SES MSENS
=
3905 1588 3988
18,117
2,371
829
1, 932
1,001
08 0833
3, 652
1, 302
10,154
3, 956
1, 661
2, 366
3, 692
B, 637
2, 285
2, 671
1, 007
5, 011
1, 317
2, 615
5,580
2, 220
1, 981
2, 175
1. 428
6, 750
42, 388
4, 026
782
4,428
+,916
1, 299
2, 010
$, 114
7.608
2, 551
13, 285
6, 162
3, 420
, 867
8, 285
3, 357
$, 120
4, 305
3, 082
21,677
18888
2, 069
PENEE
FE2S BO0E
Chnn Haag Cgнaa
13,425
4,.361
2,890
252
*, 883
122
8, 017
211
919
3,311
3, 120
9, 382
2,370
2, 555
573
3,996-
1, 152
1,222.
5,850
661
731
1,548
008
1,005.1
0,124
ecEasa
, 090
2, 746
1,305
2, 168
10,
Đ0 18 G988
968
501
1, 420
2, 190
2, 87T.
1,
88868
970
1, 331
589
4,117:
26,
g s8ng
2,57:
6,472
10, 149
3, 107
17, 051
7, 211
4, 018
16, 701
3, 930
4, 083
5, 081
5, 21.1
4,086
30,
SNERESS
3,655
7, 0201
13,
12,
8ase
29058 0688 89988
18
3,
28Ggg
9, 737
2,586.
5,072
10, 831
4, 186
4,101
18
88,
S SSE H8A
14
18
g
20
220
87
24
4
i
160
C 5 C5
Hotnd
Ramat
• SEE
15
ISHIO IOGCNS
tacme
N.I0
H Hl0;
HIO
ICHP!
10
i3

===== 1890a_v1-13.pdf page 72 =====
.464
STATISTICS OF POPULATION.
TABLI I9.-POPULATION BY SEX, GENERAL NATIVITY, AND COLOR, OF PLACES HAVING 2,500 INHABITANTS OR
MORE: 1890-Continued.
SEX.
NATIVE AND FOREIGN
BORN.
COLOR.
CITIES, TOWNS, VILLAGES, AND BOROUGHG.
(Michigan:
Adrian..
Albion -
Allegan.
Alpena.
Ann Arbor
Ansablo....
Battle Creek
Bay city
WVaкd
Ward
Ward
Ward
Ward
Ward
Wart
Ward
TY ard
Ward
Ward
11.
Benton Hlarbor
Bessemer.....
Bir Rapids..
Cadillac...
Charlotte..
Cheboygan
Coldwater.
ard
6.
10.
Male.
Female.
Native.
Foreign.
White.
Negro.
Chinese.
Japanese,
Civilized
Iodians.
4,072
1,760
1,250
817
4, 378
2,805
G. 353
11, 254
1, 545
1,680
845
1,710
1,417
1, 436
1,259
, 493
734
1,078
1,
PHNN
8388
2,168
101, 298
6,
886
6,
541
7,90Đ
6, 118
10, 754
7, 019
7,278
352
302
8, 075
Б, 022
2898
30,
550385
3, 698
3, 308
057
2, 805
3,511
1, 450
1,550
1,
809
2, 015
2,.100
5, 527
5,081
6, 520
10.422
8, 580
6, 578
1, 309
3,
866
0, 648
1, 750
1,604
5. 016
1, S05
6, 043
2,496
2, 329
1, 848
11, 765
3, 609
1,956
4,684
1,997
1,413
5, 466
5, 053
2,023
0,844
13,585
1,351
975
985
1,780
1,395
1,418
1,228
1,559
S58%58
Miogã
98559
6885
NHENH
38688
Cga85
3, 225
1, 031
2, 221
3, 635
1, 606
1,410
2,
,10G
1, 930
2, 382
3, 072
2,661
668
10, 376
0, 273
6, 024
1,444
651
0,104
1, 190
1,664
077
073
4, 587
2, 782
+10
410
7, 361
, 178
. 114
873
285
Kea!e
11, 501
16, 894
1, 690
1,052
1,381
2, 183
1. 590
1, 765
1,583
1, 374
388
ntecán→
T có ti oo có c
ct-00 ÷C
CESEMiCÓ
82888
ArONet
4,312
2, 188
3,
, 153
Б, 339
2,574
2, 710
3,516
• 2,
622
3, 652
079
17,
18,
2, 236
T, 028
1, 467
2, 462
5, 078
391
5, 798
4, 358
609
98F5
255
948
ПЕ Д СЕТЕ ШО ДЕШЕ
CE HEGE GOE ASEE NỜ CCEG 10508 15
S8098
EIE EIEE XEE SAE
Gaeae
À H Ó0 0Ó 50
NÓÓNT
Geaas
38335
59885
93881
85883
213
35
70
8
295
158
GAHO
37
Frest Sass5e So8e Beanes s5gs Sagad
22
420
Eosto
сnнд.
Him
i5
90-0
1
coMeo
10
EI EI CH LO CT
1º10e:
26
40
18

===== 1890a_v1-13.pdf page 73 =====
SEX, GENERAL NATIVITY, AND COLOR.
465
TABLE ID.-POPULATION BY SEX, GENERAL NATIVITY, AND COLOR, OF PLACES HAVING 2,500 INHABITANTS OR
MORE: 1890-Continued.
SEX.
NATIVE AND FOREIGN
BORN.
COLOR.
CIFEES, TOWNS, VILLAGES, AND BOROUGHS.
Michigan-Continued.
Oscoda..
Owosso.
Petoskay
Pontinc .....
Port Furon.
Red Jacket..
étiodd
St. Ignace
St. Johns -
St. Joseph....
Sault Ste.
Marie
Three Rivers..
Trarorso
WVeat Bay city
Yvandotto.
Tsilanti..
Miunesota:
Albert Lea
Anoka
Austin
Brainerd
Cloquet .
Crookston
Duluth..
Ward
•Wurd
TVard
Ward
IYara 5
tu au ni 14
9.
13.
St. Panl
Ward
Ward
Ward
Ward
2.
3.
Ward
5..
Ward
Ward
War
Warl
có ci
Ward 10.
Ward 11,
St. Peter..
Stillwater.
West Dulutl
Winonn...,
POP-
Male.
Foreign.
Negro.
Chinese.
Japanese.
Civilized
Indians.
-30
Female.
2,047
3, 339
1,421
2, 976
782
1,781
28,831
1,997
1,985
2,288
1, 888
2, 280
1, 499
1, 888
949
975
1, 691
1, 630
1,302
1, 015
082
1, 808
1, 476
1, 891
3, 080
1,542
2, 236
0, 978
1,977
2, 618
2, 087
108
1, 909
B, 019
1,
764
1, 880
20, 075
2, 402
, 357
5, 977
5,571
8, 069
2, 005
3,107
1, 868
1,820
4,441
87, 643
5, 880
4, 980
12,072
12,497
10,574
9, 047
6,781
6,420
6,748
2, 573
7,818
1,074
1, 204
1,894
1, 248
1,843
3,
105
2, 609
4,080
09, 561
0, 055
7,001
4,570
225
7,770
7,719
4,264
12
017
6, 833
1,058
1,301
852
Native,
1, 546
3, 225
1, 401
3,224
6,811
1,289
22, 491
1, 71Đ
2, 018
1, 271
1, 929
2,469
1, 800
860
839
956
1,514
таний
таїн
117
084
992
1, 627
, 353
005
20.ha
6, 780
B, 584
971
6, 796
1,941
6,985
827
1,100
03, 595
8, 025
2, 571
6,
17
7,349
7,048
5, 870
6, 421
1, 866
1,259
White.
1,013
5, 315
2,326
4, 600
7,524
1,381
30, 688
2, 388
2, 679
2, 548
2, 407
3, 172
2, 093
2,409
1,197
1, 452
2, 105
-аннні
S%90R
1, 680
1,249
546
1, 510
6,019
1, 692
15, 034
1, 324
1, 274
1, 011
1, 845
1,577
988
1, 205
591
479
1, 133
NTNTNS
3, 548
0,547
2.838
0.007
18, 482
8, 005
46, 028
8.702
3.880
3, 513
8,790
4,714
2,098
3, 683
1,788
1,931
3, 217
CGÚNGECÙ
AESER
Gincaiã
$3888
Fgjeis
мneãir
SmTáюNri
FaiNÃcó
EENE
cátsrá cves
SÃ Bá ĐÃ ĐÃ ÓÔ 15 H
ésámo
325G
soogit
CÃ G NÌ CÔ CÓ LÓ
ESBEE
§t ticá
979
ESCE
MNeScióN
Esenee Baaeee
8339
190
61
4
292
10
73
41
16
35
38
11
577
H8038 6533-941
BaagE8 gagE
==
17
iITO
50 -$
50
32
17
12

===== 1890a_v1-13.pdf page 74 =====
466
STATISTICS OF POPULATION.
TABLE UD.-POPULATION BY SEX, GENERAL NATIVITY, AND COLOR, OF PLACES HAVING 2,500 INHABITANTS OR
MORE: 1890-Continued.
SEX.
NATIVE AND FOREIGN
BORN,
COLOR.
CITIES, TOWNS, VILLAGES, AND BOROUGHS.
Male.
Female.
Native.
Foreign.
White.
Negro.
Chinese.
Jayaneso.
Cirilized
Indlins.
Мікsієsiррi:
Aberdeen
ti itirsh.
Columbus
Greenville.
Tackson..
Meridian
Natchez.
Vicksburg
Water Valley
TVesson
West Point
Yazoo.
Missouri:
AUYОT&
Bonne Terro
Boouville
Brookfiell
Butler ...
1,534
1,540
2,
, 098
3, 212
2,845
5.150
4,
582
6,214
1,397
L, 358
1,
281
1, 028
3, 379
2, 947
4, 471
6, 319
5, 743
10,303
9, 608
12,502
2,716
3,139
2, 721
$, 100
70
287
88
339
177
201
498
781
116
20
41
• 120
1, 605
2, 680
2, 197
₴, 428
2, 789
Б, 142
4,858
0, 164
1, 814
2, 983
1,825
1,122
1,812
551
2, 360
4,217
NE0IO
13
8,127
. .5, 178
5, 241
7, 204
988
185
1,437
1, 802
0710f7
2
1,
884
786
3,420
3,401
62
318
3,172
3, 078
2,
740
Cameron
Cape Girard
Carrollton.
Carterville.
Carthago.
Chillicothe.
Clintor
Columbia -
De Soto..
Fulton .
Hannibal.
Halden.
Independence
Jeflerson .--
Joplin....
Knnsas ci
17÷7
ar(l
3,
919
2, 170
848
LỖ TH AÃ CÓ C
OEaNE
10
1-13
CS B585
2,
SE882
СH:N
5, 310
71,
+,350
Wurd
WAr'd
Ward
Turd
Ward 11.
Ward
19.
Ward 13.
Ward 14.
Kirksville.
Lamar...-
Lexington
Liberty ...
Louisiana.
Macon
Marshall
Maryville
Mexico..
Moberly
Nuvada .
Palmyra
Pierce.
Rich Hill
Richmond.
St. Charles.
St. Josoph.
Ward 1
Ward 2.
WYard 3.
Ward 4
Ward 5.
WVaTe 6.
Ward
Ward
St. Louis.
Ward
Ward
Ward
Ward
Ward
Ward
Ward
Ward
WVard
Ward
000
10.
2,
2,
MONH
Cteia
CÔ G TAй→
HAUРE
#N0009
HHH
85588
ДІTННE
618
27.
NENO
59858
BaRaa 361585
5 ao:
65G
1,
$5scãis
1o500
grco gi cco
114
588558
sogog
FEOKE
HON SSSENG

===== 1890a_v1-13.pdf page 75 =====
SEX, GENERAL NATIVITY, AND COLOR.
467
TABLE 19.-POPULATION BY SEX, GENERAL NATIVITY, AND COLOR, OF PLACES HAVING 2,500 INHABITANTS OR
MORE: 1890-Continued.
SEX.
NATIVE AND FOREIGN
BORN.
COLOR.
CITIES, TOWNS, VILLAGES, AND BOROUGHS.
Male.
Female.
Native.
White.
Negro.
Chinese,
Japanese.
Civilized
Indians.
Missouri-Continued.
St. Louis-Continued.
Ward 11...
Ward 12.
Ward 13.
Ward 14.
Ward 15.
PV ( 00 10
26
ard
ard
, 638.
203
NHNG TIO MI THE N
621
227
0010-115
080
799
2, 318
7,385
1,
578
1,306
8,4-15
3, 858
921
1, 418
+, 300
29, 895
197
gSBS
394
5, 852
1, 518
1,510
80, 108
0, 612
10, 213
14, 064
11, 602
9, $19
10, 106
1, 520
9, 213
1, 350
+, 064
4, 092
1, 645
2.602
2, 058
+, 040
2. 034
568
1, 285
6, 018
2, 180
1,547
2, 009
1,776
1, 303
HHNU
602
751
Foreign.
8,703
7,596
5, 986
7,912
5,503
6, 986
7,098
8,0941
7,981
7,907|
8, 170 |
8,717
10,267
8, 669
sisóçó÷
•Esiarmioi
12, 890
11, 218
9, 160
11,777
9,710
10, 005
12, 017
12, 824
18,132
12, 070
12, 578
13, 216 |
14, 007
13, 498
2ER9 AEEEН8
22д83а
888663
jisrncãó
Riaisin
155jat
ct-55ggai-. Ecisi
CS S3 8 353
GHGArG MEOR Sa8
тіл.
rieirs
EER
risisóríãà
оійатнй
ооаоти
mitpgeia
aicsoi
CÓFNÍGEOT
6КО A85 C5852
5, 471
8,991
2, 671
3, 5021
2,203
3, 709
8,154
4,088
3,281 ||
2, 7131
1,135
2.462
1, 279
2263 166466
83asa5
17, 927
15, 196
10, 964
14, 942
8,315
18, 694
18,000
16, 074
L1, 702
13, 538
15, 777
14,818
19,702
15,912
8538 H60368
підодрїж
rásió
rggaisá
SERASE S
5H0R 3H83 6789388 733 777388 188 785
ricácó
ssases
2A88 73862 S0Т88
188
38
878
127
8,5tt
108
2, 098
1,592
1, 228
916
812
111
855
BES8 29880
548,03 д499 99*9 заадаи рра р а3а 83
ДНН*
2
12
JeNaN
15
18
10
33-72
ES0710 00
cüdt -1 ti1
Fertod
ti de
AHNN
12
12

===== 1890a_v1-13.pdf page 76 =====
468
STATISTICS OF POPULATION.
TABLE 19.-POPELATION BI SEX, GENERAL NATIVITY, AND COLOR, OE PLACES HAVING 2,500 INHABITANTS OR
MORE: 1890-Continued.
SEX.
NATIVE AND FOREIGN
BOKN.
COLOR.
CITIES, TONNS. VILLAGES, ASD POROCGHS,
-Continued.
Ward 1.
Ward 2.
Ward 3.
Ward 1.
Ward 5.
Ward 6.
Ward 7.
Ward 8.
Ward 1
Kermort..
Lambertvill
Long Branch
Millville .
Morristown.
Newark
Ward
Ward
Ward
Ward
Tard
Ward
Ward
Ward
TY
ard
Ward
Ward
Ward
Ward
Ward
listriet
listriet 3
listrict 1
listrict 5
listriet 6
Male.
Female.
19, 804
1, 057
|.1< 1
B,
,105
3, 001
A..all
2, 254
992
3, 914
1, 485
9,370
1, 324
1, 273
1,
611
HH
3K33
6, 200
10,043
1, 083
5, 568
3, 436
28,
, 527
726
528
267
105
3,
628
411
3.101
3.021
2. 350
18,796
4, 698
4, 033
081
1, 082
2, 740
1,130
914
1, 283
, 356
3,242
926
123
1,041
4,097
22,004
5, 225
2,740
7,299
6,740
82, 016
9. 503
15, 7:1
12, 184
18.313
9,
779
16, 536
1, 079
1,980
073
5, 175
3.413
3, 980
636
24, 269
2, 20
1,877
4, 027
3,836
4,221
2, 411
1,202
4, 487
2, 5ạg
1, 418
1, 350
1,561
-Hao
nolacoeo
WWHe
2eaga
92, 850
3,959
Native.
Foreign.
White.
Nogro.
Civilizie
Lnclinms
H N nh an M
631
645 ti кelt bett t
88888
→ CO D00E
2gage
#ergres
TeAgg
18:he8
1,
KHEGE BH8g
heaene
126
Chinese.
Tnn The tac rth
30
13
2i
ghE 28E8: 28308
NGT-TOE
bgaes
Paeee
Beeeao
BEN8S
2,
FEreS
2, 051
12,827
4.000
222
189
G, 900
5, 482
0. 900
13,
697
4,508
feag8
Faatg
32088
taбed
Уприпево.
101O
2
.. ..
M9EECEE
127
aEns
actaa

===== 1890a_v1-13.pdf page 77 =====
SEX, GENERAL NATIVITY, AND COLOR.
469
TABLE 19.-POPULATION BY SEX, GENERAL NATIVITY, AND COLOR, OF PLACES HAVING 2,500 INHABITANTS OR
MORE: 1890-Continued.
SEX.
NATIVE AND FORFIGN
BORN.
COLOR,
CITIES, TOWNS, VILLAGES, AND BOROUGHS.
Male.
Female.
Nativo.
Foreign.
White.
Negro.
Chinese.
Japanese. Gylizet
Now Jersey-Continued.
New Brunswick,.
Newton........
Ocean Grove
Drange..
Passaiс..
ca aen mand aare
3, 358
1,800
NHNT
,949
,598
880
177
1, 415
29,116
2, 285
397
4,109
N
650
2, 758
1,410
Д, 771
1, 589
181
9,707
6, 382
10.072
4, 260
242
7,748
4,722
5,575
1, 968
3. 060
7, 197
7-11
30
17
842
192
• 041
27
56
849
1.12
24
12
14
EoirE
Etto
CUNSETHICO
rictárçãã
saesta Sensse aoes
Do geio niátrrótin
NỐTTTN HIÁ
NRSCTEDE
833723
BERRE
Tard
11.
wnIud.-
Vineland
Washington
Woodbury..
Newy Mexico:
Albuquerque (a)
Santa Fe.
New York:
Bhany
Ward
Ward
IVard
ard
Ward
$*€11
arl
Ward
11
Ward
Wurd
Ward 14-
WVard
15.
ri 16.
Ward 17.
Albion.
Amsterdam
Auburn
Ward
Ward
Ward
Ward
Waril
BERER
Baldwinsville
Bnllston Spa
Batavia ..
Bnth..
Binghamton
Vard
ox ia co N
099
1,044
2,769
Б, 303
1,739
1,387
1,890
2,111
3,162
580
010
847
422
HEMÃG
raaio.t
ai T H+-M ої vóSі тоб
hasade beage date te
Haan can ka
$E
Ea giges babtoa Segae gane basaa
в-тнн
23138В R86113
Hннa
e =3
10
toto!
928
687
62D
050
301
, 018
052
684
189
1,057
2,
354
4, 213
$,000
2,140
8, 338
12, 878
1, 676
1.348
782
2,487
79B
1, 243
1, 055
1,384
1, 002
1, 153
1. 405
1,
673
3, 352
1,$90
014
080
218
CENNNIO
2,440
0, 000
Gininsiaio
2RA÷8
FSES8E
SEE828
4,510
17,216
518
K5 co
1,
сст-іай-T
CẠNƠN
THIH
G8E5₴
MOHT
segae
LорHОN
8334
grásira
1,
2,
G2898
a New town.
TH
358
1,785
,252
4,520
E8598
00 37
HEGSE
gõe5а
ziaes
Bag
80%
$52588
3888
8,
515
5+88

===== 1890a_v1-13.pdf page 78 =====
470
STATISTICS OF POPULATION.
TABLE 19.-POPULATION BY SEX, GENERAL NATIVITY, AND COLOR, OF PLACES HAVING 2,500 INHABITANTS OR
MORE: 1890-Continued.
SEX.
XATIVE 1OH PUREIOS
COLOR.
CITIES, TOWNS, VILLAGES, AND BOROGHS.
Male.
Female.
Native.
Foreign.
Negro.
Chineso, Japanese.
Civilized
Indians.
New Tork-Continuerl.
Bincbanton-Contnned.
Warl
Ward
6...
t...
Ward 8..
Ward
Ward 10.
Ward 11.
Ward le
Ward 1..
Brockport.
Brooklyn.
Ward
Ward
Ward
Ward
Ward
Ward
Ward
Ward
Wurd
àises
Ward 10.
Ward
Ward 16.
Ward
TV
ard
Nard
Ward
Ward 21.
Ward 22.
Ward
Ward
Ward
Ward
unt 10 1006
isisáties
Ôncóc
Cohoes.
College Point
Concy Island.
Cooperstown.
Corning ..
Cortland
Dansville
Dunkirk
Edgenater
Ellenville.
Clmira
Vard.
Ward
Ward:
TVaril
Ward
Ward 6
Ward7
Fairport.-.
Fishkill on Hudson
Flusbing.
Fort Hamilton
Fort Plain..
Treionia ..
Fulton --
Geneva..
Glens Falls.
Gloveraville.
1. 230
1,800
,151
675
1,108
2,043
1, 175
613
1, 700.
NHa. 14d
0, 678
4, 891
8. 907
6, 102
10, 908
16, 076
58885
S0M33
CS088S
289
GE85
стіот
706
378
221
226
1, 5g
637
7,162
1,847
LSTMMiMTEET
,526
B8зaca
861
1, 171
814
3, 026
1,440
1,382
raiáótá
623
010
658
1, 229
2, 205
1,072
050
1, 362
2,095
1,259
585
2, 036
412, 220
10, a67
4, 095
9,817
5, 022
9,207
99989
061
SSEES
B898R
285:8%
TÁÓ÷E
93:5
có cóis es
88385
MOйTRNі
Eririnairirri
White.
2,301
3, 609
1,001
1, 201
2, 005
3,755
1,832
1,125
:1, 185
544, 013
12, 718
4, 910
12,210
8, 276
12, 665
, 007
101
492
819
133
435
$83
60g
73
607
201, 700
7,322
4,07G
6, 509
1, 048
7, 510
B5RCE
78550
997888
166,
179
IU,
793
$, 904
PEERE
Bаеeсe се5вя
982€
că ci
SaRa
208
5, 769
TNOiTOi
93857
1t, 803
5S0UI-
ESCa
A3808
85065689
38388
2,420
3,948
2, 157-
1, 290
2, 503
4,128
2,412
1, 179
3,719
795, 397
19, 738
8,008
18, 687
11,794
19, 603
37, 585
30, 076
31,176
17,262
33, 300
20, 702
27, 355
21,
, 513
238
27,556
45.310
41,887
881
85, 629
28,315
a5H83
205
358828
42, US:
831
$, 207
RỪ CÔ C NN C
ganantrvn
62
42
+N
i
22
10, 287
272
TO
199
191
502
1
528
24
1,910
Đ58
1,
222
1,
ina
HOCONА
2
50 31

===== 1890a_v1-13.pdf page 79 =====
SEX, GENERAL NATIVITY, AND COLOR.
471
TABLE 19.-POPULATION BY SEX, GENERAL NATIVITY, AND COLOR, OF PLACES HAVING 2,500 INHABITANTS OR
MORE: 1890-Continued.
SEX.
NATITE AND FOREION
, BORN.
COLOR.
CITIES, TOWNS, VILLAGES, AND BOROUGIS.
Newr York--Continued.
Goshon....
Gouserneur.
Greenbush.
Green Island
Haverstraw -
Ilion
HM M Ml
Goug Island citj
Varq 1
Tard 2.
Ward 3.
Ward 4
Ward 5.
Lowville .
Lyons..
Alalone.
Mattenwan.
Mechaniesrille
Medina.......
Middletown
Mount Vernon
Newark
New
Brighton
Newlurg
New Rochelle
NeTT
Tork.
IV
aTK
W
Ward
Wartl
EREE
Tard
TYaтd 16.
TV ard 17.
TWard 18.
Ward 19
WYarl 20..
Ward 21
Ward 22
Ward
28..
WVard 24
New York Mills
Niagama Falls
North Tarrytown
North T'onawanda.
Norwrich.
Nyack..
Ogdensburg
Olean.
Oneinn.
Oneonta.
Ostvego
Peekskill..
Penn Yan.
Pláttsburg --
Port Chester
Port Tervig..
Port Richmond
Potsdam...
Poughkeepsie
Male.
Female.
1,338
1,650
3. 551
2,177
2,802
2, 266
3, 509
5, 425
4,541
1, 386
2, 048
5, 280
2,
,058
725
8, 678
gтitt
#C646
5T HẦ Hà
1, 164
2, 168
,359
2,074
1, 325
2, 218
710
5, 178
1, 578
8,806
10, 880
4,322
747, 579
5, 950
568
2.303
9,980
6, 801
13,
, 080
29, 271
16, 400
27, 074
30, 588
37.803
117,
23, 470
52, 357
80, 756
110, 697
41, 798
29, 528
72. 921
26.968
9, 894
1,076
2, 738
1,574
2, 689
2,400
1,952
5, 650
3, 721
2,910
8,058
10,281
659
1,951
8,441
2, 607
4, 624
3,119
1, 808
10, 250
1, 574
1,802
3, 750
2, 286
2, 208
2, 505
8, 505
6, 571
Б, 429
1, 642
2, 014
5, 799
2, 708
8.313
4, 092
gоmiйteй
895
BHBGR
TEEaa
33, 491
80, 954
20,
, 980
10, 243
, 476
763
605
2, 159
003
037
3,
3, 219
TONMN
,561
303
Hoácú ÷
2535
Native.
Foreign.
White.
Chinese.
Tapanese, Civiliz
1dian
2, 536
2, 868
6, 004
3, 369
3, 706
4,165
5, 442
9, 569
8,430
2, 648
8,300
9,776.
4.237
10, 629
0, 472
Sódiriseй
Túsátiáá
Nicc
1588E
FREDE
31, 915
50
747
37,201
132
52, 398
36,
785
08,
812
35,
897
18,831
1,
4, 669
→ã 00 co in
16,
, 880
00 c5 e5
576
3,789
co lá cá c
2598
Negro.
871
590
1, 297
1,094
1,304 ,
660
1,572
1,427
1,53k
382
1, 397
1,12:
5, 400
1,296
снітіо
2-30 FESEES
LÀ T GÊ
Mоdio
HEE8EG
SENEE
97688
6,
1,
GEESE
2, 600
3,457
7,281
4, 468
4, 720
4,594
6, 996
10, 912
9, 010
2,800
4, 027
10, 794
5, 027
15,940
7, 666
GSSaG BAne Hngn bang Haa
SEEBES
SECEE
149, 472
58,407
19,844
808Eg
88882
299
339
235
13
50
350
220
232
332
94
102
99979
+B89
23,
899975
191579

===== 1890a_v1-13.pdf page 80 =====
472
STATISTICS OF POPULATION.
TABLE 19.--POPULATION BY SEX, GENERAL NATIVITY, AND COLOR, OF PLACES EAVING 2,500 INHABITANTS OF
MORE: 1890-Continued.
SEX.
NATIVE AND FOREIGN
BORN.
COLOR.
CITIES, TOWNS, VILLAGES, AND BOROUGHS.
New York-Continued.
Mochester
Wari
Ward
Ward
War
Ward
Ward
Ward
Ward
7.
Ward
9.
Ward 10.
Ward 11.
Ward 12.
Ward 13.
Ward It.
Ward 15.
Ward 16.
kome….
Salamanca
Sandy Hill
Saratoga Spring
Saugerties....
Schenectady
Seneca Fall:
Singsing
Suspension Bridge
Syracuse.
Trard
Wurd
Ward
Ward
Ward
Enfasi15t
1r tn mttel 1011
cit
Nard
Ward
Ward
War
Ward
Ward
ACIHCGISH
000
Ward
12.
Wappingers Falls.
Warsaw......
Waterloo.
Watertown
Watking --.
Wnverly
Wellsville..
West Troy
Whitehall.
White Plains
Whitestone.
Ionkers.
Ward:
Ward
Ward 8.
Ward
Male.
Female.
Natise.
Negro.
Chinese.
Civilized
Indians,
61,153
1, 202
1, 725
2.948
1, 878
4, 942
3, 134
278
1,720
2, 581
$,315
1, 185
0, 401
3,327
3, 268
10,215
1,
364
418
1,947
10, 208
2,
946
385
2,203
ang
1,660
3, 826
TOTON
LONHIO
S988
20, 608
628
1,995
1, 385
753
1, 089
1, 078
015
402
, 416
801
554
040
226
913
624
HHS.
16
181
910
398
15,
250
042
Foreign.
69, 443
990
1,748
3,581
2, 068
5, 036
2, 802
1. 070
7,913
4,882
3.134
4, 640
4,544
6,477
B, 740
8.386
10, 034
7,710
892
531
6,
507
2, 290
F8a8
62808
263SE
1,896
3,319
gagse
5856
23,
210
91, 121
1, 535
2, 292
Б, 136
2, 907
6, 671
3, 152
5, 830
11, 183
7, 235
4,304
6, 308
6 200
7,424
5, 142
4,700
14, 057
10,
365
11, 563
$,900
28888
43,091
611
573
38°
89E2
ICotOE
32, 238
814
,719
1, 119
1, 608
8888
2SEEG
White.
Japanese.
39,775
657
1, 176
1, 397
1, 039
8,307
1,781
1,394
4, 058
2.307
1,301
2, 523
5,451
1, 921
1,801
6, 822
285
1,937
503
4, 382
1, 468
2,
NH
THH
2809
11
1,
8392868
1,
3,
3,
NSOSCE M98SE
acac5
S9888
188, 318
2, 177
3,440
0, 299
3, 029
9, 968
1, 021
7, 172
15, 117
8, 572
5, 650
8, 943
8, 727
12: 878
7, 040
6, 645
20, 820
11,
4,
F0B38
FINEA
CNETNEa
-]
ERENGE
NEICC
co coa t co
180908
550
12
25
226
10
=828A
12
Moeee etee seeane g8e
WHSGHHADO
wits
GNONIO
10
2
20
10, 19

===== 1890a_v1-13.pdf page 81 =====
SEX, GENERAL NATIVITY, AND COLOR.
473
TABLE 1D.-POPULATION BY SEX, GENERAL NATIVITY, AND COLOR, OF PLACES HAVING 2,500 INHABITANTS OR
MORE: 1890-Continued.
SEX.
NATIVE AND FOREIGN
BORN.
CITIES, TOWNS, VILLAGES, AND BOROUGHS,
North Cardlina:
Ashèvillu .
Charlotte
Concord..
Durham.
Elizabeth
Fayetteville.
Goldgboro .
Greensboro
Hendergon .
Newbern.,
Oxturdl..
Raleigh
Reidgrillt
Salem...
Salisbnry
Washington....
Wilmington
Winston ...
North Dakota:
Fargo
Graid Forks
Obio:
Akron
Ward
Ward
2.
Ward
Ward
Ward
Nard 6.
Alliance.
Ashland.
Ashtabula
Athens.
Avondale
Barnesville
Bellaire .-
Bellefontaine.
Bellévuo..
Beren ...
sun pas po pon mun mal lun ad P
Male.
Female.
Native,
Foreign.
5, 111
5, 388
1,910
2, 640
1,540
1, 938
1, 854
646
2, 019
8,510
1,410
0, 507
1.448
1,161
2, 860
2, 751
13, 742
1,
873
355
601
742
3, 859
1, 695
522
244
2, 013
1.525
5, 057
2, 089
1,184
1,332
1, 784
723
2, 335
1,487
3,025
2, 182
13,163
2,321
1, 928
1, 674
1,784
1, 030
1, 58
1,359
5, 314
COOACTAE
8E332
Foehe
SGMÓT
5, 124
0,169
2.429
2,
, 839
1,711
S0 BAS ENG CEN8
13, 859
1,920
2, B03
2,593
NHHC
1, 683
1, 640
,250
1,581
, 949
2, 229
13,026
2,372
1,948
1, 686
151,
B7RER3
36829
BSEБE
B6ang
10, 016
11, 371
4, 383
5, 450
3, 226
H sh Kăs 1
21, 608
, 097
6, 490
3, 371
,110
534
3,678
3,172
ICTIOÇINO
850
197
21, 065
2, 847
2, 600
2, 449
2.
508
4, 150
2, 490
9,940
225.
2E8EE
114
7,
72
SEG
881
219
180
29
25
15
105
14
28
14
39
1, 799
2, 262
5,993
1,
2,
8g8as
4,
699
B32
1аH-M
88669
COLOR.
White.
Negro.
Civilized
Indiang.
SUDE MEN SENME B FE
7,559
8, 083
8, 252
2, 303
$, 095
2, 991
9,00.
3, 921
3, 035
2,588
3,427
co
102
4,585
8, 039
5, 041
4,185
26, 080
•1,091
3,865
8, 359
3, 381
2,014
8, 125
4, 713
2, 685
10, 845
285,
s0ae88
50÷oe
371
GEEE
SECCR
Chinese.
378
212
Кgr:
₫e онен
11,
1,
FEere
202
Japanese.
cindi tit

===== 1890a_v1-13.pdf page 82 =====
474
STATISTICS OF POPULATION.
TABLE 19.-POPULATION BY SEX, GENERAL NATIVITY, AND COLOR, OF PLACES HAVING 2,500 INHABITANTS OR
MORE: 1890-Continued.
SEX.
NATIVE AND FOREIGN
BORN.
COLOR.
CITIES, TOWNS, VILLAGES, AND BOROUGHS.
Male.
Female.
Native.
Foreign,
Whito.
Negro,
Chinese.
Japaneso. .
Oivilizud
Indinng.
Ohio Continued.
Cireleville.
Ulereland
Ward
Ward
Ward
Ward
Ward
5.
Ward
Ward
Ward
7.
Ward
8.
Ward 10..
Ward 11
Ward 12.
1=77€
FRRER
$, 122
132,517
8, 777
2, 01+
1,911
,166
2, 695
2,111
4, 090
#,
131
5, 193
1,852
soeae
19OgTA1O
S53 g95
3, 484
128, 880
3,231
1, 669
1,112
2,740
2.884
2, 340
3, 668
3, 213
4, 349
2, 032
1,701
2,875
3, 155
OIANO
515:10ACO
6, 126
164, 258
3, 716
2.762
1, 700
4,169
3, 707
2, 751
4, 4833
3, 979
5,617
2,912
2, 274
3, 017
táTótT
88584
GBESE
430
97, 095
'3, 262
921
1,814.
1,437
1, 870
1,700
8, 275
2,695
4,025
902
841
1, 103
aaes saa
5, 880
258, 318
0, 772
8,360
2, 950
6, 073
5, 482
4, 142
7,745
6,651
9, 535
3, 577
2, 927
3, 924
4,095
0, 164
ácâgitià
ESESA
5007
35358
068
2, 089
233
815
68
231
98
36
2
21
202
• 185
220
FRREE
HaBae
**###
EEEEE
52676
BRA2E
$8898
Col
*****
bus
EEFEE
11413
PEFER
50010
Ward
Ward
Ward
WVard
14
Ward 15
Conneant.
Coshooton..
Crestline .....
Cuyahoga Falls
Dayton.
Ward
Ward
Ward
Ward
Ward
Tard
Ward7.
Not in wards
Deñauce...
Delawar.
Delphos..
Derinison
Dover...
Cast Liverpool
uяten ........
Elyria-
Findlay
Fostoria
88868
9g3ge
NMCNiATNT
28386
NNaAa
J838
30
2ONENE
HIOHAN
SNNNH
CFIE0r 0U
srasásítisà
ESE3S
BUNEE
SFrÓã
Ditetini
CB888
75
6,
55555
8885
seEes
dMaiN
G9eee
roNga
99853
Bgeig
2
HIO
2,
517
1,744
13808
EE.SEA
RESE
HHU
BO5S3
L5MTCŨ00 có
SBERt
22E88
coN8c
2,
CES® GIдs
CNTNG
53588
OOENO
JaREE

===== 1890a_v1-13.pdf page 83 =====
SEX, GENERAL NATIVITY, AND COLOR.
475
TABLIS ID.-POPULATION BY SEX, GENERAL NATIVITY, AND COLOR, OF PLACES HAVING 2,500 INFABITANTS OR
MORE: 1890-Continued.
SEX.
NATIVE AND FOREIGN
BORY.
COLOR.
CITIES, TOWNS, VILLAGES, AND BOROUGHS.
ol
V PT NO PR CO PO PT
Ferry-
New Philadelphia
New Straitsville.
Niles..
North Baltimore
Toronto..
Troy
Uhrichsville
Upper Sandusks
Пatruo...
Van Wert..
Wapakoneta
Warren
Washington
Wellston ..-
Wellsrille.
West Cleveland
Wilmington.
WVooster..
Xenia ..
Male,
Female.
Native.
Foreign.
White.
Chinese.
Japanese.Civilized
Indians.
296
388t
HEEgE
086
,319
Б, 068
1,463
589
8:11
1,847
2,317
985
1C9
1, 184
8, 182
589
407
892
199
4,
,571
2, 319
,945
1, 027
496
,844
024
376
899
499
738
GGK KG MG N H 8 3n Mch t
083
1,433
3, 700
3, 281
2,406
2,810
8,714
1, 924
5, 584
2, 271
1, 788
2, 783
4, 007
1, 502
7,200
8820
5,630
CNangS
02528
COITNT
698g0
NNKHN
Nogro,
336
a a de imim
Aa Cab Aan Ca BCe CeEa CE30 Baaes
860
180
11,461
0, 287
50, 245
CTH CHIFDO
HE08S
a0Eo
CICOCEANO
REERE
Ha CrIA CogT
BaaNG
HEHNE
151
1, 245
884
162
305
337
482
591
118
1, 13
gHad go ghEa aasg ahugg nasar gEgse gEa
1, 983
1,514
Tesh85
2, 618
7,019
8,303
3,558
5, 447
11,270
3,025
10, 098
4,161
3, 496
5, 316
1,327
2, 798
2, 82
15, 42
A NONG NGẠO ĐO
FenFe
COEN
ererees
111
110
23
939
26
201
595
8t1
159
3
553
Gaees
SEE CEO
1,
з no
ao ca.
cano.

===== 1890a_v1-13.pdf page 84 =====
476
STATISTICS OF POPULATION.
TABLE 19.-POPULATION BY SEX, GENERAL NATIVITY, AND COLOR, OF PLACES HAVING 2,500 INHABITANTS OR
MORE: 1890-Continued.
SEX.
NATIVE AND FOREIGN
BORN.
COLOR.
CITIES, TOWNS, VILLAGES, AND BOROUGHS.
Male.
Female.
Nativc.
Foreign.
White.
Negro.
Chinese.
Japanose.
Civilizerl
1Indiune.
Ohio-Continued.
Foungstonu
Ward 1.
Ward 2.
Ward 8.
Warel 4.
Ward 5.
Ward 6.
Ward 7.
Ward 8.
Not in wards
Zanesville..
Oklahoma:
Guthrie.
Oklahoma
Oregon:
Albany-
Albina .
Astoria.
inner.
Dalles..
East Portland
Lagrande.....
Oregou city
Penileton
Portland ..
787
9$7
B09 1941 19 3008 869
16,230
1, 903/
1,715
1, 732
793
1,417
1,886
1,521
846
4,417
10,845
10, 530
620
1, 091
1, 558
281
680
1,184
881
749
3,477
1, 910
32,571
8,485
3,381
3, 758
1,514
2,704
8, 758
3,067
1,793
9,116
20, 071
048
104
143
937
1
998
1,698
219
3-18
2, 621
3,865
157
278
E8833
1,
36883
17,
8883
85NS8
Betnd 5550
89858 89998
20
1.
Penosylvania:
Allegheny.
Ward
Ward
Ward
Ward
Ward
52,
612
Ersirrioi
gagea
N010
SOHRT
BE:358
758
813
3.017
2, 863
2,219
2, 092
2. 389
3,
9338
BAOda ₫0°9
20
ron!
3.
12.424
1.570
1,
1,105
1, 106
2.050
1,780
1,317
1, 259
15,316
1. 670
2, 377
1.482
1, 691
2, 288
2, 550
1. 036
2, 227
2,150
3, 684
1, 623
1, 608
1,556
1, 305
5,002
1, 837
1,287
3, 120
1,520
2, 157
1,242
4, 856
5,214
1,209
3, 061
1, 160
5,501
3, 538
co pacaço
сiaiсi
8888
MNNO
1, 603
2, 308
1, 784
Scmi cai
026
2, 174
2.4401
3,962
4,402
940
2,255
1,917
4,005
1,832
3. 602
1,669
1.060
1, 475
1,201
2,011
4, 783
8. 052
2, 109
3,712
1,41+
2, 618
3, 642
6, 284
1.606
3, 017
2,478
1,326
4,147
1, 953
8,705
5. 338
5, 270
8,754
, 352
2,101
3, 492
5. 815
4,274
7, 88G
5,332
4, 082
8,254
7,418
d In Montgomery county.
Eggt aaaie
HOSEE
CoGNã
ScSTiGi
intsim
titsácáçã
93398
disimnio
SEEES
Mteidg
58858
aeae

===== 1890a_v1-13.pdf page 85 =====
SEX, GENERAL NATIVITY, AND COLOR
477
TABLE 19.-POPULATION BI SEX, GENERAL NATIVITY, AND COLOR, OF PLACES HAVING 2,500 INHABITANTS OR
MORE: 1890-Continued.
SEX.
NATIVE AND FOREIGN
BORN.
COLOR.
CITIES, TOWNS, VILLAGES, AND BOROUGHS.
Male,
Female.
Native.
Toreign.
White.
Negro.
Chinese.
Civilized
Japaneso. Indiaus
PennsyIvania-Continued,
Gatasauqua....
Centralia-
Chambersburg
Chartiers.--
Cheater
Coateg ville
Colambia .
Counollgville.
Consbohocken
Corry...--...
Danville
Darby....
Dickson
Doslestown
Dubois..--
Dunmore..
East Manch Chunk
aSTON ...
Edwardsville
Brie.
IV:
aril
Artl
Ward
Tard
ar4
Ward
6.
Etna.
Freceville.
Franklin..
Gettysburg
Gilberton....
Girardville.
Greensburg
Greenville.
Hanovor..
,869
1,
.598
9, 942
NNNGt
1, 835
1.248
4, 236
1,885
10, 284
1, 826
i, 200
2,812
2,744
2, 911
1, 019
1, 549
1, 362
1,884
2,906
4,043
1, 438
7,513
364
2, 037
2,002
7,587
2,094
10.510
3,519
9,766
4,957
4,336
4,895
6,90₽
2.491
1,548
2, 350
4, 748
ga
276
889
3, 710
161
833
072
1,134
782
1, 094
481
1, 562
169
1,401
2,487
435
1, 380
3, 690
2,751
7,052
2, 859
18,555
3,860
10, 100
5, +26
5, 449
5,657
7, 930
2, 702
8, 110
2,470
0, 130
8,310
1
i
810
122
1,656
810
406
203
1
"i
1
WРНE
30508
NHOHN
016
HNY
846
088
700
738
372
5
285
FSEES
MHOHH
38883
2, 008
1,121
3U,
SEU8g
3, 806
2, 533
2, 238
5, 681
3, 151
2,598
2, 750
3.951
3, 015
30, 808
3, 520
2, 816
2,399
3,414
HH.
ca co
Harrisan
Ward
Ward
Ward
Ward
Ward 5.
WVard
Ward
WVarl
Ward o.
Hazloton-
Hollidaygburg•
Homestend
Honesdnle, •
Huntingdon
Jeanette.
Jermyn.----
Johuatowvn
1LI1rD.+
Kittanning.
Laneaster
Nard 1
Wari 2
Ward 3
Ward 4-
Ward 5.
Ward 6.
Ward
7.
Ward &.
Ward 9.
Lansford
Latrobe
Lebanon..
Lehighton
Lewisburg
Lewistown
Lock Hnven.
hlckcesnort.
Mahanoy
Manch Chunk
Meadville
Mechnnicsburg
Medin....
Middletown
Millvale..
2,
S828
ESNE
BEaRSS 5862
6.4
3,707
2.020
5,908
3, 014
8, 680
3, 583
2a2
38088
3à8%
EOTMANS
8,
ANS:
1
1,
182
402
370
1, 307
2,772
1,916
833
47
10, 0r8
91õ
491
HOHH
BH9S5
888007
3839
Піаайй
1,
đmcaieй aї
8888
588
1, 480
510
11, 392
G, 121
2,082
NOTTE
Đi
saite
TCS LÃTT
eб Zeie
КES• ВЕН
EOS
CENAIRNONO
29888
358

===== 1890a_v1-13.pdf page 86 =====
478
STATISTICS OF POPULATION.
TABLE 19.-POPULATION BY SEX, GENERAL NATIVITY, AND COLOR, OF PLACES HAVING 2,500 INHABITANTS OR
MORE: 1890-Continued.
SEX.
NATIYE AND FOREIGN
BORN:
COLOR.
CITIES, TOWNS, VILLAGES, AND BOROUGHS.
Male.
Female.
Native.
Foreign.
White.
Negro.
Chinese.
Japanese.
Civilizel
Indina.
PennsyIvania-Continued.
Alilton
Minersville
Monougahela.
Morrellville..
Mount Carmel
Mount Pleasant.
Nanticoke...
New Brighton.
Newcastle...
Norristown..
Northumberland
Oil eity
Olyphant.
Phenixville
Philadelphia
Critc tim
FEВER FEРEE
GEECE
11311
BREEE
PRENE
FEERE
2=34
BEFR
crciToM:
$÷327
PEFFR
17÷7
BEREE
РРРEВ
92880
28658
2, 629
1,694
1,075
1,496
4,579
1,861
5, 507
52.756
5,813
0,301
1.303
5.495
2.394
+,5tt
511,122
D8CEE
89832
80233
SSEEX
geaas
HNES
587
СОHTNE
58.888
eu 0o er cet
22882
гag58
HNNO
Caagg
2. 688
1,810
2,121
1,331
3, 075
1.791
4.587
2.860
5,787
10.490
1,441
5.487 1
1, 689
3.970|
335.812
Eesce
FpEu
B8ea2
FBESE
GagE
1.
29t85
HIOIOUIeS
35562
5, 117
2, 865
3,560
2,520
5, 745
3, 100
4,36
5, 063
9, 902
16, 867
2,679
9,112
2,101
6, 411
777,487
FEUEE
129a3
BESSE
ganst
SS0EE
BEgTE
BBeus
2,
808
CONHNNG
g1ese
BRSNE
OTOscr10DO
SeSaE
200
630
530
298
2, 509,
552
5, 083
553
1, 098
2,921
1, 820
1,922
2,103
269, 480
5, 207
8, 503
3,811
2.821
8, 202
3, 612
10, 042
5, 467
11, 367
10, 184
2, 733
10, 738
4.082
8, 375
1, 006, 590
101)
1
280
60
130
1
1-10
231
590
IB5
39,871
738
SеEка
egee
Gegtg
alnten
жанн
MECOCIO
NEND
2,
12
Fredd
00F-075700
88888
gaaba
S0888
mantoa
MOHAO
CICтE-1
276
mesasna.

===== 1890a_v1-13.pdf page 87 =====
SEX, GENERAL NATIVITY, AND COLOR.
479
TABLE 19.-POPULATION BY SEX, GENERAL NATIVITY, AND COLOR, OF PLACES HAVING 2,500 INHABITANTS OR
MORE: 1890-Continued.
SEX.
NATIVE AND FOREIGN
BORN,
COLOR,
CITIES, TOWNS, VILLAGES, AND BOROUGHS.
Pennsylvania-Continned.
Pittsuurg-Contnura,
IVard 31-
Ward 32.
TVard 33.
Ward 34
WVa.rd 35.
Ward 36.
10.
13.
15.
17.
haltuldtildis
South
Bethlehem.
south Chester:
South Easton
Sonth Williamsport.
Steelton.
Sucarnotch
Summit Hill
Sunbury
Susquehanna Deyot.
Tamaqua...
T'arentum.
Titusville.
Towanda.
I,yrone.-
Uniontown
Warren
Washington.
Waynesboro
Weatherly.
Male.
Female.
Chinese.
Cirilized
Japanose, Indians.
2,471
3,130
605
1,369
1, 899
1,857
5, 199
5, 105
6, 854
0, 817
1,897
29,120
1,786
3, 043
2,265
1,257
1,700
8, 066
,117
120
2, 418
3,118
1,985
2,
1,
077
915
189
1,173
1,818
1,
797
1.199
1.101
38,416
N-!0.
387
, 328
1,
304
1,621
1.
633
780
2,087
1,256
2, 015
1,
. 607
1,857
1,566
1,4+1
074
05+
2. FT
044
1,247
7,419
3,053
2, 459
9,130
1, 393
5, 661
8,741
2,765
1, 479
5,128
1,890
1, 408
2,940
1,009
2. 9г6
2,321
8, 047
2, 207
3.105
2.056
3,560
1, 850
1,510
Native.
2, 35:
3, 361
174
1, 053
•, 13.
1,770
6, 103
4,289
6,481
7,300
1, 395
29, 535
1,908
2,004
2. 400
1,501
,76)
2,911
2,382
, 038
1,
ГHTНУ
HHHH
8366
2, 452
1, 202
1,9
62
1,549
1,785
980888
6, D84
2, 439
6,814
GEUEE
+,122
1,196
1, 8
2,990
1,968
B, 078
2,806
2,408
FSNeo
835
Foreigh.
3,439
+, 039
712
1, 208
2, 685
2,716
T, 188
5, 399
12, 182
12, 220
2,503
58, 029
3, 440
4, 972
4.400
2,650
3, 800
5, 629
1, 907
4, 068
4, 218
5,479
3, 555
3,842
3,108
3.370
2, 257
3,247
2, 905
2,02+
2,368
49,042
2, 758
3, 571
1,427
3, 559
4,101
1,368
1. 665
2,125
2, 750
1,013
3,006
1,580
3,160
2,200
2, 055
2,340
282
1, 007
, 574
2,406
1,185
2,519
12, 170
3, 837
9, 359
2,387
7,008
188
206
3,132
15 cá
4,307
LÁ C C Cá Ni
82588
White.
1,384
1,852
367
1,154
945
916
3, 119
8, 915
1,10%
1,891
280
1,732
248
075
269
108
107
677
314
1887
325
25. 573
1,488
1,081
746
2.145
2, 200
1, 128
88E
150
2,013
860
N11
860
1,587
828
070
773
2,360
702
678
329
3233
$888
Negro.
+,801
6, 729
1,070
2.422
3, 590
#, 604
10,254
J, 327
18, 050
13, 959
2,784
58, 200
$, 679
5, 030
4,080
2,751
B, 450
5, 028
5,118
4,812
+,697
6,188
3, 889
+, 098
3,600
838
661
74,084
4.215
5, 251
2,173
5, 704
6, 807
f91
578
2,077
8, 816
1,403
138
158
3, 071
8,101
3,612
3,108
2, 010
1.780
5, 082
DEREE EHESE SEES MEES
22
62
33
28
15
16
225
157
390
15
33
277
2
1, 272
1

===== 1890a_v1-13.pdf page 88 =====
480
STATISTICS OF POPULATION.
TABLI 19.-POPULATION BE SEX, GENERAL NATIVITY, AND COLOR, OF PLACES HAVING 2,500 INHABITANTS OR
MORE: 1890-Continued.
SEX.
KATIVE AND FOREIGN
BORN.
COLOR.
CITIES, TOWNS, VILLAGES, AND BOROUGHS.
Male,
Female.
Native.
Foreign.
Negro.
Chinese.
Civilized
Indians.
Pennsylvania-Continued.
Welisboro.
West Betlilehen
West Chester -
West Pittston
Wilkesbarrd
Ward
Ward
Ward
Ward
Ward
Ward
Ward
Ward
Ward
Ward 10
Ward 11.
Ward
Ward
Ward
15.
Wilkinsburg.
Williamsport
Nard1.
Ward
Ward 3
Ward
Ward
Wart
Ward
Ward
Tork....
Rbode Islana:
Bristol
Burrillville
Coventry.
Cranston.
Cumberland
East Greenwich
East Providence
Hopkinton.-
Johnston..
Lincoln
Newport
North Kiogstown
North Smithfeld
Partucket.
WVard 1.
Ward 2
Ward 3.
Ward 4.
Ward 5.
Providence.
Ward
WVarl
Ward
Nari
Ward
Warl
aril
Ward
Ward
Ward
10
Scituate
Smithfield
South Kingatown
Miverdon ...---.-•
Warren
Warwick
Westerly
TVoonsocket.
South Carolina:
Anderson..
Beaufort
Camden..
Charleston
Ward 1
Ward 2
Wari
Ward 4.
Ward 5.
Ward 0.
Ward 7.
Ward
1,587
1,400
4,599
2, 013
18, 922
971
2, 585
1,479
772
943
I, 264
688
1,169
916
950
1, 202
,073
10, 750
4,981
10,
401
1,
25
1,952
, 350
5,360
White.
2, 699
2,576
, 418
3, 242
27, 524
1, 821
3, 514
1, 684
1,151
1, 585
1, 713
1, 028
1, 093
1, 192
1,154
1,811
971
19, 668
,116
983
• 495
0, 010
202
:181
580
064
10,191
311
1,824
1, 471
220
355
830
141
507
722
190
519
1, 233
205
1,125
9, 921
5,
22
767
2, 081
40, 361
312
$, 133
2. 980
2,745
B, 826
3, 871
37, 122
2,140
5, 312
3, 155
1,801
1,849
2, 551
1,155
2, 210
1, 898
1, 600
2,247
1, 838
4, 157
4,601
25
018
912
20, 288
9, 720
20,315
18,
, 020
168
274
, 023
2,801
:476
+ 622
6, 675
20, 817
1, 775
787
1,247
23, 919
1,69:
2, 607
8,044
4,804
31
14
1,197
85
508
25
26
22
17
16
53
82
100
22
1
210
4-46
3,963
596
835
191
238
676
105
400
159
131
1, 243
2, 797
2, 286
30,970
1, 518
2,768
3, 008
4, 314
4, 187
Japanese,
atiae
?
10
!
t soe0e-

===== 1890a_v1-13.pdf page 89 =====
SEX, GENERAL NATIVITY, AND COLOR.
181
TABLIS 19.-POPULATION BY SEX, GENERAL NATIVITY, AND. COLOR, OF PLACES HAVING 2,500 INHABITANTS OR
MORE: 1890-Continued.
SEX.
NATIVE AND FOREIGN
BORN.
COLOK.
CITIES, TOWNS, VILLAGES, AND BOROLGIS.
Nnle.
Female.
Natire.
Foreign.
White.
Japanese.
(Civilizedl
Indians.
South Carolina-Continued.
Chester ...
Clifton
Columbia
Florence
Georgetown.
treeuville.
Newberry..
Orangeburg
Rock Hill""
Spartanburg
Smmter.....
South Dukota:
Aberdeen .
Hitron
Lead.-
Lierre.
Sionx Falls.
Watertown
Yankton ..
Tennesser:
Bristol (().
Brownsvillo
Chattanooga
Ward 1.
TVard 2.
Ward
Ward 4
Ward o.
IYard 0.
Ward 7
TTard 8.
Clarksville.
Cloveland.
Columbia.
Duyton..
eJackson:.
Tohngon
Knoxville
sliphin
ard
Ward
Ward
NYarl
Wanl
ataN
Ward
Ward
War
WErd
Ward 10...
Not in warls.
uurfruesboro..
pEC TAn hae Dit
11:
12.
13.
14.
15..
19.
St. Elmo.
Union..
1, 28-
1, 233
7,608
1,648
1,340
3,96-L
1,441
1, 400
1,335
2, 738
1,721
1,505
, 545
1,633
1, 778
1,072
1,132
19423
1,
•,
11,
aagaeaa
32
B80E68
1,
2, 337
2, 668
1, 419
1,400
7,750
1,747
1,540
4,048
1,579
1,555
1,409
2,806
2, 14t
1, 617
1, 493
048
1,157
4,582
1.365
1,015
датінн
Mmisri
Han?
AS8SEE
LeaEE Eaae
2, 658
2, 611
15, 022
3, 3-49
2, 857
8,461
2.098
2. 928
2, 714
5, 191
8,810
2, 450
2,513
1,434
2, 624
2,072
3,278
2, 406
2, 207
403
3, 270
MNRÓN
21, 630
ÁÓOGg
EERSa8
HHEgE
Si cr10n
331
naegsE
723
525
1, 147
611
1, 034
1,
Sa6ago EE gaa ge
1,195
2,14:3
1,169
1, 299
1, 074
ПнТіNм
CE338
1,278
1, 707
8, 402
a Exclusive of' that part in Virgiuia.
POP--31
Negro.
1,485
2, 542
6, 563
1, 728
779
4,526
1,543
1,804
1, 805
2,948
1,828
i, 170
3,121
2,500
8,220
2,604
1,00%
acaas
raráNriE
BBEa C8Se
aciNMT
SeaЗeE нeabR
1, 791
FBe366
SEN NERNE
naes da
Chinese.
1,368
07
8,780
1,007
*2, 116
4, 079
1,471
1,570
1, 019
2,500
2, 012
airri
32787
1º23
1933539
28, 700
SEE:
3, 340
GEed8g
1,0-17
10308 1808 2R3E
aet ta
n-t-x
.= po

===== 1890a_v1-13.pdf page 90 =====
482
STATISTICS OF POPULATION.
TABLE 19.-POPULATION BY SEX, GEVERAL VATIVITY, AND COLOR, OF PLACES HAVING 2,500 INHABITANTS OR
MORE: 1890-Continued.
SEX.
NATIVE AYD FOREIGN
BORN.
COLOR.
CITIES, TOWNS, VILLAGES, AND BOROUGHS.
Texas:
10.
ES
Iaco .
Wasahachit
Weatherford
Utah:
Logan
Ooden.
Park city
Prord..
Salt Lake
Ward 1.
Wurl 2.
Ward 3.
Tard4.
Ward 5.
Springville.
Male.
Female.
Native.
White.
Chinese.
Jupanose.
Civilivcel
Indiana.
ВEЕNЕ ОRE EДC З9 DE 98 49
8888
916
2,223
1,265
14,384
1, 084
750
8, 521
1,401
3, 022
1,
7A94
8339
28856
2, 219
2.308
1,180
3, 682
1, 188
1, 409
2,191
1,119
1,482
3.487
1, 036
1,469
7,102
1, 013
1, 660
2,233
8, 234
1.620
2.541
21,322
1. 863.
7,
.707
#, 105
2, 828
3. 819
1, 457
Foreigu.
Nogro.
1, 495
7,415
1,520
1,592
1, 682
2, 580
1.192
1,564
1,378
1, 6U%
2,172
3,081
17,100
5, 163
1, 293
3,060
Iri-i
13,
38as 4832
Tmiaiaias
HÃ38
1,965
3,220
2, 198
1, 181
3,703
1,550
1,175
1,
850
2,382
6, 651
1.224
2, 618
5,
3, 028
12, 737
8. 078
2.870
3, 305
1, 720
3.287
2 841
2,520
:, 158
:,174
5. 900
34, 089
9, 976
2,441
1IS BS MEIE
93.a83
856 838
gtisáscià
3, 283
5,532
3.452
1, 684
T,124
3,001
2.355
3, 749
2,858
co
2, 841
11,
, U9:
1, 058
3,899
166
1, 838
218
130
56
489
2,817
"138
106
120
1,213 |
205
3,978
982
114
8,013
10, 056
1.959
2, 517
2,500
101S 15 AEEE
ajai-imiti
—ЙН
CHEE CEE C09
Поїі-
NaiáN
1,
1, 392
2,184
a Esclusive of that part in Arkansas.
107
8, 610
1, 387
481
856
2, 043
06
1,280
1,305
298
541
1, 717
7, 998
1,914
303
HaO MESSE BanS
BN98
SS98S5
3РД3 2158 далнВ Пзта 9833 0959 1838
2
15a:
nt.an
15=
zastae
2%
дAеA3

===== 1890a_v1-13.pdf page 91 =====
SEX, GENERAL NATIVITY, AND COLOR.
483
TABLO 19.-POPULATION BY SEX, GENERAL NATIVITY, AND COLOR, OF PLACES HAVING 2,500 INHABITANTS OR
MORE: 1890-Continued.
SEX,
NATIVE AND FOREIGN
BORN.
COLOR.
CITIES, TOWNS, VILLAGES, AND BOROUGHS.
Male.
F'emale.
Native.
Foreign.
White.
Negro.
Chinese.
Japanese.
Cirilized
Indians.
St.
3, 953
3, 113
1tman
3, 262
6, 958
2, 478
1, 445
1, 325
1,920
1, 346
1,375
1,960
572
FyCT
$18
3, 871
3, 230
1, 389
1, 642
1, 984
1, 103
2,859
3, 278
1, 681
3,000
7, 637
2, 665
1, 455
1,466
1,820
1,274
1,$18
2,200
1, 475
1,371
1,+71
2, 930
5, 942
3, 900
8, 337
$,772
5,342
2, 962
0, 028
11,376
3, 675
2, 003
2,280
3,181
2, 218
2, 540
3, 087
2, 235
2,871
2, 400
1,696
1,352
NNN
2,040
1, 049
348
834
3, 214
1, 468
807
611 і
550
106
253
478
812
257
025
GBEE BEESE
6, 811
6, 318
3, 301
6,830
14, 475
5, 137
2, 894
2,780
3,740
2,013
2, 793
1,152
3, 043
2, 628
3,022
H8898
josagale
898a
108
-1-1015
10
Sieortt edsian
MtMi 1S
10.
Tirginia:
News.
1.
6, 866
1, 411
1, 890
1,446
2, 544
4, 822
2, 050
1, 201
1,281
1, 524
9.019
+,471
2, 842
16, 582
3.817
2,174
3,394
4, 608
1, 655
934
36882
183
10,
NGEE
ENIHO
Sesa8
THNL
gela
2,
8.36e
1,511
1, 535
10, 690
4, 775
1, 607
1,
1, 817
10,392
1,730
6, 879
38, 261
678
7, 989
5, 208
#, 300
5,301
6, 834
59, 000
1,864
Trfeco
ÃNG 628229 8865 2205685
SSNEдE
8358
868890E
CEEG
ini if si00
Monroe ward.
Romoko
Salemn,
Staunton.
Sutlolk.-
Winchegter
Watherille
Washington:
Ellensburg
Fairharen.
10510p12.--.
Port Townsend
Seattle
Ward
Ward
Tard
Ward
Spokane..
Tacoma
Ward
War1
TVaid
Ward
Vanconver.
Wallawalla.
Whatcom
T1H9H-
915
288288
BHESEE
SEEB8R
656
2, 928
2, 919
3, 188
26, 782
8, 010
5,914
5,859
6, 999
13, 271
22, 971
2, 378
7,356
5, 328
2, 086
2, 074
2,951
S855
erescoes
6, 051
8N985
14, 299
FESSE
1001
771
cococmi
1,1
54
a Exclusire of that part in Tennessee.

===== 1890a_v1-13.pdf page 92 =====
484
STATISTICS OF POPULATION.
PABLE: 19.-POPULATION BY SEX, GENERAL NATIVITY, AND COLOR, OF PLACES HAVING 2,500 INHABITANTS OR
MORE: 1890-Continued.
SEX.
NATIVE AND FOREIGN
BORN.
COLOR,
CITIES, TOWNS, VILLAGES, AND BOBOUGHS.
West Virginia:
Benwood....
Charleston
Clarksburg-
Grafton ...
Hinton..
Huntington.
wartinsburg
Moundsville..
Parkersburg .
Wheeling..
WTard
Ward 2.
Ward s.
Ward 4.
Ward 5.
Ward 6.
Ward 7.
Wari 8.
Wisconsiu:
Antigo..
ADpleton.
Aghland.
Baraboo.
Bearerdam
Beloit
Berlin..
Chirpewa Falle
Deper.--
mitllallt
Fond du Lac.
Port Howard.
Green Bay ..
Hudson
Janesrille.
Kankauna
Kenosha -
Lacrosse.
WATCL
Ward
Ward
Ward
Waril
Ward
Ward
W'ard
Ward
01-000
10.
Madison.-..
Manitowoc
Marinette
Marshtieldl
Menasha.
Menominee
Merrill....
Milwaukeo.
Ward
WYard
Ward
Ward
Ward
#15
Ward
Ward
Ward
Warr
00 c
Ward 10.
Tard 11.
Ward 12.
Ward 18
Ward 14.
Ward 15.
Ward 16.
Ward 1T.
Ward 18.
Miueral Point.
Monroe ...
Neenah
Oconomowoe.
00010 ...•-
Oshkosh
Platterille
Portage
Prairie du Chien.
16016.........
Male.
Female.
1,584
#,317
1,411
1, 180
1, 400
5,442
1, 194
1, 416
13, 026
16, 989
2,241
1,986
1,004
1,716
2, 899
2,511
1,820|
2, 780
2, 276
5, 069
6, 022
2, 177
1,990
8, 120
2.088
4,936
1,779
8.899
5. 691
2.188
4.580
1,101
5. 224
2,415
8, 848
12,515
1, 248
1,505
1,378
1, 877
693
1, 200
1, 614
1,360
1,214
6, 500
8,741
6, 369
1,818
2,210
2,815
3, 843
100, 773
1, 010
5, 376
:3,399
5, 105
5, 244
6,342
9. 545
7,010
11.203
9, 041
0, 812
6, 027
7,256
6, 790
4,072
2,977
2, 850
3, 799
1, 228
1,789
2, 478
1,31G
2, 758
11, 420
1,248
2.407
1, 488
10,422
1,400
3, 125
1,597
1,673
1,170
4,666
8,732
1,272
4,489
17,588
2, 221
1, 952
1,800
1,026
2,357
2,401
2, 7%
740
2, 148
200
3, 984
2,428
2,
282
11G
12,
19396
280R8
5898558
108,
695
381
Sstgi
938
726
4, 012
514
2,840
4,124
96858
Native.
Foreigu.
White.
Negro.
Chinose.
Tupunese.
Civilizedl
Imlians.
2, 1011
6,422
2,800
8, 029
2, 547
386
05 1555
350
, 900
807
3, 101
5, 248
2,813
0,220.
2,454
10, 985
1, 05+
3, 233
6, 515
860
524
3, 005
4,550
16,721
6-18
1,008
1, 740
698
1, 037
1,
,187
268
306
124, 892
6, 46H
6, 26G
704
T.0iD
6, 590
STGді
176
014
659
11, 438
079
888
265
129
6, 518
4,
3,
588
4, 680
2, 03
TONG
305
3,319
CCRE5
438
820
112
130
23
іжні
SEBE56
263288
предре вадде
FCEEH
SEUFNTGiSS
93E36
À-NG0G
203
810
141
382
066
539
298
I,
1, 000
7, 278
572
1,
2, 984
5,221
2, 588
3, 061
2,00đ
8, 876
6,051
2. 519
7.633
08, 041
8,826
3, 586
4, 680
4, 905
3,830
467
HágTE
GEBERS KERRCA
HANa i
aessae
BENES
STặETÁà
F:8083
807
204, 001
65555
aзage
14, 001
6, 58B
14,21-4
22, 405
19, 800
18,
11,
1t,
283
11, 329
Đ, 58B
6, 519
5, 695
7,017
2, 688
3, 762
5, 064
2,729
5. 202
22, 771
2,788
5, 105
3,120
20, 00G
1,618*
424
98
566
1,231
57+
160
778
97+
38
573
121
104
195*9
599-8-
9=791
8
•N20
==1.
gseo
-5:9
* 705)

===== 1890a_v1-13.pdf page 93 =====
SEX, GENERAL NATIVITY, AND COLOR.
485
TABLE 19.-LOPULATION BY SEX, GENERAL NATIVITY, AND COLOR, OF PLACES HAVING 2,500 INHABITANTS OR
MORE: 1890-Continued.
SEX.
CITIES, TOWNS, VILLAGES, AND BOROUGHS.
Male.
Female.
Wiseonsin-Continued.
Rhinelander
Ripon
Sbeboygan
Sparta .
Stereng Point.
Superior.
Tro Riverg
Washburn...
Watertown
Waukesha
Waupun..
Wnusau-
Whitewater.
Williamkburg
WJoming:
Cheyenne….
Laramie.
Rock Springs
1,789
1,544
411
349
3, 909
7, 653
1, 440
810
+,246
8.219
c.11a.;
1.80
2, 015
1,080
919
1,814
7,948
1,440
3,987
4. 380
1, 430
1, 229
- $09
B, 102
1,208
1. 452
2: 344
1,518
Mmási
SATIVE AND FOREIGN
BORN.
Native.
F'oreigu.
2. (
10, 028
2, 371
5, 451
8, 628
1,871
1,419
2, 189
5, 419
#, 511
1, 699
627
807
6, 331
416
2,439
й, 355
00g
1, 620
,14
, 36
618
3, 834
848
1, 434
1. 378
COLOR.
White,
Negro.
Chinese.
Japanesc,
Civilized
Indians.
2, 650
3. 357
16, 356
2, 760
7,802
11,85€
2,870
3, 036
R, 75H
6, 262
2, 737
9, 253
4,342
3, 183
68
12
17
1
18
3.071
